family,code_name,rate,n,k,p,trial,error_weight,deleted_position,agreement,fiber_certified,prefix_certified,trellis_available,trellis_certified,fiber_wall,prefix_wall,trellis_wall,best_baseline_wall,best_baseline_name,fiber_over_prefix_wall,fiber_over_best_wall,fiber_histories,fiber_candidates,fiber_duplicates,fiber_membership,fiber_exact_scores,fiber_peak_seen,fiber_peak_frontier,prefix_nodes,prefix_membership,prefix_exact_scores,prefix_peak_frontier,trellis_estimated_updates,trellis_nodes,trellis_updates,trellis_terminals,trellis_exact_scores
random_linear,"RLC_n32_k24",0.75,32,24,0.002,0,0,2,1,1,1,1,1,4.066e-05,0.0015602140000000001,0.00030150400000000002,0.00030150400000000002,SYNDROME_TRELLIS,0.02606052759429155,0.1348572489917215,62,32,30,32,1,32,32,82,1,1,66,524288,1882,524288,33,1
random_linear,"RLC_n32_k24",0.75,32,24,0.002,1,0,16,1,1,1,1,1,3.9802000000000003e-05,0.00072759500000000004,0.00033702599999999998,0.00033702599999999998,SYNDROME_TRELLIS,0.054703509507349556,0.11809771352951999,61,30,31,30,1,30,32,45,1,1,34,524288,2249,524288,33,1
random_linear,"RLC_n32_k24",0.75,32,24,0.002,2,0,31,1,1,1,1,1,3.9104999999999999e-05,0.0065716050000000003,0.00033743800000000002,0.00033743800000000002,SYNDROME_TRELLIS,0.0059506011088615333,0.11588795571334586,64,33,31,33,1,33,32,339,1,1,281,524288,2593,524288,33,1
random_linear,"RLC_n32_k24",0.75,32,24,0.002,3,0,25,1,1,1,1,1,3.6814999999999999e-05,0.0010525650000000001,0.000273312,0.000273312,SYNDROME_TRELLIS,0.034976462261238017,0.13469953752487998,62,32,30,32,1,32,32,66,1,1,52,524288,1731,524288,33,1
random_linear,"RLC_n32_k24",0.75,32,24,0.002,4,0,15,1,1,1,1,1,3.6276000000000003e-05,0.001261538,0.00030201700000000002,0.00030201700000000002,SYNDROME_TRELLIS,0.028755376373918187,0.12011244400149661,61,32,29,32,1,32,32,76,1,1,61,524288,2080,524288,33,1
random_linear,"RLC_n32_k24",0.75,32,24,0.002,5,0,0,1,1,1,1,1,3.7273e-05,0.0044669080000000003,0.00032335399999999998,0.00032335399999999998,SYNDROME_TRELLIS,0.0083442506539198914,0.11526995181751271,63,32,31,32,1,32,32,235,1,1,193,524288,2089,524288,33,1
random_linear,"RLC_n32_k24",0.75,32,24,0.002,6,0,6,1,1,1,1,1,3.9085000000000003e-05,0.0017881730000000001,0.00030934700000000002,0.00030934700000000002,SYNDROME_TRELLIS,0.021857504838737638,0.1263467885578331,62,32,30,32,1,32,32,107,1,1,88,524288,2018,524288,33,1
random_linear,"RLC_n32_k24",0.75,32,24,0.002,7,0,3,1,1,1,1,1,4.3473999999999997e-05,0.0031772789999999999,0.00027370600000000003,0.00027370600000000003,SYNDROME_TRELLIS,0.013682776992514665,0.15883466200960153,63,33,30,33,1,33,32,176,1,1,138,524288,1875,524288,33,1
random_linear,"RLC_n32_k24",0.75,32,24,0.002,8,0,27,1,1,1,1,1,3.6358e-05,0.0016727249999999999,0.00031869899999999998,0.00031869899999999998,SYNDROME_TRELLIS,0.021735790401889134,0.11408256693619999,62,32,30,32,1,32,32,100,1,1,73,524288,2072,524288,33,1
random_linear,"RLC_n32_k24",0.75,32,24,0.002,9,0,21,1,1,1,1,1,3.7280000000000002e-05,0.0061955839999999996,0.000341761,0.000341761,SYNDROME_TRELLIS,0.0060171890172096782,0.10908207782631722,64,33,31,33,1,33,32,363,1,1,301,524288,2559,524288,33,1
random_linear,"RLC_n32_k24",0.75,32,24,0.002,10,0,30,1,1,1,1,1,3.7138000000000003e-05,0.00064639700000000005,0.00030290999999999998,0.00030290999999999998,SYNDROME_TRELLIS,0.057453855757375112,0.12260407381730548,61,32,29,32,1,32,32,41,1,1,32,524288,2191,524288,33,1
random_linear,"RLC_n32_k24",0.75,32,24,0.002,11,1,3,1,1,1,1,1,0.00061349199999999999,0.02150258,0.00036945199999999999,0.00036945199999999999,SYNDROME_TRELLIS,0.028531087897359291,1.660545889587822,2045,972,1073,972,4,972,32,1133,1,1,913,524288,2452,524288,37,4
random_linear,"RLC_n32_k24",0.75,32,24,0.002,12,0,14,1,1,1,1,1,3.667e-05,0.0024747800000000002,0.00029581300000000002,0.00029581300000000002,SYNDROME_TRELLIS,0.014817478725381649,0.12396344988218908,63,32,31,32,1,32,32,130,1,1,108,524288,2064,524288,33,1
random_linear,"RLC_n32_k24",0.75,32,24,0.002,13,0,29,1,1,1,1,1,3.6028999999999997e-05,0.0028570219999999999,0.000285235,0.000285235,SYNDROME_TRELLIS,0.012610683431909169,0.12631339071292091,64,33,31,33,1,33,32,170,1,1,145,524288,2099,524288,33,1
random_linear,"RLC_n32_k24",0.75,32,24,0.002,14,0,23,1,1,1,1,1,3.6702999999999997e-05,0.0058838329999999998,0.00042287100000000001,0.00042287100000000001,SYNDROME_TRELLIS,0.0062379404717978907,0.086794790846381045,64,33,31,33,1,33,32,334,1,1,287,524288,3281,524288,33,1
random_linear,"RLC_n32_k24",0.75,32,24,0.002,15,0,7,1,1,1,1,1,3.8914e-05,0.00421324,0.00029512899999999999,0.00029512899999999999,SYNDROME_TRELLIS,0.0092361223191652977,0.13185420612681234,64,33,31,33,1,33,32,262,1,1,228,524288,1848,524288,33,1
random_linear,"RLC_n32_k24",0.75,32,24,0.002,16,1,16,1,1,1,1,1,0.00065949100000000001,0.027380228999999999,0.00033983800000000002,0.00033983800000000002,SYNDROME_TRELLIS,0.024086394602470272,1.9406040525191415,2046,971,1075,971,2,971,32,1403,1,1,1131,524288,2160,524288,34,2
random_linear,"RLC_n32_k24",0.75,32,24,0.002,17,0,1,1,1,1,1,1,3.9085000000000003e-05,0.0048957740000000003,0.00036490699999999998,0.00036490699999999998,SYNDROME_TRELLIS,0.0079834159011424963,0.1071094826901101,63,33,30,33,1,33,32,246,1,1,204,524288,2588,524288,33,1
random_linear,"RLC_n32_k24",0.75,32,24,0.002,18,0,17,1,1,1,1,1,4.0015000000000002e-05,0.004023759,0.00029943800000000002,0.00029943800000000002,SYNDROME_TRELLIS,0.009944681080551793,0.13363367374882279,64,33,31,33,1,33,32,225,1,1,190,524288,1940,524288,33,1
random_linear,"RLC_n32_k24",0.75,32,24,0.002,19,0,21,1,1,1,1,1,3.8050000000000003e-05,0.0037301880000000002,0.00032785600000000001,0.00032785600000000001,SYNDROME_TRELLIS,0.010200558256045005,0.11605704943633791,63,33,30,33,1,33,32,201,1,1,160,524288,2486,524288,33,1
random_linear,"RLC_n32_k24",0.75,32,24,0.002,20,0,6,1,1,1,1,1,3.7323999999999997e-05,0.0013993429999999999,0.00031247000000000002,0.00031247000000000002,SYNDROME_TRELLIS,0.026672517031206787,0.11944826703363522,62,33,29,33,1,33,32,84,1,1,71,524288,1980,524288,33,1
random_linear,"RLC_n32_k24",0.75,32,24,0.002,21,0,31,1,1,1,1,1,3.8745999999999998e-05,0.0066940660000000003,0.00028237500000000002,0.00028237500000000002,SYNDROME_TRELLIS,0.0057881114407894989,0.13721469676848161,64,33,31,33,1,33,32,359,1,1,301,524288,1922,524288,33,1
random_linear,"RLC_n32_k24",0.75,32,24,0.002,22,0,17,1,1,1,1,1,4.0527e-05,0.002454145,0.00030341599999999998,0.00030341599999999998,SYNDROME_TRELLIS,0.016513694178624326,0.1335690932581011,63,33,30,33,1,33,32,134,1,1,113,524288,1746,524288,33,1
random_linear,"RLC_n32_k24",0.75,32,24,0.002,23,0,27,1,1,1,1,1,3.5052999999999998e-05,0.00087953399999999996,0.00028607900000000001,0.00028607900000000001,SYNDROME_TRELLIS,0.039854059081286225,0.12252909161455401,60,32,28,32,1,32,32,58,1,1,45,524288,1729,524288,33,1
random_linear,"RLC_n32_k24",0.75,32,24,0.002,24,0,30,1,1,1,1,1,3.7792e-05,0.0019078140000000001,0.00030710299999999998,0.00030710299999999998,SYNDROME_TRELLIS,0.01980905895438444,0.12305969007140928,62,31,31,31,1,31,32,107,1,1,86,524288,2201,524288,33,1
random_linear,"RLC_n32_k24",0.75,32,24,0.002,25,0,12,1,1,1,1,1,5.3019000000000002e-05,0.0053799290000000003,0.00034966199999999999,0.00034966199999999999,SYNDROME_TRELLIS,0.0098549627699547702,0.15162928771213344,64,33,31,33,2,33,32,295,1,1,248,524288,2397,524288,34,2
random_linear,"RLC_n32_k24",0.75,32,24,0.002,26,0,29,1,1,1,1,1,3.4987000000000002e-05,0.000519163,0.000302319,0.000302319,SYNDROME_TRELLIS,0.067391166165539543,0.11572875009509823,57,32,25,32,1,32,32,34,1,1,25,524288,1925,524288,33,1
random_linear,"RLC_n32_k24",0.75,32,24,0.002,27,0,0,1,1,1,1,1,3.6872999999999997e-05,0.0052130429999999997,0.000313054,0.000313054,SYNDROME_TRELLIS,0.0070732199983771478,0.11778479112229838,64,33,31,33,1,33,32,278,1,1,235,524288,2143,524288,33,1
random_linear,"RLC_n32_k24",0.75,32,24,0.002,28,0,1,1,1,1,1,1,3.8033e-05,0.0064249229999999999,0.00029003900000000002,0.00029003900000000002,SYNDROME_TRELLIS,0.0059196040170442507,0.13113064105172062,64,33,31,33,1,33,32,334,1,1,275,524288,1915,524288,33,1
random_linear,"RLC_n32_k24",0.75,32,24,0.002,29,0,9,1,1,1,1,1,3.6557000000000003e-05,0.0016197539999999999,0.00034406399999999999,0.00034406399999999999,SYNDROME_TRELLIS,0.022569476599533018,0.1062505812872024,62,32,30,32,1,32,32,92,1,1,72,524288,2308,524288,33,1
random_linear,"RLC_n32_k24",0.75,32,24,0.002,30,0,21,1,1,1,1,1,4.2435999999999998e-05,0.0055226119999999997,0.00034762900000000002,0.00034762900000000002,SYNDROME_TRELLIS,0.0076840451583417412,0.12207266942631367,64,33,31,33,1,33,32,283,1,1,233,524288,2372,524288,33,1
random_linear,"RLC_n32_k24",0.75,32,24,0.002,31,0,22,1,1,1,1,1,3.5054e-05,0.00095672400000000005,0.00030474499999999998,0.00030474499999999998,SYNDROME_TRELLIS,0.036639616023011856,0.11502731792154097,60,31,29,31,1,31,32,59,1,1,47,524288,2234,524288,33,1
random_linear,"RLC_n32_k24",0.75,32,24,0.002,32,1,24,1,1,1,1,1,0.00065193300000000005,0.049356558000000002,0.00030904400000000002,0.00030904400000000002,SYNDROME_TRELLIS,0.013208639873145125,2.1095151499462861,2047,974,1073,974,4,974,32,2468,1,1,1960,524288,2050,524288,36,3
random_linear,"RLC_n32_k24",0.75,32,24,0.002,33,0,4,1,1,1,1,1,4.1962000000000002e-05,0.0027745909999999999,0.000331446,0.000331446,SYNDROME_TRELLIS,0.015123670479721157,0.12660282519626123,63,33,30,33,1,33,32,142,1,1,113,524288,1949,524288,33,1
random_linear,"RLC_n32_k24",0.75,32,24,0.002,34,0,22,1,1,1,1,1,4.3990999999999999e-05,0.00078608300000000003,0.00037607,0.00037607,SYNDROME_TRELLIS,0.05596228388096422,0.11697556306006861,61,32,29,32,1,32,32,45,1,1,34,524288,1733,524288,33,1
random_linear,"RLC_n32_k24",0.75,32,24,0.002,35,0,6,1,1,1,1,1,4.5689000000000003e-05,0.0023413890000000001,0.00043895700000000002,0.00043895700000000002,SYNDROME_TRELLIS,0.019513630584238672,0.10408536599256875,63,33,30,33,1,33,32,117,1,1,100,524288,3190,524288,33,1
random_linear,"RLC_n32_k24",0.75,32,24,0.002,36,0,10,1,1,1,1,1,4.4592000000000003e-05,0.00087430799999999996,0.00038720699999999998,0.00038720699999999998,SYNDROME_TRELLIS,0.05100262150180486,0.11516320727672796,61,31,30,31,1,31,32,47,1,1,37,524288,2084,524288,33,1
random_linear,"RLC_n32_k24",0.75,32,24,0.002,37,0,14,1,1,1,1,1,4.3438e-05,0.0036274430000000002,0.000410052,0.000410052,SYNDROME_TRELLIS,0.011974826344617958,0.1059329060704496,63,32,31,32,1,32,32,162,1,1,137,524288,2110,524288,33,1
random_linear,"RLC_n32_k24",0.75,32,24,0.002,38,0,6,1,1,1,1,1,5.8031000000000001e-05,0.0019562619999999998,0.00042592599999999997,0.00042592599999999997,SYNDROME_TRELLIS,0.029664226979821722,0.13624667195710055,62,31,31,31,2,31,32,89,1,1,71,524288,1979,524288,35,1
random_linear,"RLC_n32_k24",0.75,32,24,0.002,39,0,26,1,1,1,1,1,4.3735000000000001e-05,0.00060652899999999997,0.00034547000000000001,0.00034547000000000001,SYNDROME_TRELLIS,0.072107022087979311,0.12659565229976552,57,26,31,26,1,26,32,34,1,1,25,524288,1813,524288,33,1
random_linear,"RLC_n32_k24",0.75,32,24,0.002,40,0,4,1,1,1,1,1,4.1927e-05,0.001681325,0.00037399599999999997,0.00037399599999999997,SYNDROME_TRELLIS,0.024936880139175947,0.11210547706392583,62,32,30,32,1,32,32,88,1,1,68,524288,1838,524288,33,1
random_linear,"RLC_n32_k24",0.75,32,24,0.002,41,0,11,1,1,1,1,1,5.3664e-05,0.00071834199999999996,0.000341885,0.000341885,SYNDROME_TRELLIS,0.074705363183553239,0.1569650613510391,57,29,28,29,2,29,32,41,1,1,31,524288,1756,524288,34,2
random_linear,"RLC_n32_k24",0.75,32,24,0.002,42,0,25,1,1,1,1,1,4.1103999999999998e-05,0.0052211039999999998,0.00034231300000000001,0.00034231300000000001,SYNDROME_TRELLIS,0.0078726644786236786,0.12007723925179586,64,33,31,33,1,33,32,240,1,1,203,524288,2281,524288,33,1
random_linear,"RLC_n32_k24",0.75,32,24,0.002,43,0,28,1,1,1,1,1,4.0292e-05,0.00155036,0.00035322100000000003,0.00035322100000000003,SYNDROME_TRELLIS,0.025988802600686294,0.11407022798757717,62,32,30,32,1,32,32,91,1,1,68,524288,2431,524288,33,1
random_linear,"RLC_n32_k24",0.75,32,24,0.002,44,0,25,1,1,1,1,1,3.8766000000000001e-05,0.00071207400000000004,0.00033733500000000002,0.00033733500000000002,SYNDROME_TRELLIS,0.05444097102267461,0.11491840455333718,60,31,29,31,1,31,32,45,1,1,34,524288,2124,524288,33,1
random_linear,"RLC_n32_k24",0.75,32,24,0.002,45,0,1,1,1,1,1,1,3.8448000000000002e-05,0.00092927299999999999,0.00036163299999999998,0.00036163299999999998,SYNDROME_TRELLIS,0.041374278602735688,0.10631773095928747,59,29,30,29,1,29,32,53,1,1,42,524288,2677,524288,33,1
random_linear,"RLC_n32_k24",0.75,32,24,0.002,46,0,20,1,1,1,1,1,3.9279000000000001e-05,0.001035305,0.00034956100000000002,0.00034956100000000002,SYNDROME_TRELLIS,0.037939544385470945,0.11236665417480783,61,31,30,31,1,31,32,58,1,1,44,524288,2461,524288,33,1
random_linear,"RLC_n32_k24",0.75,32,24,0.002,47,0,1,1,1,1,1,1,4.1956999999999998e-05,0.0043618989999999998,0.000345018,0.000345018,SYNDROME_TRELLIS,0.0096189755883847837,0.12160814798068506,63,32,31,32,1,32,32,211,1,1,173,524288,2342,524288,33,1
random_linear,"RLC_n32_k24",0.75,32,24,0.002,48,0,11,1,1,1,1,1,4.9509000000000003e-05,0.000934755,0.000291673,0.000291673,SYNDROME_TRELLIS,0.052964680584752157,0.16974145704264709,61,32,29,32,2,32,32,55,1,1,43,524288,1676,524288,35,1
random_linear,"RLC_n32_k24",0.75,32,24,0.002,49,0,23,1,1,1,1,1,3.8262000000000001e-05,0.00065946400000000001,0.00045603400000000002,0.00045603400000000002,SYNDROME_TRELLIS,0.058019846420729562,0.083901638912888071,61,32,29,32,1,32,32,41,1,1,29,524288,3492,524288,33,1
random_linear,"RLC_n32_k24",0.75,32,24,0.002,50,0,12,1,1,1,1,1,3.8136000000000002e-05,0.00096874000000000005,0.00034070200000000002,0.00034070200000000002,SYNDROME_TRELLIS,0.039366599913289425,0.11193359592840664,61,30,31,30,1,30,32,58,1,1,47,524288,2189,524288,33,1
random_linear,"RLC_n32_k24",0.75,32,24,0.002,51,0,6,1,1,1,1,1,4.0169000000000001e-05,0.003386811,0.00040921099999999998,0.00040921099999999998,SYNDROME_TRELLIS,0.01186041972817497,0.098162072867053918,63,32,31,32,1,32,32,174,1,1,136,524288,3153,524288,33,1
random_linear,"RLC_n32_k24",0.75,32,24,0.002,52,0,7,1,1,1,1,1,3.8288999999999999e-05,0.00097378700000000005,0.00033513299999999999,0.00033513299999999999,SYNDROME_TRELLIS,0.039319686954128567,0.11425016336797629,60,31,29,31,1,31,32,56,1,1,45,524288,2100,524288,33,1
random_linear,"RLC_n32_k24",0.75,32,24,0.002,53,0,6,1,1,1,1,1,3.7697000000000002e-05,0.0009976169999999999,0.000285875,0.000285875,SYNDROME_TRELLIS,0.037787046531885492,0.13186532575426324,61,31,30,31,1,31,32,55,1,1,44,524288,1891,524288,33,1
random_linear,"RLC_n32_k24",0.75,32,24,0.002,54,0,8,1,1,1,1,1,5.2266999999999999e-05,0.00097422299999999997,0.00032947800000000002,0.00032947800000000002,SYNDROME_TRELLIS,0.05364993435794474,0.15863578144823021,61,32,29,32,2,32,32,59,1,1,46,524288,2031,524288,34,2
random_linear,"RLC_n32_k24",0.75,32,24,0.002,55,0,9,1,1,1,1,1,4.0343000000000003e-05,0.0054143419999999999,0.00032866999999999998,0.00032866999999999998,SYNDROME_TRELLIS,0.0074511362599555039,0.12274621961237717,64,33,31,33,1,33,32,275,1,1,207,524288,1933,524288,33,1
random_linear,"RLC_n32_k24",0.75,32,24,0.002,56,0,26,1,1,1,1,1,3.9935000000000003e-05,0.0012362059999999999,0.00030019999999999998,0.00030019999999999998,SYNDROME_TRELLIS,0.03230448646908364,0.13302798134576951,61,32,29,32,1,32,32,69,1,1,52,524288,1864,524288,33,1
random_linear,"RLC_n32_k24",0.75,32,24,0.002,57,0,30,1,1,1,1,1,3.9359e-05,0.000663257,0.00040924800000000002,0.00040924800000000002,SYNDROME_TRELLIS,0.059342004682950956,0.096173958088982714,61,31,30,31,1,31,32,41,1,1,30,524288,3187,524288,33,1
random_linear,"RLC_n32_k24",0.75,32,24,0.002,58,0,2,1,1,1,1,1,3.8207000000000002e-05,0.0031172180000000002,0.00030106000000000002,0.00030106000000000002,SYNDROME_TRELLIS,0.012256762279699398,0.12690825749020129,63,33,30,33,1,33,32,146,1,1,128,524288,1863,524288,33,1
random_linear,"RLC_n32_k24",0.75,32,24,0.002,59,0,26,1,1,1,1,1,4.0812000000000002e-05,0.0062688919999999999,0.00032348300000000001,0.00032348300000000001,SYNDROME_TRELLIS,0.0065102413632265486,0.12616428065771618,64,33,31,33,1,33,32,331,1,1,276,524288,2023,524288,33,1
random_linear,"RLC_n32_k24",0.75,32,24,0.002,60,0,14,1,1,1,1,1,3.8376e-05,0.0010990310000000001,0.00035277399999999998,0.00035277399999999998,SYNDROME_TRELLIS,0.034918032339397158,0.10878352713068425,61,31,30,31,1,31,32,62,1,1,47,524288,2462,524288,33,1
random_linear,"RLC_n32_k24",0.75,32,24,0.002,61,0,20,1,1,1,1,1,4.1226999999999997e-05,0.0042887230000000004,0.00033091799999999998,0.00033091799999999998,SYNDROME_TRELLIS,0.0096128847677968456,0.12458373373464121,64,33,31,33,1,33,32,225,1,1,183,524288,2270,524288,33,1
random_linear,"RLC_n32_k24",0.75,32,24,0.002,62,0,5,1,1,1,1,1,5.0757999999999998e-05,0.0010595730000000001,0.00040617099999999998,0.00040617099999999998,SYNDROME_TRELLIS,0.047904202919477938,0.12496707051955949,60,31,29,31,2,31,32,58,1,1,47,524288,2916,524288,34,1
random_linear,"RLC_n32_k24",0.75,32,24,0.002,63,0,13,1,1,1,1,1,3.8707000000000001e-05,0.00080594,0.00029043899999999997,0.00029043899999999997,SYNDROME_TRELLIS,0.048027148422959527,0.13327066957261249,61,31,30,31,1,31,32,48,1,1,36,524288,1810,524288,33,1
random_linear,"RLC_n32_k24",0.75,32,24,0.002,64,0,7,1,1,1,1,1,3.9817999999999997e-05,0.0053435319999999998,0.000303596,0.000303596,SYNDROME_TRELLIS,0.0074516256288911526,0.13115456066614842,64,33,31,33,1,33,32,269,1,1,226,524288,1856,524288,33,1
random_linear,"RLC_n32_k24",0.75,32,24,0.002,65,0,16,1,1,1,1,1,4.0819999999999999e-05,0.0046337610000000001,0.00032817700000000003,0.00032817700000000003,SYNDROME_TRELLIS,0.008809258828843352,0.12438409760586512,63,32,31,32,1,32,32,222,1,1,186,524288,1989,524288,33,1
random_linear,"RLC_n32_k24",0.75,32,24,0.002,66,0,17,1,1,1,1,1,3.7527999999999997e-05,0.0023966370000000001,0.000318583,0.000318583,SYNDROME_TRELLIS,0.015658608291535179,0.11779661814974433,63,33,30,33,1,33,32,136,1,1,111,524288,1950,524288,33,1
random_linear,"RLC_n32_k24",0.75,32,24,0.002,67,0,31,1,1,1,1,1,4.0521e-05,0.0019975629999999999,0.00031197000000000001,0.00031197000000000001,SYNDROME_TRELLIS,0.020285217537569528,0.12988748918165208,62,33,29,33,1,33,32,106,1,1,84,524288,1996,524288,33,1
random_linear,"RLC_n32_k24",0.75,32,24,0.002,68,0,20,1,1,1,1,1,4.0577999999999997e-05,0.0039553089999999997,0.00032281299999999997,0.00032281299999999997,SYNDROME_TRELLIS,0.010259122612165068,0.1257012573843061,63,33,30,33,1,33,32,199,1,1,160,524288,1918,524288,33,1
random_linear,"RLC_n32_k24",0.75,32,24,0.002,69,0,25,1,1,1,1,1,3.9273000000000002e-05,0.00076459,0.00030520800000000001,0.00030520800000000001,SYNDROME_TRELLIS,0.051364783740305266,0.12867618148934498,61,32,29,32,1,32,32,47,1,1,33,524288,1770,524288,33,1
random_linear,"RLC_n32_k24",0.75,32,24,0.002,70,0,15,1,1,1,1,1,3.9119000000000003e-05,0.0018291259999999999,0.00033542799999999997,0.00033542799999999997,SYNDROME_TRELLIS,0.021386716934754635,0.11662413394230656,63,33,30,33,1,33,32,104,1,1,82,524288,2237,524288,33,1
random_linear,"RLC_n32_k24",0.75,32,24,0.002,71,0,16,1,1,1,1,1,3.9678000000000002e-05,0.0013132549999999999,0.00034153699999999999,0.00034153699999999999,SYNDROME_TRELLIS,0.030213477199782224,0.11617482146883062,62,32,30,32,1,32,32,70,1,1,55,524288,2191,524288,33,1
random_linear,"RLC_n32_k24",0.75,32,24,0.002,72,0,7,1,1,1,1,1,3.9004999999999997e-05,0.00096494400000000002,0.00032583999999999998,0.00032583999999999998,SYNDROME_TRELLIS,0.040422034853836074,0.11970599067026762,59,31,28,31,1,31,32,54,1,1,41,524288,2044,524288,33,1
random_linear,"RLC_n32_k24",0.75,32,24,0.002,73,0,5,1,1,1,1,1,4.0265999999999997e-05,0.0054061359999999998,0.00033323199999999998,0.00033323199999999998,SYNDROME_TRELLIS,0.007448203300841858,0.12083473375906276,64,33,31,33,1,33,32,282,1,1,242,524288,2104,524288,33,1
random_linear,"RLC_n32_k24",0.75,32,24,0.002,74,0,0,1,1,1,1,1,4.0686999999999999e-05,0.0035678900000000002,0.00034099999999999999,0.00034099999999999999,SYNDROME_TRELLIS,0.011403658745084628,0.11931671554252199,63,33,30,33,1,33,32,185,1,1,150,524288,2376,524288,33,1
random_linear,"RLC_n32_k24",0.75,32,24,0.002,75,0,25,1,1,1,1,1,3.7404000000000003e-05,0.00062468400000000002,0.00032218699999999998,0.00032218699999999998,SYNDROME_TRELLIS,0.059876673646195519,0.1160940695931245,60,31,29,31,1,31,32,40,1,1,30,524288,1917,524288,33,1
random_linear,"RLC_n32_k24",0.75,32,24,0.002,76,1,24,1,1,1,1,1,0.00068683199999999996,0.019281920000000001,0.00042045899999999998,0.00042045899999999998,SYNDROME_TRELLIS,0.035620519118428035,1.6335290718001041,2045,975,1070,975,5,975,32,944,1,1,762,524288,2931,524288,37,3
random_linear,"RLC_n32_k24",0.75,32,24,0.002,77,1,21,1,1,1,1,1,0.00070229600000000004,0.026581306999999998,0.000449016,0.000449016,SYNDROME_TRELLIS,0.02642067224158692,1.5640778947743512,2046,950,1096,950,6,950,32,1438,1,1,1096,524288,2726,524288,38,6
random_linear,"RLC_n32_k24",0.75,32,24,0.002,78,0,9,1,1,1,1,1,3.8809000000000001e-05,0.00187598,0.00031289300000000001,0.00031289300000000001,SYNDROME_TRELLIS,0.020687320760349258,0.12403281633018316,62,33,29,33,1,33,32,96,1,1,81,524288,1927,524288,33,1
random_linear,"RLC_n32_k24",0.75,32,24,0.002,79,0,25,1,1,1,1,1,4.0623000000000001e-05,0.0057598529999999997,0.00036415900000000002,0.00036415900000000002,SYNDROME_TRELLIS,0.0070527841595957406,0.11155292056491807,64,33,31,33,1,33,32,270,1,1,234,524288,2539,524288,33,1
random_linear,"RLC_n32_k24",0.75,32,24,0.0050000000000000001,0,0,11,1,1,1,1,1,4.2132000000000003e-05,0.0055914110000000001,0.00031523500000000003,0.00031523500000000003,SYNDROME_TRELLIS,0.0075351284318037077,0.13365267181626406,64,33,31,33,1,33,32,271,1,1,225,524288,2102,524288,33,1
random_linear,"RLC_n32_k24",0.75,32,24,0.0050000000000000001,1,0,18,1,1,1,1,1,3.8467000000000003e-05,0.001541937,0.00038725700000000001,0.00038725700000000001,SYNDROME_TRELLIS,0.024947193043554961,0.099331968176172417,62,31,31,31,1,31,32,78,1,1,66,524288,2907,524288,33,1
random_linear,"RLC_n32_k24",0.75,32,24,0.0050000000000000001,2,0,31,1,1,1,1,1,4.1604999999999999e-05,0.0077102050000000004,0.00031245399999999999,0.00031245399999999999,SYNDROME_TRELLIS,0.0053960951751607115,0.13315560050439426,64,33,31,33,1,33,32,352,1,1,301,524288,1881,524288,33,1
random_linear,"RLC_n32_k24",0.75,32,24,0.0050000000000000001,3,0,23,1,1,1,1,1,4.0519000000000003e-05,0.0026242169999999999,0.00034966899999999999,0.00034966899999999999,SYNDROME_TRELLIS,0.015440415179080085,0.1158781590589958,63,32,31,32,1,32,32,131,1,1,111,524288,2483,524288,33,1
random_linear,"RLC_n32_k24",0.75,32,24,0.0050000000000000001,4,0,18,1,1,1,1,1,3.8204000000000002e-05,0.001269006,0.000375196,0.000375196,SYNDROME_TRELLIS,0.030105452614093236,0.10182411326346763,61,31,30,31,1,31,32,69,1,1,54,524288,2719,524288,33,1
random_linear,"RLC_n32_k24",0.75,32,24,0.0050000000000000001,5,0,29,1,1,1,1,1,4.1980000000000001e-05,0.0076815929999999996,0.00031982199999999999,0.00031982199999999999,SYNDROME_TRELLIS,0.0054650122702413423,0.13126051366072378,64,33,31,33,1,33,32,349,1,1,301,524288,2058,524288,33,1
random_linear,"RLC_n32_k24",0.75,32,24,0.0050000000000000001,6,0,3,1,1,1,1,1,4.1180999999999998e-05,0.002480735,0.00036560899999999998,0.00036560899999999998,SYNDROME_TRELLIS,0.01660032208196361,0.11263672393185069,63,33,30,33,1,33,32,127,1,1,105,524288,2592,524288,33,1
random_linear,"RLC_n32_k24",0.75,32,24,0.0050000000000000001,7,1,23,1,1,1,1,1,0.00072918400000000002,0.013849729,0.00045693600000000002,0.00045693600000000002,SYNDROME_TRELLIS,0.052649694445284813,1.5958121049775023,2042,970,1072,970,10,970,32,684,1,1,576,524288,3082,524288,46,6
random_linear,"RLC_n32_k24",0.75,32,24,0.0050000000000000001,8,0,15,1,1,1,1,1,3.5682000000000002e-05,0.001659069,0.00025812099999999999,0.00025812099999999999,SYNDROME_TRELLIS,0.021507242917564007,0.13823749326866083,63,33,30,33,1,33,32,99,1,1,81,524288,1761,524288,33,1
random_linear,"RLC_n32_k24",0.75,32,24,0.0050000000000000001,9,0,9,1,1,1,1,1,3.5003999999999999e-05,0.00072970900000000004,0.000270203,0.000270203,SYNDROME_TRELLIS,0.04796980714229919,0.12954704425931615,56,29,27,29,1,29,32,47,1,1,38,524288,1825,524288,33,1
random_linear,"RLC_n32_k24",0.75,32,24,0.0050000000000000001,10,0,16,1,1,1,1,1,3.6457e-05,0.003536216,0.00029184000000000002,0.00029184000000000002,SYNDROME_TRELLIS,0.010309607784139883,0.12492118969298245,64,33,31,33,1,33,32,237,1,1,192,524288,2054,524288,33,1
random_linear,"RLC_n32_k24",0.75,32,24,0.0050000000000000001,11,0,16,1,1,1,1,1,3.6284e-05,0.0025335869999999999,0.00030364200000000002,0.00030364200000000002,SYNDROME_TRELLIS,0.014321197574821785,0.11949598540386376,63,33,30,33,1,33,32,138,1,1,115,524288,2185,524288,33,1
random_linear,"RLC_n32_k24",0.75,32,24,0.0050000000000000001,12,1,1,1,1,1,1,1,0.00065817999999999996,0.025149575,0.00038364900000000001,0.00038364900000000001,SYNDROME_TRELLIS,0.026170621173518836,1.7155785626966313,2046,975,1071,975,4,975,32,1287,1,1,1003,524288,3051,524288,36,3
random_linear,"RLC_n32_k24",0.75,32,24,0.0050000000000000001,13,0,24,1,1,1,1,1,4.0283e-05,0.00054984399999999996,0.00029074299999999999,0.00029074299999999999,SYNDROME_TRELLIS,0.073262598118739142,0.13855191698510369,57,30,27,30,1,30,32,34,1,1,25,524288,1731,524288,33,1
random_linear,"RLC_n32_k24",0.75,32,24,0.0050000000000000001,14,0,15,1,1,1,1,1,3.4922000000000002e-05,0.00068233599999999997,0.000314297,0.000314297,SYNDROME_TRELLIS,0.051180063780893875,0.11111146463376997,60,30,30,30,1,30,32,43,1,1,30,524288,1934,524288,33,1
random_linear,"RLC_n32_k24",0.75,32,24,0.0050000000000000001,15,0,20,1,1,1,1,1,3.7792e-05,0.0034418819999999998,0.00031339200000000001,0.00031339200000000001,SYNDROME_TRELLIS,0.010980039408672348,0.12059018736917343,63,32,31,32,1,32,32,181,1,1,151,524288,2024,524288,33,1
random_linear,"RLC_n32_k24",0.75,32,24,0.0050000000000000001,16,0,23,1,1,1,1,1,3.7258000000000001e-05,0.0024805750000000001,0.00032515899999999999,0.00032515899999999999,SYNDROME_TRELLIS,0.015019904659201999,0.114583942009909,63,33,30,33,1,33,32,140,1,1,113,524288,2209,524288,33,1
random_linear,"RLC_n32_k24",0.75,32,24,0.0050000000000000001,17,0,10,1,1,1,1,1,3.9434999999999998e-05,0.0027057589999999999,0.00032167600000000001,0.00032167600000000001,SYNDROME_TRELLIS,0.01457446875349948,0.12259229784006266,63,32,31,32,1,32,32,149,1,1,125,524288,2357,524288,33,1
random_linear,"RLC_n32_k24",0.75,32,24,0.0050000000000000001,18,0,26,1,1,1,1,1,3.7341e-05,0.00162243,0.00033923299999999998,0.00033923299999999998,SYNDROME_TRELLIS,0.023015476784822766,0.11007478635628021,62,32,30,32,1,32,32,97,1,1,77,524288,2376,524288,33,1
random_linear,"RLC_n32_k24",0.75,32,24,0.0050000000000000001,19,0,2,1,1,1,1,1,3.8622999999999999e-05,0.0023337169999999999,0.00028184,0.00028184,SYNDROME_TRELLIS,0.016549992994009128,0.13703874538745386,62,32,30,32,1,32,32,129,1,1,97,524288,1865,524288,33,1
random_linear,"RLC_n32_k24",0.75,32,24,0.0050000000000000001,20,0,25,1,1,1,1,1,3.8902999999999997e-05,0.0048995920000000004,0.00040501699999999997,0.00040501699999999997,SYNDROME_TRELLIS,0.007940048885703134,0.096052758279282099,64,33,31,33,1,33,32,273,1,1,231,524288,3489,524288,33,1
random_linear,"RLC_n32_k24",0.75,32,24,0.0050000000000000001,21,1,16,1,1,1,1,1,0.00069031099999999998,0.012679525000000001,0.00038265199999999998,0.00038265199999999998,SYNDROME_TRELLIS,0.054442970063941665,1.8040177498092262,2041,944,1097,944,5,944,32,656,1,1,543,524288,2671,524288,42,2
random_linear,"RLC_n32_k24",0.75,32,24,0.0050000000000000001,22,0,20,1,1,1,1,1,3.8074000000000002e-05,0.00084356800000000005,0.000271814,0.000271814,SYNDROME_TRELLIS,0.045134476414468071,0.14007372688676817,61,32,29,32,1,32,32,52,1,1,38,524288,1523,524288,33,1
random_linear,"RLC_n32_k24",0.75,32,24,0.0050000000000000001,23,1,20,1,1,1,1,1,0.00072825299999999999,0.024482741999999998,0.00048101799999999999,0.00048101799999999999,SYNDROME_TRELLIS,0.029745565263890786,1.5139828447168298,2045,968,1077,968,7,968,32,1059,1,1,834,524288,2774,524288,43,5
random_linear,"RLC_n32_k24",0.75,32,24,0.0050000000000000001,24,0,4,1,1,1,1,1,4.0674999999999999e-05,0.0056460369999999996,0.00032595299999999997,0.00032595299999999997,SYNDROME_TRELLIS,0.0072041681625536645,0.12478792954812505,64,33,31,33,1,33,32,301,1,1,257,524288,2128,524288,33,1
random_linear,"RLC_n32_k24",0.75,32,24,0.0050000000000000001,25,0,25,1,1,1,1,1,3.8639000000000001e-05,0.00055601100000000003,0.00028779199999999998,0.00028779199999999998,SYNDROME_TRELLIS,0.069493229450496477,0.13426016011563907,58,28,30,28,1,28,32,34,1,1,25,524288,1739,524288,33,1
random_linear,"RLC_n32_k24",0.75,32,24,0.0050000000000000001,26,0,8,1,1,1,1,1,4.0454000000000003e-05,0.0079760249999999994,0.00030479699999999999,0.00030479699999999999,SYNDROME_TRELLIS,0.0050719500001567205,0.13272440345541461,64,33,31,33,1,33,32,362,1,1,301,524288,1873,524288,33,1
random_linear,"RLC_n32_k24",0.75,32,24,0.0050000000000000001,27,1,3,1,1,1,1,1,0.00069484799999999997,0.064487906999999997,0.00040599800000000003,0.00040599800000000003,SYNDROME_TRELLIS,0.010774857369770118,1.711456706683284,2047,942,1105,942,5,942,32,2892,1,1,2314,524288,2490,524288,38,5
random_linear,"RLC_n32_k24",0.75,32,24,0.0050000000000000001,28,0,17,1,1,1,1,1,6.2485999999999998e-05,0.00072749499999999999,0.00034085799999999998,0.00034085799999999998,SYNDROME_TRELLIS,0.08589199925772685,0.18331974018506239,61,31,30,31,3,31,32,44,1,1,34,524288,2074,524288,39,3
random_linear,"RLC_n32_k24",0.75,32,24,0.0050000000000000001,29,0,11,1,1,1,1,1,4.0231000000000002e-05,0.00089638999999999995,0.00029759900000000001,0.00029759900000000001,SYNDROME_TRELLIS,0.044881134327692189,0.13518526607952311,61,31,30,31,1,31,32,55,1,1,43,524288,1819,524288,33,1
random_linear,"RLC_n32_k24",0.75,32,24,0.0050000000000000001,30,0,24,1,1,1,1,1,3.9360000000000003e-05,0.00075795599999999995,0.000306915,0.000306915,SYNDROME_TRELLIS,0.051929135728195311,0.12824397634524218,61,32,29,32,1,32,32,47,1,1,32,524288,1972,524288,33,1
random_linear,"RLC_n32_k24",0.75,32,24,0.0050000000000000001,31,0,8,1,1,1,1,1,4.0698000000000002e-05,0.0036786369999999998,0.00034561999999999999,0.00034561999999999999,SYNDROME_TRELLIS,0.011063336773919255,0.11775360222209363,63,32,31,32,1,32,32,179,1,1,150,524288,2295,524288,33,1
random_linear,"RLC_n32_k24",0.75,32,24,0.0050000000000000001,32,0,6,1,1,1,1,1,4.0198999999999999e-05,0.0023879819999999999,0.00033897899999999999,0.00033897899999999999,SYNDROME_TRELLIS,0.016833878982337389,0.11858846713218223,63,32,31,32,1,32,32,119,1,1,101,524288,2415,524288,33,1
random_linear,"RLC_n32_k24",0.75,32,24,0.0050000000000000001,33,2,26,1,1,1,1,1,0.00073335000000000002,0.051376006000000002,0.00047354299999999999,0.00047354299999999999,SYNDROME_TRELLIS,0.01427417304490349,1.5486450016154816,2047,960,1087,960,7,960,32,2393,1,1,1912,524288,3149,524288,40,6
random_linear,"RLC_n32_k24",0.75,32,24,0.0050000000000000001,34,0,10,1,1,1,1,1,5.0677999999999998e-05,0.0023923170000000001,0.00031132000000000002,0.00031132000000000002,SYNDROME_TRELLIS,0.021183647484844189,0.16278427341642038,63,33,30,33,2,33,32,127,1,1,105,524288,1900,524288,35,2
random_linear,"RLC_n32_k24",0.75,32,24,0.0050000000000000001,35,0,9,1,1,1,1,1,4.0268000000000001e-05,0.0033576230000000001,0.00033010100000000002,0.00033010100000000002,SYNDROME_TRELLIS,0.011993008148919638,0.12198690703754306,63,32,31,32,1,32,32,166,1,1,137,524288,1943,524288,33,1
random_linear,"RLC_n32_k24",0.75,32,24,0.0050000000000000001,36,0,27,1,1,1,1,1,3.9854999999999997e-05,0.0039263279999999998,0.00032317799999999997,0.00032317799999999997,SYNDROME_TRELLIS,0.010150705697537241,0.12332213207582199,63,32,31,32,1,32,32,195,1,1,159,524288,2151,524288,33,1
random_linear,"RLC_n32_k24",0.75,32,24,0.0050000000000000001,37,0,9,1,1,1,1,1,3.9143000000000001e-05,0.0052486449999999997,0.00049428700000000005,0.00049428700000000005,SYNDROME_TRELLIS,0.0074577343295269549,0.079190834474708011,64,33,31,33,1,33,32,274,1,1,229,524288,4221,524288,33,1
random_linear,"RLC_n32_k24",0.75,32,24,0.0050000000000000001,38,0,21,1,1,1,1,1,5.2463000000000002e-05,0.0023710239999999998,0.00033730799999999998,0.00033730799999999998,SYNDROME_TRELLIS,0.022126726680117961,0.15553440772231908,62,33,29,33,2,33,32,118,1,1,99,524288,1988,524288,34,2
random_linear,"RLC_n32_k24",0.75,32,24,0.0050000000000000001,39,0,17,1,1,1,1,1,4.0902000000000002e-05,0.0028578750000000002,0.00031316800000000001,0.00031316800000000001,SYNDROME_TRELLIS,0.014312032541661199,0.13060721401931233,63,33,30,33,1,33,32,141,1,1,115,524288,1972,524288,33,1
random_linear,"RLC_n32_k24",0.75,32,24,0.0050000000000000001,40,0,10,1,1,1,1,1,4.0531999999999998e-05,0.0072263400000000004,0.00038583299999999998,0.00038583299999999998,SYNDROME_TRELLIS,0.0056089251266893056,0.10505063071328788,64,33,31,33,1,33,32,321,1,1,275,524288,2424,524288,33,1
random_linear,"RLC_n32_k24",0.75,32,24,0.0050000000000000001,41,0,6,1,1,1,1,1,3.9597000000000001e-05,0.001174465,0.00030710500000000001,0.00030710500000000001,SYNDROME_TRELLIS,0.033714925519278995,0.12893635727194283,61,33,28,33,1,33,32,65,1,1,52,524288,1793,524288,33,1
random_linear,"RLC_n32_k24",0.75,32,24,0.0050000000000000001,42,1,12,1,1,1,1,1,0.00077141099999999995,0.052089364999999999,0.00041081599999999999,0.00041081599999999999,SYNDROME_TRELLIS,0.014809376155766153,1.877753057329802,2047,972,1075,972,5,972,32,2444,1,1,1906,524288,2839,524288,37,4
random_linear,"RLC_n32_k24",0.75,32,24,0.0050000000000000001,43,0,22,1,1,1,1,1,4.1526000000000002e-05,0.0033610810000000001,0.00030552500000000001,0.00030552500000000001,SYNDROME_TRELLIS,0.012354953659254269,0.13591686441371409,63,33,30,33,1,33,32,173,1,1,138,524288,1707,524288,33,1
random_linear,"RLC_n32_k24",0.75,32,24,0.0050000000000000001,44,0,8,1,1,1,1,1,4.1306000000000001e-05,0.0064536430000000002,0.000385965,0.000385965,SYNDROME_TRELLIS,0.0064004160130952392,0.10702006658634851,64,33,31,33,1,33,32,306,1,1,244,524288,2844,524288,33,1
random_linear,"RLC_n32_k24",0.75,32,24,0.0050000000000000001,45,1,24,1,1,1,1,1,4.0496e-05,0.0061582640000000001,0.00033837,0.00033837,SYNDROME_TRELLIS,0.0065758791763393058,0.11967964063007949,64,33,31,33,1,33,32,296,1,1,251,524288,2352,524288,33,1
random_linear,"RLC_n32_k24",0.75,32,24,0.0050000000000000001,46,0,7,1,1,1,1,1,4.0317e-05,0.0032371309999999999,0.00032656800000000001,0.00032656800000000001,SYNDROME_TRELLIS,0.012454546942956588,0.12345667671051665,63,32,31,32,1,32,32,162,1,1,134,524288,2083,524288,33,1
random_linear,"RLC_n32_k24",0.75,32,24,0.0050000000000000001,47,0,27,1,1,1,1,1,3.8917e-05,0.00084817699999999998,0.000292279,0.000292279,SYNDROME_TRELLIS,0.045883111661834737,0.13315017500402013,61,31,30,31,1,31,32,48,1,1,37,524288,1731,524288,33,1
random_linear,"RLC_n32_k24",0.75,32,24,0.0050000000000000001,48,0,9,1,1,1,1,1,3.9304999999999997e-05,0.0049315619999999996,0.00033309600000000001,0.00033309600000000001,SYNDROME_TRELLIS,0.0079700914233664707,0.1179990152988928,64,33,31,33,1,33,32,267,1,1,224,524288,2158,524288,33,1
random_linear,"RLC_n32_k24",0.75,32,24,0.0050000000000000001,49,0,23,1,1,1,1,1,4.0559000000000002e-05,0.006949574,0.00031773700000000001,0.00031773700000000001,SYNDROME_TRELLIS,0.0058361850668832366,0.12764959699374012,64,33,31,33,1,33,32,350,1,1,296,524288,2094,524288,33,1
random_linear,"RLC_n32_k24",0.75,32,24,0.0050000000000000001,50,1,19,1,1,1,1,1,0.00067422000000000001,0.030879637000000001,0.00040471499999999999,0.00040471499999999999,SYNDROME_TRELLIS,0.021833805883145582,1.6659130499240207,2046,966,1080,966,3,966,32,1480,1,1,1227,524288,2825,524288,39,3
random_linear,"RLC_n32_k24",0.75,32,24,0.0050000000000000001,51,0,28,1,1,1,1,1,6.6756999999999998e-05,0.0021280880000000002,0.00032155699999999998,0.00032155699999999998,SYNDROME_TRELLIS,0.031369473442827547,0.20760549451574684,63,33,30,33,2,33,32,120,1,1,96,524288,1783,524288,34,1
random_linear,"RLC_n32_k24",0.75,32,24,0.0050000000000000001,52,0,8,1,1,1,1,1,4.0720000000000003e-05,0.0048273949999999999,0.00032563999999999998,0.00032563999999999998,SYNDROME_TRELLIS,0.0084351912366814816,0.12504606313720676,64,33,31,33,1,33,32,240,1,1,198,524288,2080,524288,33,1
random_linear,"RLC_n32_k24",0.75,32,24,0.0050000000000000001,53,0,0,1,1,1,1,1,4.1665999999999997e-05,0.0044798559999999999,0.00033478499999999999,0.00033478499999999999,SYNDROME_TRELLIS,0.0093007453811015349,0.12445599414549637,63,33,30,33,1,33,32,212,1,1,179,524288,2137,524288,33,1
random_linear,"RLC_n32_k24",0.75,32,24,0.0050000000000000001,54,0,9,1,1,1,1,1,4.0191000000000002e-05,0.0036576030000000002,0.00035874300000000002,0.00035874300000000002,SYNDROME_TRELLIS,0.010988344005623355,0.11203284802769671,63,32,31,32,1,32,32,177,1,1,148,524288,2513,524288,33,1
random_linear,"RLC_n32_k24",0.75,32,24,0.0050000000000000001,55,0,8,1,1,1,1,1,4.0935e-05,0.004998944,0.00033337299999999998,0.00033337299999999998,SYNDROME_TRELLIS,0.0081887294596618802,0.12279038794383469,64,33,31,33,1,33,32,262,1,1,211,524288,2208,524288,33,1
random_linear,"RLC_n32_k24",0.75,32,24,0.0050000000000000001,56,1,26,1,1,1,1,1,3.9576999999999997e-05,0.0023160609999999999,0.00030789100000000002,0.00030789100000000002,SYNDROME_TRELLIS,0.017088064606243101,0.12854224384603641,62,32,30,32,1,32,32,123,1,1,104,524288,1850,524288,33,1
random_linear,"RLC_n32_k24",0.75,32,24,0.0050000000000000001,57,1,2,1,1,1,1,1,0.00066888699999999995,0.046815562999999998,0.000326929,0.000326929,SYNDROME_TRELLIS,0.014287705992129156,2.0459702259512005,2047,966,1081,966,3,966,32,2189,1,1,1753,524288,2050,524288,35,2
random_linear,"RLC_n32_k24",0.75,32,24,0.0050000000000000001,58,0,5,1,1,1,1,1,4.7404000000000002e-05,0.003594285,0.00039284900000000002,0.00039284900000000002,SYNDROME_TRELLIS,0.013188714862622191,0.12066722837527905,63,32,31,32,1,32,32,156,1,1,129,524288,2175,524288,33,1
random_linear,"RLC_n32_k24",0.75,32,24,0.0050000000000000001,59,1,7,1,1,1,1,1,0.00068036599999999996,0.031131190999999999,0.00035154099999999997,0.00035154099999999997,SYNDROME_TRELLIS,0.021854801507594102,1.9353816482287984,2046,962,1084,962,2,962,32,1477,1,1,1192,524288,2541,524288,35,1
random_linear,"RLC_n32_k24",0.75,32,24,0.0050000000000000001,60,1,0,1,1,1,1,1,0.00066003100000000005,0.039687579000000001,0.00042515700000000001,0.00042515700000000001,SYNDROME_TRELLIS,0.016630669258006391,1.5524406278151366,2046,977,1069,977,2,977,32,1830,1,1,1448,524288,3065,524288,34,1
random_linear,"RLC_n32_k24",0.75,32,24,0.0050000000000000001,61,0,5,1,1,1,1,1,5.4664999999999999e-05,0.0047355380000000001,0.000356848,0.000356848,SYNDROME_TRELLIS,0.011543566961135144,0.15318847240281577,64,33,31,33,2,33,32,243,2,2,195,524288,2331,524288,34,2
random_linear,"RLC_n32_k24",0.75,32,24,0.0050000000000000001,62,0,15,1,1,1,1,1,4.0813999999999999e-05,0.002011306,0.00031669100000000002,0.00031669100000000002,SYNDROME_TRELLIS,0.020292287697645212,0.12887641265460653,63,32,31,32,1,32,32,110,1,1,88,524288,1925,524288,33,1
random_linear,"RLC_n32_k24",0.75,32,24,0.0050000000000000001,63,1,3,1,1,1,1,1,0.00066522300000000005,0.032804134999999998,0.00039019899999999998,0.00039019899999999998,SYNDROME_TRELLIS,0.02027863255653594,1.7048300995133254,2046,970,1076,970,3,970,32,1584,1,1,1261,524288,2555,524288,37,3
random_linear,"RLC_n32_k24",0.75,32,24,0.0050000000000000001,64,1,12,1,1,1,1,1,0.00069577799999999998,0.018054028999999999,0.00034690600000000002,0.00034690600000000002,SYNDROME_TRELLIS,0.038538655277445273,2.0056672412699692,2044,968,1076,968,4,968,32,913,1,1,748,524288,2397,524288,39,2
random_linear,"RLC_n32_k24",0.75,32,24,0.0050000000000000001,65,0,26,1,1,1,1,1,4.1220000000000002e-05,0.0050860039999999999,0.00032238699999999999,0.00032238699999999999,SYNDROME_TRELLIS,0.008104594491077869,0.12785875360979196,64,33,31,33,1,33,32,257,1,1,216,524288,1970,524288,33,1
random_linear,"RLC_n32_k24",0.75,32,24,0.0050000000000000001,66,0,10,1,1,1,1,1,5.2889999999999997e-05,0.0011145490000000001,0.000300649,0.000300649,SYNDROME_TRELLIS,0.047454172046271628,0.17591942763820934,62,31,31,31,2,31,32,62,1,1,49,524288,1837,524288,34,1
random_linear,"RLC_n32_k24",0.75,32,24,0.0050000000000000001,67,0,19,1,1,1,1,1,4.0407999999999997e-05,0.0062794599999999997,0.00029322300000000001,0.00029322300000000001,SYNDROME_TRELLIS,0.0064349482280323467,0.13780637944499577,64,33,31,33,1,33,32,320,1,1,262,524288,1622,524288,33,1
random_linear,"RLC_n32_k24",0.75,32,24,0.0050000000000000001,68,0,4,1,1,1,1,1,4.1875000000000001e-05,0.0074154429999999999,0.00033079700000000002,0.00033079700000000002,SYNDROME_TRELLIS,0.0056469991071335865,0.12658820968751228,64,33,31,33,1,33,32,339,1,1,279,524288,2118,524288,33,1
random_linear,"RLC_n32_k24",0.75,32,24,0.0050000000000000001,69,1,30,1,1,1,1,1,0.00069158100000000003,0.016336211999999999,0.00034577099999999998,0.00034577099999999998,SYNDROME_TRELLIS,0.042334232685031267,2.0001127914139709,2043,967,1076,967,4,967,32,788,1,1,654,524288,2165,524288,39,2
random_linear,"RLC_n32_k24",0.75,32,24,0.0050000000000000001,70,1,0,1,1,1,1,1,0.00070137800000000001,0.027696152000000002,0.00042359,0.00042359,SYNDROME_TRELLIS,0.025324023351691597,1.65579451828419,2046,967,1079,967,6,967,32,1428,1,1,1120,524288,2536,524288,41,6
random_linear,"RLC_n32_k24",0.75,32,24,0.0050000000000000001,71,0,10,1,1,1,1,1,3.7978000000000001e-05,0.0034126780000000002,0.00031482100000000001,0.00031482100000000001,SYNDROME_TRELLIS,0.011128503773283034,0.12063362990397718,64,33,31,33,1,33,32,207,1,1,178,524288,1966,524288,33,1
random_linear,"RLC_n32_k24",0.75,32,24,0.0050000000000000001,72,0,6,1,1,1,1,1,4.1158999999999997e-05,0.0027428539999999999,0.00031424399999999998,0.00031424399999999998,SYNDROME_TRELLIS,0.015005902610930075,0.13097783887679637,63,32,31,32,1,32,32,142,1,1,116,524288,1998,524288,33,1
random_linear,"RLC_n32_k24",0.75,32,24,0.0050000000000000001,73,0,23,1,1,1,1,1,3.9323000000000003e-05,0.0015669919999999999,0.00029492100000000002,0.00029492100000000002,SYNDROME_TRELLIS,0.025094576105047124,0.13333401148104068,63,32,31,32,1,32,32,99,1,1,76,524288,1876,524288,33,1
random_linear,"RLC_n32_k24",0.75,32,24,0.0050000000000000001,74,0,8,1,1,1,1,1,3.9407999999999999e-05,0.0014267769999999999,0.00029031499999999997,0.00029031499999999997,SYNDROME_TRELLIS,0.027620293851106377,0.13574221104662179,62,32,30,32,1,32,32,74,1,1,63,524288,1707,524288,33,1
random_linear,"RLC_n32_k24",0.75,32,24,0.0050000000000000001,75,0,5,1,1,1,1,1,5.1916000000000002e-05,0.001478973,0.00033967900000000001,0.00033967900000000001,SYNDROME_TRELLIS,0.03510273683157164,0.15283841509189558,62,33,29,33,2,33,32,79,1,1,65,524288,2153,524288,34,2
random_linear,"RLC_n32_k24",0.75,32,24,0.0050000000000000001,76,0,15,1,1,1,1,1,3.7404999999999998e-05,0.00070788399999999999,0.00032952600000000002,0.00032952600000000002,SYNDROME_TRELLIS,0.052840578399850825,0.11351152868058968,58,31,27,31,1,31,32,43,1,1,32,524288,2202,524288,33,1
random_linear,"RLC_n32_k24",0.75,32,24,0.0050000000000000001,77,0,1,1,1,1,1,1,3.9920999999999999e-05,0.0020978289999999998,0.00030493499999999999,0.00030493499999999999,SYNDROME_TRELLIS,0.019029673057241559,0.13091642481184515,62,33,29,33,1,33,32,109,1,1,91,524288,1825,524288,33,1
random_linear,"RLC_n32_k24",0.75,32,24,0.0050000000000000001,78,0,29,1,1,1,1,1,4.0519000000000003e-05,0.001569691,0.00032577700000000002,0.00032577700000000002,SYNDROME_TRELLIS,0.025813360718765669,0.1243764906669286,62,31,31,31,1,31,32,85,1,1,68,524288,2130,524288,33,1
random_linear,"RLC_n32_k24",0.75,32,24,0.0050000000000000001,79,0,29,1,1,1,1,1,5.2376999999999997e-05,0.0021630500000000001,0.00031993400000000002,0.00031993400000000002,SYNDROME_TRELLIS,0.024214419454011694,0.16371189057743157,62,33,29,33,2,33,32,116,1,1,96,524288,1708,524288,35,2
random_linear,"RLC_n32_k24",0.75,32,24,0.01,0,0,28,1,1,1,1,1,4.0901e-05,0.0019454489999999999,0.00034263700000000002,0.00034263700000000002,SYNDROME_TRELLIS,0.021023938432721701,0.11937122961034563,62,32,30,32,1,32,32,105,1,1,89,524288,2277,524288,33,1
random_linear,"RLC_n32_k24",0.75,32,24,0.01,1,0,19,1,1,1,1,1,4.0799e-05,0.0033160910000000002,0.00034881199999999999,0.00034881199999999999,SYNDROME_TRELLIS,0.012303341494548852,0.11696558604635161,63,33,30,33,1,33,32,167,1,1,134,524288,2284,524288,33,1
random_linear,"RLC_n32_k24",0.75,32,24,0.01,2,0,11,1,1,1,1,1,5.3807000000000002e-05,0.0020726680000000002,0.00030037,0.00030037,SYNDROME_TRELLIS,0.025960259916204619,0.17913573259646437,62,32,30,32,2,32,32,107,1,1,79,524288,1775,524288,34,1
random_linear,"RLC_n32_k24",0.75,32,24,0.01,3,0,28,1,1,1,1,1,4.1226000000000001e-05,0.0013092850000000001,0.00034654800000000002,0.00034654800000000002,SYNDROME_TRELLIS,0.031487414886751164,0.11896187541119844,61,33,28,33,1,33,32,76,1,1,52,524288,2377,524288,33,1
random_linear,"RLC_n32_k24",0.75,32,24,0.01,4,0,14,1,1,1,1,1,4.0592e-05,0.0056199700000000002,0.00035149999999999998,0.00035149999999999998,SYNDROME_TRELLIS,0.0072228143566602666,0.11548221906116644,64,33,31,33,1,33,32,271,1,1,226,524288,2371,524288,33,1
random_linear,"RLC_n32_k24",0.75,32,24,0.01,5,1,30,1,1,1,1,1,0.00072103499999999997,0.036805297000000001,0.00058060800000000004,0.00058060800000000004,SYNDROME_TRELLIS,0.019590522527232968,1.2418619791666665,2047,946,1101,946,5,946,32,1866,1,1,1450,524288,3444,524288,38,5
random_linear,"RLC_n32_k24",0.75,32,24,0.01,6,0,11,1,1,1,1,1,5.2386999999999998e-05,0.0011917799999999999,0.00030403599999999999,0.00030403599999999999,SYNDROME_TRELLIS,0.043956938361106916,0.17230525332526411,61,31,30,31,2,31,32,63,1,1,49,524288,1907,524288,36,1
random_linear,"RLC_n32_k24",0.75,32,24,0.01,7,1,31,1,1,1,1,1,0.00071542299999999997,0.0610553,0.00048993400000000003,0.00048993400000000003,SYNDROME_TRELLIS,0.011717623203882381,1.4602436246514836,2047,978,1069,978,4,978,32,2752,1,1,2098,524288,3439,524288,37,3
random_linear,"RLC_n32_k24",0.75,32,24,0.01,8,0,12,1,1,1,1,1,3.8797000000000001e-05,0.000731937,0.00030920299999999997,0.00030920299999999997,SYNDROME_TRELLIS,0.053005928105834245,0.12547420303166529,58,30,28,30,1,30,32,45,1,1,32,524288,1572,524288,33,1
random_linear,"RLC_n32_k24",0.75,32,24,0.01,9,0,18,1,1,1,1,1,4.0843000000000002e-05,0.002019996,0.00030457999999999999,0.00030457999999999999,SYNDROME_TRELLIS,0.020219346969003901,0.13409613237901374,62,32,30,32,1,32,32,106,1,1,84,524288,1890,524288,33,1
random_linear,"RLC_n32_k24",0.75,32,24,0.01,10,0,23,1,1,1,1,1,4.1158999999999997e-05,0.0036275019999999999,0.00030603,0.00030603,SYNDROME_TRELLIS,0.01134637554989632,0.13449335032513152,63,32,31,32,1,32,32,175,1,1,148,524288,1879,524288,33,1
random_linear,"RLC_n32_k24",0.75,32,24,0.01,11,0,5,1,1,1,1,1,5.5114999999999997e-05,0.0056663579999999998,0.00043434799999999998,0.00043434799999999998,SYNDROME_TRELLIS,0.0097267062900014429,0.1268913405840478,64,33,31,33,2,33,32,264,1,1,223,524288,3216,524288,34,2
random_linear,"RLC_n32_k24",0.75,32,24,0.01,12,0,14,1,1,1,1,1,4.0800999999999998e-05,0.002682846,0.00033680199999999998,0.00033680199999999998,SYNDROME_TRELLIS,0.015208103633231277,0.12114239226607919,63,33,30,33,1,33,32,140,1,1,109,524288,2183,524288,33,1
random_linear,"RLC_n32_k24",0.75,32,24,0.01,13,0,10,1,1,1,1,1,3.9854999999999997e-05,0.002079011,0.00030765300000000002,0.00030765300000000002,SYNDROME_TRELLIS,0.01917017274078877,0.12954529941199985,62,33,29,33,1,33,32,110,1,1,92,524288,1934,524288,33,1
random_linear,"RLC_n32_k24",0.75,32,24,0.01,14,0,10,1,1,1,1,1,5.4166000000000003e-05,0.00095926900000000001,0.00032848699999999997,0.00032848699999999997,SYNDROME_TRELLIS,0.05646591310675108,0.16489541443040365,61,32,29,32,2,32,32,53,1,1,41,524288,1967,524288,34,2
random_linear,"RLC_n32_k24",0.75,32,24,0.01,15,0,21,1,1,1,1,1,3.7041e-05,0.00058964599999999999,0.00030770500000000002,0.00030770500000000002,SYNDROME_TRELLIS,0.062819047360619759,0.12037828439576867,58,28,30,28,1,28,32,37,1,1,26,524288,1977,524288,33,1
random_linear,"RLC_n32_k24",0.75,32,24,0.01,16,0,13,1,1,1,1,1,4.1254000000000002e-05,0.0043387230000000001,0.00034856600000000002,0.00034856600000000002,SYNDROME_TRELLIS,0.0095083276807484598,0.1183534825542365,63,33,30,33,1,33,32,205,1,1,170,524288,2391,524288,33,1
random_linear,"RLC_n32_k24",0.75,32,24,0.01,17,0,0,1,1,1,1,1,4.2052000000000003e-05,0.0078734310000000002,0.000317919,0.000317919,SYNDROME_TRELLIS,0.0053410006387304343,0.13227268580990756,64,33,31,33,1,33,32,357,1,1,301,524288,2142,524288,33,1
random_linear,"RLC_n32_k24",0.75,32,24,0.01,18,0,1,1,1,1,1,1,4.0531000000000002e-05,0.0019610500000000002,0.00032461399999999998,0.00032461399999999998,SYNDROME_TRELLIS,0.020668009484714821,0.12485906337989121,62,31,31,31,1,31,32,108,1,1,90,524288,2182,524288,33,1
random_linear,"RLC_n32_k24",0.75,32,24,0.01,19,1,12,1,1,1,1,1,0.00066409200000000002,0.013855999000000001,0.00037744999999999999,0.00037744999999999999,SYNDROME_TRELLIS,0.047928121241925609,1.7594171413432245,2043,963,1080,963,2,963,32,704,1,1,584,524288,2750,524288,36,1
random_linear,"RLC_n32_k24",0.75,32,24,0.01,20,0,7,1,1,1,1,1,3.5556000000000003e-05,0.001212259,0.000272782,0.000272782,SYNDROME_TRELLIS,0.029330365870659656,0.13034584393398393,60,31,29,31,1,31,32,71,1,1,56,524288,1830,524288,33,1
random_linear,"RLC_n32_k24",0.75,32,24,0.01,21,0,17,1,1,1,1,1,3.9462999999999998e-05,0.0021968299999999999,0.00031815899999999999,0.00031815899999999999,SYNDROME_TRELLIS,0.01796361120341583,0.12403546654345783,63,32,31,32,1,32,32,115,1,1,95,524288,2150,524288,33,1
random_linear,"RLC_n32_k24",0.75,32,24,0.01,22,0,4,1,1,1,1,1,3.8991e-05,0.0065403029999999999,0.000295078,0.000295078,SYNDROME_TRELLIS,0.005961650400600706,0.13213794318790287,64,33,31,33,1,33,32,328,1,1,268,524288,1922,524288,33,1
random_linear,"RLC_n32_k24",0.75,32,24,0.01,23,1,9,1,1,1,1,1,0.00073018400000000004,0.023860681000000002,0.00047154800000000002,0.00047154800000000002,SYNDROME_TRELLIS,0.030601976532019348,1.5484828691882906,2045,959,1086,959,7,959,32,1180,1,1,947,524288,3008,524288,41,6
random_linear,"RLC_n32_k24",0.75,32,24,0.01,24,0,13,1,1,1,1,1,3.9474000000000002e-05,0.0012683410000000001,0.00036123600000000002,0.00036123600000000002,SYNDROME_TRELLIS,0.031122545119963794,0.1092748231073315,62,32,30,32,1,32,32,69,1,1,55,524288,2221,524288,33,1
random_linear,"RLC_n32_k24",0.75,32,24,0.01,25,0,26,1,1,1,1,1,4.0259000000000002e-05,0.0022029889999999998,0.00032091299999999998,0.00032091299999999998,SYNDROME_TRELLIS,0.018274716759820411,0.12545144634215505,63,32,31,32,1,32,32,115,1,1,95,524288,2084,524288,33,1
random_linear,"RLC_n32_k24",0.75,32,24,0.01,26,0,12,1,1,1,1,1,3.7894e-05,0.00081117099999999996,0.00027794400000000002,0.00027794400000000002,SYNDROME_TRELLIS,0.046715180892808052,0.13633681604927611,58,29,29,29,1,29,32,47,1,1,36,524288,1480,524288,33,1
random_linear,"RLC_n32_k24",0.75,32,24,0.01,27,0,0,1,1,1,1,1,4.1635999999999999e-05,0.0075746540000000001,0.00031405700000000002,0.00031405700000000002,SYNDROME_TRELLIS,0.0054967527229626591,0.13257466001394649,64,33,31,33,1,33,32,359,1,1,301,524288,1845,524288,33,1
random_linear,"RLC_n32_k24",0.75,32,24,0.01,28,0,5,1,1,1,1,1,4.0450000000000001e-05,0.0020846689999999999,0.00033899199999999998,0.00033899199999999998,SYNDROME_TRELLIS,0.019403559989619457,0.11932434983716431,62,31,31,31,1,31,32,108,1,1,84,524288,2220,524288,33,1
random_linear,"RLC_n32_k24",0.75,32,24,0.01,29,0,28,1,1,1,1,1,4.2113999999999997e-05,0.0042912519999999997,0.00028981299999999998,0.00028981299999999998,SYNDROME_TRELLIS,0.0098139191079899286,0.14531439238405455,64,33,31,33,1,33,32,209,1,1,176,524288,1628,524288,33,1
random_linear,"RLC_n32_k24",0.75,32,24,0.01,30,1,30,1,1,1,1,1,0.00069534299999999996,0.014560604,0.00037586899999999998,0.00037586899999999998,SYNDROME_TRELLIS,0.047755093126631287,1.8499610236545179,2042,931,1111,931,4,931,32,739,1,1,598,524288,2492,524288,38,3
random_linear,"RLC_n32_k24",0.75,32,24,0.01,31,0,20,1,1,1,1,1,3.9490999999999998e-05,0.00055368799999999999,0.000306044,0.000306044,SYNDROME_TRELLIS,0.071323561283610989,0.12903700121551148,58,32,26,32,1,32,32,34,1,1,25,524288,1908,524288,33,1
random_linear,"RLC_n32_k24",0.75,32,24,0.01,32,0,13,1,1,1,1,1,3.9842000000000002e-05,0.001621887,0.00037122799999999998,0.00037122799999999998,SYNDROME_TRELLIS,0.024565213236187232,0.10732487851131921,62,33,29,33,1,33,32,88,1,1,66,524288,2120,524288,33,1
random_linear,"RLC_n32_k24",0.75,32,24,0.01,33,0,23,1,1,1,1,1,5.2729000000000003e-05,0.0020045599999999998,0.00032719200000000002,0.00032719200000000002,SYNDROME_TRELLIS,0.026304525681446304,0.16115614073693732,63,32,31,32,2,32,32,115,1,1,92,524288,1962,524288,34,2
random_linear,"RLC_n32_k24",0.75,32,24,0.01,34,0,13,1,1,1,1,1,4.0651000000000001e-05,0.001750887,0.00034638300000000002,0.00034638300000000002,SYNDROME_TRELLIS,0.023217374964803555,0.11735853087478311,63,33,30,33,1,33,32,95,1,1,75,524288,2178,524288,33,1
random_linear,"RLC_n32_k24",0.75,32,24,0.01,35,0,30,1,1,1,1,1,4.1652e-05,0.0020464860000000001,0.00031841200000000001,0.00031841200000000001,SYNDROME_TRELLIS,0.020352936692457215,0.13081165282715476,62,31,31,31,1,31,32,108,1,1,83,524288,1912,524288,33,1
random_linear,"RLC_n32_k24",0.75,32,24,0.01,36,0,2,1,1,1,1,1,4.9567000000000002e-05,0.00074758699999999997,0.000284701,0.000284701,SYNDROME_TRELLIS,0.06630265106268568,0.17410195257480657,54,30,24,30,2,30,32,44,1,1,35,524288,1642,524288,34,1
random_linear,"RLC_n32_k24",0.75,32,24,0.01,37,0,17,1,1,1,1,1,5.4079999999999997e-05,0.0051012230000000002,0.00033635099999999998,0.00033635099999999998,SYNDROME_TRELLIS,0.010601379316293366,0.16078441865789012,64,33,31,33,2,33,32,252,1,1,211,524288,2040,524288,34,2
random_linear,"RLC_n32_k24",0.75,32,24,0.01,38,0,11,1,1,1,1,1,4.0682000000000001e-05,0.0038820909999999998,0.00032328800000000003,0.00032328800000000003,SYNDROME_TRELLIS,0.010479404011910077,0.1258382618593947,63,32,31,32,1,32,32,188,1,1,156,524288,2182,524288,33,1
random_linear,"RLC_n32_k24",0.75,32,24,0.01,39,1,22,1,1,1,1,1,0.00069874599999999998,0.022405746000000001,0.0004414,0.0004414,SYNDROME_TRELLIS,0.031186018086610461,1.5830222020842772,2045,979,1066,979,3,979,32,1077,1,1,883,524288,2713,524288,34,2
random_linear,"RLC_n32_k24",0.75,32,24,0.01,40,2,31,1,1,1,1,1,0.00065368800000000003,0.056039515999999998,0.00047711100000000001,0.00047711100000000001,SYNDROME_TRELLIS,0.011664768839188405,1.3700962669064431,2047,972,1075,972,4,972,32,2746,1,1,2138,524288,4108,524288,37,3
random_linear,"RLC_n32_k24",0.75,32,24,0.01,41,2,12,1,1,1,1,1,0.000661963,0.015005832,0.00038978299999999999,0.00038978299999999999,SYNDROME_TRELLIS,0.044113715254175845,1.6982859693727024,2044,956,1088,956,4,956,32,781,1,1,635,524288,2760,524288,41,4
random_linear,"RLC_n32_k24",0.75,32,24,0.01,42,0,15,1,1,1,1,1,3.9236999999999997e-05,0.0053141159999999998,0.00030153999999999999,0.00030153999999999999,SYNDROME_TRELLIS,0.0073835422486072944,0.13012204019367249,64,33,31,33,1,33,32,283,1,1,243,524288,1955,524288,33,1
random_linear,"RLC_n32_k24",0.75,32,24,0.01,43,0,24,1,1,1,1,1,3.4017000000000003e-05,0.00066414999999999996,0.00032473700000000002,0.00032473700000000002,SYNDROME_TRELLIS,0.051218851163140865,0.10475246122246619,58,32,26,32,1,32,32,43,1,1,32,524288,2381,524288,33,1
random_linear,"RLC_n32_k24",0.75,32,24,0.01,44,0,5,1,1,1,1,1,3.5590999999999999e-05,0.00085053799999999997,0.00031130600000000002,0.00031130600000000002,SYNDROME_TRELLIS,0.041845279105695452,0.11432802451607099,60,33,27,33,1,33,32,55,1,1,44,524288,2160,524288,33,1
random_linear,"RLC_n32_k24",0.75,32,24,0.01,45,1,30,1,1,1,1,1,0.00082652400000000003,0.083471713000000003,0.00053926199999999999,0.00053926199999999999,SYNDROME_TRELLIS,0.0099018454311582179,1.5326946827330685,2048,935,1113,935,4,935,32,4164,2,2,3200,524288,2872,524288,36,4
random_linear,"RLC_n32_k24",0.75,32,24,0.01,46,0,3,1,1,1,1,1,9.7805000000000003e-05,0.0036012090000000002,0.00044671100000000003,0.00044671100000000003,SYNDROME_TRELLIS,0.02715893467999219,0.21894468683332177,62,32,30,32,1,32,32,112,1,1,90,524288,1770,524288,33,1
random_linear,"RLC_n32_k24",0.75,32,24,0.01,47,0,27,1,1,1,1,1,7.0097000000000003e-05,0.001340085,0.00037447899999999999,0.00037447899999999999,SYNDROME_TRELLIS,0.052307875992940747,0.18718539624384814,61,31,30,31,2,31,32,65,1,1,47,524288,1968,524288,34,2
random_linear,"RLC_n32_k24",0.75,32,24,0.01,48,0,22,1,1,1,1,1,4.1118000000000002e-05,0.0071310460000000003,0.00043731999999999999,0.00043731999999999999,SYNDROME_TRELLIS,0.005766054517107308,0.094022683618403005,64,33,31,33,1,33,32,317,1,1,265,524288,2336,524288,33,1
random_linear,"RLC_n32_k24",0.75,32,24,0.01,49,0,8,1,1,1,1,1,4.0331999999999999e-05,0.0030579169999999998,0.00032337799999999998,0.00032337799999999998,SYNDROME_TRELLIS,0.013189370411296317,0.12472091484269184,63,32,31,32,1,32,32,150,1,1,125,524288,2157,524288,33,1
random_linear,"RLC_n32_k24",0.75,32,24,0.01,50,0,11,1,1,1,1,1,3.8989999999999998e-05,0.0010860819999999999,0.00031642200000000001,0.00031642200000000001,SYNDROME_TRELLIS,0.035899683449315982,0.1232215206275164,61,31,30,31,1,31,32,65,1,1,49,524288,2155,524288,33,1
random_linear,"RLC_n32_k24",0.75,32,24,0.01,51,0,20,1,1,1,1,1,3.8260999999999998e-05,0.0011613120000000001,0.00030911799999999999,0.00030911799999999999,SYNDROME_TRELLIS,0.032946357223554046,0.12377473974339896,59,30,29,30,1,30,32,61,1,1,47,524288,1912,524288,33,1
random_linear,"RLC_n32_k24",0.75,32,24,0.01,52,0,18,1,1,1,1,1,4.1038000000000002e-05,0.0031763360000000001,0.00031769200000000001,0.00031769200000000001,SYNDROME_TRELLIS,0.012919917792072376,0.12917542777281141,64,33,31,33,1,33,32,178,1,1,145,524288,2098,524288,33,1
random_linear,"RLC_n32_k24",0.75,32,24,0.01,53,0,29,1,1,1,1,1,4.0329e-05,0.0013166460000000001,0.00030689900000000002,0.00030689900000000002,SYNDROME_TRELLIS,0.030630101029433879,0.13140805281216295,62,32,30,32,1,32,32,73,1,1,58,524288,2047,524288,33,1
random_linear,"RLC_n32_k24",0.75,32,24,0.01,54,0,23,1,1,1,1,1,4.1545999999999998e-05,0.0022464500000000001,0.00033667000000000001,0.00033667000000000001,SYNDROME_TRELLIS,0.018494068419061184,0.12340273858674665,63,32,31,32,1,32,32,118,1,1,96,524288,2156,524288,33,1
random_linear,"RLC_n32_k24",0.75,32,24,0.01,55,1,9,1,1,1,1,1,3.9035999999999997e-05,0.001184243,0.00031410200000000002,0.00031410200000000002,SYNDROME_TRELLIS,0.03296282941929992,0.12427810074434417,62,31,31,31,1,31,32,71,1,1,52,524288,1826,524288,33,1
random_linear,"RLC_n32_k24",0.75,32,24,0.01,56,0,9,1,1,1,1,1,3.8883e-05,0.0012377810000000001,0.00029585499999999998,0.00029585499999999998,SYNDROME_TRELLIS,0.031413472981084697,0.13142586740126078,61,32,29,32,1,32,32,70,1,1,54,524288,1795,524288,33,1
random_linear,"RLC_n32_k24",0.75,32,24,0.01,57,0,31,1,1,1,1,1,4.6112999999999997e-05,0.0064395829999999996,0.000351694,0.000351694,SYNDROME_TRELLIS,0.0071608674039918422,0.13111682314739517,64,33,31,33,1,33,32,316,1,1,275,524288,1923,524288,33,1
random_linear,"RLC_n32_k24",0.75,32,24,0.01,58,0,26,1,1,1,1,1,3.6134000000000003e-05,0.00054297700000000004,0.00034042600000000001,0.00034042600000000001,SYNDROME_TRELLIS,0.066547938494632364,0.1061434790527163,55,25,30,25,1,25,32,34,1,1,25,524288,1712,524288,33,1
random_linear,"RLC_n32_k24",0.75,32,24,0.01,59,1,23,1,1,1,1,1,0.00069134999999999997,0.089465861999999993,0.00039654499999999999,0.00039654499999999999,SYNDROME_TRELLIS,0.0077275285180843619,1.7434339104010894,2048,968,1080,968,2,968,32,4152,1,1,3244,524288,2853,524288,34,2
random_linear,"RLC_n32_k24",0.75,32,24,0.01,60,0,20,1,1,1,1,1,3.9570999999999998e-05,0.00058469299999999995,0.00033119300000000003,0.00033119300000000003,SYNDROME_TRELLIS,0.067678251663693595,0.1194801822502287,58,30,28,30,1,30,32,37,1,1,26,524288,2227,524288,33,1
random_linear,"RLC_n32_k24",0.75,32,24,0.01,61,0,5,1,1,1,1,1,4.2001e-05,0.0056334749999999998,0.00033871500000000001,0.00033871500000000001,SYNDROME_TRELLIS,0.0074556113233838796,0.1240010037937499,64,33,31,33,1,33,32,272,1,1,228,524288,2295,524288,33,1
random_linear,"RLC_n32_k24",0.75,32,24,0.01,62,1,11,1,1,1,1,1,0.00074485100000000004,0.018501479000000001,0.00046621100000000001,0.00046621100000000001,SYNDROME_TRELLIS,0.040258997672564446,1.5976692956622645,2044,971,1073,971,8,971,32,892,1,1,725,524288,2985,524288,50,7
random_linear,"RLC_n32_k24",0.75,32,24,0.01,63,0,16,1,1,1,1,1,4.6606000000000001e-05,0.0054335670000000003,0.000331632,0.000331632,SYNDROME_TRELLIS,0.0085774225292519629,0.14053529213103683,64,33,31,33,1,33,32,267,1,1,224,524288,2169,524288,33,1
random_linear,"RLC_n32_k24",0.75,32,24,0.01,64,0,3,1,1,1,1,1,4.3108999999999997e-05,0.0067551160000000002,0.00033088200000000001,0.00033088200000000001,SYNDROME_TRELLIS,0.0063816816765248727,0.13028511674856896,64,33,31,33,1,33,32,316,1,1,255,524288,2173,524288,33,1
random_linear,"RLC_n32_k24",0.75,32,24,0.01,65,0,5,1,1,1,1,1,5.2336000000000002e-05,0.001211859,0.00033005399999999998,0.00033005399999999998,SYNDROME_TRELLIS,0.04318654232876927,0.15856799190435505,61,31,30,31,2,31,32,68,1,1,53,524288,2060,524288,34,1
random_linear,"RLC_n32_k24",0.75,32,24,0.01,66,0,5,1,1,1,1,1,4.9035000000000001e-05,0.00077353700000000003,0.00032886800000000001,0.00032886800000000001,SYNDROME_TRELLIS,0.06339063289797385,0.1491023754211416,59,30,29,30,2,30,32,48,1,1,35,524288,1909,524288,35,2
random_linear,"RLC_n32_k24",0.75,32,24,0.01,67,0,24,1,1,1,1,1,4.1378999999999998e-05,0.0050786709999999999,0.00033534299999999999,0.00033534299999999999,SYNDROME_TRELLIS,0.008147603969621187,0.12339306322183555,64,33,31,33,1,33,32,245,1,1,206,524288,2147,524288,33,1
random_linear,"RLC_n32_k24",0.75,32,24,0.01,68,0,8,1,1,1,1,1,4.0674999999999999e-05,0.0019985100000000002,0.00033482100000000001,0.00033482100000000001,SYNDROME_TRELLIS,0.020352662733736631,0.12148282216467902,62,31,31,31,1,31,32,103,1,1,87,524288,2206,524288,33,1
random_linear,"RLC_n32_k24",0.75,32,24,0.01,69,0,31,1,1,1,1,1,4.2774000000000001e-05,0.0064144320000000003,0.000331412,0.000331412,SYNDROME_TRELLIS,0.0066684002574195185,0.12906593605542346,64,33,31,33,1,33,32,337,1,1,287,524288,1945,524288,33,1
random_linear,"RLC_n32_k24",0.75,32,24,0.01,70,1,23,1,1,1,1,1,0.00071261299999999996,0.022111912000000001,0.00044425699999999999,0.00044425699999999999,SYNDROME_TRELLIS,0.032227561325316414,1.6040557605169981,2044,961,1083,961,5,961,32,1060,1,1,857,524288,3124,524288,40,4
random_linear,"RLC_n32_k24",0.75,32,24,0.01,71,0,28,1,1,1,1,1,4.1711000000000001e-05,0.0042429410000000001,0.00045754999999999998,0.00045754999999999998,SYNDROME_TRELLIS,0.0098306811242484873,0.091161621680690641,64,33,31,33,1,33,32,212,1,1,175,524288,3593,524288,33,1
random_linear,"RLC_n32_k24",0.75,32,24,0.01,72,0,25,1,1,1,1,1,3.9949e-05,0.001648404,0.00040104700000000002,0.00040104700000000002,SYNDROME_TRELLIS,0.024234956964433476,0.099611766201966351,61,32,29,32,1,32,32,85,1,1,71,524288,2924,524288,33,1
random_linear,"RLC_n32_k24",0.75,32,24,0.01,73,0,29,1,1,1,1,1,4.0828999999999998e-05,0.0025806819999999999,0.00027652800000000001,0.00027652800000000001,SYNDROME_TRELLIS,0.015821011655058625,0.1476487010356998,63,32,31,32,1,32,32,138,1,1,114,524288,1735,524288,33,1
random_linear,"RLC_n32_k24",0.75,32,24,0.01,74,1,4,1,1,1,1,1,0.00062464499999999995,0.024323879999999999,0.00038667900000000002,0.00038667900000000002,SYNDROME_TRELLIS,0.025680319093828778,1.6154096808981091,2045,981,1064,981,3,981,32,1165,1,1,954,524288,2858,524288,36,1
random_linear,"RLC_n32_k24",0.75,32,24,0.01,75,0,11,1,1,1,1,1,4.0983999999999999e-05,0.0056162929999999996,0.000439982,0.000439982,SYNDROME_TRELLIS,0.0072973400782330982,0.093149265197212616,64,33,31,33,1,33,32,292,1,1,246,524288,3539,524288,33,1
random_linear,"RLC_n32_k24",0.75,32,24,0.01,76,0,22,1,1,1,1,1,5.2068999999999999e-05,0.001138897,0.00031925500000000001,0.00031925500000000001,SYNDROME_TRELLIS,0.045718796344182133,0.16309533131822523,60,31,29,31,2,31,32,62,1,1,51,524288,2019,524288,36,1
random_linear,"RLC_n32_k24",0.75,32,24,0.01,77,0,10,1,1,1,1,1,3.8637000000000003e-05,0.00093495099999999995,0.00043580099999999998,0.00043580099999999998,SYNDROME_TRELLIS,0.041325160355997273,0.088657437683713453,61,31,30,31,1,31,32,57,1,1,43,524288,3367,524288,33,1
random_linear,"RLC_n32_k24",0.75,32,24,0.01,78,0,8,1,1,1,1,1,3.9787999999999999e-05,0.0015509020000000001,0.00030975600000000001,0.00030975600000000001,SYNDROME_TRELLIS,0.025654748011157375,0.12844948927542968,61,32,29,32,1,32,32,82,1,1,66,524288,1845,524288,33,1
random_linear,"RLC_n32_k24",0.75,32,24,0.01,79,1,14,1,1,1,1,1,0.00069631100000000002,0.021076037999999998,0.00038954400000000002,0.00038954400000000002,SYNDROME_TRELLIS,0.033038040641224883,1.7875028238145112,2045,971,1074,971,3,971,32,1022,1,1,838,524288,2491,524288,40,3
random_linear,"RLC_n32_k28",0.875,32,28,0.002,0,0,9,1,1,1,1,1,8.0057999999999998e-05,0.00089712199999999998,0.00017588,0.00017588,SYNDROME_TRELLIS,0.089238698861470345,0.45518535365021606,60,31,29,31,5,31,32,48,1,1,43,32768,2005,32768,40,3
random_linear,"RLC_n32_k28",0.875,32,28,0.002,1,0,30,1,1,1,1,1,4.9700999999999997e-05,0.0042397829999999996,0.000144177,0.000144177,SYNDROME_TRELLIS,0.011722533912702608,0.34472211240350403,63,32,31,32,2,32,32,213,1,1,182,32768,1845,32768,34,2
random_linear,"RLC_n32_k28",0.875,32,28,0.002,2,0,1,1,1,1,1,1,4.2219999999999999e-05,0.0091776110000000004,0.00017829,0.00017829,SYNDROME_TRELLIS,0.0046003257274687273,0.23680520500308486,64,33,31,33,1,33,32,446,1,1,377,32768,2099,32768,33,1
random_linear,"RLC_n32_k28",0.875,32,28,0.002,3,0,22,1,1,1,1,1,5.9069e-05,0.0025364929999999999,0.00017547600000000001,0.00017547600000000001,SYNDROME_TRELLIS,0.023287665292196745,0.33662153228931591,63,33,30,33,3,33,32,127,1,1,113,32768,2014,32768,36,3
random_linear,"RLC_n32_k28",0.875,32,28,0.002,4,0,12,1,1,1,1,1,7.6964000000000004e-05,0.00075794800000000004,0.00017137200000000001,0.00017137200000000001,SYNDROME_TRELLIS,0.10154258603492587,0.44910487127418713,60,31,29,31,5,31,32,46,1,1,40,32768,1997,32768,42,4
random_linear,"RLC_n32_k28",0.875,32,28,0.002,5,0,10,1,1,1,1,1,5.2234999999999997e-05,0.002218907,0.00012679600000000001,0.00012679600000000001,SYNDROME_TRELLIS,0.023540869446083138,0.41196094514022519,62,31,31,31,2,31,32,115,1,1,100,32768,1736,32768,34,1
random_linear,"RLC_n32_k28",0.875,32,28,0.002,6,0,5,1,1,1,1,1,9.4776000000000002e-05,0.00082560700000000001,0.000145165,0.000145165,SYNDROME_TRELLIS,0.11479553831302303,0.6528846485034272,58,30,28,30,6,30,32,49,1,1,44,32768,1981,32768,39,2
random_linear,"RLC_n32_k28",0.875,32,28,0.002,7,0,12,1,1,1,1,1,7.5624000000000006e-05,0.0025079640000000001,0.00018070599999999999,0.00018070599999999999,SYNDROME_TRELLIS,0.030153542873821156,0.4184919150443262,62,32,30,32,4,32,32,138,1,1,121,32768,1929,32768,39,4
random_linear,"RLC_n32_k28",0.875,32,28,0.002,8,0,29,1,1,1,1,1,4.9914999999999999e-05,0.003993407,0.00012412600000000001,0.00012412600000000001,SYNDROME_TRELLIS,0.012499352057027995,0.40213170488052458,63,33,30,33,2,33,32,212,1,1,188,32768,1622,32768,35,2
random_linear,"RLC_n32_k28",0.875,32,28,0.002,9,1,20,1,1,1,1,1,3.5423000000000003e-05,0.001725559,0.00014259900000000001,0.00014259900000000001,SYNDROME_TRELLIS,0.02052842006561352,0.24840987664710132,62,32,30,32,1,32,32,98,1,1,86,32768,2027,32768,33,1
random_linear,"RLC_n32_k28",0.875,32,28,0.002,10,0,18,1,1,1,1,1,3.8646999999999998e-05,0.0039361049999999996,0.000100616,0.000100616,SYNDROME_TRELLIS,0.0098185896971752541,0.38410391985370118,63,33,30,33,1,33,32,206,1,1,185,32768,1570,32768,33,1
random_linear,"RLC_n32_k28",0.875,32,28,0.002,11,0,4,1,1,1,1,1,5.7185000000000002e-05,0.00099156799999999996,0.00011385,0.00011385,SYNDROME_TRELLIS,0.05767128426895584,0.50228370663153277,60,31,29,31,3,31,32,56,1,1,50,32768,1674,32768,35,1
random_linear,"RLC_n32_k28",0.875,32,28,0.002,12,0,28,1,1,1,1,1,5.9555000000000002e-05,0.0019242179999999999,0.00014924299999999999,0.00014924299999999999,SYNDROME_TRELLIS,0.030950235368341843,0.39904719149306839,62,32,30,32,3,32,32,104,1,1,88,32768,1830,32768,36,3
random_linear,"RLC_n32_k28",0.875,32,28,0.002,13,0,21,1,1,1,1,1,5.1801000000000001e-05,0.0019744229999999999,0.000155642,0.000155642,SYNDROME_TRELLIS,0.026236019333243182,0.33282147492322123,63,32,31,32,3,32,32,126,1,1,109,32768,1919,32768,36,3
random_linear,"RLC_n32_k28",0.875,32,28,0.002,14,0,24,1,1,1,1,1,7.6297000000000005e-05,0.0024874150000000002,0.00017355100000000001,0.00017355100000000001,SYNDROME_TRELLIS,0.030673208933772612,0.43962293504503003,62,32,30,32,5,32,32,133,1,1,120,32768,1907,32768,40,5
random_linear,"RLC_n32_k28",0.875,32,28,0.002,15,0,8,1,1,1,1,1,7.7535999999999998e-05,0.00093713499999999996,0.00019956800000000001,0.00019956800000000001,SYNDROME_TRELLIS,0.082737279047309084,0.38851920147518637,60,30,30,30,5,30,32,54,1,1,48,32768,2247,32768,40,5
random_linear,"RLC_n32_k28",0.875,32,28,0.002,16,0,19,1,1,1,1,1,8.2776999999999997e-05,0.001262474,0.00014512800000000001,0.00014512800000000001,SYNDROME_TRELLIS,0.065567290890743091,0.57037236095033339,61,31,30,31,5,31,32,75,1,1,67,32768,1979,32768,38,3
random_linear,"RLC_n32_k28",0.875,32,28,0.002,17,0,10,1,1,1,1,1,8.0605000000000005e-05,0.0015653659999999999,0.00019117900000000001,0.00019117900000000001,SYNDROME_TRELLIS,0.05149274993835308,0.42162057548161669,62,31,31,31,5,31,32,84,1,1,74,32768,2353,32768,41,4
random_linear,"RLC_n32_k28",0.875,32,28,0.002,18,0,1,1,1,1,1,1,4.7239e-05,0.0017637460000000001,0.000145778,0.000145778,SYNDROME_TRELLIS,0.026783335015359355,0.32404752431779832,62,31,31,31,2,31,32,98,1,1,80,32768,2013,32768,34,2
random_linear,"RLC_n32_k28",0.875,32,28,0.002,19,0,15,1,1,1,1,1,4.7244999999999999e-05,0.0036991369999999999,0.00023944400000000001,0.00023944400000000001,SYNDROME_TRELLIS,0.012771897877802309,0.19731127111140809,63,32,31,32,2,32,32,185,1,1,159,32768,2855,32768,35,2
random_linear,"RLC_n32_k28",0.875,32,28,0.002,20,0,13,1,1,1,1,1,7.4851999999999994e-05,0.00095315999999999999,0.00013498000000000001,0.00013498000000000001,SYNDROME_TRELLIS,0.078530362163750048,0.554541413542747,60,30,30,30,4,30,32,52,1,1,45,32768,1734,32768,38,2
random_linear,"RLC_n32_k28",0.875,32,28,0.002,21,0,17,1,1,1,1,1,3.9792000000000001e-05,0.0040210189999999998,0.00025993199999999999,0.00025993199999999999,SYNDROME_TRELLIS,0.0098959989992586459,0.15308619177323302,63,32,31,32,1,32,32,206,1,1,181,32768,3232,32768,33,1
random_linear,"RLC_n32_k28",0.875,32,28,0.002,22,0,10,1,1,1,1,1,4.1245000000000002e-05,0.0094147139999999994,0.00010510600000000001,0.00010510600000000001,SYNDROME_TRELLIS,0.0043809084375797296,0.39241337316613706,64,33,31,33,1,33,32,440,1,1,394,32768,1572,32768,33,1
random_linear,"RLC_n32_k28",0.875,32,28,0.002,23,0,13,1,1,1,1,1,8.3245999999999995e-05,0.0014008650000000001,0.000153258,0.000153258,SYNDROME_TRELLIS,0.059424712588293654,0.54317556016651658,61,32,29,32,6,32,32,86,1,1,75,32768,1800,32768,40,4
random_linear,"RLC_n32_k28",0.875,32,28,0.002,24,1,5,1,1,1,1,1,5.9383999999999999e-05,0.0074250330000000002,0.00014075900000000001,0.00014075900000000001,SYNDROME_TRELLIS,0.0079978095720247971,0.42188421344283489,64,33,31,33,3,33,32,390,1,1,332,32768,1710,32768,35,3
random_linear,"RLC_n32_k28",0.875,32,28,0.002,25,0,28,1,1,1,1,1,4.8430999999999998e-05,0.0036115409999999998,0.000125079,0.000125079,SYNDROME_TRELLIS,0.013410065121785964,0.38720328752228589,63,33,30,33,2,33,32,190,1,1,168,32768,1639,32768,34,1
random_linear,"RLC_n32_k28",0.875,32,28,0.002,26,0,18,1,1,1,1,1,5.3060999999999999e-05,0.0025053100000000002,0.00013142500000000001,0.00013142500000000001,SYNDROME_TRELLIS,0.021179414922704174,0.40373597108617076,63,32,31,32,2,32,32,147,1,1,131,32768,1737,32768,34,1
random_linear,"RLC_n32_k28",0.875,32,28,0.002,27,0,30,1,1,1,1,1,4.7216000000000003e-05,0.0010172130000000001,0.00012611,0.00012611,SYNDROME_TRELLIS,0.046417023769849575,0.37440329870747763,60,29,31,29,2,29,32,61,1,1,54,32768,1956,32768,35,2
random_linear,"RLC_n32_k28",0.875,32,28,0.002,28,0,24,1,1,1,1,1,4.6214999999999997e-05,0.00055492400000000004,0.00016760599999999999,0.00016760599999999999,SYNDROME_TRELLIS,0.08328167460769402,0.27573595217354985,59,28,31,28,2,28,32,34,1,1,29,32768,2166,32768,35,2
random_linear,"RLC_n32_k28",0.875,32,28,0.002,29,0,31,1,1,1,1,1,5.7195999999999999e-05,0.0026954510000000002,0.00018662,0.00018662,SYNDROME_TRELLIS,0.021219454555100426,0.30648376379809239,62,32,30,32,3,32,32,144,1,1,123,32768,2252,32768,40,3
random_linear,"RLC_n32_k28",0.875,32,28,0.002,30,0,18,1,1,1,1,1,5.5467999999999998e-05,0.004417369,0.000135895,0.000135895,SYNDROME_TRELLIS,0.012556795685395536,0.40816807093712054,64,33,31,33,3,33,32,247,1,1,212,32768,1880,32768,35,3
random_linear,"RLC_n32_k28",0.875,32,28,0.002,31,0,17,1,1,1,1,1,9.2794999999999995e-05,0.0036579099999999999,0.00019466700000000001,0.00019466700000000001,SYNDROME_TRELLIS,0.025368311412801298,0.4766858275927609,63,33,30,33,6,33,32,195,1,1,172,32768,2030,32768,39,5
random_linear,"RLC_n32_k28",0.875,32,28,0.002,32,0,27,1,1,1,1,1,6.0569000000000002e-05,0.0055234619999999998,0.00015516999999999999,0.00015516999999999999,SYNDROME_TRELLIS,0.010965767484233621,0.39033962750531676,64,33,31,33,3,33,32,305,1,1,266,32768,1831,32768,35,3
random_linear,"RLC_n32_k28",0.875,32,28,0.002,33,0,28,1,1,1,1,1,5.7447000000000001e-05,0.0015480769999999999,0.00014378000000000001,0.00014378000000000001,SYNDROME_TRELLIS,0.037108619274105879,0.39954792043399634,62,31,31,31,3,31,32,85,1,1,74,32768,1866,32768,36,2
random_linear,"RLC_n32_k28",0.875,32,28,0.002,34,0,20,1,1,1,1,1,5.6134999999999997e-05,0.004855056,0.000191356,0.000191356,SYNDROME_TRELLIS,0.011562173536206378,0.29335374903321554,64,33,31,33,3,33,32,272,2,2,231,32768,2521,32768,35,3
random_linear,"RLC_n32_k28",0.875,32,28,0.002,35,0,8,1,1,1,1,1,7.7181999999999994e-05,0.00087636699999999997,0.000185138,0.000185138,SYNDROME_TRELLIS,0.088070408858389237,0.4168890233231427,60,32,28,32,5,32,32,53,1,1,45,32768,2055,32768,42,5
random_linear,"RLC_n32_k28",0.875,32,28,0.002,36,0,17,1,1,1,1,1,5.0657e-05,0.0011830359999999999,0.000199624,0.000199624,SYNDROME_TRELLIS,0.042819491545481286,0.25376207269666973,60,30,30,30,2,30,32,64,1,1,56,32768,2851,32768,36,1
random_linear,"RLC_n32_k28",0.875,32,28,0.002,37,0,17,1,1,1,1,1,4.7596999999999998e-05,0.000686745,0.00016922700000000001,0.00016922700000000001,SYNDROME_TRELLIS,0.069308112909449646,0.28126126445543559,59,32,27,32,2,32,32,40,1,1,35,32768,1990,32768,35,2
random_linear,"RLC_n32_k28",0.875,32,28,0.002,38,0,27,1,1,1,1,1,9.8968000000000005e-05,0.0023337380000000001,0.00025669700000000001,0.00025669700000000001,SYNDROME_TRELLIS,0.042407502470285866,0.38554404609325393,62,31,31,31,7,31,32,129,1,1,113,32768,2674,32768,43,7
random_linear,"RLC_n32_k28",0.875,32,28,0.002,39,1,29,1,1,1,1,1,5.0098e-05,0.0055571209999999999,0.000145706,0.000145706,SYNDROME_TRELLIS,0.0090150997251994339,0.34382935500253936,64,33,31,33,2,33,32,277,1,1,247,32768,1880,32768,34,2
random_linear,"RLC_n32_k28",0.875,32,28,0.002,40,0,8,1,1,1,1,1,9.6688999999999995e-05,0.00078044200000000001,0.00019001000000000001,0.00019001000000000001,SYNDROME_TRELLIS,0.12389005204742953,0.50886269143729268,57,30,27,30,6,30,32,44,1,1,39,32768,1902,32768,40,5
random_linear,"RLC_n32_k28",0.875,32,28,0.002,41,0,25,1,1,1,1,1,3.4354999999999999e-05,0.0010175340000000001,0.00020050499999999999,0.00020050499999999999,SYNDROME_TRELLIS,0.033762999565616479,0.17134236053963742,60,32,28,32,1,32,32,58,1,1,52,32768,2766,32768,33,1
random_linear,"RLC_n32_k28",0.875,32,28,0.002,42,0,5,1,1,1,1,1,5.6897000000000001e-05,0.001059819,0.00013021899999999999,0.00013021899999999999,SYNDROME_TRELLIS,0.053685582160727441,0.43693316643500568,59,32,27,32,3,32,32,56,1,1,51,32768,1723,32768,35,1
random_linear,"RLC_n32_k28",0.875,32,28,0.002,43,0,2,1,1,1,1,1,5.9175000000000002e-05,0.0010154999999999999,0.00012300599999999999,0.00012300599999999999,SYNDROME_TRELLIS,0.058271787296898088,0.4810740939466368,61,30,31,30,3,30,32,58,1,1,49,32768,1799,32768,38,2
random_linear,"RLC_n32_k28",0.875,32,28,0.002,44,1,13,1,1,1,1,1,9.8993999999999994e-05,0.00087577399999999995,0.00020350500000000001,0.00020350500000000001,SYNDROME_TRELLIS,0.11303601157376218,0.4864450504901599,60,31,29,31,7,31,32,51,1,1,46,32768,2211,32768,46,6
random_linear,"RLC_n32_k28",0.875,32,28,0.002,45,0,17,1,1,1,1,1,5.3974999999999997e-05,0.00078677700000000001,0.00015844899999999999,0.00015844899999999999,SYNDROME_TRELLIS,0.068602666320952438,0.34064588605797452,60,32,28,32,2,32,32,43,1,1,37,32768,2015,32768,34,1
random_linear,"RLC_n32_k28",0.875,32,28,0.002,46,0,15,1,1,1,1,1,3.7086999999999999e-05,0.0057774000000000002,0.00011602700000000001,0.00011602700000000001,SYNDROME_TRELLIS,0.0064193235711565754,0.31964111801563427,64,33,31,33,1,33,32,373,1,1,341,32768,1736,32768,33,1
random_linear,"RLC_n32_k28",0.875,32,28,0.002,47,0,6,1,1,1,1,1,3.9993000000000001e-05,0.0065919990000000003,0.000114638,0.000114638,SYNDROME_TRELLIS,0.006066900192187529,0.34886337863535655,64,33,31,33,1,33,32,340,1,1,278,32768,1712,32768,33,1
random_linear,"RLC_n32_k28",0.875,32,28,0.002,48,0,14,1,1,1,1,1,0.000103152,0.00078330000000000001,0.00020128799999999999,0.00020128799999999999,SYNDROME_TRELLIS,0.13168900804289543,0.51245975915106723,59,32,27,32,8,32,32,50,1,1,44,32768,2056,32768,46,6
random_linear,"RLC_n32_k28",0.875,32,28,0.002,49,0,16,1,1,1,1,1,3.5119e-05,0.0034074999999999999,0.00013130300000000001,0.00013130300000000001,SYNDROME_TRELLIS,0.010306382978723404,0.2674653282864824,63,32,31,32,1,32,32,182,1,1,156,32768,2027,32768,33,1
random_linear,"RLC_n32_k28",0.875,32,28,0.002,50,0,0,1,1,1,1,1,7.4816999999999999e-05,0.002125783,0.000159264,0.000159264,SYNDROME_TRELLIS,0.035195031665979079,0.46976717902350812,63,33,30,33,5,33,32,128,1,1,111,32768,1982,32768,37,4
random_linear,"RLC_n32_k28",0.875,32,28,0.002,51,0,22,1,1,1,1,1,3.5884999999999999e-05,0.002073086,0.000109215,0.000109215,SYNDROME_TRELLIS,0.017309942761660636,0.32857208258938791,62,31,31,31,1,31,32,115,1,1,104,32768,1765,32768,33,1
random_linear,"RLC_n32_k28",0.875,32,28,0.002,52,0,13,1,1,1,1,1,8.5098000000000004e-05,0.001143069,0.000158071,0.000158071,SYNDROME_TRELLIS,0.074446949396755571,0.5383530185802583,60,32,28,32,6,32,32,66,1,1,59,32768,1962,32768,42,4
random_linear,"RLC_n32_k28",0.875,32,28,0.002,53,0,23,1,1,1,1,1,4.7104000000000002e-05,0.0017451369999999999,0.00011393,0.00011393,SYNDROME_TRELLIS,0.02699157716557497,0.41344685333099274,61,32,29,32,2,32,32,96,1,1,83,32768,1797,32768,34,1
random_linear,"RLC_n32_k28",0.875,32,28,0.002,54,0,16,1,1,1,1,1,5.8012e-05,0.001055004,0.00025420299999999999,0.00025420299999999999,SYNDROME_TRELLIS,0.054987469241822781,0.22821131143220183,61,33,28,33,3,33,32,59,1,1,51,32768,3351,32768,37,3
random_linear,"RLC_n32_k28",0.875,32,28,0.002,55,0,31,1,1,1,1,1,7.3009000000000005e-05,0.0042047839999999996,0.00018643199999999999,0.00018643199999999999,SYNDROME_TRELLIS,0.0173633175925327,0.39161195502917956,63,32,31,32,4,32,32,226,1,1,198,32768,1767,32768,36,4
random_linear,"RLC_n32_k28",0.875,32,28,0.002,56,0,13,1,1,1,1,1,0.000106953,0.00083183900000000002,0.00021131000000000001,0.00021131000000000001,SYNDROME_TRELLIS,0.1285741591822456,0.50614263404476834,58,31,27,31,8,31,32,47,1,1,42,32768,2033,32768,44,7
random_linear,"RLC_n32_k28",0.875,32,28,0.002,57,0,5,1,1,1,1,1,6.9128000000000006e-05,0.0026013519999999999,0.00017679600000000001,0.00017679600000000001,SYNDROME_TRELLIS,0.026573873893267812,0.39100432136473678,63,32,31,32,4,32,32,144,1,1,128,32768,1947,32768,38,4
random_linear,"RLC_n32_k28",0.875,32,28,0.002,58,0,11,1,1,1,1,1,7.6161000000000005e-05,0.00090049200000000002,0.000240325,0.000240325,SYNDROME_TRELLIS,0.084577097853173605,0.31690835327161138,61,31,30,31,5,31,32,54,1,1,46,32768,2214,32768,43,6
random_linear,"RLC_n32_k28",0.875,32,28,0.002,59,0,26,1,1,1,1,1,3.4175999999999999e-05,0.00054116500000000003,0.000142349,0.000142349,SYNDROME_TRELLIS,0.06315264290927905,0.2400859858516744,57,28,29,28,1,28,32,34,1,1,29,32768,2038,32768,33,1
random_linear,"RLC_n32_k28",0.875,32,28,0.002,60,0,27,1,1,1,1,1,5.7707999999999997e-05,0.0024608880000000001,0.000137136,0.000137136,SYNDROME_TRELLIS,0.023450071681441819,0.42080854042702132,63,33,30,33,3,33,32,146,1,1,123,32768,1814,32768,36,3
random_linear,"RLC_n32_k28",0.875,32,28,0.002,61,0,1,1,1,1,1,1,3.7055999999999999e-05,0.0056883400000000001,0.00025403099999999999,0.00025403099999999999,SYNDROME_TRELLIS,0.006514378535741534,0.14587196050875681,63,33,30,33,1,33,32,273,1,1,242,32768,3425,32768,33,1
random_linear,"RLC_n32_k28",0.875,32,28,0.002,62,0,12,1,1,1,1,1,6.8804000000000001e-05,0.00076417900000000003,0.000162459,0.000162459,SYNDROME_TRELLIS,0.090036496684677281,0.42351608713583122,59,32,27,32,4,32,32,45,1,1,40,32768,1747,32768,37,4
random_linear,"RLC_n32_k28",0.875,32,28,0.002,63,0,10,1,1,1,1,1,4.7278999999999999e-05,0.0058036390000000002,0.00014780699999999999,0.00014780699999999999,SYNDROME_TRELLIS,0.0081464405349815864,0.31986983025161192,64,33,31,33,2,33,32,312,1,1,267,32768,1929,32768,34,2
random_linear,"RLC_n32_k28",0.875,32,28,0.002,64,0,29,1,1,1,1,1,7.4504000000000004e-05,0.00079053700000000001,0.00017103999999999999,0.00017103999999999999,SYNDROME_TRELLIS,0.094244798156190038,0.43559401309635176,59,31,28,31,5,31,32,49,1,1,41,32768,2078,32768,42,4
random_linear,"RLC_n32_k28",0.875,32,28,0.002,65,0,25,1,1,1,1,1,3.9195e-05,0.0072674740000000003,0.00010922,0.00010922,SYNDROME_TRELLIS,0.0053932081490762809,0.35886284563266801,64,33,31,33,1,33,32,397,1,1,340,32768,1671,32768,33,1
random_linear,"RLC_n32_k28",0.875,32,28,0.002,66,0,14,1,1,1,1,1,7.7200999999999995e-05,0.00080270099999999996,0.00015478900000000001,0.00015478900000000001,SYNDROME_TRELLIS,0.096176533977159612,0.49874991116939826,59,31,28,31,5,31,32,49,1,1,42,32768,2074,32768,34,1
random_linear,"RLC_n32_k28",0.875,32,28,0.002,67,0,22,1,1,1,1,1,6.5623000000000005e-05,0.0033216840000000001,0.00021450399999999999,0.00021450399999999999,SYNDROME_TRELLIS,0.019755943069840479,0.30592902696453217,63,33,30,33,3,33,32,181,1,1,157,32768,2379,32768,35,3
random_linear,"RLC_n32_k28",0.875,32,28,0.002,68,0,17,1,1,1,1,1,3.6038000000000003e-05,0.0010381360000000001,0.00011678,0.00011678,SYNDROME_TRELLIS,0.034714141499764962,0.30859736256208259,60,30,30,30,1,30,32,54,1,1,48,32768,1601,32768,33,1
random_linear,"RLC_n32_k28",0.875,32,28,0.002,69,0,4,1,1,1,1,1,7.2954999999999995e-05,0.001535469,0.000137121,0.000137121,SYNDROME_TRELLIS,0.047513170243098361,0.53204833687035535,61,32,29,32,4,32,32,86,1,1,71,32768,1852,32768,37,2
random_linear,"RLC_n32_k28",0.875,32,28,0.002,70,0,8,1,1,1,1,1,8.5309000000000006e-05,0.00076148700000000004,0.00018112900000000001,0.00018112900000000001,SYNDROME_TRELLIS,0.11202948966955444,0.47098476776220266,57,30,27,30,6,30,32,46,1,1,41,32768,2282,32768,39,3
random_linear,"RLC_n32_k28",0.875,32,28,0.002,71,0,0,1,1,1,1,1,5.6708e-05,0.0027652710000000001,0.00016113,0.00016113,SYNDROME_TRELLIS,0.020507212493820676,0.3519394277912245,63,33,30,33,3,33,32,160,1,1,140,32768,1886,32768,36,3
random_linear,"RLC_n32_k28",0.875,32,28,0.002,72,0,20,1,1,1,1,1,5.9123000000000003e-05,0.0013846749999999999,0.000118984,0.000118984,SYNDROME_TRELLIS,0.042698106053767136,0.49689874268809253,62,33,29,33,2,33,32,74,1,1,62,32768,1716,32768,34,1
random_linear,"RLC_n32_k28",0.875,32,28,0.002,73,0,21,1,1,1,1,1,4.6777999999999998e-05,0.003550063,0.00026279899999999998,0.00026279899999999998,SYNDROME_TRELLIS,0.01317666756899807,0.17799915524792714,63,32,31,32,2,32,32,181,1,1,158,32768,3198,32768,35,2
random_linear,"RLC_n32_k28",0.875,32,28,0.002,74,0,23,1,1,1,1,1,5.3202999999999999e-05,0.003235403,0.00025068900000000001,0.00025068900000000001,SYNDROME_TRELLIS,0.01644401022067421,0.21222710210659421,63,32,31,32,2,32,32,157,1,1,132,32768,2608,32768,35,2
random_linear,"RLC_n32_k28",0.875,32,28,0.002,75,0,25,1,1,1,1,1,9.8788000000000004e-05,0.00098736599999999994,0.00025498799999999999,0.00025498799999999999,SYNDROME_TRELLIS,0.10005205769694318,0.38742215319936629,61,31,30,31,6,31,32,51,1,1,45,32768,2549,32768,45,6
random_linear,"RLC_n32_k28",0.875,32,28,0.002,76,0,26,1,1,1,1,1,4.0136000000000003e-05,0.0040404459999999996,0.00013758299999999999,0.00013758299999999999,SYNDROME_TRELLIS,0.0099335568400122174,0.29172208775793529,63,33,30,33,1,33,32,195,1,1,170,32768,1647,32768,33,1
random_linear,"RLC_n32_k28",0.875,32,28,0.002,77,0,26,1,1,1,1,1,6.4709000000000007e-05,0.005722708,0.00018967699999999999,0.00018967699999999999,SYNDROME_TRELLIS,0.011307409009860369,0.34115364540771947,64,33,31,33,3,33,32,288,1,1,231,32768,2227,32768,35,3
random_linear,"RLC_n32_k28",0.875,32,28,0.002,78,0,27,1,1,1,1,1,6.6693999999999995e-05,0.0021208970000000001,0.00019487000000000001,0.00019487000000000001,SYNDROME_TRELLIS,0.031446128689889226,0.3422486786062503,62,32,30,32,3,32,32,106,1,1,91,32768,2231,32768,37,3
random_linear,"RLC_n32_k28",0.875,32,28,0.002,79,0,7,1,1,1,1,1,6.0572999999999998e-05,0.0021259370000000001,0.00018782900000000001,0.00018782900000000001,SYNDROME_TRELLIS,0.028492377713920967,0.32249013730574083,62,32,30,32,3,32,32,108,1,1,92,32768,2107,32768,37,3
random_linear,"RLC_n32_k28",0.875,32,28,0.0050000000000000001,0,0,15,1,1,1,1,1,5.1616999999999997e-05,0.0028720310000000001,0.00016098499999999999,0.00016098499999999999,SYNDROME_TRELLIS,0.017972299045518659,0.32063235705189924,63,33,30,33,2,33,32,138,1,1,124,32768,1805,32768,34,2
random_linear,"RLC_n32_k28",0.875,32,28,0.0050000000000000001,1,0,27,1,1,1,1,1,3.9557000000000001e-05,0.0023399559999999998,0.00013169899999999999,0.00013169899999999999,SYNDROME_TRELLIS,0.016905018726847857,0.30035915230943289,63,32,31,32,1,32,32,125,1,1,110,32768,1774,32768,33,1
random_linear,"RLC_n32_k28",0.875,32,28,0.0050000000000000001,2,0,29,1,1,1,1,1,6.4481999999999997e-05,0.0021489040000000001,0.00013033599999999999,0.00013033599999999999,SYNDROME_TRELLIS,0.030006924460096864,0.49473668057942549,62,32,30,32,3,32,32,117,1,1,102,32768,1799,32768,35,1
random_linear,"RLC_n32_k28",0.875,32,28,0.0050000000000000001,3,0,17,1,1,1,1,1,0.000101773,0.00098970999999999998,0.00023765900000000001,0.00023765900000000001,SYNDROME_TRELLIS,0.10283113235190107,0.42823120521419344,61,31,30,31,6,31,32,53,1,1,44,32768,2055,32768,41,6
random_linear,"RLC_n32_k28",0.875,32,28,0.0050000000000000001,4,0,1,1,1,1,1,1,6.4715999999999995e-05,0.0029230559999999998,0.00032660300000000002,0.00032660300000000002,SYNDROME_TRELLIS,0.022139842685189745,0.19814882288282715,62,33,29,33,3,33,32,141,1,1,125,32768,3204,32768,36,2
random_linear,"RLC_n32_k28",0.875,32,28,0.0050000000000000001,5,0,29,1,1,1,1,1,7.1073000000000002e-05,0.0020447970000000001,0.00019999699999999999,0.00019999699999999999,SYNDROME_TRELLIS,0.03475797352989074,0.35537033055495837,62,31,31,31,4,31,32,102,1,1,88,32768,2274,32768,36,4
random_linear,"RLC_n32_k28",0.875,32,28,0.0050000000000000001,6,0,0,1,1,1,1,1,7.8328e-05,0.0016934599999999999,0.00018977100000000001,0.00018977100000000001,SYNDROME_TRELLIS,0.046253233025876021,0.41275010407280349,62,31,31,31,4,31,32,89,1,1,74,32768,1967,32768,39,4
random_linear,"RLC_n32_k28",0.875,32,28,0.0050000000000000001,7,0,9,1,1,1,1,1,8.1013999999999994e-05,0.00076412300000000002,0.00014048399999999999,0.00014048399999999999,SYNDROME_TRELLIS,0.10602219799691934,0.57667777113407936,57,30,27,30,5,30,32,44,1,1,38,32768,1824,32768,39,2
random_linear,"RLC_n32_k28",0.875,32,28,0.0050000000000000001,8,1,24,1,1,1,1,1,5.6583999999999999e-05,0.0010446920000000001,0.000126484,0.000126484,SYNDROME_TRELLIS,0.05416333235058754,0.44736093102684921,57,29,28,29,2,29,32,53,1,1,48,32768,1646,32768,34,1
random_linear,"RLC_n32_k28",0.875,32,28,0.0050000000000000001,9,0,7,1,1,1,1,1,5.0688e-05,0.001035661,0.000118992,0.000118992,SYNDROME_TRELLIS,0.048942655946299027,0.42597821702299316,60,31,29,31,2,31,32,54,1,1,49,32768,1712,32768,33,1
random_linear,"RLC_n32_k28",0.875,32,28,0.0050000000000000001,10,0,13,1,1,1,1,1,0.00010849999999999999,0.001422738,0.000235589,0.000235589,SYNDROME_TRELLIS,0.076261405824543937,0.46054781844653186,60,31,29,31,7,31,32,73,1,1,65,32768,1964,32768,42,6
random_linear,"RLC_n32_k28",0.875,32,28,0.0050000000000000001,11,0,13,1,1,1,1,1,8.7355999999999995e-05,0.0015332639999999999,0.00021242099999999999,0.00021242099999999999,SYNDROME_TRELLIS,0.056973880558077408,0.41123994332010488,61,31,30,31,5,31,32,77,1,1,68,32768,2101,32768,42,5
random_linear,"RLC_n32_k28",0.875,32,28,0.0050000000000000001,12,0,2,1,1,1,1,1,4.0027999999999997e-05,0.0024148860000000002,0.00024424800000000002,0.00024424800000000002,SYNDROME_TRELLIS,0.016575523647907188,0.16388261111657002,62,32,30,32,1,32,32,119,1,1,103,32768,2751,32768,33,1
random_linear,"RLC_n32_k28",0.875,32,28,0.0050000000000000001,13,1,6,1,1,1,1,1,6.3394999999999999e-05,0.0062727690000000001,0.00016011700000000001,0.00016011700000000001,SYNDROME_TRELLIS,0.010106382045951318,0.3959292267529369,64,33,31,33,3,33,32,289,1,1,255,32768,1897,32768,35,3
random_linear,"RLC_n32_k28",0.875,32,28,0.0050000000000000001,14,1,11,1,1,1,1,1,4.1158000000000001e-05,0.0050156760000000002,0.00014853499999999999,0.00014853499999999999,SYNDROME_TRELLIS,0.0082058729471361381,0.27709294105766319,64,33,31,33,1,33,32,241,1,1,213,32768,1788,32768,33,1
random_linear,"RLC_n32_k28",0.875,32,28,0.0050000000000000001,15,0,10,1,1,1,1,1,0.000107386,0.00064570700000000003,0.00014836800000000001,0.00014836800000000001,SYNDROME_TRELLIS,0.16630762869227064,0.72378140838994931,53,26,27,26,8,26,32,42,1,1,37,32768,1858,32768,39,2
random_linear,"RLC_n32_k28",0.875,32,28,0.0050000000000000001,16,0,0,1,1,1,1,1,6.3125000000000003e-05,0.0071342200000000001,0.000171113,0.000171113,SYNDROME_TRELLIS,0.0088481992425240609,0.36890826529837012,64,33,31,33,3,33,32,342,1,1,291,32768,1864,32768,35,3
random_linear,"RLC_n32_k28",0.875,32,28,0.0050000000000000001,17,0,23,1,1,1,1,1,0.000104318,0.0021434449999999999,0.000240549,0.000240549,SYNDROME_TRELLIS,0.048668381973878502,0.43366632162262159,62,32,30,32,6,32,32,104,1,1,93,32768,2493,32768,40,5
random_linear,"RLC_n32_k28",0.875,32,28,0.0050000000000000001,18,1,1,1,1,1,1,1,7.7743000000000004e-05,0.0033534910000000001,0.000176885,0.000176885,SYNDROME_TRELLIS,0.023182707214660783,0.43951154705034345,63,33,30,33,4,33,32,163,1,1,143,32768,1952,32768,37,4
random_linear,"RLC_n32_k28",0.875,32,28,0.0050000000000000001,19,0,3,1,1,1,1,1,6.4962000000000006e-05,0.003061687,0.00018657100000000001,0.00018657100000000001,SYNDROME_TRELLIS,0.021217714286274204,0.34818916123084509,62,32,30,32,3,32,32,149,1,1,125,32768,1899,32768,37,3
random_linear,"RLC_n32_k28",0.875,32,28,0.0050000000000000001,20,0,10,1,1,1,1,1,7.6095999999999998e-05,0.001534753,0.000175816,0.000175816,SYNDROME_TRELLIS,0.049581919696524451,0.43281612594985663,61,30,31,30,4,30,32,78,1,1,66,32768,1896,32768,39,3
random_linear,"RLC_n32_k28",0.875,32,28,0.0050000000000000001,21,0,21,1,1,1,1,1,8.8312000000000004e-05,0.00079057800000000001,0.00016449499999999999,0.00016449499999999999,SYNDROME_TRELLIS,0.11170561285540453,0.53686738198729456,58,32,26,32,5,32,32,43,1,1,37,32768,2037,32768,42,3
random_linear,"RLC_n32_k28",0.875,32,28,0.0050000000000000001,22,1,10,1,1,1,1,1,5.3786000000000003e-05,0.0017992450000000001,0.000113971,0.000113971,SYNDROME_TRELLIS,0.029893649836459181,0.47192706916671789,61,32,29,32,2,32,32,90,1,1,77,32768,1604,32768,34,1
random_linear,"RLC_n32_k28",0.875,32,28,0.0050000000000000001,23,0,3,1,1,1,1,1,6.1613999999999997e-05,0.00096036799999999996,0.00012123,0.00012123,SYNDROME_TRELLIS,0.064156656614964266,0.50824053452115814,57,29,28,29,3,29,32,50,1,1,45,32768,1543,32768,33,1
random_linear,"RLC_n32_k28",0.875,32,28,0.0050000000000000001,24,0,9,1,1,1,1,1,5.2862999999999999e-05,0.0029561520000000001,0.00015964700000000001,0.00015964700000000001,SYNDROME_TRELLIS,0.017882368700932832,0.33112429297136803,63,33,30,33,2,33,32,151,1,1,132,32768,1783,32768,34,2
random_linear,"RLC_n32_k28",0.875,32,28,0.0050000000000000001,25,0,12,1,1,1,1,1,9.3901999999999996e-05,0.001204662,0.00020138999999999999,0.00020138999999999999,SYNDROME_TRELLIS,0.077948835440978456,0.46626942747902078,60,33,27,33,6,33,32,63,1,1,56,32768,2035,32768,44,5
random_linear,"RLC_n32_k28",0.875,32,28,0.0050000000000000001,26,0,15,1,1,1,1,1,3.9601000000000003e-05,0.0042402389999999998,0.00015726299999999999,0.00015726299999999999,SYNDROME_TRELLIS,0.0093393320518017978,0.25181384050921074,63,33,30,33,1,33,32,209,1,1,183,32768,1939,32768,33,1
random_linear,"RLC_n32_k28",0.875,32,28,0.0050000000000000001,27,0,28,1,1,1,1,1,5.0421999999999999e-05,0.00059972400000000005,0.00013285200000000001,0.00013285200000000001,SYNDROME_TRELLIS,0.084075341323675556,0.37953512178966065,59,28,31,28,2,28,32,34,1,1,29,32768,1605,32768,34,2
random_linear,"RLC_n32_k28",0.875,32,28,0.0050000000000000001,28,0,26,1,1,1,1,1,5.0890999999999998e-05,0.000714936,0.000146661,0.000146661,SYNDROME_TRELLIS,0.071182595365179541,0.34699749763059029,60,30,30,30,2,30,32,39,1,1,33,32768,2000,32768,36,1
random_linear,"RLC_n32_k28",0.875,32,28,0.0050000000000000001,29,1,11,1,1,1,1,1,8.6265000000000002e-05,0.0026052580000000001,0.000188891,0.000188891,SYNDROME_TRELLIS,0.033111883736658708,0.45669195461933071,62,33,29,33,5,33,32,130,1,1,113,32768,2017,32768,38,4
random_linear,"RLC_n32_k28",0.875,32,28,0.0050000000000000001,30,0,26,1,1,1,1,1,6.4115999999999994e-05,0.002626827,0.000155914,0.000155914,SYNDROME_TRELLIS,0.02440815478141499,0.41122670189976523,62,31,31,31,3,31,32,129,1,1,110,32768,1788,32768,36,2
random_linear,"RLC_n32_k28",0.875,32,28,0.0050000000000000001,31,0,13,1,1,1,1,1,0.00011308500000000001,0.0011395260000000001,0.00023619600000000001,0.00023619600000000001,SYNDROME_TRELLIS,0.099238630799121735,0.47877610120408476,60,30,30,30,7,30,32,56,1,1,50,32768,2157,32768,46,7
random_linear,"RLC_n32_k28",0.875,32,28,0.0050000000000000001,32,1,2,1,1,1,1,1,5.2596999999999998e-05,0.00071293500000000004,0.00014322400000000001,0.00014322400000000001,SYNDROME_TRELLIS,0.073775309109526108,0.36723593811093108,60,29,31,29,2,29,32,40,1,1,33,32768,1724,32768,34,2
random_linear,"RLC_n32_k28",0.875,32,28,0.0050000000000000001,33,0,19,1,1,1,1,1,6.4391000000000001e-05,0.0042655590000000004,0.00016033599999999999,0.00016033599999999999,SYNDROME_TRELLIS,0.015095559573786225,0.40160038918271634,63,33,30,33,3,33,32,206,1,1,179,32768,1882,32768,36,3
random_linear,"RLC_n32_k28",0.875,32,28,0.0050000000000000001,34,0,29,1,1,1,1,1,6.2762999999999995e-05,0.00061409699999999997,0.00016020100000000001,0.00016020100000000001,SYNDROME_TRELLIS,0.10220372351599177,0.39177658067053261,58,28,30,28,3,28,32,34,1,1,29,32768,1921,32768,38,3
random_linear,"RLC_n32_k28",0.875,32,28,0.0050000000000000001,35,0,21,1,1,1,1,1,3.9032000000000002e-05,0.0028718569999999998,0.00011564499999999999,0.00011564499999999999,SYNDROME_TRELLIS,0.013591205968820873,0.33751567296467638,63,32,31,32,1,32,32,133,1,1,122,32768,1733,32768,33,1
random_linear,"RLC_n32_k28",0.875,32,28,0.0050000000000000001,36,0,25,1,1,1,1,1,5.1127e-05,0.001329259,0.00015521299999999999,0.00015521299999999999,SYNDROME_TRELLIS,0.038462782648076864,0.32939895498444077,61,32,29,32,2,32,32,67,1,1,59,32768,1841,32768,35,2
random_linear,"RLC_n32_k28",0.875,32,28,0.0050000000000000001,37,1,0,1,1,1,1,1,5.1561999999999999e-05,0.002656271,0.00016784600000000001,0.00016784600000000001,SYNDROME_TRELLIS,0.019411423006161645,0.30719826507631992,62,33,29,33,2,33,32,132,1,1,121,32768,2018,32768,34,1
random_linear,"RLC_n32_k28",0.875,32,28,0.0050000000000000001,38,0,21,1,1,1,1,1,4.3673e-05,0.0019005339999999999,0.00019060099999999999,0.00019060099999999999,SYNDROME_TRELLIS,0.022979331072214441,0.22913311052932567,62,31,31,31,1,31,32,95,1,1,84,32768,2163,32768,33,1
random_linear,"RLC_n32_k28",0.875,32,28,0.0050000000000000001,39,0,3,1,1,1,1,1,0.000102191,0.0020054859999999999,0.00021191800000000001,0.00021191800000000001,SYNDROME_TRELLIS,0.050955728436897593,0.48221953774573179,61,32,29,32,6,32,32,95,1,1,85,32768,2182,32768,41,4
random_linear,"RLC_n32_k28",0.875,32,28,0.0050000000000000001,40,0,25,1,1,1,1,1,4.8401e-05,0.0012254589999999999,0.000130464,0.000130464,SYNDROME_TRELLIS,0.039496221415812362,0.37099123129752265,62,31,31,31,2,31,32,73,1,1,63,32768,1728,32768,35,2
random_linear,"RLC_n32_k28",0.875,32,28,0.0050000000000000001,41,0,23,1,1,1,1,1,6.1063999999999997e-05,0.00079520600000000002,0.000183828,0.000183828,SYNDROME_TRELLIS,0.07679016506414689,0.33218008138042082,61,31,30,31,3,31,32,46,1,1,38,32768,2012,32768,36,3
random_linear,"RLC_n32_k28",0.875,32,28,0.0050000000000000001,42,0,13,1,1,1,1,1,9.5991999999999998e-05,0.00068075600000000003,0.00020166800000000001,0.00020166800000000001,SYNDROME_TRELLIS,0.14100793823337582,0.47599024138683377,56,29,27,29,6,29,32,38,1,1,33,32768,1824,32768,41,5
random_linear,"RLC_n32_k28",0.875,32,28,0.0050000000000000001,43,0,22,1,1,1,1,1,3.8359999999999999e-05,0.00066555100000000001,0.00015130100000000001,0.00015130100000000001,SYNDROME_TRELLIS,0.057636454606784453,0.25353434544385034,60,32,28,32,1,32,32,36,1,1,31,32768,2107,32768,33,1
random_linear,"RLC_n32_k28",0.875,32,28,0.0050000000000000001,44,0,28,1,1,1,1,1,4.1972999999999999e-05,0.0089798340000000008,0.000171225,0.000171225,SYNDROME_TRELLIS,0.0046741398560374275,0.24513359614542268,64,33,31,33,1,33,32,404,1,1,363,32768,2098,32768,33,1
random_linear,"RLC_n32_k28",0.875,32,28,0.0050000000000000001,45,0,21,1,1,1,1,1,6.2377000000000003e-05,0.0055208849999999997,0.00016194700000000001,0.00016194700000000001,SYNDROME_TRELLIS,0.011298369736011529,0.38516922202942938,64,33,31,33,3,33,32,284,1,1,238,32768,1957,32768,35,3
random_linear,"RLC_n32_k28",0.875,32,28,0.0050000000000000001,46,0,22,1,1,1,1,1,3.8924000000000002e-05,0.0015562040000000001,0.000182638,0.000182638,SYNDROME_TRELLIS,0.02501214493729614,0.21312103724307102,62,32,30,32,1,32,32,79,1,1,67,32768,2268,32768,33,1
random_linear,"RLC_n32_k28",0.875,32,28,0.0050000000000000001,47,0,5,1,1,1,1,1,8.2604999999999999e-05,0.001313278,0.000197772,0.000197772,SYNDROME_TRELLIS,0.062899858217376675,0.41767793216431043,62,33,29,33,4,33,32,73,1,1,60,32768,2290,32768,39,3
random_linear,"RLC_n32_k28",0.875,32,28,0.0050000000000000001,48,0,1,1,1,1,1,1,5.6452000000000001e-05,0.0074981500000000003,0.00024533200000000002,0.00024533200000000002,SYNDROME_TRELLIS,0.0075287904349739601,0.23010451143756214,64,33,31,33,2,33,32,367,1,1,285,32768,2794,32768,34,2
random_linear,"RLC_n32_k28",0.875,32,28,0.0050000000000000001,49,0,3,1,1,1,1,1,0.000101117,0.0019854,0.00021479100000000001,0.00021479100000000001,SYNDROME_TRELLIS,0.050930291125214064,0.47076925941962183,62,33,29,33,6,33,32,105,1,1,87,32768,1981,32768,41,6
random_linear,"RLC_n32_k28",0.875,32,28,0.0050000000000000001,50,0,23,1,1,1,1,1,5.2743e-05,0.005466945,0.00016585100000000001,0.00016585100000000001,SYNDROME_TRELLIS,0.0096476185511286464,0.31801436228904256,64,33,31,33,2,33,32,266,1,1,226,32768,1883,32768,34,2
random_linear,"RLC_n32_k28",0.875,32,28,0.0050000000000000001,51,0,20,1,1,1,1,1,6.3978000000000003e-05,0.0031705399999999999,0.00024122,0.00024122,SYNDROME_TRELLIS,0.020178896970232202,0.26522676394992123,63,33,30,33,3,33,32,153,1,1,135,32768,2931,32768,35,2
random_linear,"RLC_n32_k28",0.875,32,28,0.0050000000000000001,52,0,29,1,1,1,1,1,5.5093000000000003e-05,0.0021288259999999999,0.00017661200000000001,0.00017661200000000001,SYNDROME_TRELLIS,0.025879522328269199,0.31194369578511089,62,31,31,31,2,31,32,111,1,1,101,32768,1912,32768,35,2
random_linear,"RLC_n32_k28",0.875,32,28,0.0050000000000000001,53,0,14,1,1,1,1,1,0.000101147,0.00086441399999999998,0.000205417,0.000205417,SYNDROME_TRELLIS,0.1170122186822518,0.49239838961721766,59,30,29,30,6,30,32,45,1,1,40,32768,1786,32768,40,5
random_linear,"RLC_n32_k28",0.875,32,28,0.0050000000000000001,54,0,3,1,1,1,1,1,7.6905999999999999e-05,0.0019632819999999998,0.000189469,0.000189469,SYNDROME_TRELLIS,0.039172161716961702,0.40590281259731142,61,31,30,31,4,31,32,97,1,1,85,32768,2286,32768,37,2
random_linear,"RLC_n32_k28",0.875,32,28,0.0050000000000000001,55,0,15,1,1,1,1,1,5.0114999999999997e-05,0.0011736819999999999,0.00013965399999999999,0.00013965399999999999,SYNDROME_TRELLIS,0.042698959343331497,0.35885116072579376,60,32,28,32,2,32,32,62,1,1,53,32768,1863,32768,35,2
random_linear,"RLC_n32_k28",0.875,32,28,0.0050000000000000001,56,0,27,1,1,1,1,1,5.3501000000000002e-05,0.0029180439999999998,0.00019981600000000001,0.00019981600000000001,SYNDROME_TRELLIS,0.018334541905468186,0.26775133122472672,62,31,31,31,2,31,32,145,1,1,127,32768,2097,32768,35,2
random_linear,"RLC_n32_k28",0.875,32,28,0.0050000000000000001,57,0,22,1,1,1,1,1,8.7513000000000001e-05,0.0028532919999999999,0.00021179599999999999,0.00021179599999999999,SYNDROME_TRELLIS,0.030670888223147157,0.41319477232808932,62,32,30,32,5,32,32,140,1,1,122,32768,1992,32768,39,5
random_linear,"RLC_n32_k28",0.875,32,28,0.0050000000000000001,58,1,29,1,1,1,1,1,5.3000000000000001e-05,0.0025422510000000001,0.000125213,0.000125213,SYNDROME_TRELLIS,0.02084766610377968,0.42327873303890173,62,33,29,33,2,33,32,128,1,1,110,32768,1700,32768,34,1
random_linear,"RLC_n32_k28",0.875,32,28,0.0050000000000000001,59,0,4,1,1,1,1,1,5.9638000000000001e-05,0.00096017100000000001,0.000144475,0.000144475,SYNDROME_TRELLIS,0.062111852992852316,0.41279114033569819,58,29,29,29,3,29,32,53,1,1,48,32768,1972,32768,34,1
random_linear,"RLC_n32_k28",0.875,32,28,0.0050000000000000001,60,0,0,1,1,1,1,1,7.2211000000000004e-05,0.00091298599999999996,0.00015142500000000001,0.00015142500000000001,SYNDROME_TRELLIS,0.079093217201578123,0.47687634142314678,57,28,29,28,4,28,32,48,1,1,43,32768,1742,32768,34,2
random_linear,"RLC_n32_k28",0.875,32,28,0.0050000000000000001,61,0,20,1,1,1,1,1,0.00013410000000000001,0.00096239700000000004,0.00026046899999999999,0.00026046899999999999,SYNDROME_TRELLIS,0.13933958647003264,0.51484053764555482,61,32,29,32,9,32,32,52,1,1,45,32768,2447,32768,49,8
random_linear,"RLC_n32_k28",0.875,32,28,0.0050000000000000001,62,1,12,1,1,1,1,1,5.1159000000000003e-05,0.0060195860000000004,0.00020489099999999999,0.00020489099999999999,SYNDROME_TRELLIS,0.0084987572235034111,0.24968885895427329,64,33,31,33,2,33,32,287,1,1,246,32768,2172,32768,34,2
random_linear,"RLC_n32_k28",0.875,32,28,0.0050000000000000001,63,0,28,1,1,1,1,1,9.5798000000000007e-05,0.00076801099999999998,0.000200194,0.000200194,SYNDROME_TRELLIS,0.12473519259489774,0.47852582994495341,60,31,29,31,5,31,32,42,1,1,35,32768,1922,32768,41,5
random_linear,"RLC_n32_k28",0.875,32,28,0.0050000000000000001,64,0,4,1,1,1,1,1,6.6025000000000006e-05,0.0017230710000000001,0.000236801,0.000236801,SYNDROME_TRELLIS,0.038318212075996873,0.27882061308862721,61,32,29,32,3,32,32,78,1,1,68,32768,2963,32768,36,1
random_linear,"RLC_n32_k28",0.875,32,28,0.0050000000000000001,65,0,22,1,1,1,1,1,5.0665999999999999e-05,0.00073350399999999995,0.00015806899999999999,0.00015806899999999999,SYNDROME_TRELLIS,0.069073924613908044,0.32053090738854551,58,32,26,32,2,32,32,40,1,1,34,32768,1846,32768,34,2
random_linear,"RLC_n32_k28",0.875,32,28,0.0050000000000000001,66,0,5,1,1,1,1,1,7.2914e-05,0.00066772900000000004,0.000206243,0.000206243,SYNDROME_TRELLIS,0.10919699458912223,0.35353442298647714,60,30,30,30,3,30,32,36,1,1,30,32768,2102,32768,40,3
random_linear,"RLC_n32_k28",0.875,32,28,0.0050000000000000001,67,1,31,1,1,1,1,1,8.6737999999999995e-05,0.0027711989999999998,0.000195983,0.000195983,SYNDROME_TRELLIS,0.031299809216155175,0.44257920329824524,63,33,30,33,4,33,32,127,1,1,109,32768,1876,32768,36,3
random_linear,"RLC_n32_k28",0.875,32,28,0.0050000000000000001,68,0,26,1,1,1,1,1,6.9692999999999998e-05,0.0014414440000000001,0.00016551900000000001,0.00016551900000000001,SYNDROME_TRELLIS,0.048349432929756547,0.42105740126511154,60,30,30,30,3,30,32,68,1,1,57,32768,1754,32768,35,3
random_linear,"RLC_n32_k28",0.875,32,28,0.0050000000000000001,69,0,2,1,1,1,1,1,0.00012718199999999999,0.00089513600000000004,0.00021766999999999999,0.00021766999999999999,SYNDROME_TRELLIS,0.14208120330318519,0.58428814260118522,56,29,27,29,8,29,32,46,1,1,41,32768,2165,32768,47,3
random_linear,"RLC_n32_k28",0.875,32,28,0.0050000000000000001,70,0,8,1,1,1,1,1,8.4556999999999997e-05,0.00084394799999999996,0.000231339,0.000231339,SYNDROME_TRELLIS,0.10019219193599606,0.36551121946580556,60,29,31,29,4,29,32,41,1,1,35,32768,2014,32768,40,4
random_linear,"RLC_n32_k28",0.875,32,28,0.0050000000000000001,71,0,2,1,1,1,1,1,7.5159000000000003e-05,0.003079367,0.00020475199999999999,0.00020475199999999999,SYNDROME_TRELLIS,0.024407288900608469,0.36707333750097682,62,32,30,32,3,32,32,141,1,1,124,32768,2162,32768,37,3
random_linear,"RLC_n32_k28",0.875,32,28,0.0050000000000000001,72,0,10,1,1,1,1,1,4.7120999999999998e-05,0.0049729930000000002,0.00013557599999999999,0.00013557599999999999,SYNDROME_TRELLIS,0.0094753803192564306,0.34756151531244467,63,32,31,32,1,32,32,223,1,1,196,32768,1683,32768,33,1
random_linear,"RLC_n32_k28",0.875,32,28,0.0050000000000000001,73,0,20,1,1,1,1,1,4.0105000000000003e-05,0.0010612709999999999,0.00027083199999999998,0.00027083199999999998,SYNDROME_TRELLIS,0.037789593798379498,0.14808072901281977,61,32,29,32,1,32,32,55,1,1,47,32768,3141,32768,33,1
random_linear,"RLC_n32_k28",0.875,32,28,0.0050000000000000001,74,0,19,1,1,1,1,1,9.2356999999999997e-05,0.0030785919999999998,0.000219223,0.000219223,SYNDROME_TRELLIS,0.029999753133900173,0.4212924738736355,63,33,30,33,5,33,32,151,1,1,128,32768,2074,32768,39,5
random_linear,"RLC_n32_k28",0.875,32,28,0.0050000000000000001,75,0,22,1,1,1,1,1,0.000111753,0.0013303989999999999,0.000206796,0.000206796,SYNDROME_TRELLIS,0.083999612146431257,0.54040213543782278,60,30,30,30,7,30,32,65,1,1,59,32768,2007,32768,44,6
random_linear,"RLC_n32_k28",0.875,32,28,0.0050000000000000001,76,0,16,1,1,1,1,1,7.5522e-05,0.0011898,0.00022169999999999999,0.00022169999999999999,SYNDROME_TRELLIS,0.063474533535047908,0.34064952638700946,61,32,29,32,4,32,32,64,1,1,55,32768,2271,32768,37,3
random_linear,"RLC_n32_k28",0.875,32,28,0.0050000000000000001,77,0,7,1,1,1,1,1,8.9472e-05,0.001659565,0.000186708,0.000186708,SYNDROME_TRELLIS,0.053912922964752814,0.4792081753326049,61,31,30,31,5,31,32,84,1,1,74,32768,2043,32768,39,4
random_linear,"RLC_n32_k28",0.875,32,28,0.0050000000000000001,78,0,24,1,1,1,1,1,3.9762999999999999e-05,0.0025387529999999999,0.00013011000000000001,0.00013011000000000001,SYNDROME_TRELLIS,0.015662413791337714,0.30561063715317804,62,31,31,31,1,31,32,124,1,1,109,32768,1683,32768,33,1
random_linear,"RLC_n32_k28",0.875,32,28,0.0050000000000000001,79,0,28,1,1,1,1,1,6.4715999999999995e-05,0.0033474160000000002,0.00018321799999999999,0.00018321799999999999,SYNDROME_TRELLIS,0.019333121428588496,0.35321857022781605,63,33,30,33,3,33,32,163,1,1,144,32768,2079,32768,35,3
random_linear,"RLC_n32_k28",0.875,32,28,0.01,0,0,16,1,1,1,1,1,6.3947000000000003e-05,0.001696957,0.000189948,0.000189948,SYNDROME_TRELLIS,0.037683335523528295,0.33665529513340492,61,33,28,33,3,33,32,87,1,1,77,32768,2252,32768,35,3
random_linear,"RLC_n32_k28",0.875,32,28,0.01,1,0,31,1,1,1,1,1,9.1243999999999996e-05,0.0034615190000000001,0.00020030199999999999,0.00020030199999999999,SYNDROME_TRELLIS,0.02635952597689049,0.45553214645884715,63,32,31,32,5,32,32,169,1,1,150,32768,2065,32768,40,5
random_linear,"RLC_n32_k28",0.875,32,28,0.01,2,0,28,1,1,1,1,1,5.4174e-05,0.0037415700000000001,0.000164947,0.000164947,SYNDROME_TRELLIS,0.014478948676625053,0.32843276931377957,63,33,30,33,2,33,32,187,1,1,160,32768,1854,32768,34,2
random_linear,"RLC_n32_k28",0.875,32,28,0.01,3,0,22,1,1,1,1,1,5.4611999999999998e-05,0.0079890559999999996,0.00018302100000000001,0.00018302100000000001,SYNDROME_TRELLIS,0.0068358514447764539,0.29839198780467813,64,33,31,33,2,33,32,354,1,1,306,32768,2244,32768,34,2
random_linear,"RLC_n32_k28",0.875,32,28,0.01,4,0,29,1,1,1,1,1,4.8712999999999999e-05,0.00087233199999999997,0.00013101000000000001,0.00013101000000000001,SYNDROME_TRELLIS,0.055842271061935136,0.37182657812380732,60,29,31,29,2,29,32,49,1,1,39,32768,1701,32768,34,2
random_linear,"RLC_n32_k28",0.875,32,28,0.01,5,0,17,1,1,1,1,1,7.5091000000000003e-05,0.001061453,9.7068e-05,9.7068e-05,SYNDROME_TRELLIS,0.070743593922670156,0.77359170890509754,58,32,26,32,4,32,32,55,1,1,50,32768,1536,32768,35,1
random_linear,"RLC_n32_k28",0.875,32,28,0.01,6,1,12,1,1,1,1,1,3.7567999999999997e-05,0.0056964959999999997,0.00012132,0.00012132,SYNDROME_TRELLIS,0.0065949313402484614,0.30966040224200458,64,33,31,33,1,33,32,287,1,1,241,32768,1860,32768,33,1
random_linear,"RLC_n32_k28",0.875,32,28,0.01,7,0,15,1,1,1,1,1,7.9915999999999999e-05,0.0015311649999999999,0.00021918299999999999,0.00021918299999999999,SYNDROME_TRELLIS,0.052192938056969694,0.36460856909523093,61,32,29,32,5,32,32,80,1,1,72,32768,2219,32768,42,6
random_linear,"RLC_n32_k28",0.875,32,28,0.01,8,0,8,1,1,1,1,1,6.4599999999999998e-05,0.0027720399999999999,0.00015945900000000001,0.00015945900000000001,SYNDROME_TRELLIS,0.023304137025439747,0.40511981136216829,62,32,30,32,3,32,32,137,1,1,119,32768,1840,32768,36,2
random_linear,"RLC_n32_k28",0.875,32,28,0.01,9,0,31,1,1,1,1,1,6.0554000000000003e-05,0.001066179,0.000156148,0.000156148,SYNDROME_TRELLIS,0.056795341120018314,0.38779875502728184,60,33,27,33,3,33,32,61,1,1,54,32768,2044,32768,39,3
random_linear,"RLC_n32_k28",0.875,32,28,0.01,10,0,4,1,1,1,1,1,6.6365999999999994e-05,0.001182165,0.000154582,0.000154582,SYNDROME_TRELLIS,0.05613937140754463,0.42932553596149614,60,30,30,30,3,30,32,58,1,1,52,32768,1898,32768,38,2
random_linear,"RLC_n32_k28",0.875,32,28,0.01,11,1,12,1,1,1,1,1,7.7236000000000004e-05,0.0024674139999999998,0.00019392199999999999,0.00019392199999999999,SYNDROME_TRELLIS,0.031302408108246124,0.39828384608244555,62,31,31,31,4,31,32,121,1,1,106,32768,2279,32768,38,3
random_linear,"RLC_n32_k28",0.875,32,28,0.01,12,0,23,1,1,1,1,1,5.4577999999999998e-05,0.0083294259999999992,0.00013839000000000001,0.00013839000000000001,SYNDROME_TRELLIS,0.0065524323044589151,0.39437820651781197,64,33,31,33,2,33,32,374,1,1,341,32768,1824,32768,34,2
random_linear,"RLC_n32_k28",0.875,32,28,0.01,13,0,25,1,1,1,1,1,0.00010102699999999999,0.0021482559999999999,0.00023660900000000001,0.00023660900000000001,SYNDROME_TRELLIS,0.047027449242548376,0.42697868635597119,62,32,30,32,6,32,32,109,1,1,98,32768,2342,32768,44,6
random_linear,"RLC_n32_k28",0.875,32,28,0.01,14,0,20,1,1,1,1,1,6.4222999999999998e-05,0.0030382080000000001,0.00018684499999999999,0.00018684499999999999,SYNDROME_TRELLIS,0.021138447400572968,0.3437234071021435,63,32,31,32,3,32,32,150,1,1,128,32768,2144,32768,36,2
random_linear,"RLC_n32_k28",0.875,32,28,0.01,15,0,6,1,1,1,1,1,4.9876000000000002e-05,0.002624599,0.00013253900000000001,0.00013253900000000001,SYNDROME_TRELLIS,0.019003283930230867,0.37631187801326399,62,32,30,32,2,32,32,127,1,1,113,32768,1682,32768,34,2
random_linear,"RLC_n32_k28",0.875,32,28,0.01,16,2,12,1,1,1,1,1,5.5340000000000002e-05,0.0048664659999999998,0.00024155800000000001,0.00024155800000000001,SYNDROME_TRELLIS,0.011371701764689202,0.22909611770258076,64,33,31,33,2,33,32,243,1,1,210,32768,2967,32768,34,2
random_linear,"RLC_n32_k28",0.875,32,28,0.01,17,0,30,1,1,1,1,1,8.2835000000000002e-05,0.00077744200000000004,0.00017965,0.00017965,SYNDROME_TRELLIS,0.1065481412118203,0.46109101029780131,61,30,31,30,5,30,32,45,1,1,38,32768,2026,32768,37,5
random_linear,"RLC_n32_k28",0.875,32,28,0.01,18,0,17,1,1,1,1,1,3.7837999999999999e-05,0.0063170520000000001,0.000193776,0.000193776,SYNDROME_TRELLIS,0.0059898193017882389,0.19526669969449262,64,33,31,33,1,33,32,327,1,1,273,32768,2818,32768,33,1
random_linear,"RLC_n32_k28",0.875,32,28,0.01,19,0,31,1,1,1,1,1,6.5896999999999996e-05,0.001721193,0.00017727199999999999,0.00017727199999999999,SYNDROME_TRELLIS,0.038285654194503464,0.37172819170540183,62,32,30,32,3,32,32,86,1,1,76,32768,2015,32768,35,2
random_linear,"RLC_n32_k28",0.875,32,28,0.01,20,1,22,1,1,1,1,1,7.6457000000000003e-05,0.0023105949999999999,0.00017802399999999999,0.00017802399999999999,SYNDROME_TRELLIS,0.033089745282059387,0.42947580101559346,62,33,29,33,4,33,32,115,1,1,103,32768,2005,32768,37,4
random_linear,"RLC_n32_k28",0.875,32,28,0.01,21,0,27,1,1,1,1,1,4.1298000000000003e-05,0.0075828859999999996,0.00014578900000000001,0.00014578900000000001,SYNDROME_TRELLIS,0.0054462113765128481,0.28327240052404501,64,33,31,33,1,33,32,354,1,1,317,32768,1768,32768,33,1
random_linear,"RLC_n32_k28",0.875,32,28,0.01,22,0,26,1,1,1,1,1,6.5500999999999995e-05,0.00089914200000000002,0.00017875700000000001,0.00017875700000000001,SYNDROME_TRELLIS,0.072848337637436575,0.36642481133605953,61,33,28,33,3,33,32,49,1,1,41,32768,1882,32768,38,3
random_linear,"RLC_n32_k28",0.875,32,28,0.01,23,1,28,1,1,1,1,1,3.8928999999999999e-05,0.006195491,0.00013804400000000001,0.00013804400000000001,SYNDROME_TRELLIS,0.0062834406506280128,0.28200428848772852,64,33,31,33,1,33,32,298,1,1,266,32768,1932,32768,33,1
random_linear,"RLC_n32_k28",0.875,32,28,0.01,24,0,0,1,1,1,1,1,8.5599999999999994e-05,0.001426465,0.00015320500000000001,0.00015320500000000001,SYNDROME_TRELLIS,0.060008482507457238,0.55872850102803429,61,31,30,31,5,31,32,75,1,1,64,32768,1972,32768,39,3
random_linear,"RLC_n32_k28",0.875,32,28,0.01,25,0,5,1,1,1,1,1,0.000108873,0.00095444300000000002,0.000266505,0.000266505,SYNDROME_TRELLIS,0.11406967204956189,0.40852141610851578,60,30,30,30,8,30,32,56,1,1,50,32768,2558,32768,50,8
random_linear,"RLC_n32_k28",0.875,32,28,0.01,26,0,26,1,1,1,1,1,6.9806000000000002e-05,0.00053991,0.00025018499999999999,0.00025018499999999999,SYNDROME_TRELLIS,0.12929191902354095,0.27901752702999782,57,27,30,27,4,27,32,34,1,1,29,32768,2930,32768,36,4
random_linear,"RLC_n32_k28",0.875,32,28,0.01,27,0,25,1,1,1,1,1,5.4239e-05,0.0047082749999999996,0.00012479799999999999,0.00012479799999999999,SYNDROME_TRELLIS,0.011519930335420085,0.43461433676821748,63,32,31,32,2,32,32,221,1,1,192,32768,1760,32768,34,2
random_linear,"RLC_n32_k28",0.875,32,28,0.01,28,0,31,1,1,1,1,1,8.0357000000000003e-05,0.0066943860000000001,0.00016931800000000001,0.00016931800000000001,SYNDROME_TRELLIS,0.012003640064973845,0.47459218748154358,64,33,31,33,4,33,32,313,1,1,267,32768,1966,32768,36,4
random_linear,"RLC_n32_k28",0.875,32,28,0.01,29,0,8,1,1,1,1,1,8.3133000000000005e-05,0.0014165650000000001,0.00019091299999999999,0.00019091299999999999,SYNDROME_TRELLIS,0.058686329254217066,0.43544965507849132,61,32,29,32,5,32,32,80,1,1,71,32768,2313,32768,41,3
random_linear,"RLC_n32_k28",0.875,32,28,0.01,30,0,17,1,1,1,1,1,4.8328999999999998e-05,0.0052449369999999999,0.000131588,0.000131588,SYNDROME_TRELLIS,0.0092144100110258705,0.36727513147095475,64,33,31,33,2,33,32,315,1,1,281,32768,1865,32768,34,2
random_linear,"RLC_n32_k28",0.875,32,28,0.01,31,0,13,1,1,1,1,1,8.3302999999999998e-05,0.00083069199999999995,0.00015150499999999999,0.00015150499999999999,SYNDROME_TRELLIS,0.1002814520905462,0.54983663905481672,60,30,30,30,5,30,32,49,1,1,43,32768,2049,32768,41,3
random_linear,"RLC_n32_k28",0.875,32,28,0.01,32,0,19,1,1,1,1,1,5.9886000000000002e-05,0.0032219800000000002,0.00014511999999999999,0.00014511999999999999,SYNDROME_TRELLIS,0.018586707552498773,0.41266538037486222,63,32,31,32,3,32,32,173,1,1,154,32768,1741,32768,36,3
random_linear,"RLC_n32_k28",0.875,32,28,0.01,33,1,0,1,1,1,1,1,6.2046999999999997e-05,0.0036969770000000002,0.00016136699999999999,0.00016136699999999999,SYNDROME_TRELLIS,0.0167831717643902,0.3845086046093687,63,33,30,33,3,33,32,183,1,1,159,32768,1755,32768,36,3
random_linear,"RLC_n32_k28",0.875,32,28,0.01,34,1,25,1,1,1,1,1,0.0012242380000000001,0.021510101,0.0016752469999999999,0.0016752469999999999,SYNDROME_TRELLIS,0.056914563069694564,0.73078059533907547,2042,966,1076,966,51,966,32,972,1,1,893,32768,13553,32768,120,48
random_linear,"RLC_n32_k28",0.875,32,28,0.01,35,0,8,1,1,1,1,1,7.5946999999999996e-05,0.0012453360000000001,0.00017341200000000001,0.00017341200000000001,SYNDROME_TRELLIS,0.060985147783409452,0.43795700412889532,61,31,30,31,4,31,32,64,1,1,55,32768,1848,32768,38,3
random_linear,"RLC_n32_k28",0.875,32,28,0.01,36,0,8,1,1,1,1,1,7.5951000000000005e-05,0.0011706240000000001,0.000178772,0.000178772,SYNDROME_TRELLIS,0.064880781531900938,0.42484841026558973,60,30,30,30,4,30,32,59,1,1,53,32768,2002,32768,39,3
random_linear,"RLC_n32_k28",0.875,32,28,0.01,37,0,17,1,1,1,1,1,6.1235000000000006e-05,0.001478535,0.000118788,0.000118788,SYNDROME_TRELLIS,0.041415996239520879,0.51549819847122613,61,32,29,32,3,32,32,84,1,1,73,32768,1613,32768,35,1
random_linear,"RLC_n32_k28",0.875,32,28,0.01,38,0,2,1,1,1,1,1,6.7665999999999999e-05,0.0046242610000000002,0.00029233599999999997,0.00029233599999999997,SYNDROME_TRELLIS,0.014632824574564454,0.23146653166219694,63,32,31,32,3,32,32,216,1,1,191,32768,3206,32768,35,3
random_linear,"RLC_n32_k28",0.875,32,28,0.01,39,0,21,1,1,1,1,1,6.4597000000000005e-05,0.004893255,0.000191802,0.000191802,SYNDROME_TRELLIS,0.013201233126007126,0.3367900230445981,63,32,31,32,3,32,32,225,1,1,201,32768,2247,32768,35,2
random_linear,"RLC_n32_k28",0.875,32,28,0.01,40,1,3,1,1,1,1,1,4.0337999999999999e-05,0.001031548,0.000227252,0.000227252,SYNDROME_TRELLIS,0.039104336395397982,0.17750338830901377,59,30,29,30,1,30,32,55,1,1,49,32768,2958,32768,33,1
random_linear,"RLC_n32_k28",0.875,32,28,0.01,41,0,20,1,1,1,1,1,6.2620999999999996e-05,0.00074685300000000001,0.000134807,0.000134807,SYNDROME_TRELLIS,0.083846486524121869,0.46452335561209729,58,29,29,29,3,29,32,43,1,1,36,32768,1963,32768,36,1
random_linear,"RLC_n32_k28",0.875,32,28,0.01,42,0,29,1,1,1,1,1,3.7437000000000001e-05,0.001319845,0.000104588,0.000104588,SYNDROME_TRELLIS,0.028364694339108001,0.35794737445978508,60,31,29,31,1,31,32,78,1,1,68,32768,1527,32768,33,1
random_linear,"RLC_n32_k28",0.875,32,28,0.01,43,0,29,1,1,1,1,1,7.8069000000000001e-05,0.0020731,0.00021507699999999999,0.00021507699999999999,SYNDROME_TRELLIS,0.037658096570353579,0.36298162983489635,62,33,29,33,4,33,32,102,1,1,90,32768,2136,32768,36,4
random_linear,"RLC_n32_k28",0.875,32,28,0.01,44,0,20,1,1,1,1,1,3.9610000000000002e-05,0.0021341749999999999,0.00017467700000000001,0.00017467700000000001,SYNDROME_TRELLIS,0.018559865053240716,0.22676139388700287,62,32,30,32,1,32,32,104,1,1,92,32768,2141,32768,35,1
random_linear,"RLC_n32_k28",0.875,32,28,0.01,45,0,24,1,1,1,1,1,7.7655000000000001e-05,0.0027021079999999999,0.00017905300000000001,0.00017905300000000001,SYNDROME_TRELLIS,0.028738673657751651,0.43369840214908434,62,32,30,32,4,32,32,128,1,1,111,32768,1895,32768,37,3
random_linear,"RLC_n32_k28",0.875,32,28,0.01,46,1,29,1,1,1,1,1,7.5814000000000003e-05,0.00097698699999999991,0.00017984500000000001,0.00017984500000000001,SYNDROME_TRELLIS,0.077599804296270072,0.42155189190691983,60,31,29,31,4,31,32,53,1,1,46,32768,1757,32768,36,4
random_linear,"RLC_n32_k28",0.875,32,28,0.01,47,0,5,1,1,1,1,1,6.4461999999999994e-05,0.001110862,0.00016467000000000001,0.00016467000000000001,SYNDROME_TRELLIS,0.058028810059215272,0.39146171130139062,59,29,30,29,3,29,32,55,1,1,50,32768,2009,32768,39,2
random_linear,"RLC_n32_k28",0.875,32,28,0.01,48,1,29,1,1,1,1,1,0.0015203199999999999,0.022610372,0.001762902,0.001762902,SYNDROME_TRELLIS,0.067239937494173022,0.86239620807055639,2044,971,1073,971,50,971,32,917,1,1,848,32768,14016,32768,113,47
random_linear,"RLC_n32_k28",0.875,32,28,0.01,49,0,14,1,1,1,1,1,8.6133999999999999e-05,0.00095878399999999996,0.00019857300000000001,0.00019857300000000001,SYNDROME_TRELLIS,0.089836709832454439,0.43376491265177036,59,28,31,28,4,28,32,45,1,1,38,32768,1892,32768,40,3
random_linear,"RLC_n32_k28",0.875,32,28,0.01,50,1,18,1,1,1,1,1,0.000117982,0.0010586009999999999,0.00025344300000000001,0.00025344300000000001,SYNDROME_TRELLIS,0.11145086770180644,0.46551690123617534,58,29,29,29,7,29,32,51,1,1,46,32768,2265,32768,48,5
random_linear,"RLC_n32_k28",0.875,32,28,0.01,51,0,31,1,1,1,1,1,0.000101099,0.001305715,0.00022751800000000001,0.00022751800000000001,SYNDROME_TRELLIS,0.077428075805210175,0.44435605094981495,62,33,29,33,5,33,32,63,1,1,54,32768,2283,32768,43,4
random_linear,"RLC_n32_k28",0.875,32,28,0.01,52,0,24,1,1,1,1,1,0.00013770199999999999,0.0013022660000000001,0.000263193,0.000263193,SYNDROME_TRELLIS,0.10574030190452641,0.52319780541275795,60,30,30,30,8,30,32,55,1,1,50,32768,2086,32768,46,6
random_linear,"RLC_n32_k28",0.875,32,28,0.01,53,0,30,1,1,1,1,1,8.8658000000000004e-05,0.001002951,0.000186493,0.000186493,SYNDROME_TRELLIS,0.088397140039742722,0.47539585936201362,61,31,30,31,4,31,32,48,1,1,41,32768,1906,32768,38,3
random_linear,"RLC_n32_k28",0.875,32,28,0.01,54,0,11,1,1,1,1,1,0.00011346299999999999,0.0010149600000000001,0.00022721699999999999,0.00022721699999999999,SYNDROME_TRELLIS,0.11179061243792858,0.49935964298445978,59,29,30,29,6,29,32,50,1,1,44,32768,2125,32768,45,4
random_linear,"RLC_n32_k28",0.875,32,28,0.01,55,0,9,1,1,1,1,1,9.3623999999999997e-05,0.001212477,0.00015458299999999999,0.00015458299999999999,SYNDROME_TRELLIS,0.077217134840495943,0.60565521435086656,59,30,29,30,5,30,32,58,1,1,50,32768,1765,32768,36,2
random_linear,"RLC_n32_k28",0.875,32,28,0.01,56,0,22,1,1,1,1,1,5.7226999999999999e-05,0.0019172939999999999,0.00024436299999999999,0.00024436299999999999,SYNDROME_TRELLIS,0.029847795904018894,0.23418848188964778,61,33,28,33,2,33,32,89,1,1,76,32768,2471,32768,35,2
random_linear,"RLC_n32_k28",0.875,32,28,0.01,57,0,2,1,1,1,1,1,7.2171999999999999e-05,0.0021753020000000001,0.000149331,0.000149331,SYNDROME_TRELLIS,0.033177921962099975,0.48330219445393119,61,33,28,33,3,33,32,99,1,1,88,32768,1851,32768,36,1
random_linear,"RLC_n32_k28",0.875,32,28,0.01,58,1,11,1,1,1,1,1,5.6307999999999997e-05,0.0017564569999999999,0.00017739700000000001,0.00017739700000000001,SYNDROME_TRELLIS,0.032057716186618859,0.31741235759342035,61,32,29,32,2,32,32,80,1,1,69,32768,1880,32768,34,2
random_linear,"RLC_n32_k28",0.875,32,28,0.01,59,0,1,1,1,1,1,1,7.5218999999999999e-05,0.0026339309999999999,0.000193282,0.000193282,SYNDROME_TRELLIS,0.028557695702734809,0.38916712368456452,62,31,31,31,3,31,32,120,1,1,101,32768,1997,32768,36,2
random_linear,"RLC_n32_k28",0.875,32,28,0.01,60,1,2,1,1,1,1,1,0.000106703,0.00091075800000000001,0.00018049,0.00018049,SYNDROME_TRELLIS,0.11715845482554092,0.59118510720815554,59,29,30,29,6,29,32,46,1,1,41,32768,2008,32768,42,3
random_linear,"RLC_n32_k28",0.875,32,28,0.01,61,0,7,1,1,1,1,1,4.1869999999999997e-05,0.0069949740000000002,0.000133375,0.000133375,SYNDROME_TRELLIS,0.0059857263229284334,0.31392689784442357,63,33,30,33,1,33,32,305,1,1,267,32768,1684,32768,33,1
random_linear,"RLC_n32_k28",0.875,32,28,0.01,62,0,6,1,1,1,1,1,7.3635999999999998e-05,0.0026644110000000002,0.00014762400000000001,0.00014762400000000001,SYNDROME_TRELLIS,0.027636877343623033,0.49880778193247705,62,32,30,32,4,32,32,138,1,1,121,32768,1700,32768,36,3
random_linear,"RLC_n32_k28",0.875,32,28,0.01,63,1,18,1,1,1,1,1,4.9345000000000003e-05,0.0043661919999999996,0.00014002599999999999,0.00014002599999999999,SYNDROME_TRELLIS,0.01130161019029855,0.35239884021538859,63,32,31,32,2,32,32,221,1,1,186,32768,1841,32768,34,2
random_linear,"RLC_n32_k28",0.875,32,28,0.01,64,0,16,1,1,1,1,1,8.9677000000000002e-05,0.00086272200000000001,0.00019195599999999999,0.00019195599999999999,SYNDROME_TRELLIS,0.10394657838793957,0.46717476921794582,60,29,31,29,5,29,32,45,1,1,40,32768,2094,32768,43,4
random_linear,"RLC_n32_k28",0.875,32,28,0.01,65,1,30,1,1,1,1,1,0.001306701,0.016295025000000001,0.001727817,0.001727817,SYNDROME_TRELLIS,0.080190180745350184,0.75627279972358186,2040,968,1072,968,51,968,32,751,1,1,693,32768,13103,32768,128,48
random_linear,"RLC_n32_k28",0.875,32,28,0.01,66,0,0,1,1,1,1,1,5.4746000000000001e-05,0.0029338120000000001,0.000180349,0.000180349,SYNDROME_TRELLIS,0.018660364058774047,0.30355588331512789,62,33,29,33,2,33,32,135,1,1,120,32768,2223,32768,34,1
random_linear,"RLC_n32_k28",0.875,32,28,0.01,67,0,9,1,1,1,1,1,5.3365000000000002e-05,0.0064806309999999997,0.00014500099999999999,0.00014500099999999999,SYNDROME_TRELLIS,0.0082345376553610294,0.36803194460727862,63,32,31,32,2,32,32,285,1,1,253,32768,1816,32768,35,2
random_linear,"RLC_n32_k28",0.875,32,28,0.01,68,1,22,1,1,1,1,1,4.3114000000000001e-05,0.010825411,0.000151259,0.000151259,SYNDROME_TRELLIS,0.0039826663394119631,0.28503427895199623,64,33,31,33,1,33,32,464,1,1,407,32768,1799,32768,33,1
random_linear,"RLC_n32_k28",0.875,32,28,0.01,69,1,27,1,1,1,1,1,7.9807000000000003e-05,0.0051596350000000001,0.000185281,0.000185281,SYNDROME_TRELLIS,0.015467566988750174,0.4307349377432117,63,33,30,33,4,33,32,235,1,1,207,32768,2055,32768,37,4
random_linear,"RLC_n32_k28",0.875,32,28,0.01,70,0,31,1,1,1,1,1,5.3890000000000001e-05,0.0082643309999999998,0.00017273399999999999,0.00017273399999999999,SYNDROME_TRELLIS,0.0065207940001435084,0.31198258594138967,64,33,31,33,2,33,32,373,1,1,334,32768,1975,32768,34,2
random_linear,"RLC_n32_k28",0.875,32,28,0.01,71,0,15,1,1,1,1,1,4.0203000000000001e-05,0.0057824629999999998,0.00014374599999999999,0.00014374599999999999,SYNDROME_TRELLIS,0.006952573669732085,0.27968082590124249,64,33,31,33,1,33,32,285,1,1,245,32768,1725,32768,33,1
random_linear,"RLC_n32_k28",0.875,32,28,0.01,72,0,22,1,1,1,1,1,7.5395000000000006e-05,0.00086218500000000001,0.000147732,0.000147732,SYNDROME_TRELLIS,0.087446429710560963,0.51034982265182904,60,30,30,30,4,30,32,48,1,1,40,32768,1716,32768,36,2
random_linear,"RLC_n32_k28",0.875,32,28,0.01,73,0,19,1,1,1,1,1,4.8600999999999998e-05,0.00062812199999999995,0.000116038,0.000116038,SYNDROME_TRELLIS,0.077375095920856146,0.41883693272893358,58,30,28,30,2,30,32,36,1,1,31,32768,1624,32768,34,2
random_linear,"RLC_n32_k28",0.875,32,28,0.01,74,0,15,1,1,1,1,1,9.8214000000000005e-05,0.00082040900000000003,0.00021439199999999999,0.00021439199999999999,SYNDROME_TRELLIS,0.11971345999373484,0.4581047800291056,58,30,28,30,6,30,32,43,1,1,38,32768,2238,32768,45,4
random_linear,"RLC_n32_k28",0.875,32,28,0.01,75,0,16,1,1,1,1,1,7.9128000000000005e-05,0.0034294320000000001,0.00021481500000000001,0.00021481500000000001,SYNDROME_TRELLIS,0.023073208624635216,0.36835416521192654,63,33,30,33,4,33,32,166,1,1,136,32768,2092,32768,37,4
random_linear,"RLC_n32_k28",0.875,32,28,0.01,76,0,3,1,1,1,1,1,9.4920000000000006e-05,0.0022832429999999999,0.000326457,0.000326457,SYNDROME_TRELLIS,0.041572447610701099,0.29075804776739356,62,32,30,32,5,32,32,111,1,1,95,32768,3735,32768,39,4
random_linear,"RLC_n32_k28",0.875,32,28,0.01,77,0,12,1,1,1,1,1,7.1187999999999997e-05,0.00076304499999999996,0.00018599900000000001,0.00018599900000000001,SYNDROME_TRELLIS,0.093294628757150624,0.38273324050129298,59,31,28,31,4,31,32,42,1,1,37,32768,1872,32768,40,4
random_linear,"RLC_n32_k28",0.875,32,28,0.01,78,0,3,1,1,1,1,1,0.00011020500000000001,0.00095419299999999999,0.00024781299999999999,0.00024781299999999999,SYNDROME_TRELLIS,0.11549550248220225,0.4447103259312466,60,29,31,29,7,29,32,50,1,1,44,32768,2350,32768,46,7
random_linear,"RLC_n32_k28",0.875,32,28,0.01,79,0,24,1,1,1,1,1,5.3526999999999998e-05,0.0040000299999999999,0.00017266300000000001,0.00017266300000000001,SYNDROME_TRELLIS,0.013381649637627717,0.31000851369430621,63,33,30,33,2,33,32,190,1,1,170,32768,2058,32768,34,2
named_crc_linear,"CRC_n32_k24_CRC-8/ATM-like",0.75,32,24,0.002,0,0,15,1,1,1,1,1,3.9572e-05,0.0071387439999999998,0.00032298800000000002,0.00032298800000000002,SYNDROME_TRELLIS,0.0055432720377702298,0.12251848365883561,64,33,31,33,1,33,32,361,1,1,301,524288,2401,524288,33,1
named_crc_linear,"CRC_n32_k24_CRC-8/ATM-like",0.75,32,24,0.002,1,0,15,1,1,1,1,1,3.7880000000000003e-05,0.001355768,0.000329463,0.000329463,SYNDROME_TRELLIS,0.027939883519894262,0.11497497442808449,60,31,29,31,1,31,32,75,1,1,63,524288,2234,524288,33,1
named_crc_linear,"CRC_n32_k24_CRC-8/ATM-like",0.75,32,24,0.002,2,0,6,1,1,1,1,1,3.8995000000000002e-05,0.0047152619999999996,0.00036853599999999998,0.00036853599999999998,SYNDROME_TRELLIS,0.00826995403436755,0.10581055853430874,64,33,31,33,1,33,32,284,1,1,242,524288,2901,524288,33,1
named_crc_linear,"CRC_n32_k24_CRC-8/ATM-like",0.75,32,24,0.002,3,0,23,1,1,1,1,1,5.4608999999999998e-05,0.0063188150000000002,0.00040217600000000002,0.00040217600000000002,SYNDROME_TRELLIS,0.0086422849853967868,0.13578383593252705,64,33,31,33,2,33,32,315,1,1,262,524288,3270,524288,34,2
named_crc_linear,"CRC_n32_k24_CRC-8/ATM-like",0.75,32,24,0.002,4,0,31,1,1,1,1,1,5.4120999999999999e-05,0.0051332249999999999,0.00038121500000000002,0.00038121500000000002,SYNDROME_TRELLIS,0.010543274452220582,0.14196975460042233,64,33,31,33,2,33,32,256,1,1,201,524288,2801,524288,34,2
named_crc_linear,"CRC_n32_k24_CRC-8/ATM-like",0.75,32,24,0.002,5,3,7,1,1,1,1,1,0.000672464,0.038087041000000002,0.000313274,0.000313274,SYNDROME_TRELLIS,0.017655979103233563,2.1465681799319447,2046,969,1077,969,1,969,32,1818,1,1,1391,524288,2262,524288,33,1
named_crc_linear,"CRC_n32_k24_CRC-8/ATM-like",0.75,32,24,0.002,6,0,5,1,1,1,1,1,3.9416999999999999e-05,0.0014308389999999999,0.00032163599999999998,0.00032163599999999998,SYNDROME_TRELLIS,0.027548172785337832,0.12255158004700967,61,33,28,33,1,33,32,81,1,1,60,524288,2121,524288,33,1
named_crc_linear,"CRC_n32_k24_CRC-8/ATM-like",0.75,32,24,0.002,7,0,14,1,1,1,1,1,3.7697000000000002e-05,0.00098036299999999994,0.000318256,0.000318256,SYNDROME_TRELLIS,0.038452083564965225,0.1184486702528782,60,30,30,30,1,30,32,61,1,1,46,524288,2030,524288,33,1
named_crc_linear,"CRC_n32_k24_CRC-8/ATM-like",0.75,32,24,0.002,8,0,0,1,1,1,1,1,5.4290999999999999e-05,0.0036433699999999999,0.000382977,0.000382977,SYNDROME_TRELLIS,0.014901313893455784,0.14176047125545399,63,32,31,32,2,32,32,181,1,1,157,524288,2768,524288,34,2
named_crc_linear,"CRC_n32_k24_CRC-8/ATM-like",0.75,32,24,0.002,9,0,17,1,1,1,1,1,4.0567e-05,0.0041429739999999998,0.00035223399999999999,0.00035223399999999999,SYNDROME_TRELLIS,0.0097917582876455422,0.11517059681915999,63,32,31,32,1,32,32,206,1,1,171,524288,2551,524288,33,1
named_crc_linear,"CRC_n32_k24_CRC-8/ATM-like",0.75,32,24,0.002,10,1,7,1,1,1,1,1,3.8198000000000003e-05,0.0020602390000000002,0.000326454,0.000326454,SYNDROME_TRELLIS,0.018540567380774753,0.11700882819631557,63,33,30,33,1,33,32,119,1,1,98,524288,2153,524288,33,1
named_crc_linear,"CRC_n32_k24_CRC-8/ATM-like",0.75,32,24,0.002,11,0,10,1,1,1,1,1,3.8841999999999998e-05,0.00083803999999999997,0.00035893399999999999,0.00035893399999999999,SYNDROME_TRELLIS,0.046348622977423509,0.1082148807301621,60,30,30,30,1,30,32,49,1,1,37,524288,2772,524288,33,1
named_crc_linear,"CRC_n32_k24_CRC-8/ATM-like",0.75,32,24,0.002,12,2,14,1,1,1,1,1,4.1124999999999997e-05,0.0068749420000000002,0.00032466299999999999,0.00032466299999999999,SYNDROME_TRELLIS,0.0059818686470373122,0.12666980838592631,64,33,31,33,1,33,32,330,1,1,286,524288,2352,524288,33,1
named_crc_linear,"CRC_n32_k24_CRC-8/ATM-like",0.75,32,24,0.002,13,0,16,1,1,1,1,1,4.1792999999999998e-05,0.0043953610000000004,0.00034722300000000002,0.00034722300000000002,SYNDROME_TRELLIS,0.0095084340057619825,0.12036357038560232,64,33,31,33,1,33,32,224,1,1,186,524288,2565,524288,33,1
named_crc_linear,"CRC_n32_k24_CRC-8/ATM-like",0.75,32,24,0.002,14,0,13,1,1,1,1,1,4.1219e-05,0.0064444660000000003,0.00033220800000000002,0.00033220800000000002,SYNDROME_TRELLIS,0.0063960303305192392,0.12407588017145883,64,33,31,33,1,33,32,306,1,1,261,524288,2192,524288,33,1
named_crc_linear,"CRC_n32_k24_CRC-8/ATM-like",0.75,32,24,0.002,15,0,1,1,1,1,1,1,4.0669e-05,0.002785409,0.000318776,0.000318776,SYNDROME_TRELLIS,0.0146007282951983,0.12757861319547267,62,32,30,32,1,32,32,146,1,1,121,524288,2091,524288,33,1
named_crc_linear,"CRC_n32_k24_CRC-8/ATM-like",0.75,32,24,0.002,16,0,31,1,1,1,1,1,4.1724999999999998e-05,0.0037827009999999999,0.00030777799999999998,0.00030777799999999998,SYNDROME_TRELLIS,0.0110304779574172,0.13556849417437244,63,33,30,33,1,33,32,193,1,1,149,524288,2063,524288,33,1
named_crc_linear,"CRC_n32_k24_CRC-8/ATM-like",0.75,32,24,0.002,17,0,4,1,1,1,1,1,3.9382999999999999e-05,0.0010691920000000001,0.00034932300000000002,0.00034932300000000002,SYNDROME_TRELLIS,0.036834357159425055,0.11274093031377835,61,32,29,32,1,32,32,59,1,1,46,524288,2612,524288,33,1
named_crc_linear,"CRC_n32_k24_CRC-8/ATM-like",0.75,32,24,0.002,18,0,8,1,1,1,1,1,5.1697000000000003e-05,0.0056721460000000003,0.00036506700000000001,0.00036506700000000001,SYNDROME_TRELLIS,0.0091141871171863346,0.14160962234329588,64,33,31,33,2,33,32,282,1,1,227,524288,2628,524288,34,2
named_crc_linear,"CRC_n32_k24_CRC-8/ATM-like",0.75,32,24,0.002,19,0,2,1,1,1,1,1,3.9198e-05,0.0010455410000000001,0.00041062,0.00041062,SYNDROME_TRELLIS,0.037490638817607343,0.095460523111392526,59,30,29,30,1,30,32,52,1,1,42,524288,2195,524288,33,1
named_crc_linear,"CRC_n32_k24_CRC-8/ATM-like",0.75,32,24,0.002,20,0,23,1,1,1,1,1,3.8244999999999997e-05,0.00068840700000000004,0.000347869,0.000347869,SYNDROME_TRELLIS,0.055555797660395659,0.1099408110524364,60,31,29,31,1,31,32,42,1,1,32,524288,2349,524288,33,1
named_crc_linear,"CRC_n32_k24_CRC-8/ATM-like",0.75,32,24,0.002,21,0,20,1,1,1,1,1,3.9362e-05,0.00064264300000000003,0.00031692899999999997,0.00031692899999999997,SYNDROME_TRELLIS,0.061250180893590994,0.12419816425760975,61,32,29,32,1,32,32,39,1,1,28,524288,2086,524288,33,1
named_crc_linear,"CRC_n32_k24_CRC-8/ATM-like",0.75,32,24,0.002,22,0,9,1,1,1,1,1,3.9344000000000001e-05,0.0022822710000000002,0.00034502900000000001,0.00034502900000000001,SYNDROME_TRELLIS,0.017238969430010721,0.11403099449611483,62,32,30,32,1,32,32,121,1,1,98,524288,2453,524288,33,1
named_crc_linear,"CRC_n32_k24_CRC-8/ATM-like",0.75,32,24,0.002,23,0,15,1,1,1,1,1,3.7709000000000001e-05,0.00066362500000000004,0.00032425299999999999,0.00032425299999999999,SYNDROME_TRELLIS,0.056822753814277642,0.11629499187362954,60,33,27,33,1,33,32,41,1,1,30,524288,2504,524288,33,1
named_crc_linear,"CRC_n32_k24_CRC-8/ATM-like",0.75,32,24,0.002,24,0,21,1,1,1,1,1,5.6861999999999999e-05,0.0041872180000000004,0.00036321599999999997,0.00036321599999999997,SYNDROME_TRELLIS,0.013579899589655947,0.1565514735033699,64,33,31,33,2,33,32,209,1,1,179,524288,2430,524288,34,2
named_crc_linear,"CRC_n32_k24_CRC-8/ATM-like",0.75,32,24,0.002,25,0,16,1,1,1,1,1,3.9363000000000002e-05,0.0013687059999999999,0.00033512,0.00033512,SYNDROME_TRELLIS,0.028759280663634122,0.11745941752208165,62,32,30,32,1,32,32,77,1,1,55,524288,2366,524288,33,1
named_crc_linear,"CRC_n32_k24_CRC-8/ATM-like",0.75,32,24,0.002,26,0,17,1,1,1,1,1,4.0734e-05,0.0060685920000000003,0.00036109199999999998,0.00036109199999999998,SYNDROME_TRELLIS,0.0067122653821512467,0.11280781629058523,64,33,31,33,1,33,32,297,1,1,254,524288,2560,524288,33,1
named_crc_linear,"CRC_n32_k24_CRC-8/ATM-like",0.75,32,24,0.002,27,0,28,1,1,1,1,1,3.8902000000000001e-05,0.00072701199999999997,0.00032598099999999998,0.00032598099999999998,SYNDROME_TRELLIS,0.053509433131777744,0.11933824363996676,60,32,28,32,1,32,32,43,1,1,33,524288,2171,524288,33,1
named_crc_linear,"CRC_n32_k24_CRC-8/ATM-like",0.75,32,24,0.002,28,0,1,1,1,1,1,1,4.1819000000000001e-05,0.0064185229999999998,0.00031546800000000001,0.00031546800000000001,SYNDROME_TRELLIS,0.0065153618675199889,0.13256178122662204,64,33,31,33,1,33,32,321,1,1,260,524288,2204,524288,33,1
named_crc_linear,"CRC_n32_k24_CRC-8/ATM-like",0.75,32,24,0.002,29,0,9,1,1,1,1,1,3.9036999999999999e-05,0.001623602,0.000337158,0.000337158,SYNDROME_TRELLIS,0.024043453999194383,0.11578251146346816,62,32,30,32,1,32,32,88,1,1,73,524288,2288,524288,33,1
named_crc_linear,"CRC_n32_k24_CRC-8/ATM-like",0.75,32,24,0.002,30,0,25,1,1,1,1,1,4.0806999999999997e-05,0.0046779769999999998,0.00037656799999999998,0.00037656799999999998,SYNDROME_TRELLIS,0.0087232151846834641,0.10836555416286035,63,33,30,33,1,33,32,226,1,1,184,524288,2809,524288,33,1
named_crc_linear,"CRC_n32_k24_CRC-8/ATM-like",0.75,32,24,0.002,31,0,14,1,1,1,1,1,4.0620000000000001e-05,0.0056485659999999998,0.00034048100000000001,0.00034048100000000001,SYNDROME_TRELLIS,0.007191205697162785,0.11930181126112764,64,33,31,33,1,33,32,274,1,1,225,524288,2403,524288,33,1
named_crc_linear,"CRC_n32_k24_CRC-8/ATM-like",0.75,32,24,0.002,32,0,14,1,1,1,1,1,4.0139000000000003e-05,0.0030817269999999998,0.00034986400000000002,0.00034986400000000002,SYNDROME_TRELLIS,0.013024839643485619,0.11472743694692795,63,32,31,32,1,32,32,152,1,1,127,524288,2340,524288,33,1
named_crc_linear,"CRC_n32_k24_CRC-8/ATM-like",0.75,32,24,0.002,33,0,1,1,1,1,1,1,3.9811999999999998e-05,0.001437799,0.00034439699999999998,0.00034439699999999998,SYNDROME_TRELLIS,0.027689544922482209,0.11559914865692791,61,30,31,30,1,30,32,78,1,1,61,524288,2357,524288,33,1
named_crc_linear,"CRC_n32_k24_CRC-8/ATM-like",0.75,32,24,0.002,34,0,25,1,1,1,1,1,4.9701999999999999e-05,0.0015072410000000001,0.00042909799999999999,0.00042909799999999999,SYNDROME_TRELLIS,0.032975483018309611,0.11582901807978598,61,33,28,33,2,33,32,85,1,1,62,524288,3456,524288,36,1
named_crc_linear,"CRC_n32_k24_CRC-8/ATM-like",0.75,32,24,0.002,35,1,10,1,1,1,1,1,0.00069613800000000001,0.017353538000000002,0.00040037900000000002,0.00040037900000000002,SYNDROME_TRELLIS,0.040115047432978793,1.7386975840391228,2044,973,1071,973,5,973,32,876,1,1,730,524288,2714,524288,43,4
named_crc_linear,"CRC_n32_k24_CRC-8/ATM-like",0.75,32,24,0.002,36,0,1,1,1,1,1,1,5.0359999999999999e-05,0.00054910699999999996,0.00043013099999999999,0.00043013099999999999,SYNDROME_TRELLIS,0.091712544185377359,0.11708061032569148,57,33,24,33,2,33,32,34,1,1,25,524288,3092,524288,35,2
named_crc_linear,"CRC_n32_k24_CRC-8/ATM-like",0.75,32,24,0.002,37,0,29,1,1,1,1,1,4.1482e-05,0.0061687740000000001,0.00034043499999999999,0.00034043499999999999,SYNDROME_TRELLIS,0.0067245128448537748,0.12184998604726306,64,33,31,33,1,33,32,313,1,1,266,524288,2722,524288,33,1
named_crc_linear,"CRC_n32_k24_CRC-8/ATM-like",0.75,32,24,0.002,38,0,23,1,1,1,1,1,3.8908000000000001e-05,0.002439166,0.00037875700000000002,0.00037875700000000002,SYNDROME_TRELLIS,0.015951353864394634,0.10272549418228574,63,33,30,33,1,33,32,131,1,1,105,524288,2410,524288,33,1
named_crc_linear,"CRC_n32_k24_CRC-8/ATM-like",0.75,32,24,0.002,39,1,27,1,1,1,1,1,3.9609e-05,0.0058421590000000004,0.00032915700000000001,0.00032915700000000001,SYNDROME_TRELLIS,0.0067798565564545568,0.12033467311951439,64,33,31,33,1,33,32,306,1,1,269,524288,2466,524288,33,1
named_crc_linear,"CRC_n32_k24_CRC-8/ATM-like",0.75,32,24,0.002,40,0,26,1,1,1,1,1,4.0769000000000002e-05,0.0041335169999999997,0.00039384100000000003,0.00039384100000000003,SYNDROME_TRELLIS,0.0098630294734483991,0.10351639367155781,63,33,30,33,1,33,32,195,1,1,160,524288,2614,524288,33,1
named_crc_linear,"CRC_n32_k24_CRC-8/ATM-like",0.75,32,24,0.002,41,0,26,1,1,1,1,1,3.9960999999999999e-05,0.0014970140000000001,0.00035145899999999998,0.00035145899999999998,SYNDROME_TRELLIS,0.026693805134754917,0.11370031781801007,62,31,31,31,1,31,32,69,1,1,52,524288,2314,524288,33,1
named_crc_linear,"CRC_n32_k24_CRC-8/ATM-like",0.75,32,24,0.002,42,0,9,1,1,1,1,1,3.8621999999999997e-05,0.0022081359999999999,0.000324185,0.000324185,SYNDROME_TRELLIS,0.017490770496020172,0.11913567870197571,63,33,30,33,1,33,32,116,1,1,91,524288,2482,524288,33,1
named_crc_linear,"CRC_n32_k24_CRC-8/ATM-like",0.75,32,24,0.002,43,0,17,1,1,1,1,1,5.3492999999999998e-05,0.0048342230000000003,0.00043366999999999999,0.00043366999999999999,SYNDROME_TRELLIS,0.011065480429843637,0.12334955150229437,64,33,31,33,2,33,32,232,1,1,185,524288,2907,524288,34,2
named_crc_linear,"CRC_n32_k24_CRC-8/ATM-like",0.75,32,24,0.002,44,1,8,1,1,1,1,1,0.00076031000000000004,0.016952812000000001,0.00036573200000000001,0.00036573200000000001,SYNDROME_TRELLIS,0.044848606826997199,2.0788719608893946,2043,962,1081,962,3,962,32,843,1,1,698,524288,2864,524288,36,1
named_crc_linear,"CRC_n32_k24_CRC-8/ATM-like",0.75,32,24,0.002,45,0,0,1,1,1,1,1,5.4066e-05,0.0063436459999999997,0.000369976,0.000369976,SYNDROME_TRELLIS,0.0085228589363277839,0.14613380327372585,64,33,31,33,2,33,32,316,1,1,266,524288,2706,524288,34,2
named_crc_linear,"CRC_n32_k24_CRC-8/ATM-like",0.75,32,24,0.002,46,0,17,1,1,1,1,1,3.9595999999999998e-05,0.00095370199999999996,0.00062945799999999995,0.00062945799999999995,SYNDROME_TRELLIS,0.041518210090783075,0.062904911844793465,61,32,29,32,1,32,32,54,1,1,43,524288,5689,524288,33,1
named_crc_linear,"CRC_n32_k24_CRC-8/ATM-like",0.75,32,24,0.002,47,0,30,1,1,1,1,1,4.1835999999999997e-05,0.0072748630000000003,0.000359768,0.000359768,SYNDROME_TRELLIS,0.0057507612170840878,0.1162860510106513,64,33,31,33,1,33,32,351,1,1,279,524288,2557,524288,33,1
named_crc_linear,"CRC_n32_k24_CRC-8/ATM-like",0.75,32,24,0.002,48,0,15,1,1,1,1,1,4.2828999999999999e-05,0.0061122939999999999,0.00046043000000000001,0.00046043000000000001,SYNDROME_TRELLIS,0.0070070255128434596,0.093019568664074889,64,33,31,33,1,33,32,315,1,1,260,524288,3807,524288,33,1
named_crc_linear,"CRC_n32_k24_CRC-8/ATM-like",0.75,32,24,0.002,49,0,5,1,1,1,1,1,3.9886999999999999e-05,0.0056174390000000001,0.00034432700000000001,0.00034432700000000001,SYNDROME_TRELLIS,0.0071005666461175631,0.1158404656039172,64,33,31,33,1,33,32,294,1,1,236,524288,2115,524288,33,1
named_crc_linear,"CRC_n32_k24_CRC-8/ATM-like",0.75,32,24,0.002,50,0,13,1,1,1,1,1,3.6977999999999997e-05,0.00064808699999999999,0.00031822000000000003,0.00031822000000000003,SYNDROME_TRELLIS,0.057057154363534521,0.11620262711331782,59,29,30,29,1,29,32,41,1,1,30,524288,2084,524288,33,1
named_crc_linear,"CRC_n32_k24_CRC-8/ATM-like",0.75,32,24,0.002,51,0,9,1,1,1,1,1,3.854e-05,0.00079750100000000005,0.000340274,0.000340274,SYNDROME_TRELLIS,0.048325958211964622,0.11326166559889971,60,31,29,31,1,31,32,48,1,1,38,524288,2387,524288,33,1
named_crc_linear,"CRC_n32_k24_CRC-8/ATM-like",0.75,32,24,0.002,52,0,4,1,1,1,1,1,3.9552999999999999e-05,0.002781623,0.00032690099999999999,0.00032690099999999999,SYNDROME_TRELLIS,0.014219396373987416,0.12099381770015999,63,32,31,32,1,32,32,142,1,1,111,524288,2125,524288,33,1
named_crc_linear,"CRC_n32_k24_CRC-8/ATM-like",0.75,32,24,0.002,53,0,6,1,1,1,1,1,4.0256000000000002e-05,0.0053254670000000004,0.00035007499999999998,0.00035007499999999998,SYNDROME_TRELLIS,0.0075591492727304479,0.11499250160679855,64,33,31,33,1,33,32,272,1,1,222,524288,2545,524288,33,1
named_crc_linear,"CRC_n32_k24_CRC-8/ATM-like",0.75,32,24,0.002,54,0,5,1,1,1,1,1,3.9694000000000003e-05,0.0019886740000000002,0.00033880599999999998,0.00033880599999999998,SYNDROME_TRELLIS,0.019960033670677044,0.11715849188030911,62,32,30,32,1,32,32,104,1,1,81,524288,2279,524288,33,1
named_crc_linear,"CRC_n32_k24_CRC-8/ATM-like",0.75,32,24,0.002,55,0,4,1,1,1,1,1,3.8761999999999999e-05,0.0056209349999999996,0.00032656500000000001,0.00032656500000000001,SYNDROME_TRELLIS,0.0068960057357005554,0.11869612481435549,64,33,31,33,1,33,32,328,1,1,269,524288,2346,524288,33,1
named_crc_linear,"CRC_n32_k24_CRC-8/ATM-like",0.75,32,24,0.002,56,0,10,1,1,1,1,1,3.8000999999999998e-05,0.00079409700000000001,0.00032866999999999998,0.00032866999999999998,SYNDROME_TRELLIS,0.047854355324349541,0.11562053123193476,59,31,28,31,1,31,32,47,1,1,36,524288,2262,524288,33,1
named_crc_linear,"CRC_n32_k24_CRC-8/ATM-like",0.75,32,24,0.002,57,0,24,1,1,1,1,1,3.977e-05,0.0058472230000000004,0.00036719999999999998,0.00036719999999999998,SYNDROME_TRELLIS,0.0068015192853085986,0.10830610021786494,64,33,31,33,1,33,32,306,1,1,259,524288,2320,524288,33,1
named_crc_linear,"CRC_n32_k24_CRC-8/ATM-like",0.75,32,24,0.002,58,0,12,1,1,1,1,1,3.8618999999999997e-05,0.001586149,0.00032370400000000002,0.00032370400000000002,SYNDROME_TRELLIS,0.024347649558774109,0.11930343770852382,62,33,29,33,1,33,32,89,1,1,71,524288,2314,524288,33,1
named_crc_linear,"CRC_n32_k24_CRC-8/ATM-like",0.75,32,24,0.002,59,0,4,1,1,1,1,1,4.0751999999999999e-05,0.0038825940000000001,0.00034557300000000001,0.00034557300000000001,SYNDROME_TRELLIS,0.01049607556185375,0.11792587962601245,63,32,31,32,1,32,32,191,1,1,157,524288,2456,524288,33,1
named_crc_linear,"CRC_n32_k24_CRC-8/ATM-like",0.75,32,24,0.002,60,0,6,1,1,1,1,1,3.9932999999999999e-05,0.0018704100000000001,0.00033426000000000002,0.00033426000000000002,SYNDROME_TRELLIS,0.021349864468218197,0.11946688206785136,62,31,31,31,1,31,32,97,1,1,77,524288,2438,524288,33,1
named_crc_linear,"CRC_n32_k24_CRC-8/ATM-like",0.75,32,24,0.002,61,0,2,1,1,1,1,1,4.1152000000000002e-05,0.0016874279999999999,0.00033414399999999998,0.00033414399999999998,SYNDROME_TRELLIS,0.024387410899902102,0.12315648343229267,61,31,30,31,1,31,32,90,1,1,73,524288,2657,524288,33,1
named_crc_linear,"CRC_n32_k24_CRC-8/ATM-like",0.75,32,24,0.002,62,0,30,1,1,1,1,1,4.4033999999999999e-05,0.00073628300000000001,0.000380529,0.000380529,SYNDROME_TRELLIS,0.059805808364446822,0.11571785593213657,60,30,30,30,1,30,32,44,1,1,30,524288,2770,524288,34,1
named_crc_linear,"CRC_n32_k24_CRC-8/ATM-like",0.75,32,24,0.002,63,0,15,1,1,1,1,1,3.9177000000000001e-05,0.00068442000000000004,0.00037859599999999998,0.00037859599999999998,SYNDROME_TRELLIS,0.057241167704041376,0.1034796986761614,60,32,28,32,1,32,32,41,1,1,31,524288,2353,524288,33,1
named_crc_linear,"CRC_n32_k24_CRC-8/ATM-like",0.75,32,24,0.002,64,0,24,1,1,1,1,1,3.9728999999999999e-05,0.0060030700000000001,0.00034738199999999998,0.00034738199999999998,SYNDROME_TRELLIS,0.0066181137318072252,0.11436689293054908,64,33,31,33,1,33,32,298,1,1,244,524288,2317,524288,33,1
named_crc_linear,"CRC_n32_k24_CRC-8/ATM-like",0.75,32,24,0.002,65,0,25,1,1,1,1,1,4.0129999999999997e-05,0.00079359600000000004,0.00031238300000000001,0.00031238300000000001,SYNDROME_TRELLIS,0.050567291165782083,0.12846409695790104,61,32,29,32,1,32,32,45,1,1,34,524288,2002,524288,33,1
named_crc_linear,"CRC_n32_k24_CRC-8/ATM-like",0.75,32,24,0.002,66,0,25,1,1,1,1,1,3.9841e-05,0.0042942199999999996,0.00032400000000000001,0.00032400000000000001,SYNDROME_TRELLIS,0.0092778199533326208,0.12296604938271605,64,33,31,33,1,33,32,216,1,1,181,524288,2252,524288,33,1
named_crc_linear,"CRC_n32_k24_CRC-8/ATM-like",0.75,32,24,0.002,67,0,16,1,1,1,1,1,4.1585000000000002e-05,0.0070502639999999997,0.00032305799999999998,0.00032305799999999998,SYNDROME_TRELLIS,0.0058983606855005722,0.12872301568139469,64,33,31,33,1,33,32,340,1,1,279,524288,2242,524288,33,1
named_crc_linear,"CRC_n32_k24_CRC-8/ATM-like",0.75,32,24,0.002,68,0,16,1,1,1,1,1,4.0269999999999999e-05,0.0057747409999999999,0.000347659,0.000347659,SYNDROME_TRELLIS,0.0069734729228548955,0.1158318927454776,64,33,31,33,1,33,32,290,1,1,231,524288,2480,524288,33,1
named_crc_linear,"CRC_n32_k24_CRC-8/ATM-like",0.75,32,24,0.002,69,0,31,1,1,1,1,1,4.2137e-05,0.0076349180000000001,0.000319017,0.000319017,SYNDROME_TRELLIS,0.0055189852726643561,0.13208387013858194,64,33,31,33,1,33,32,366,1,1,301,524288,2126,524288,33,1
named_crc_linear,"CRC_n32_k24_CRC-8/ATM-like",0.75,32,24,0.002,70,0,19,1,1,1,1,1,4.5865999999999998e-05,0.0068018339999999997,0.00040042399999999997,0.00040042399999999997,SYNDROME_TRELLIS,0.0067431813243310551,0.11454358380117076,64,33,31,33,1,33,32,311,1,1,258,524288,2460,524288,33,1
named_crc_linear,"CRC_n32_k24_CRC-8/ATM-like",0.75,32,24,0.002,71,0,24,1,1,1,1,1,4.4660000000000003e-05,0.001667141,0.000390961,0.000390961,SYNDROME_TRELLIS,0.026788376028182379,0.11423134276820451,62,31,31,31,1,31,32,84,1,1,65,524288,2194,524288,33,1
named_crc_linear,"CRC_n32_k24_CRC-8/ATM-like",0.75,32,24,0.002,72,0,13,1,1,1,1,1,3.9869000000000001e-05,0.00072342000000000001,0.00035588800000000001,0.00035588800000000001,SYNDROME_TRELLIS,0.05511182991899588,0.11202681742570697,59,30,29,30,1,30,32,40,1,1,30,524288,2284,524288,33,1
named_crc_linear,"CRC_n32_k24_CRC-8/ATM-like",0.75,32,24,0.002,73,0,22,1,1,1,1,1,3.9987000000000002e-05,0.001839919,0.000368585,0.000368585,SYNDROME_TRELLIS,0.021733021942813787,0.10848786575688105,62,33,29,33,1,33,32,101,1,1,76,524288,2255,524288,33,1
named_crc_linear,"CRC_n32_k24_CRC-8/ATM-like",0.75,32,24,0.002,74,0,26,1,1,1,1,1,3.7845000000000001e-05,0.00055035100000000003,0.000355736,0.000355736,SYNDROME_TRELLIS,0.068765206204767504,0.10638507207592147,56,33,23,33,1,33,32,34,1,1,25,524288,2365,524288,33,1
named_crc_linear,"CRC_n32_k24_CRC-8/ATM-like",0.75,32,24,0.002,75,2,15,1,1,1,1,1,0.00072884499999999999,0.042166262000000003,0.00052794199999999999,0.00052794199999999999,SYNDROME_TRELLIS,0.017285027541687238,1.3805399077929015,2047,967,1080,967,8,967,32,2035,1,1,1609,524288,2832,524288,41,7
named_crc_linear,"CRC_n32_k24_CRC-8/ATM-like",0.75,32,24,0.002,76,0,24,1,1,1,1,1,4.0107000000000001e-05,0.0029674179999999999,0.00049224100000000003,0.00049224100000000003,SYNDROME_TRELLIS,0.013515790495306022,0.081478381524497143,63,33,30,33,1,33,32,157,1,1,123,524288,4089,524288,33,1
named_crc_linear,"CRC_n32_k24_CRC-8/ATM-like",0.75,32,24,0.002,77,0,15,1,1,1,1,1,5.1502000000000003e-05,0.002877059,0.00036411100000000002,0.00036411100000000002,SYNDROME_TRELLIS,0.017900918959256659,0.14144587776804327,63,33,30,33,2,33,32,155,1,1,125,524288,2583,524288,34,1
named_crc_linear,"CRC_n32_k24_CRC-8/ATM-like",0.75,32,24,0.002,78,0,16,1,1,1,1,1,4.0194999999999997e-05,0.0027797709999999999,0.00036816799999999999,0.00036816799999999999,SYNDROME_TRELLIS,0.014459824208540919,0.10917570239673192,63,33,30,33,1,33,32,142,1,1,119,524288,2801,524288,33,1
named_crc_linear,"CRC_n32_k24_CRC-8/ATM-like",0.75,32,24,0.002,79,0,0,1,1,1,1,1,6.1851000000000001e-05,0.00091002499999999996,0.00039184099999999998,0.00039184099999999998,SYNDROME_TRELLIS,0.067966264663058717,0.15784718801758879,58,29,29,29,3,29,32,53,1,1,42,524288,2943,524288,35,1
named_crc_linear,"CRC_n32_k24_CRC-8/ATM-like",0.75,32,24,0.0050000000000000001,0,0,3,1,1,1,1,1,4.1208999999999998e-05,0.0072921430000000001,0.00034534300000000002,0.00034534300000000002,SYNDROME_TRELLIS,0.0056511508345351976,0.11932774082578769,64,33,31,33,1,33,32,341,1,1,279,524288,2227,524288,33,1
named_crc_linear,"CRC_n32_k24_CRC-8/ATM-like",0.75,32,24,0.0050000000000000001,1,0,31,1,1,1,1,1,5.6496000000000003e-05,0.0073407919999999996,0.000368537,0.000368537,SYNDROME_TRELLIS,0.007696172293125865,0.15329804063092717,64,33,31,33,2,33,32,360,1,1,297,524288,2799,524288,34,2
named_crc_linear,"CRC_n32_k24_CRC-8/ATM-like",0.75,32,24,0.0050000000000000001,2,0,30,1,1,1,1,1,4.0831999999999998e-05,0.0012668429999999999,0.00032323399999999999,0.00032323399999999999,SYNDROME_TRELLIS,0.032231302537094178,0.12632334469764939,61,33,28,33,1,33,32,73,1,1,57,524288,2194,524288,33,1
named_crc_linear,"CRC_n32_k24_CRC-8/ATM-like",0.75,32,24,0.0050000000000000001,3,0,26,1,1,1,1,1,3.9025e-05,0.00062489200000000005,0.00032132200000000002,0.00032132200000000002,SYNDROME_TRELLIS,0.062450791496770637,0.1214513789905453,59,33,26,33,1,33,32,40,1,1,30,524288,2212,524288,33,1
named_crc_linear,"CRC_n32_k24_CRC-8/ATM-like",0.75,32,24,0.0050000000000000001,4,0,2,1,1,1,1,1,4.1551999999999998e-05,0.0072400839999999999,0.000345397,0.000345397,SYNDROME_TRELLIS,0.0057391599323985739,0.12030214506784945,64,33,31,33,1,33,32,336,1,1,279,524288,2497,524288,33,1
named_crc_linear,"CRC_n32_k24_CRC-8/ATM-like",0.75,32,24,0.0050000000000000001,5,0,13,1,1,1,1,1,4.1304999999999998e-05,0.003845448,0.00036183599999999998,0.00036183599999999998,SYNDROME_TRELLIS,0.010741271238097615,0.11415392608806199,63,33,30,33,1,33,32,189,1,1,156,524288,2631,524288,33,1
named_crc_linear,"CRC_n32_k24_CRC-8/ATM-like",0.75,32,24,0.0050000000000000001,6,0,2,1,1,1,1,1,5.1264000000000002e-05,0.0013012589999999999,0.00046976800000000002,0.00046976800000000002,SYNDROME_TRELLIS,0.039395692940452288,0.10912620697876399,62,33,29,33,2,33,32,73,1,1,59,524288,3906,524288,36,2
named_crc_linear,"CRC_n32_k24_CRC-8/ATM-like",0.75,32,24,0.0050000000000000001,7,1,15,1,1,1,1,1,0.00068705100000000005,0.043547321999999999,0.00036644999999999999,0.00036644999999999999,SYNDROME_TRELLIS,0.015777112539779141,1.8748833401555467,2047,974,1073,974,4,974,32,2038,1,1,1627,524288,2419,524288,37,3
named_crc_linear,"CRC_n32_k24_CRC-8/ATM-like",0.75,32,24,0.0050000000000000001,8,1,2,1,1,1,1,1,0.00075469700000000003,0.035249197000000003,0.00042365099999999999,0.00042365099999999999,SYNDROME_TRELLIS,0.021410331702024304,1.7814120585104249,2046,966,1080,966,7,966,32,1764,1,1,1358,524288,2650,524288,43,7
named_crc_linear,"CRC_n32_k24_CRC-8/ATM-like",0.75,32,24,0.0050000000000000001,9,0,15,1,1,1,1,1,4.0012000000000002e-05,0.0017671329999999999,0.00031176000000000001,0.00031176000000000001,SYNDROME_TRELLIS,0.022642325167375632,0.12834231460097512,62,32,30,32,1,32,32,94,1,1,74,524288,2058,524288,33,1
named_crc_linear,"CRC_n32_k24_CRC-8/ATM-like",0.75,32,24,0.0050000000000000001,10,0,31,1,1,1,1,1,4.0142999999999998e-05,0.002441829,0.00034601,0.00034601,SYNDROME_TRELLIS,0.016439726123328047,0.11601687812490968,62,31,31,31,1,31,32,137,1,1,114,524288,2563,524288,33,1
named_crc_linear,"CRC_n32_k24_CRC-8/ATM-like",0.75,32,24,0.0050000000000000001,11,0,27,1,1,1,1,1,5.2349999999999999e-05,0.0026592920000000002,0.00037238700000000001,0.00037238700000000001,SYNDROME_TRELLIS,0.01968569077784613,0.14057955836267108,63,33,30,33,2,33,32,131,1,1,110,524288,2571,524288,34,2
named_crc_linear,"CRC_n32_k24_CRC-8/ATM-like",0.75,32,24,0.0050000000000000001,12,0,24,1,1,1,1,1,4.1499999999999999e-05,0.0069245050000000001,0.00042469799999999999,0.00042469799999999999,SYNDROME_TRELLIS,0.0059932081787795657,0.097716495015281443,64,33,31,33,1,33,32,317,1,1,265,524288,3012,524288,33,1
named_crc_linear,"CRC_n32_k24_CRC-8/ATM-like",0.75,32,24,0.0050000000000000001,13,0,10,1,1,1,1,1,3.9468999999999998e-05,0.0040226150000000002,0.00036731699999999998,0.00036731699999999998,SYNDROME_TRELLIS,0.0098117766676651865,0.10745214623880735,64,33,31,33,1,33,32,217,1,1,185,524288,2272,524288,33,1
named_crc_linear,"CRC_n32_k24_CRC-8/ATM-like",0.75,32,24,0.0050000000000000001,14,0,4,1,1,1,1,1,4.0742999999999999e-05,0.0020272939999999998,0.000319592,0.000319592,SYNDROME_TRELLIS,0.02009723306042439,0.12748441763248142,62,31,31,31,1,31,32,104,1,1,79,524288,2064,524288,33,1
named_crc_linear,"CRC_n32_k24_CRC-8/ATM-like",0.75,32,24,0.0050000000000000001,15,0,29,1,1,1,1,1,5.1625999999999997e-05,0.0013000609999999999,0.00041005099999999998,0.00041005099999999998,SYNDROME_TRELLIS,0.039710444356072523,0.12590141226335261,62,31,31,31,2,31,32,72,1,1,54,524288,3265,524288,35,1
named_crc_linear,"CRC_n32_k24_CRC-8/ATM-like",0.75,32,24,0.0050000000000000001,16,0,20,1,1,1,1,1,4.0441999999999997e-05,0.0027031659999999999,0.00035506900000000001,0.00035506900000000001,SYNDROME_TRELLIS,0.014960975389598714,0.11389898864727699,62,32,30,32,1,32,32,131,1,1,110,524288,2567,524288,33,1
named_crc_linear,"CRC_n32_k24_CRC-8/ATM-like",0.75,32,24,0.0050000000000000001,17,0,12,1,1,1,1,1,4.1711000000000001e-05,0.0069164789999999997,0.000389405,0.000389405,SYNDROME_TRELLIS,0.0060306696514223499,0.10711470063301703,64,33,31,33,1,33,32,306,1,1,264,524288,2719,524288,33,1
named_crc_linear,"CRC_n32_k24_CRC-8/ATM-like",0.75,32,24,0.0050000000000000001,18,0,2,1,1,1,1,1,4.1836999999999999e-05,0.0038541719999999999,0.00039352400000000002,0.00039352400000000002,SYNDROME_TRELLIS,0.010854990384445739,0.10631371911243023,63,32,31,32,1,32,32,183,1,1,146,524288,2530,524288,33,1
named_crc_linear,"CRC_n32_k24_CRC-8/ATM-like",0.75,32,24,0.0050000000000000001,19,0,29,1,1,1,1,1,3.9907999999999998e-05,0.0023289610000000001,0.000606524,0.000606524,SYNDROME_TRELLIS,0.017135538121935058,0.065797890932592931,63,32,31,32,1,32,32,119,1,1,96,524288,5530,524288,33,1
named_crc_linear,"CRC_n32_k24_CRC-8/ATM-like",0.75,32,24,0.0050000000000000001,20,0,30,1,1,1,1,1,4.0651000000000001e-05,0.0042125679999999999,0.00034284099999999998,0.00034284099999999998,SYNDROME_TRELLIS,0.0096499332473683509,0.11857099938455437,64,33,31,33,1,33,32,206,1,1,182,524288,2370,524288,33,1
named_crc_linear,"CRC_n32_k24_CRC-8/ATM-like",0.75,32,24,0.0050000000000000001,21,0,19,1,1,1,1,1,5.3208000000000003e-05,0.002111875,0.00045923699999999998,0.00045923699999999998,SYNDROME_TRELLIS,0.02519467298017165,0.11586174458939504,62,33,29,33,2,33,32,111,1,1,88,524288,3409,524288,36,2
named_crc_linear,"CRC_n32_k24_CRC-8/ATM-like",0.75,32,24,0.0050000000000000001,22,0,6,1,1,1,1,1,4.0596999999999998e-05,0.0052618889999999996,0.00033298699999999997,0.00033298699999999997,SYNDROME_TRELLIS,0.0077152900792852152,0.12191767246168769,64,33,31,33,1,33,32,262,1,1,214,524288,2218,524288,33,1
named_crc_linear,"CRC_n32_k24_CRC-8/ATM-like",0.75,32,24,0.0050000000000000001,23,0,9,1,1,1,1,1,4.1325000000000002e-05,0.0025314729999999998,0.00037088099999999999,0.00037088099999999999,SYNDROME_TRELLIS,0.016324487758708074,0.11142387989678632,63,32,31,32,1,32,32,129,1,1,107,524288,2303,524288,33,1
named_crc_linear,"CRC_n32_k24_CRC-8/ATM-like",0.75,32,24,0.0050000000000000001,24,0,14,1,1,1,1,1,3.9821999999999999e-05,0.001683882,0.00033141099999999999,0.00033141099999999999,SYNDROME_TRELLIS,0.023648925518533957,0.12015895670330798,62,31,31,31,1,31,32,90,1,1,73,524288,2464,524288,33,1
named_crc_linear,"CRC_n32_k24_CRC-8/ATM-like",0.75,32,24,0.0050000000000000001,25,0,13,1,1,1,1,1,3.9029999999999997e-05,0.0023186280000000001,0.00033261500000000003,0.00033261500000000003,SYNDROME_TRELLIS,0.016833230686423176,0.11734287389323991,63,32,31,32,1,32,32,125,1,1,101,524288,2336,524288,33,1
named_crc_linear,"CRC_n32_k24_CRC-8/ATM-like",0.75,32,24,0.0050000000000000001,26,0,19,1,1,1,1,1,4.0009999999999998e-05,0.0029982920000000001,0.00038185200000000002,0.00038185200000000002,SYNDROME_TRELLIS,0.013344264000971219,0.10477881482878182,63,32,31,32,1,32,32,149,1,1,126,524288,2577,524288,33,1
named_crc_linear,"CRC_n32_k24_CRC-8/ATM-like",0.75,32,24,0.0050000000000000001,27,0,7,1,1,1,1,1,3.9737999999999998e-05,0.001449381,0.00032398399999999998,0.00032398399999999998,SYNDROME_TRELLIS,0.027417221558720582,0.12265420514593313,62,33,29,33,1,33,32,83,1,1,62,524288,2096,524288,33,1
named_crc_linear,"CRC_n32_k24_CRC-8/ATM-like",0.75,32,24,0.0050000000000000001,28,0,22,1,1,1,1,1,4.0318000000000003e-05,0.003258323,0.00038689600000000002,0.00038689600000000002,SYNDROME_TRELLIS,0.012373849983565166,0.1042088830073198,63,33,30,33,1,33,32,169,1,1,138,524288,2877,524288,33,1
named_crc_linear,"CRC_n32_k24_CRC-8/ATM-like",0.75,32,24,0.0050000000000000001,29,0,22,1,1,1,1,1,3.9319000000000001e-05,0.0022363790000000001,0.00033129699999999998,0.00033129699999999998,SYNDROME_TRELLIS,0.017581545882875846,0.11868202851218092,62,32,30,32,1,32,32,117,1,1,89,524288,2342,524288,33,1
named_crc_linear,"CRC_n32_k24_CRC-8/ATM-like",0.75,32,24,0.0050000000000000001,30,0,26,1,1,1,1,1,4.0327999999999997e-05,0.0072621750000000001,0.00030291900000000002,0.00030291900000000002,SYNDROME_TRELLIS,0.0055531572841469668,0.13313129912616903,64,33,31,33,1,33,32,372,1,1,301,524288,1921,524288,33,1
named_crc_linear,"CRC_n32_k24_CRC-8/ATM-like",0.75,32,24,0.0050000000000000001,31,1,29,1,1,1,1,1,0.00062739499999999999,0.026059711999999999,0.00035926000000000003,0.00035926000000000003,SYNDROME_TRELLIS,0.024075285252576854,1.7463536157657404,2046,972,1074,972,5,972,32,1247,1,1,1022,524288,2869,524288,40,4
named_crc_linear,"CRC_n32_k24_CRC-8/ATM-like",0.75,32,24,0.0050000000000000001,32,0,30,1,1,1,1,1,4.0263999999999999e-05,0.005490226,0.000397716,0.000397716,SYNDROME_TRELLIS,0.0073337600310078308,0.10123806937613775,63,33,30,33,1,33,32,274,1,1,223,524288,3180,524288,33,1
named_crc_linear,"CRC_n32_k24_CRC-8/ATM-like",0.75,32,24,0.0050000000000000001,33,0,5,1,1,1,1,1,4.2043999999999999e-05,0.0023117810000000002,0.00031546800000000001,0.00031546800000000001,SYNDROME_TRELLIS,0.018186843823009186,0.13327500729075531,63,33,30,33,1,33,32,130,1,1,103,524288,2483,524288,33,1
named_crc_linear,"CRC_n32_k24_CRC-8/ATM-like",0.75,32,24,0.0050000000000000001,34,1,17,1,1,1,1,1,3.9063000000000002e-05,0.0047743539999999998,0.00035273100000000001,0.00035273100000000001,SYNDROME_TRELLIS,0.0081818398887053626,0.11074444831897395,64,33,31,33,1,33,32,251,1,1,206,524288,2719,524288,33,1
named_crc_linear,"CRC_n32_k24_CRC-8/ATM-like",0.75,32,24,0.0050000000000000001,35,0,25,1,1,1,1,1,4.0948999999999997e-05,0.0050875920000000002,0.00034591299999999999,0.00034591299999999999,SYNDROME_TRELLIS,0.0080487979381994468,0.11837947692049734,64,33,31,33,1,33,32,262,1,1,222,524288,2541,524288,33,1
named_crc_linear,"CRC_n32_k24_CRC-8/ATM-like",0.75,32,24,0.0050000000000000001,36,0,22,1,1,1,1,1,3.6096999999999997e-05,0.00079485199999999997,0.00032148300000000001,0.00032148300000000001,SYNDROME_TRELLIS,0.04541348578100074,0.11228276456297843,59,30,29,30,1,30,32,50,1,1,40,524288,2094,524288,33,1
named_crc_linear,"CRC_n32_k24_CRC-8/ATM-like",0.75,32,24,0.0050000000000000001,37,0,10,1,1,1,1,1,3.8423999999999997e-05,0.0034249699999999998,0.00030762500000000001,0.00030762500000000001,SYNDROME_TRELLIS,0.011218784398111517,0.12490532303941486,63,33,30,33,1,33,32,177,1,1,143,524288,2468,524288,33,1
named_crc_linear,"CRC_n32_k24_CRC-8/ATM-like",0.75,32,24,0.0050000000000000001,38,1,7,1,1,1,1,1,0.00061350300000000005,0.020458899999999999,0.00032242399999999997,0.00032242399999999997,SYNDROME_TRELLIS,0.029987096080434438,1.9027832915663849,2046,932,1114,932,3,932,32,1192,1,1,878,524288,2310,524288,35,3
named_crc_linear,"CRC_n32_k24_CRC-8/ATM-like",0.75,32,24,0.0050000000000000001,39,0,9,1,1,1,1,1,3.7367999999999999e-05,0.0033277789999999999,0.000373791,0.000373791,SYNDROME_TRELLIS,0.011229111067772229,0.099970304260937254,63,32,31,32,1,32,32,168,1,1,139,524288,2520,524288,33,1
named_crc_linear,"CRC_n32_k24_CRC-8/ATM-like",0.75,32,24,0.0050000000000000001,40,0,5,1,1,1,1,1,3.7537999999999999e-05,0.0057127849999999997,0.00045361199999999999,0.00045361199999999999,SYNDROME_TRELLIS,0.0065708756762244682,0.082753542675237865,64,33,31,33,1,33,32,280,1,1,228,524288,2894,524288,33,1
named_crc_linear,"CRC_n32_k24_CRC-8/ATM-like",0.75,32,24,0.0050000000000000001,41,0,17,1,1,1,1,1,3.6752000000000003e-05,0.0020363130000000001,0.00029738699999999998,0.00029738699999999998,SYNDROME_TRELLIS,0.018048305933321646,0.12358307525211258,63,33,30,33,1,33,32,111,1,1,89,524288,2204,524288,33,1
named_crc_linear,"CRC_n32_k24_CRC-8/ATM-like",0.75,32,24,0.0050000000000000001,42,0,3,1,1,1,1,1,3.9184999999999998e-05,0.0015534959999999999,0.00033282,0.00033282,SYNDROME_TRELLIS,0.025223753392348613,0.1177363139234421,61,32,29,32,1,32,32,87,1,1,69,524288,2287,524288,33,1
named_crc_linear,"CRC_n32_k24_CRC-8/ATM-like",0.75,32,24,0.0050000000000000001,43,0,6,1,1,1,1,1,3.6764000000000002e-05,0.0055881120000000001,0.000289886,0.000289886,SYNDROME_TRELLIS,0.0065789662054017532,0.12682226806399757,64,33,31,33,1,33,32,278,1,1,236,524288,2273,524288,33,1
named_crc_linear,"CRC_n32_k24_CRC-8/ATM-like",0.75,32,24,0.0050000000000000001,44,0,5,1,1,1,1,1,3.9407999999999999e-05,0.0010170380000000001,0.00031096599999999998,0.00031096599999999998,SYNDROME_TRELLIS,0.038747814732586192,0.12672768083970595,58,29,29,29,1,29,32,54,1,1,42,524288,2153,524288,33,1
named_crc_linear,"CRC_n32_k24_CRC-8/ATM-like",0.75,32,24,0.0050000000000000001,45,0,0,1,1,1,1,1,5.4012999999999999e-05,0.0030388360000000001,0.000465456,0.000465456,SYNDROME_TRELLIS,0.017774239873425218,0.11604319205252484,63,33,30,33,2,33,32,160,1,1,127,524288,3055,524288,34,2
named_crc_linear,"CRC_n32_k24_CRC-8/ATM-like",0.75,32,24,0.0050000000000000001,46,0,10,1,1,1,1,1,3.6613000000000003e-05,0.0056924089999999998,0.00034920200000000001,0.00034920200000000001,SYNDROME_TRELLIS,0.0064318990430940583,0.10484762401131724,64,33,31,33,1,33,32,300,1,1,249,524288,2891,524288,33,1
named_crc_linear,"CRC_n32_k24_CRC-8/ATM-like",0.75,32,24,0.0050000000000000001,47,0,16,1,1,1,1,1,4.3022999999999998e-05,0.003674381,0.00035572000000000002,0.00035572000000000002,SYNDROME_TRELLIS,0.011708910970310373,0.12094624985944,64,33,31,33,1,33,32,208,1,1,159,524288,2205,524288,33,1
named_crc_linear,"CRC_n32_k24_CRC-8/ATM-like",0.75,32,24,0.0050000000000000001,48,0,21,1,1,1,1,1,3.9740999999999998e-05,0.00098828999999999996,0.00033158200000000002,0.00033158200000000002,SYNDROME_TRELLIS,0.040211881128008983,0.11985270611794366,62,33,29,33,1,33,32,57,1,1,43,524288,2217,524288,33,1
named_crc_linear,"CRC_n32_k24_CRC-8/ATM-like",0.75,32,24,0.0050000000000000001,49,0,11,1,1,1,1,1,3.8729000000000001e-05,0.001135741,0.00031437499999999998,0.00031437499999999998,SYNDROME_TRELLIS,0.03410020418387643,0.12319363817097416,61,33,28,33,1,33,32,61,1,1,50,524288,2007,524288,33,1
named_crc_linear,"CRC_n32_k24_CRC-8/ATM-like",0.75,32,24,0.0050000000000000001,50,1,31,1,1,1,1,1,3.4709000000000003e-05,0.00052794199999999999,0.000339138,0.000339138,SYNDROME_TRELLIS,0.065743964299108615,0.10234476820645284,56,28,28,28,1,28,32,34,1,1,25,524288,2147,524288,33,1
named_crc_linear,"CRC_n32_k24_CRC-8/ATM-like",0.75,32,24,0.0050000000000000001,51,0,7,1,1,1,1,1,3.6779999999999997e-05,0.0013890269999999999,0.00031499099999999998,0.00031499099999999998,SYNDROME_TRELLIS,0.026478966931528326,0.1167652409116451,62,31,31,31,1,31,32,81,1,1,65,524288,2232,524288,33,1
named_crc_linear,"CRC_n32_k24_CRC-8/ATM-like",0.75,32,24,0.0050000000000000001,52,0,5,1,1,1,1,1,4.6461000000000001e-05,0.00091134899999999999,0.000323204,0.000323204,SYNDROME_TRELLIS,0.050980469611531916,0.14375131495897328,57,29,28,29,2,29,32,52,1,1,41,524288,2348,524288,34,1
named_crc_linear,"CRC_n32_k24_CRC-8/ATM-like",0.75,32,24,0.0050000000000000001,53,0,12,1,1,1,1,1,3.4702000000000001e-05,0.00065628799999999999,0.00029647099999999997,0.00029647099999999997,SYNDROME_TRELLIS,0.052876176312838266,0.11705023425562704,58,30,28,30,1,30,32,43,1,1,32,524288,2424,524288,33,1
named_crc_linear,"CRC_n32_k24_CRC-8/ATM-like",0.75,32,24,0.0050000000000000001,54,0,24,1,1,1,1,1,3.7347e-05,0.0057113329999999999,0.000332376,0.000332376,SYNDROME_TRELLIS,0.0065391039184722732,0.11236370857101596,64,33,31,33,1,33,32,276,1,1,237,524288,2458,524288,33,1
named_crc_linear,"CRC_n32_k24_CRC-8/ATM-like",0.75,32,24,0.0050000000000000001,55,0,4,1,1,1,1,1,3.9984000000000002e-05,0.0052743529999999999,0.00036721099999999999,0.00036721099999999999,SYNDROME_TRELLIS,0.0075808350332258771,0.10888562706454873,64,33,31,33,1,33,32,301,1,1,248,524288,3010,524288,33,1
named_crc_linear,"CRC_n32_k24_CRC-8/ATM-like",0.75,32,24,0.0050000000000000001,56,1,28,1,1,1,1,1,0.00066045100000000005,0.044399416999999997,0.00049991100000000002,0.00049991100000000002,SYNDROME_TRELLIS,0.014875217843513578,1.32113716241491,2047,968,1079,968,3,968,32,2194,1,1,1739,524288,4341,524288,35,2
named_crc_linear,"CRC_n32_k24_CRC-8/ATM-like",0.75,32,24,0.0050000000000000001,57,0,13,1,1,1,1,1,3.6402000000000001e-05,0.0014818959999999999,0.000336941,0.000336941,SYNDROME_TRELLIS,0.02456447685937475,0.10803671859465011,62,32,30,32,1,32,32,80,1,1,64,524288,2229,524288,33,1
named_crc_linear,"CRC_n32_k24_CRC-8/ATM-like",0.75,32,24,0.0050000000000000001,58,0,13,1,1,1,1,1,3.7190000000000001e-05,0.003536824,0.000316039,0.000316039,SYNDROME_TRELLIS,0.010515083589118374,0.11767535019412162,63,32,31,32,1,32,32,176,1,1,149,524288,2731,524288,33,1
named_crc_linear,"CRC_n32_k24_CRC-8/ATM-like",0.75,32,24,0.0050000000000000001,59,1,12,1,1,1,1,1,6.0281000000000001e-05,0.005456631,0.00040712799999999998,0.00040712799999999998,SYNDROME_TRELLIS,0.011047292734289711,0.14806399952840385,64,33,31,33,3,33,32,290,1,1,245,524288,3195,524288,35,3
named_crc_linear,"CRC_n32_k24_CRC-8/ATM-like",0.75,32,24,0.0050000000000000001,60,0,19,1,1,1,1,1,3.8915000000000003e-05,0.0010295059999999999,0.00033696300000000002,0.00033696300000000002,SYNDROME_TRELLIS,0.037799682566201663,0.11548745707985743,60,32,28,32,1,32,32,62,1,1,46,524288,2774,524288,33,1
named_crc_linear,"CRC_n32_k24_CRC-8/ATM-like",0.75,32,24,0.0050000000000000001,61,0,19,1,1,1,1,1,3.7375e-05,0.0035885309999999998,0.00032280600000000003,0.00032280600000000003,SYNDROME_TRELLIS,0.010415125297788985,0.11578161496378629,63,32,31,32,1,32,32,181,1,1,156,524288,2301,524288,33,1
named_crc_linear,"CRC_n32_k24_CRC-8/ATM-like",0.75,32,24,0.0050000000000000001,62,0,21,1,1,1,1,1,3.7966999999999997e-05,0.0027987429999999998,0.00033898100000000003,0.00033898100000000003,SYNDROME_TRELLIS,0.013565732902235039,0.11200332762013208,63,32,31,32,1,32,32,153,1,1,126,524288,2287,524288,33,1
named_crc_linear,"CRC_n32_k24_CRC-8/ATM-like",0.75,32,24,0.0050000000000000001,63,0,2,1,1,1,1,1,3.4820000000000002e-05,0.001131972,0.00028702699999999997,0.00028702699999999997,SYNDROME_TRELLIS,0.030760478174371806,0.12131262912548299,60,30,30,30,1,30,32,70,1,1,52,524288,2128,524288,33,1
named_crc_linear,"CRC_n32_k24_CRC-8/ATM-like",0.75,32,24,0.0050000000000000001,64,0,28,1,1,1,1,1,3.8114999999999997e-05,0.003571978,0.00042936,0.00042936,SYNDROME_TRELLIS,0.010670558441289391,0.088771660145332582,63,32,31,32,1,32,32,200,1,1,156,524288,3838,524288,33,1
named_crc_linear,"CRC_n32_k24_CRC-8/ATM-like",0.75,32,24,0.0050000000000000001,65,1,17,1,1,1,1,1,0.00064975700000000005,0.023635528999999999,0.00031515599999999998,0.00031515599999999998,SYNDROME_TRELLIS,0.027490689969325421,2.0616996027364229,2046,960,1086,960,2,960,32,1289,1,1,1050,524288,2200,524288,36,2
named_crc_linear,"CRC_n32_k24_CRC-8/ATM-like",0.75,32,24,0.0050000000000000001,66,0,12,1,1,1,1,1,3.54e-05,0.00067893000000000001,0.00030892700000000002,0.00030892700000000002,SYNDROME_TRELLIS,0.052140868719897482,0.11459017826217843,61,31,30,31,1,31,32,43,1,1,33,524288,2456,524288,33,1
named_crc_linear,"CRC_n32_k24_CRC-8/ATM-like",0.75,32,24,0.0050000000000000001,67,0,29,1,1,1,1,1,4.0534999999999997e-05,0.0043838599999999998,0.00037251999999999999,0.00037251999999999999,SYNDROME_TRELLIS,0.0092464175407061359,0.10881294964028776,64,33,31,33,1,33,32,231,1,1,192,524288,2730,524288,33,1
named_crc_linear,"CRC_n32_k24_CRC-8/ATM-like",0.75,32,24,0.0050000000000000001,68,0,19,1,1,1,1,1,3.8973000000000001e-05,0.00114317,0.00031128299999999998,0.00031128299999999998,SYNDROME_TRELLIS,0.034092042303419438,0.12520118348897949,61,31,30,31,1,31,32,70,1,1,57,524288,2334,524288,33,1
named_crc_linear,"CRC_n32_k24_CRC-8/ATM-like",0.75,32,24,0.0050000000000000001,69,0,1,1,1,1,1,1,4.9162000000000001e-05,0.0022165459999999998,0.00054213899999999997,0.00054213899999999997,SYNDROME_TRELLIS,0.022179553232822603,0.090681541080792946,62,32,30,32,2,32,32,123,1,1,96,524288,5282,524288,34,1
named_crc_linear,"CRC_n32_k24_CRC-8/ATM-like",0.75,32,24,0.0050000000000000001,70,0,1,1,1,1,1,1,4.6539000000000003e-05,0.0010109260000000001,0.000440044,0.000440044,SYNDROME_TRELLIS,0.04603601054874442,0.10575987855759879,61,32,29,32,2,32,32,61,1,1,45,524288,3554,524288,36,2
named_crc_linear,"CRC_n32_k24_CRC-8/ATM-like",0.75,32,24,0.0050000000000000001,71,0,0,1,1,1,1,1,4.6786000000000002e-05,0.0016164129999999999,0.00041362799999999998,0.00041362799999999998,SYNDROME_TRELLIS,0.028944335389532259,0.11311129807459844,61,33,28,33,2,33,32,97,1,1,82,524288,3107,524288,35,2
named_crc_linear,"CRC_n32_k24_CRC-8/ATM-like",0.75,32,24,0.0050000000000000001,72,0,23,1,1,1,1,1,3.6631999999999998e-05,0.0053492280000000001,0.00033831699999999998,0.00033831699999999998,SYNDROME_TRELLIS,0.0068480909768661941,0.10827714835494522,64,33,31,33,1,33,32,271,1,1,229,524288,2585,524288,33,1
named_crc_linear,"CRC_n32_k24_CRC-8/ATM-like",0.75,32,24,0.0050000000000000001,73,0,0,1,1,1,1,1,4.1260999999999997e-05,0.0022961489999999999,0.00043657499999999997,0.00043657499999999997,SYNDROME_TRELLIS,0.017969652666268609,0.094510679722842578,62,33,29,33,1,33,32,118,1,1,97,524288,3591,524288,33,1
named_crc_linear,"CRC_n32_k24_CRC-8/ATM-like",0.75,32,24,0.0050000000000000001,74,0,14,1,1,1,1,1,3.6718999999999999e-05,0.0013229820000000001,0.00031947699999999998,0.00031947699999999998,SYNDROME_TRELLIS,0.027754723798207381,0.1149347214353459,61,33,28,33,1,33,32,79,1,1,63,524288,2548,524288,33,1
named_crc_linear,"CRC_n32_k24_CRC-8/ATM-like",0.75,32,24,0.0050000000000000001,75,0,29,1,1,1,1,1,3.7928e-05,0.0065272029999999997,0.00032682099999999998,0.00032682099999999998,SYNDROME_TRELLIS,0.005810758451973993,0.11605129413348592,64,33,31,33,1,33,32,333,1,1,279,524288,2446,524288,33,1
named_crc_linear,"CRC_n32_k24_CRC-8/ATM-like",0.75,32,24,0.0050000000000000001,76,0,14,1,1,1,1,1,4.0349999999999998e-05,0.002393119,0.00037458800000000003,0.00037458800000000003,SYNDROME_TRELLIS,0.016860841437471349,0.10771834655675033,63,33,30,33,1,33,32,124,1,1,101,524288,3257,524288,33,1
named_crc_linear,"CRC_n32_k24_CRC-8/ATM-like",0.75,32,24,0.0050000000000000001,77,0,24,1,1,1,1,1,4.0095999999999997e-05,0.0058012810000000001,0.00040231400000000002,0.00040231400000000002,SYNDROME_TRELLIS,0.0069115769430923958,0.099663446959340207,64,33,31,33,1,33,32,279,1,1,242,524288,2502,524288,33,1
named_crc_linear,"CRC_n32_k24_CRC-8/ATM-like",0.75,32,24,0.0050000000000000001,78,0,22,1,1,1,1,1,4.0655000000000003e-05,0.0060500969999999999,0.000338153,0.000338153,SYNDROME_TRELLIS,0.0067197269729725,0.1202266429693068,64,33,31,33,1,33,32,308,1,1,261,524288,2501,524288,33,1
named_crc_linear,"CRC_n32_k24_CRC-8/ATM-like",0.75,32,24,0.0050000000000000001,79,1,19,1,1,1,1,1,0.00067907799999999995,0.01386155,0.00038443100000000002,0.00038443100000000002,SYNDROME_TRELLIS,0.04899004801050387,1.7664496359554769,2041,954,1087,954,3,954,32,717,1,1,587,524288,2905,524288,36,1
named_crc_linear,"CRC_n32_k24_CRC-8/ATM-like",0.75,32,24,0.01,0,0,16,1,1,1,1,1,4.1734999999999999e-05,0.0061092450000000001,0.00034975300000000001,0.00034975300000000001,SYNDROME_TRELLIS,0.0068314497126895383,0.11932706795938848,64,33,31,33,1,33,32,296,1,1,251,524288,2567,524288,33,1
named_crc_linear,"CRC_n32_k24_CRC-8/ATM-like",0.75,32,24,0.01,1,0,21,1,1,1,1,1,3.8883e-05,0.001201223,0.00031212900000000002,0.00031212900000000002,SYNDROME_TRELLIS,0.032369510074315926,0.12457349365166324,62,32,30,32,1,32,32,68,1,1,54,524288,2120,524288,33,1
named_crc_linear,"CRC_n32_k24_CRC-8/ATM-like",0.75,32,24,0.01,2,0,27,1,1,1,1,1,4.1e-05,0.0034117520000000001,0.00033312000000000001,0.00033312000000000001,SYNDROME_TRELLIS,0.012017286133341461,0.12307877041306436,63,32,31,32,1,32,32,174,1,1,138,524288,2392,524288,33,1
named_crc_linear,"CRC_n32_k24_CRC-8/ATM-like",0.75,32,24,0.01,3,0,19,1,1,1,1,1,5.3195000000000001e-05,0.00075892099999999997,0.000443449,0.000443449,SYNDROME_TRELLIS,0.070092934574217877,0.11995742464184157,61,32,29,32,2,32,32,45,1,1,32,524288,3449,524288,36,2
named_crc_linear,"CRC_n32_k24_CRC-8/ATM-like",0.75,32,24,0.01,4,1,23,1,1,1,1,1,0.00069892299999999995,0.048099108000000002,0.00044757899999999998,0.00044757899999999998,SYNDROME_TRELLIS,0.014530893171657153,1.5615634334944222,2047,973,1074,973,4,973,32,2233,1,1,1787,524288,2391,524288,37,4
named_crc_linear,"CRC_n32_k24_CRC-8/ATM-like",0.75,32,24,0.01,5,0,17,1,1,1,1,1,4.4728999999999998e-05,0.00066776400000000005,0.00037042500000000002,0.00037042500000000002,SYNDROME_TRELLIS,0.066983245577778974,0.12075048930282782,58,30,28,30,1,30,32,41,1,1,29,524288,2365,524288,33,1
named_crc_linear,"CRC_n32_k24_CRC-8/ATM-like",0.75,32,24,0.01,6,0,8,1,1,1,1,1,4.214e-05,0.0018931149999999999,0.00038137400000000003,0.00038137400000000003,SYNDROME_TRELLIS,0.02225960916267633,0.1104952094269667,62,32,30,32,1,32,32,91,1,1,76,524288,2317,524288,33,1
named_crc_linear,"CRC_n32_k24_CRC-8/ATM-like",0.75,32,24,0.01,7,2,0,1,1,1,1,1,0.00070238600000000005,0.064034891999999996,0.00040378300000000001,0.00040378300000000001,SYNDROME_TRELLIS,0.010968801196697577,1.7395135505952455,2048,949,1099,949,4,949,32,3103,2,2,2407,524288,2605,524288,36,4
named_crc_linear,"CRC_n32_k24_CRC-8/ATM-like",0.75,32,24,0.01,8,0,24,1,1,1,1,1,4.3037000000000001e-05,0.0026619830000000001,0.000427367,0.000427367,SYNDROME_TRELLIS,0.016167270790234198,0.10070267475027318,63,33,30,33,1,33,32,122,1,1,100,524288,2850,524288,33,1
named_crc_linear,"CRC_n32_k24_CRC-8/ATM-like",0.75,32,24,0.01,9,0,0,1,1,1,1,1,4.7929000000000001e-05,0.0082860450000000006,0.00045373700000000001,0.00045373700000000001,SYNDROME_TRELLIS,0.0057843036092611131,0.10563167649982258,64,33,31,33,1,33,32,348,1,1,292,524288,2814,524288,33,1
named_crc_linear,"CRC_n32_k24_CRC-8/ATM-like",0.75,32,24,0.01,10,0,5,1,1,1,1,1,4.2166000000000003e-05,0.0020689319999999999,0.000349814,0.000349814,SYNDROME_TRELLIS,0.020380563498462012,0.12053834323383285,62,33,29,33,1,33,32,98,1,1,81,524288,2176,524288,33,1
named_crc_linear,"CRC_n32_k24_CRC-8/ATM-like",0.75,32,24,0.01,11,0,26,1,1,1,1,1,3.9091000000000002e-05,0.0017811719999999999,0.00041723699999999999,0.00041723699999999999,SYNDROME_TRELLIS,0.021946785599593979,0.093690156913217193,61,32,29,32,1,32,32,96,1,1,76,524288,2583,524288,33,1
named_crc_linear,"CRC_n32_k24_CRC-8/ATM-like",0.75,32,24,0.01,12,0,0,1,1,1,1,1,7.5199999999999998e-05,0.0065330170000000003,0.00040131999999999999,0.00040131999999999999,SYNDROME_TRELLIS,0.011510761413907234,0.18738164058606599,64,33,31,33,3,33,32,314,1,1,251,524288,2836,524288,35,3
named_crc_linear,"CRC_n32_k24_CRC-8/ATM-like",0.75,32,24,0.01,13,1,0,1,1,1,1,1,0.00071459300000000002,0.022559007999999998,0.000392035,0.000392035,SYNDROME_TRELLIS,0.031676614503616474,1.8227785784432513,2045,972,1073,972,5,972,32,1093,1,1,865,524288,2035,524288,38,5
named_crc_linear,"CRC_n32_k24_CRC-8/ATM-like",0.75,32,24,0.01,14,0,3,1,1,1,1,1,4.1516e-05,0.0019963519999999998,0.00032159400000000002,0.00032159400000000002,SYNDROME_TRELLIS,0.020795931779565929,0.1290944482795077,62,32,30,32,1,32,32,104,1,1,85,524288,2081,524288,33,1
named_crc_linear,"CRC_n32_k24_CRC-8/ATM-like",0.75,32,24,0.01,15,1,21,1,1,1,1,1,4.1585000000000002e-05,0.0030629110000000002,0.00032705100000000002,0.00032705100000000002,SYNDROME_TRELLIS,0.013576953427637956,0.12715142286677,63,33,30,33,1,33,32,150,1,1,119,524288,2104,524288,33,1
named_crc_linear,"CRC_n32_k24_CRC-8/ATM-like",0.75,32,24,0.01,16,1,22,1,1,1,1,1,0.00074185400000000002,0.033721715999999999,0.00035119300000000002,0.00035119300000000002,SYNDROME_TRELLIS,0.021999295646757715,2.1123826499958711,2046,977,1069,977,4,977,32,1559,1,1,1240,524288,2184,524288,36,3
named_crc_linear,"CRC_n32_k24_CRC-8/ATM-like",0.75,32,24,0.01,17,1,8,1,1,1,1,1,0.00070495499999999995,0.019374908,0.00033401399999999999,0.00033401399999999999,SYNDROME_TRELLIS,0.036384946963361066,2.1105552461872854,2044,957,1087,957,4,957,32,964,1,1,793,524288,2345,524288,36,2
named_crc_linear,"CRC_n32_k24_CRC-8/ATM-like",0.75,32,24,0.01,18,0,5,1,1,1,1,1,4.5439999999999999e-05,0.001378266,0.000339599,0.000339599,SYNDROME_TRELLIS,0.032968962449918954,0.13380486986121867,61,31,30,31,1,31,32,71,1,1,56,524288,2384,524288,33,1
named_crc_linear,"CRC_n32_k24_CRC-8/ATM-like",0.75,32,24,0.01,19,1,31,1,1,1,1,1,0.00073395800000000005,0.054691603999999998,0.00039108300000000002,0.00039108300000000002,SYNDROME_TRELLIS,0.013419939192129016,1.8767320492069459,2047,958,1089,958,3,958,32,2499,1,1,1994,524288,2429,524288,35,3
named_crc_linear,"CRC_n32_k24_CRC-8/ATM-like",0.75,32,24,0.01,20,0,15,1,1,1,1,1,6.9517000000000005e-05,0.0021082689999999999,0.00047677899999999998,0.00047677899999999998,SYNDROME_TRELLIS,0.032973496266368293,0.14580549898380593,62,32,30,32,3,32,32,110,1,1,88,524288,3644,524288,36,2
named_crc_linear,"CRC_n32_k24_CRC-8/ATM-like",0.75,32,24,0.01,21,0,23,1,1,1,1,1,3.837e-05,0.001045135,0.000323448,0.000323448,SYNDROME_TRELLIS,0.036712960526630534,0.11862803294501743,60,31,29,31,1,31,32,54,1,1,42,524288,2372,524288,33,1
named_crc_linear,"CRC_n32_k24_CRC-8/ATM-like",0.75,32,24,0.01,22,0,29,1,1,1,1,1,5.4796000000000002e-05,0.0017254289999999999,0.00045362100000000003,0.00045362100000000003,SYNDROME_TRELLIS,0.031757899050033359,0.12079687668780766,62,31,31,31,2,31,32,90,1,1,71,524288,2917,524288,34,2
named_crc_linear,"CRC_n32_k24_CRC-8/ATM-like",0.75,32,24,0.01,23,1,7,1,1,1,1,1,0.00066677900000000005,0.099242213999999995,0.000461803,0.000461803,SYNDROME_TRELLIS,0.0067187033936989765,1.4438602607605409,2048,973,1075,973,1,973,32,4292,1,1,3303,524288,4040,524288,33,1
named_crc_linear,"CRC_n32_k24_CRC-8/ATM-like",0.75,32,24,0.01,24,0,10,1,1,1,1,1,3.9063999999999997e-05,0.00082910199999999996,0.00035101899999999999,0.00035101899999999999,SYNDROME_TRELLIS,0.047116036386355357,0.11128742318791859,58,31,27,31,1,31,32,45,1,1,35,524288,2281,524288,33,1
named_crc_linear,"CRC_n32_k24_CRC-8/ATM-like",0.75,32,24,0.01,25,1,10,1,1,1,1,1,0.00069529499999999996,0.035938096000000003,0.00034578499999999998,0.00034578499999999998,SYNDROME_TRELLIS,0.019347018272754347,2.0107725899041311,2046,977,1069,977,3,977,32,1634,1,1,1315,524288,2468,524288,36,2
named_crc_linear,"CRC_n32_k24_CRC-8/ATM-like",0.75,32,24,0.01,26,1,14,1,1,1,1,1,0.00069351199999999997,0.026111210999999999,0.00037271400000000001,0.00037271400000000001,SYNDROME_TRELLIS,0.026559932436683999,1.8607082105850596,2046,980,1066,980,4,980,32,1220,1,1,1000,524288,2416,524288,37,3
named_crc_linear,"CRC_n32_k24_CRC-8/ATM-like",0.75,32,24,0.01,27,0,12,1,1,1,1,1,4.4852999999999999e-05,0.0046813009999999997,0.00037016399999999997,0.00037016399999999997,SYNDROME_TRELLIS,0.009581310836453371,0.12117061626738419,64,33,31,33,1,33,32,235,1,1,196,524288,2318,524288,33,1
named_crc_linear,"CRC_n32_k24_CRC-8/ATM-like",0.75,32,24,0.01,28,0,2,1,1,1,1,1,5.1733000000000001e-05,0.0063079620000000003,0.000425883,0.000425883,SYNDROME_TRELLIS,0.008201222518461589,0.12147232925474837,64,33,31,33,2,33,32,327,1,1,267,524288,2876,524288,34,2
named_crc_linear,"CRC_n32_k24_CRC-8/ATM-like",0.75,32,24,0.01,29,0,27,1,1,1,1,1,4.1187999999999999e-05,0.00062785800000000002,0.00031252999999999999,0.00031252999999999999,SYNDROME_TRELLIS,0.065600820567707982,0.13178894826096696,60,31,29,31,1,31,32,37,1,1,27,524288,2046,524288,33,1
named_crc_linear,"CRC_n32_k24_CRC-8/ATM-like",0.75,32,24,0.01,30,0,18,1,1,1,1,1,4.1371000000000001e-05,0.00086572999999999999,0.000332472,0.000332472,SYNDROME_TRELLIS,0.047787416400032347,0.12443453884838422,60,32,28,32,1,32,32,48,1,1,37,524288,2158,524288,33,1
named_crc_linear,"CRC_n32_k24_CRC-8/ATM-like",0.75,32,24,0.01,31,0,23,1,1,1,1,1,4.1421999999999997e-05,0.0019838999999999998,0.00035739000000000002,0.00035739000000000002,SYNDROME_TRELLIS,0.020879076566359192,0.11590139623380619,63,32,31,32,1,32,32,104,1,1,80,524288,2116,524288,33,1
named_crc_linear,"CRC_n32_k24_CRC-8/ATM-like",0.75,32,24,0.01,32,1,10,1,1,1,1,1,0.00070148699999999999,0.017293596000000001,0.00045303299999999998,0.00045303299999999998,SYNDROME_TRELLIS,0.040563396993892997,1.5484236247690566,2044,976,1068,976,4,976,32,817,1,1,674,524288,3361,524288,39,4
named_crc_linear,"CRC_n32_k24_CRC-8/ATM-like",0.75,32,24,0.01,33,0,6,1,1,1,1,1,4.1635999999999999e-05,0.0058157549999999997,0.00034254499999999998,0.00034254499999999998,SYNDROME_TRELLIS,0.0071591736584501933,0.12154899356288955,64,33,31,33,1,33,32,285,1,1,237,524288,2720,524288,33,1
named_crc_linear,"CRC_n32_k24_CRC-8/ATM-like",0.75,32,24,0.01,34,3,1,1,1,1,1,1,0.00070783499999999997,0.032445452,0.000392249,0.000392249,SYNDROME_TRELLIS,0.021816154695579522,1.8045552697393747,2046,972,1074,972,3,972,32,1524,1,1,1224,524288,2593,524288,37,2
named_crc_linear,"CRC_n32_k24_CRC-8/ATM-like",0.75,32,24,0.01,35,0,18,1,1,1,1,1,3.8958999999999997e-05,0.00079340200000000002,0.000317912,0.000317912,SYNDROME_TRELLIS,0.049103733038232823,0.1225464908528146,62,32,30,32,1,32,32,46,1,1,36,524288,2071,524288,33,1
named_crc_linear,"CRC_n32_k24_CRC-8/ATM-like",0.75,32,24,0.01,36,0,30,1,1,1,1,1,4.0822000000000003e-05,0.00097794000000000006,0.00036004100000000002,0.00036004100000000002,SYNDROME_TRELLIS,0.041742847209440249,0.11338153154779596,59,28,31,28,1,28,32,55,1,1,43,524288,2222,524288,33,1
named_crc_linear,"CRC_n32_k24_CRC-8/ATM-like",0.75,32,24,0.01,37,0,22,1,1,1,1,1,4.0225999999999997e-05,0.0026067009999999999,0.00036499299999999998,0.00036499299999999998,SYNDROME_TRELLIS,0.015431766052186269,0.11021033280090303,63,33,30,33,1,33,32,135,1,1,112,524288,2588,524288,33,1
named_crc_linear,"CRC_n32_k24_CRC-8/ATM-like",0.75,32,24,0.01,38,0,26,1,1,1,1,1,4.0606999999999999e-05,0.0025382199999999999,0.00041617299999999999,0.00041617299999999999,SYNDROME_TRELLIS,0.015998219224495906,0.097572403784003295,63,33,30,33,1,33,32,131,1,1,107,524288,2391,524288,33,1
named_crc_linear,"CRC_n32_k24_CRC-8/ATM-like",0.75,32,24,0.01,39,2,21,1,1,1,1,1,0.00066645599999999995,0.059656894000000002,0.00042089900000000002,0.00042089900000000002,SYNDROME_TRELLIS,0.011171483382959896,1.5834107469963101,2047,973,1074,973,1,973,32,2613,1,1,2022,524288,2213,524288,33,1
named_crc_linear,"CRC_n32_k24_CRC-8/ATM-like",0.75,32,24,0.01,40,0,3,1,1,1,1,1,4.1631999999999997e-05,0.0043670460000000003,0.00042285899999999998,0.00042285899999999998,SYNDROME_TRELLIS,0.0095332176487263921,0.098453621656391377,63,32,31,32,1,32,32,196,1,1,166,524288,2840,524288,33,1
named_crc_linear,"CRC_n32_k24_CRC-8/ATM-like",0.75,32,24,0.01,41,0,3,1,1,1,1,1,4.0930999999999998e-05,0.0011173699999999999,0.00039747799999999999,0.00039747799999999999,SYNDROME_TRELLIS,0.036631554453761962,0.10297676852555361,60,31,29,31,1,31,32,59,1,1,44,524288,2310,524288,33,1
named_crc_linear,"CRC_n32_k24_CRC-8/ATM-like",0.75,32,24,0.01,42,0,29,1,1,1,1,1,4.1578000000000001e-05,0.0055907379999999996,0.00038635399999999999,0.00038635399999999999,SYNDROME_TRELLIS,0.0074369430297037712,0.10761633113672953,64,33,31,33,1,33,32,255,1,1,215,524288,2284,524288,33,1
named_crc_linear,"CRC_n32_k24_CRC-8/ATM-like",0.75,32,24,0.01,43,1,27,1,1,1,1,1,0.00070486799999999999,0.045971552999999998,0.00033821399999999998,0.00033821399999999998,SYNDROME_TRELLIS,0.015332699332563336,2.0840887721974846,2047,976,1071,976,3,976,32,1977,1,1,1618,524288,2029,524288,35,2
named_crc_linear,"CRC_n32_k24_CRC-8/ATM-like",0.75,32,24,0.01,44,1,14,1,1,1,1,1,0.00071639000000000002,0.022430964000000001,0.00038581800000000001,0.00038581800000000001,SYNDROME_TRELLIS,0.031937548470944002,1.8568081323318248,2044,965,1079,965,3,965,32,1080,1,1,891,524288,2747,524288,37,1
named_crc_linear,"CRC_n32_k24_CRC-8/ATM-like",0.75,32,24,0.01,45,1,27,1,1,1,1,1,0.0007224,0.049041016999999999,0.000410472,0.000410472,SYNDROME_TRELLIS,0.014730526489693311,1.7599251593287728,2047,975,1072,975,5,975,32,2240,1,1,1773,524288,2964,524288,37,4
named_crc_linear,"CRC_n32_k24_CRC-8/ATM-like",0.75,32,24,0.01,46,2,4,1,1,1,1,1,0.00069567900000000005,0.024392158000000001,0.00038098199999999998,0.00038098199999999998,SYNDROME_TRELLIS,0.028520600760293537,1.8260154023024713,2045,967,1078,967,4,967,32,1197,1,1,951,524288,2860,524288,37,2
named_crc_linear,"CRC_n32_k24_CRC-8/ATM-like",0.75,32,24,0.01,47,1,8,1,1,1,1,1,0.00070261200000000003,0.025834046999999999,0.00036359000000000001,0.00036359000000000001,SYNDROME_TRELLIS,0.027197132528248479,1.9324293847465552,2045,963,1082,963,5,963,32,1231,1,1,986,524288,2427,524288,41,4
named_crc_linear,"CRC_n32_k24_CRC-8/ATM-like",0.75,32,24,0.01,48,0,17,1,1,1,1,1,4.0204000000000003e-05,0.001883249,0.000384285,0.000384285,SYNDROME_TRELLIS,0.021348212583678527,0.10462026881090858,62,32,30,32,1,32,32,95,1,1,80,524288,2907,524288,33,1
named_crc_linear,"CRC_n32_k24_CRC-8/ATM-like",0.75,32,24,0.01,49,0,23,1,1,1,1,1,4.0126000000000002e-05,0.0020971700000000002,0.00034809700000000001,0.00034809700000000001,SYNDROME_TRELLIS,0.019133403586738318,0.11527246715714298,62,31,31,31,1,31,32,102,1,1,82,524288,2375,524288,33,1
named_crc_linear,"CRC_n32_k24_CRC-8/ATM-like",0.75,32,24,0.01,50,1,18,1,1,1,1,1,4.3846e-05,0.0050487120000000003,0.00038774600000000001,0.00038774600000000001,SYNDROME_TRELLIS,0.0086845912383197929,0.11307918070076803,64,33,31,33,1,33,32,229,1,1,196,524288,2088,524288,33,1
named_crc_linear,"CRC_n32_k24_CRC-8/ATM-like",0.75,32,24,0.01,51,0,17,1,1,1,1,1,4.5791000000000003e-05,0.0038407770000000001,0.00035300300000000001,0.00035300300000000001,SYNDROME_TRELLIS,0.011922327174944028,0.1297184443191701,63,32,31,32,1,32,32,170,1,1,144,524288,1969,524288,33,1
named_crc_linear,"CRC_n32_k24_CRC-8/ATM-like",0.75,32,24,0.01,52,1,30,1,1,1,1,1,0.00081349199999999997,0.043163667000000003,0.00047083500000000001,0.00047083500000000001,SYNDROME_TRELLIS,0.018846684180007223,1.7277645034884832,2047,972,1075,972,5,972,32,1977,1,1,1581,524288,2782,524288,38,5
named_crc_linear,"CRC_n32_k24_CRC-8/ATM-like",0.75,32,24,0.01,53,0,19,1,1,1,1,1,4.4892999999999999e-05,0.00084626099999999995,0.00031984199999999998,0.00031984199999999998,SYNDROME_TRELLIS,0.053048645748770183,0.14035992771430894,60,33,27,33,1,33,32,49,1,1,38,524288,2163,524288,33,1
named_crc_linear,"CRC_n32_k24_CRC-8/ATM-like",0.75,32,24,0.01,54,1,23,1,1,1,1,1,0.00068967599999999996,0.039219249999999997,0.000365163,0.000365163,SYNDROME_TRELLIS,0.017585139950407006,1.8886798498204911,2047,962,1085,962,3,962,32,1923,1,1,1540,524288,2440,524288,35,3
named_crc_linear,"CRC_n32_k24_CRC-8/ATM-like",0.75,32,24,0.01,55,0,18,1,1,1,1,1,4.9571999999999999e-05,0.00054633100000000005,0.00038103799999999999,0.00038103799999999999,SYNDROME_TRELLIS,0.09073620204601239,0.13009726064067101,56,27,29,27,2,27,32,35,1,1,25,524288,2800,524288,35,2
named_crc_linear,"CRC_n32_k24_CRC-8/ATM-like",0.75,32,24,0.01,56,1,8,1,1,1,1,1,0.000693803,0.016494874999999999,0.00032615299999999998,0.00032615299999999998,SYNDROME_TRELLIS,0.042061731295326581,2.127231698006764,2042,951,1091,951,4,951,32,780,1,1,645,524288,2031,524288,42,3
named_crc_linear,"CRC_n32_k24_CRC-8/ATM-like",0.75,32,24,0.01,57,0,15,1,1,1,1,1,4.0720000000000003e-05,0.00058742600000000005,0.00031744299999999999,0.00031744299999999999,SYNDROME_TRELLIS,0.06931936958868011,0.12827499740110823,58,29,29,29,1,29,32,37,1,1,27,524288,1959,524288,33,1
named_crc_linear,"CRC_n32_k24_CRC-8/ATM-like",0.75,32,24,0.01,58,0,2,1,1,1,1,1,3.9708e-05,0.00101699,0.00033538600000000002,0.00033538600000000002,SYNDROME_TRELLIS,0.039044631707293095,0.11839492405765296,60,31,29,31,1,31,32,56,1,1,43,524288,2439,524288,33,1
named_crc_linear,"CRC_n32_k24_CRC-8/ATM-like",0.75,32,24,0.01,59,0,7,1,1,1,1,1,4.2483e-05,0.0039239549999999998,0.000316328,0.000316328,SYNDROME_TRELLIS,0.010826576757378716,0.13430047292683545,63,33,30,33,1,33,32,189,1,1,157,524288,2399,524288,33,1
named_crc_linear,"CRC_n32_k24_CRC-8/ATM-like",0.75,32,24,0.01,60,1,29,1,1,1,1,1,0.00070299000000000002,0.030310660999999999,0.00042186799999999999,0.00042186799999999999,SYNDROME_TRELLIS,0.023192829743963684,1.6663743161368012,2046,979,1067,979,5,979,32,1395,1,1,1159,524288,2773,524288,38,5
named_crc_linear,"CRC_n32_k24_CRC-8/ATM-like",0.75,32,24,0.01,61,0,9,1,1,1,1,1,4.0516999999999998e-05,0.0021450750000000002,0.00033204699999999997,0.00033204699999999997,SYNDROME_TRELLIS,0.018888383856042325,0.12202188244435276,62,32,30,32,1,32,32,107,1,1,88,524288,2466,524288,33,1
named_crc_linear,"CRC_n32_k24_CRC-8/ATM-like",0.75,32,24,0.01,62,1,11,1,1,1,1,1,4.1451e-05,0.0029235400000000001,0.00039823899999999999,0.00039823899999999999,SYNDROME_TRELLIS,0.014178359112582691,0.10408573745916397,64,33,31,33,1,33,32,168,1,1,138,524288,2388,524288,33,1
named_crc_linear,"CRC_n32_k24_CRC-8/ATM-like",0.75,32,24,0.01,63,1,7,1,1,1,1,1,0.00067987500000000003,0.088408898999999999,0.00032993200000000001,0.00032993200000000001,SYNDROME_TRELLIS,0.0076901195206604718,2.0606518919049988,2048,976,1072,976,2,976,32,3815,1,1,2963,524288,2221,524288,34,2
named_crc_linear,"CRC_n32_k24_CRC-8/ATM-like",0.75,32,24,0.01,64,3,1,1,1,1,1,1,0.00072754700000000005,0.027759929999999999,0.00038242499999999998,0.00038242499999999998,SYNDROME_TRELLIS,0.026208531505663022,1.902456690854416,2046,988,1058,988,3,988,32,1249,1,1,997,524288,2175,524288,38,3
named_crc_linear,"CRC_n32_k24_CRC-8/ATM-like",0.75,32,24,0.01,65,0,0,1,1,1,1,1,5.2862000000000003e-05,0.00086305599999999996,0.00037556200000000002,0.00037556200000000002,SYNDROME_TRELLIS,0.061249791438794242,0.14075438942171997,60,29,31,29,2,29,32,49,1,1,39,524288,2736,524288,34,2
named_crc_linear,"CRC_n32_k24_CRC-8/ATM-like",0.75,32,24,0.01,66,0,31,1,1,1,1,1,5.4991000000000003e-05,0.0072813670000000004,0.000403469,0.000403469,SYNDROME_TRELLIS,0.0075522906619045569,0.13629547747162732,64,33,31,33,2,33,32,344,1,1,287,524288,2875,524288,34,2
named_crc_linear,"CRC_n32_k24_CRC-8/ATM-like",0.75,32,24,0.01,67,0,17,1,1,1,1,1,4.3056999999999998e-05,0.00056426600000000001,0.00031499000000000002,0.00031499000000000002,SYNDROME_TRELLIS,0.076306210191647197,0.13669322835645575,57,30,27,30,1,30,32,34,1,1,25,524288,2215,524288,33,1
named_crc_linear,"CRC_n32_k24_CRC-8/ATM-like",0.75,32,24,0.01,68,0,6,1,1,1,1,1,3.9886999999999999e-05,0.001008941,0.00034563200000000001,0.00034563200000000001,SYNDROME_TRELLIS,0.039533530701993475,0.11540308767706693,60,31,29,31,1,31,32,55,1,1,43,524288,2223,524288,33,1
named_crc_linear,"CRC_n32_k24_CRC-8/ATM-like",0.75,32,24,0.01,69,0,16,1,1,1,1,1,3.9026000000000002e-05,0.0010761760000000001,0.000387952,0.000387952,SYNDROME_TRELLIS,0.036263585138490359,0.10059491895904649,61,30,31,30,1,30,32,64,1,1,48,524288,2919,524288,33,1
named_crc_linear,"CRC_n32_k24_CRC-8/ATM-like",0.75,32,24,0.01,70,0,1,1,1,1,1,1,4.2015999999999999e-05,0.0044441810000000002,0.00033177100000000002,0.00033177100000000002,SYNDROME_TRELLIS,0.0094541603953574339,0.12664156903406265,63,32,31,32,1,32,32,212,1,1,172,524288,2242,524288,33,1
named_crc_linear,"CRC_n32_k24_CRC-8/ATM-like",0.75,32,24,0.01,71,1,12,1,1,1,1,1,0.00068026399999999998,0.018045788,0.00033768300000000003,0.00033768300000000003,SYNDROME_TRELLIS,0.037696552791155476,2.0145047278068482,2044,972,1072,972,3,972,32,846,1,1,707,524288,2455,524288,36,2
named_crc_linear,"CRC_n32_k24_CRC-8/ATM-like",0.75,32,24,0.01,72,0,21,1,1,1,1,1,4.1541000000000001e-05,0.0040268969999999998,0.00033924500000000001,0.00033924500000000001,SYNDROME_TRELLIS,0.010315883420906967,0.12245132573803594,64,33,31,33,1,33,32,212,1,1,168,524288,2456,524288,33,1
named_crc_linear,"CRC_n32_k24_CRC-8/ATM-like",0.75,32,24,0.01,73,0,5,1,1,1,1,1,5.3372000000000003e-05,0.0029748959999999999,0.00037850399999999999,0.00037850399999999999,SYNDROME_TRELLIS,0.017940795241245412,0.14100775685329614,63,32,31,32,2,32,32,151,1,1,122,524288,2515,524288,34,1
named_crc_linear,"CRC_n32_k24_CRC-8/ATM-like",0.75,32,24,0.01,74,0,13,1,1,1,1,1,4.0849999999999997e-05,0.006763364,0.000369532,0.000369532,SYNDROME_TRELLIS,0.0060398937570120426,0.11054523018304233,64,33,31,33,1,33,32,326,1,1,279,524288,2628,524288,33,1
named_crc_linear,"CRC_n32_k24_CRC-8/ATM-like",0.75,32,24,0.01,75,0,4,1,1,1,1,1,4.1581000000000001e-05,0.0031162450000000001,0.000318986,0.000318986,SYNDROME_TRELLIS,0.013343302596554507,0.13035368323374694,63,32,31,32,1,32,32,153,1,1,125,524288,1966,524288,33,1
named_crc_linear,"CRC_n32_k24_CRC-8/ATM-like",0.75,32,24,0.01,76,1,13,1,1,1,1,1,0.00071212599999999999,0.020895919999999998,0.000387866,0.000387866,SYNDROME_TRELLIS,0.034079667226903629,1.8360103747170413,2045,957,1088,957,5,957,32,1040,1,1,858,524288,2408,524288,39,4
named_crc_linear,"CRC_n32_k24_CRC-8/ATM-like",0.75,32,24,0.01,77,1,18,1,1,1,1,1,0.00071085600000000005,0.022229168000000001,0.00038564300000000002,0.00038564300000000002,SYNDROME_TRELLIS,0.031978524792290922,1.8433006692718394,2045,967,1078,967,5,967,32,1076,1,1,837,524288,2554,524288,42,4
named_crc_linear,"CRC_n32_k24_CRC-8/ATM-like",0.75,32,24,0.01,78,0,16,1,1,1,1,1,4.0061000000000002e-05,0.002916564,0.000359871,0.000359871,SYNDROME_TRELLIS,0.013735683496059062,0.11132044538181737,63,33,30,33,1,33,32,148,1,1,123,524288,2713,524288,33,1
named_crc_linear,"CRC_n32_k24_CRC-8/ATM-like",0.75,32,24,0.01,79,0,3,1,1,1,1,1,4.3044999999999999e-05,0.0064322520000000003,0.000329852,0.000329852,SYNDROME_TRELLIS,0.006692057462922783,0.13049792027939802,64,33,31,33,1,33,32,321,1,1,269,524288,2337,524288,33,1
named_crc_linear,"CRC_n32_k28_CRC-4/ITU-like",0.875,32,28,0.002,0,0,23,1,1,1,1,1,8.6644000000000006e-05,0.0033744949999999999,0.00017101099999999999,0.00017101099999999999,SYNDROME_TRELLIS,0.025676138207346582,0.50665746647876453,63,32,31,32,4,32,32,171,1,1,143,32768,1787,32768,38,4
named_crc_linear,"CRC_n32_k28_CRC-4/ITU-like",0.875,32,28,0.002,1,0,10,1,1,1,1,1,6.4333999999999998e-05,0.0014607719999999999,0.00012762,0.00012762,SYNDROME_TRELLIS,0.044041096077964255,0.50410593950791405,61,31,30,31,3,31,32,77,1,1,67,32768,1883,32768,37,2
named_crc_linear,"CRC_n32_k28_CRC-4/ITU-like",0.875,32,28,0.002,2,0,6,1,1,1,1,1,6.7601000000000005e-05,0.0054531980000000002,0.000143833,0.000143833,SYNDROME_TRELLIS,0.01239657903490759,0.46999645422121489,63,33,30,33,3,33,32,256,1,1,226,32768,1825,32768,36,2
named_crc_linear,"CRC_n32_k28_CRC-4/ITU-like",0.875,32,28,0.002,3,0,1,1,1,1,1,1,5.2691000000000001e-05,0.003126298,0.00017243299999999999,0.00017243299999999999,SYNDROME_TRELLIS,0.016854119472935723,0.30557375908323814,62,32,30,32,2,32,32,144,1,1,129,32768,1857,32768,36,2
named_crc_linear,"CRC_n32_k28_CRC-4/ITU-like",0.875,32,28,0.002,4,0,19,1,1,1,1,1,5.3986000000000001e-05,0.0036892040000000002,0.00015325700000000001,0.00015325700000000001,SYNDROME_TRELLIS,0.014633509017121309,0.35225797190340408,63,33,30,33,2,33,32,180,1,1,159,32768,1956,32768,34,2
named_crc_linear,"CRC_n32_k28_CRC-4/ITU-like",0.875,32,28,0.002,5,0,24,1,1,1,1,1,6.1433999999999995e-05,0.001049578,0.00013222,0.00013222,SYNDROME_TRELLIS,0.058532095756580256,0.46463469974285276,60,32,28,32,3,32,32,56,1,1,48,32768,1829,32768,36,1
named_crc_linear,"CRC_n32_k28_CRC-4/ITU-like",0.875,32,28,0.002,6,0,5,1,1,1,1,1,3.8498999999999999e-05,0.001785783,0.000112932,0.000112932,SYNDROME_TRELLIS,0.021558610424670856,0.34090426097120391,62,31,31,31,1,31,32,97,1,1,83,32768,1864,32768,34,1
named_crc_linear,"CRC_n32_k28_CRC-4/ITU-like",0.875,32,28,0.002,7,0,13,1,1,1,1,1,7.9190999999999994e-05,0.0047540600000000001,0.000170452,0.000170452,SYNDROME_TRELLIS,0.016657551650589179,0.46459413793912652,63,32,31,32,4,32,32,223,1,1,193,32768,1734,32768,37,4
named_crc_linear,"CRC_n32_k28_CRC-4/ITU-like",0.875,32,28,0.002,8,0,11,1,1,1,1,1,5.1372000000000002e-05,0.0037284940000000002,0.00014626999999999999,0.00014626999999999999,SYNDROME_TRELLIS,0.013778217156846705,0.35121350926369044,63,32,31,32,2,32,32,169,1,1,152,32768,2001,32768,34,1
named_crc_linear,"CRC_n32_k28_CRC-4/ITU-like",0.875,32,28,0.002,9,0,17,1,1,1,1,1,5.1075999999999997e-05,0.0022623600000000002,0.00015988800000000001,0.00015988800000000001,SYNDROME_TRELLIS,0.022576424618539929,0.31944861402982083,62,33,29,33,2,33,32,110,1,1,97,32768,1901,32768,35,2
named_crc_linear,"CRC_n32_k28_CRC-4/ITU-like",0.875,32,28,0.002,10,0,28,1,1,1,1,1,4.0027999999999997e-05,0.003264369,0.00012183,0.00012183,SYNDROME_TRELLIS,0.012262094144381348,0.32855618484773863,63,32,31,32,1,32,32,146,1,1,129,32768,1887,32768,33,1
named_crc_linear,"CRC_n32_k28_CRC-4/ITU-like",0.875,32,28,0.002,11,0,0,1,1,1,1,1,7.7401e-05,0.0010033850000000001,0.000183012,0.000183012,SYNDROME_TRELLIS,0.077139881501118709,0.422928551133259,61,33,28,33,4,33,32,51,1,1,44,32768,1804,32768,38,4
named_crc_linear,"CRC_n32_k28_CRC-4/ITU-like",0.875,32,28,0.002,12,0,19,1,1,1,1,1,3.7795e-05,0.00064321099999999998,0.00012291599999999999,0.00012291599999999999,SYNDROME_TRELLIS,0.058759878173725265,0.30748641348563249,58,30,28,30,1,30,32,36,1,1,31,32768,1850,32768,33,1
named_crc_linear,"CRC_n32_k28_CRC-4/ITU-like",0.875,32,28,0.002,13,0,27,1,1,1,1,1,5.3480000000000003e-05,0.001119816,0.000156083,0.000156083,SYNDROME_TRELLIS,0.047757845931831661,0.34263821172068709,62,32,30,32,2,32,32,57,1,1,50,32768,1901,32768,36,2
named_crc_linear,"CRC_n32_k28_CRC-4/ITU-like",0.875,32,28,0.002,14,0,14,1,1,1,1,1,4.9125999999999997e-05,0.0009875699999999999,0.00012029200000000001,0.00012029200000000001,SYNDROME_TRELLIS,0.04974432192148405,0.40838958534233361,60,31,29,31,2,31,32,53,1,1,47,32768,1797,32768,36,1
named_crc_linear,"CRC_n32_k28_CRC-4/ITU-like",0.875,32,28,0.002,15,0,8,1,1,1,1,1,5.2537000000000002e-05,0.008363723,0.000159741,0.000159741,SYNDROME_TRELLIS,0.006281532757600892,0.32888863848354527,64,33,31,33,2,33,32,359,1,1,314,32768,1860,32768,34,2
named_crc_linear,"CRC_n32_k28_CRC-4/ITU-like",0.875,32,28,0.002,16,0,26,1,1,1,1,1,6.4276000000000006e-05,0.001563558,0.000153206,0.000153206,SYNDROME_TRELLIS,0.041108804406360368,0.41953970471130381,61,32,29,32,3,32,32,77,1,1,67,32768,1786,32768,35,3
named_crc_linear,"CRC_n32_k28_CRC-4/ITU-like",0.875,32,28,0.002,17,0,21,1,1,1,1,1,4.0920999999999997e-05,0.0062012919999999997,0.00012549499999999999,0.00012549499999999999,SYNDROME_TRELLIS,0.0065987861884265406,0.3260767361249452,64,33,31,33,1,33,32,294,1,1,254,32768,2044,32768,33,1
named_crc_linear,"CRC_n32_k28_CRC-4/ITU-like",0.875,32,28,0.002,18,0,18,1,1,1,1,1,4.8643999999999997e-05,0.00058355400000000002,0.000144098,0.000144098,SYNDROME_TRELLIS,0.083358181076644139,0.33757581645824369,56,29,27,29,2,29,32,34,1,1,29,32768,1758,32768,34,2
named_crc_linear,"CRC_n32_k28_CRC-4/ITU-like",0.875,32,28,0.002,19,0,4,1,1,1,1,1,7.0915999999999997e-05,0.001655023,0.000143673,0.000143673,SYNDROME_TRELLIS,0.042848951343878602,0.49359308986378786,61,32,29,32,3,32,32,85,1,1,76,32768,1835,32768,37,2
named_crc_linear,"CRC_n32_k28_CRC-4/ITU-like",0.875,32,28,0.002,20,0,19,1,1,1,1,1,9.0710000000000004e-05,0.0014709110000000001,0.000153077,0.000153077,SYNDROME_TRELLIS,0.061669264829755162,0.59257759166955193,62,33,29,33,5,33,32,72,1,1,63,32768,1768,32768,39,4
named_crc_linear,"CRC_n32_k28_CRC-4/ITU-like",0.875,32,28,0.002,21,0,16,1,1,1,1,1,6.5333999999999995e-05,0.0021838729999999998,0.000122333,0.000122333,SYNDROME_TRELLIS,0.029916574819140125,0.53406685031839318,62,32,30,32,3,32,32,106,1,1,93,32768,1775,32768,36,2
named_crc_linear,"CRC_n32_k28_CRC-4/ITU-like",0.875,32,28,0.002,22,0,23,1,1,1,1,1,7.7441999999999995e-05,0.002882889,0.00016595299999999999,0.00016595299999999999,SYNDROME_TRELLIS,0.026862636750842644,0.46665019613987091,63,32,31,32,4,32,32,137,1,1,119,32768,1960,32768,37,4
named_crc_linear,"CRC_n32_k28_CRC-4/ITU-like",0.875,32,28,0.002,23,0,0,1,1,1,1,1,5.1671e-05,0.0044255320000000003,0.00013521900000000001,0.00013521900000000001,SYNDROME_TRELLIS,0.01167565842931426,0.38212825120730071,63,32,31,32,2,32,32,207,1,1,182,32768,1875,32768,35,2
named_crc_linear,"CRC_n32_k28_CRC-4/ITU-like",0.875,32,28,0.002,24,0,1,1,1,1,1,1,6.3678999999999998e-05,0.001403362,0.000114535,0.000114535,SYNDROME_TRELLIS,0.045376032698619458,0.55597852184921637,60,31,29,31,3,31,32,69,1,1,60,32768,1796,32768,36,1
named_crc_linear,"CRC_n32_k28_CRC-4/ITU-like",0.875,32,28,0.002,25,0,9,1,1,1,1,1,6.4586999999999997e-05,0.002021686,0.000149083,0.000149083,SYNDROME_TRELLIS,0.031947097620500908,0.43322847004688664,62,33,29,33,3,33,32,103,1,1,87,32768,1793,32768,35,2
named_crc_linear,"CRC_n32_k28_CRC-4/ITU-like",0.875,32,28,0.002,26,0,25,1,1,1,1,1,6.5010000000000003e-05,0.00080042399999999999,0.00014587500000000001,0.00014587500000000001,SYNDROME_TRELLIS,0.081219453689544543,0.44565552699228789,61,33,28,33,3,33,32,43,1,1,37,32768,1750,32768,38,3
named_crc_linear,"CRC_n32_k28_CRC-4/ITU-like",0.875,32,28,0.002,27,0,30,1,1,1,1,1,8.9203000000000006e-05,0.0036313560000000001,0.00016663800000000001,0.00016663800000000001,SYNDROME_TRELLIS,0.024564652983623748,0.53531007333261316,63,33,30,33,5,33,32,175,1,1,158,32768,1815,32768,38,5
named_crc_linear,"CRC_n32_k28_CRC-4/ITU-like",0.875,32,28,0.002,28,0,15,1,1,1,1,1,5.0667000000000001e-05,0.00082018499999999997,0.00012026199999999999,0.00012026199999999999,SYNDROME_TRELLIS,0.061775087327858962,0.42130515042157957,59,31,28,31,2,31,32,45,1,1,39,32768,1775,32768,38,2
named_crc_linear,"CRC_n32_k28_CRC-4/ITU-like",0.875,32,28,0.002,29,0,10,1,1,1,1,1,6.1106999999999996e-05,0.0011782470000000001,0.00015367399999999999,0.00015367399999999999,SYNDROME_TRELLIS,0.05186264000672184,0.39764045967437561,60,31,29,31,3,31,32,63,1,1,57,32768,1834,32768,36,3
named_crc_linear,"CRC_n32_k28_CRC-4/ITU-like",0.875,32,28,0.002,30,0,10,1,1,1,1,1,5.2741999999999997e-05,0.0018975769999999999,0.00012483700000000001,0.00012483700000000001,SYNDROME_TRELLIS,0.027794392533214727,0.42248692294752349,62,31,31,31,2,31,32,98,1,1,81,32768,1865,32768,34,2
named_crc_linear,"CRC_n32_k28_CRC-4/ITU-like",0.875,32,28,0.002,31,0,27,1,1,1,1,1,6.3595000000000004e-05,0.0014657400000000001,0.00016396600000000001,0.00016396600000000001,SYNDROME_TRELLIS,0.043387640372780985,0.38785479916568066,61,32,29,32,3,32,32,80,1,1,67,32768,1919,32768,36,3
named_crc_linear,"CRC_n32_k28_CRC-4/ITU-like",0.875,32,28,0.002,32,0,11,1,1,1,1,1,6.5118999999999998e-05,0.00061631800000000003,0.000144275,0.000144275,SYNDROME_TRELLIS,0.1056581180494485,0.45135331831571651,60,33,27,33,3,33,32,34,1,1,29,32768,1796,32768,35,3
named_crc_linear,"CRC_n32_k28_CRC-4/ITU-like",0.875,32,28,0.002,33,0,1,1,1,1,1,1,7.7579999999999999e-05,0.0021244179999999999,0.000176064,0.000176064,SYNDROME_TRELLIS,0.036518236994791044,0.4406352235550709,62,33,29,33,4,33,32,101,1,1,88,32768,1785,32768,37,4
named_crc_linear,"CRC_n32_k28_CRC-4/ITU-like",0.875,32,28,0.002,34,0,30,1,1,1,1,1,7.7146999999999998e-05,0.002652148,0.00014821999999999999,0.00014821999999999999,SYNDROME_TRELLIS,0.029088497323678769,0.52048981244096615,62,32,30,32,4,32,32,131,1,1,112,32768,1665,32768,37,3
named_crc_linear,"CRC_n32_k28_CRC-4/ITU-like",0.875,32,28,0.002,35,0,22,1,1,1,1,1,7.7933000000000001e-05,0.0036012890000000001,0.000157675,0.000157675,SYNDROME_TRELLIS,0.021640307123366107,0.49426351672744573,63,32,31,32,4,32,32,180,1,1,158,32768,1782,32768,37,4
named_crc_linear,"CRC_n32_k28_CRC-4/ITU-like",0.875,32,28,0.002,36,0,19,1,1,1,1,1,6.1722000000000003e-05,0.001495784,0.00014858800000000001,0.00014858800000000001,SYNDROME_TRELLIS,0.0412639792911276,0.41539020647696989,61,32,29,32,3,32,32,82,1,1,72,32768,1922,32768,36,2
named_crc_linear,"CRC_n32_k28_CRC-4/ITU-like",0.875,32,28,0.002,37,0,28,1,1,1,1,1,6.1074000000000005e-05,0.00083234599999999998,0.00015046999999999999,0.00015046999999999999,SYNDROME_TRELLIS,0.073375735571505132,0.4058882169203164,59,30,29,30,3,30,32,48,1,1,38,32768,1645,32768,38,3
named_crc_linear,"CRC_n32_k28_CRC-4/ITU-like",0.875,32,28,0.002,38,0,12,1,1,1,1,1,5.2611999999999997e-05,0.001734551,0.00011579899999999999,0.00011579899999999999,SYNDROME_TRELLIS,0.030331768855455965,0.45433898392904948,62,33,29,33,2,33,32,90,1,1,74,32768,1803,32768,34,1
named_crc_linear,"CRC_n32_k28_CRC-4/ITU-like",0.875,32,28,0.002,39,0,4,1,1,1,1,1,3.9065e-05,0.001426117,0.00011607000000000001,0.00011607000000000001,SYNDROME_TRELLIS,0.027392563162769955,0.33656414232790555,59,30,29,30,1,30,32,71,1,1,63,32768,1684,32768,34,1
named_crc_linear,"CRC_n32_k28_CRC-4/ITU-like",0.875,32,28,0.002,40,0,23,1,1,1,1,1,5.1894000000000002e-05,0.0032297229999999999,0.000153404,0.000153404,SYNDROME_TRELLIS,0.016067631806195144,0.33828322599149957,63,32,31,32,2,32,32,159,1,1,140,32768,1868,32768,34,2
named_crc_linear,"CRC_n32_k28_CRC-4/ITU-like",0.875,32,28,0.002,41,0,11,1,1,1,1,1,5.1780000000000002e-05,0.0046161190000000001,0.000134175,0.000134175,SYNDROME_TRELLIS,0.011217215154115395,0.38591391839016215,64,33,31,33,2,33,32,241,1,1,208,32768,1900,32768,34,2
named_crc_linear,"CRC_n32_k28_CRC-4/ITU-like",0.875,32,28,0.002,42,0,20,1,1,1,1,1,0.000108093,0.001334563,0.00017149600000000001,0.00017149600000000001,SYNDROME_TRELLIS,0.080995052313004329,0.63029458413024209,61,31,30,31,5,31,32,67,1,1,58,32768,1778,32768,39,3
named_crc_linear,"CRC_n32_k28_CRC-4/ITU-like",0.875,32,28,0.002,43,0,8,1,1,1,1,1,5.3900000000000002e-05,0.001722183,0.000129634,0.000129634,SYNDROME_TRELLIS,0.031297486968574192,0.41578598207260442,61,33,28,33,2,33,32,81,1,1,72,32768,1729,32768,34,2
named_crc_linear,"CRC_n32_k28_CRC-4/ITU-like",0.875,32,28,0.002,44,0,5,1,1,1,1,1,3.7239e-05,0.00084452099999999999,0.00010751600000000001,0.00010751600000000001,SYNDROME_TRELLIS,0.04409481824608269,0.34635775140444214,55,27,28,27,1,27,32,46,1,1,41,32768,1557,32768,33,1
named_crc_linear,"CRC_n32_k28_CRC-4/ITU-like",0.875,32,28,0.002,45,0,23,1,1,1,1,1,6.2940000000000004e-05,0.0035591780000000001,0.000154308,0.000154308,SYNDROME_TRELLIS,0.017683858463948699,0.40788552764600672,63,33,30,33,3,33,32,149,1,1,130,32768,1904,32768,35,2
named_crc_linear,"CRC_n32_k28_CRC-4/ITU-like",0.875,32,28,0.002,46,0,31,1,1,1,1,1,6.5942e-05,0.0059535409999999997,0.000162366,0.000162366,SYNDROME_TRELLIS,0.011076097401529612,0.40613182562851829,63,33,30,33,2,33,32,252,1,1,219,32768,1870,32768,34,1
named_crc_linear,"CRC_n32_k28_CRC-4/ITU-like",0.875,32,28,0.002,47,0,3,1,1,1,1,1,6.9843000000000002e-05,0.0038731659999999999,0.000138205,0.000138205,SYNDROME_TRELLIS,0.018032534624129203,0.50535798270684851,63,32,31,32,3,32,32,182,1,1,157,32768,1808,32768,35,2
named_crc_linear,"CRC_n32_k28_CRC-4/ITU-like",0.875,32,28,0.002,48,0,29,1,1,1,1,1,8.0401000000000005e-05,0.0015086019999999999,0.000176694,0.000176694,SYNDROME_TRELLIS,0.053295037392234672,0.45502959919408698,61,31,30,31,4,31,32,80,1,1,69,32768,1696,32768,36,4
named_crc_linear,"CRC_n32_k28_CRC-4/ITU-like",0.875,32,28,0.002,49,0,18,1,1,1,1,1,7.9783999999999994e-05,0.0088331250000000007,0.00023699300000000001,0.00023699300000000001,SYNDROME_TRELLIS,0.0090323639708483668,0.33665129349812017,64,33,31,33,3,33,32,379,2,2,329,32768,2046,32768,35,3
named_crc_linear,"CRC_n32_k28_CRC-4/ITU-like",0.875,32,28,0.002,50,0,7,1,1,1,1,1,5.5637000000000003e-05,0.001741549,0.00025054199999999997,0.00025054199999999997,SYNDROME_TRELLIS,0.031946847318105896,0.22206655969857353,62,32,30,32,2,32,32,88,1,1,77,32768,1975,32768,34,2
named_crc_linear,"CRC_n32_k28_CRC-4/ITU-like",0.875,32,28,0.002,51,0,25,1,1,1,1,1,7.1833000000000002e-05,0.0057053599999999996,0.000175883,0.000175883,SYNDROME_TRELLIS,0.012590441269262589,0.4084135476424669,64,33,31,33,3,33,32,259,1,1,225,32768,1868,32768,35,3
named_crc_linear,"CRC_n32_k28_CRC-4/ITU-like",0.875,32,28,0.002,52,0,23,1,1,1,1,1,4.1341999999999998e-05,0.000884839,0.0001198,0.0001198,SYNDROME_TRELLIS,0.046722624115799596,0.34509181969949915,61,31,30,31,1,31,32,45,1,1,36,32768,1647,32768,33,1
named_crc_linear,"CRC_n32_k28_CRC-4/ITU-like",0.875,32,28,0.002,53,0,9,1,1,1,1,1,5.2586000000000001e-05,0.0028444350000000002,0.000147229,0.000147229,SYNDROME_TRELLIS,0.018487327008702956,0.35717148116199937,63,32,31,32,2,32,32,142,1,1,127,32768,1908,32768,34,1
named_crc_linear,"CRC_n32_k28_CRC-4/ITU-like",0.875,32,28,0.002,54,1,15,1,1,1,1,1,5.2355000000000003e-05,0.0050643249999999997,0.000123585,0.000123585,SYNDROME_TRELLIS,0.010338001609296403,0.423635554476676,63,33,30,33,2,33,32,235,1,1,209,32768,1851,32768,34,1
named_crc_linear,"CRC_n32_k28_CRC-4/ITU-like",0.875,32,28,0.002,55,0,14,1,1,1,1,1,7.5817999999999998e-05,0.00082437999999999999,0.00015376300000000001,0.00015376300000000001,SYNDROME_TRELLIS,0.091969722700696283,0.49308351163804032,60,30,30,30,4,30,32,46,1,1,40,32768,1720,32768,38,3
named_crc_linear,"CRC_n32_k28_CRC-4/ITU-like",0.875,32,28,0.002,56,0,12,1,1,1,1,1,4.7715e-05,0.0010665119999999999,0.00013062999999999999,0.00013062999999999999,SYNDROME_TRELLIS,0.044739299698456282,0.36526831508841773,60,31,29,31,2,31,32,59,1,1,52,32768,1802,32768,35,1
named_crc_linear,"CRC_n32_k28_CRC-4/ITU-like",0.875,32,28,0.002,57,0,10,1,1,1,1,1,8.8925999999999995e-05,0.0073273349999999999,0.00018874199999999999,0.00018874199999999999,SYNDROME_TRELLIS,0.012136199586889367,0.47115109514575454,64,33,31,33,5,33,32,361,1,1,308,32768,1908,32768,37,5
named_crc_linear,"CRC_n32_k28_CRC-4/ITU-like",0.875,32,28,0.002,58,0,6,1,1,1,1,1,8.2455999999999998e-05,0.0039473900000000003,0.000155608,0.000155608,SYNDROME_TRELLIS,0.020888739141559358,0.52989563518585159,63,33,30,33,4,33,32,191,1,1,171,32768,1921,32768,36,3
named_crc_linear,"CRC_n32_k28_CRC-4/ITU-like",0.875,32,28,0.002,59,0,23,1,1,1,1,1,4.5739999999999999e-05,0.0027463180000000002,0.000121963,0.000121963,SYNDROME_TRELLIS,0.01665502683957211,0.37503177193083148,62,33,29,33,1,33,32,133,1,1,112,32768,1885,32768,33,1
named_crc_linear,"CRC_n32_k28_CRC-4/ITU-like",0.875,32,28,0.002,60,1,24,1,1,1,1,1,4.4663000000000003e-05,0.013090925,0.000152919,0.000152919,SYNDROME_TRELLIS,0.0034117527982170858,0.29206965779268762,64,33,31,33,1,33,32,422,1,1,370,32768,1906,32768,33,1
named_crc_linear,"CRC_n32_k28_CRC-4/ITU-like",0.875,32,28,0.002,61,0,18,1,1,1,1,1,3.7063000000000001e-05,0.00094492999999999997,0.00014110300000000001,0.00014110300000000001,SYNDROME_TRELLIS,0.039223011228344956,0.2626662792428226,56,28,28,28,1,28,32,38,1,1,33,32768,1752,32768,33,1
named_crc_linear,"CRC_n32_k28_CRC-4/ITU-like",0.875,32,28,0.002,62,0,4,1,1,1,1,1,7.6435999999999998e-05,0.0075854659999999999,0.00016545500000000001,0.00016545500000000001,SYNDROME_TRELLIS,0.010076638666629051,0.46197455501495871,64,33,31,33,3,33,32,326,1,1,269,32768,1960,32768,35,3
named_crc_linear,"CRC_n32_k28_CRC-4/ITU-like",0.875,32,28,0.002,63,0,24,1,1,1,1,1,5.0778000000000001e-05,0.001306321,0.00013021500000000001,0.00013021500000000001,SYNDROME_TRELLIS,0.038870997251058505,0.38995507430019577,60,33,27,33,2,33,32,62,1,1,55,32768,1819,32768,34,2
named_crc_linear,"CRC_n32_k28_CRC-4/ITU-like",0.875,32,28,0.002,64,0,21,1,1,1,1,1,6.0730000000000003e-05,0.001331612,0.00015051299999999999,0.00015051299999999999,SYNDROME_TRELLIS,0.045606377833783414,0.40348674200899598,61,32,29,32,3,32,32,74,1,1,65,32768,1874,32768,35,3
named_crc_linear,"CRC_n32_k28_CRC-4/ITU-like",0.875,32,28,0.002,65,0,0,1,1,1,1,1,7.5603000000000001e-05,0.006746358,0.00017185,0.00017185,SYNDROME_TRELLIS,0.011206490968905001,0.43993599068955486,64,33,31,33,4,33,32,314,1,1,272,32768,1732,32768,36,4
named_crc_linear,"CRC_n32_k28_CRC-4/ITU-like",0.875,32,28,0.002,66,0,6,1,1,1,1,1,5.1508999999999998e-05,0.001319462,0.000121935,0.000121935,SYNDROME_TRELLIS,0.039037880590725611,0.42242998318776392,61,31,30,31,2,31,32,69,1,1,60,32768,1834,32768,34,1
named_crc_linear,"CRC_n32_k28_CRC-4/ITU-like",0.875,32,28,0.002,67,0,17,1,1,1,1,1,5.8944999999999999e-05,0.0021656599999999998,0.00015280400000000001,0.00015280400000000001,SYNDROME_TRELLIS,0.0272180305311083,0.38575560849192425,62,33,29,33,2,33,32,104,1,1,92,32768,1957,32768,34,2
named_crc_linear,"CRC_n32_k28_CRC-4/ITU-like",0.875,32,28,0.002,68,0,9,1,1,1,1,1,5.1737000000000003e-05,0.002996791,0.00015955599999999999,0.00015955599999999999,SYNDROME_TRELLIS,0.017264133534837765,0.32425606056807643,63,33,30,33,2,33,32,146,1,1,128,32768,1983,32768,35,2
named_crc_linear,"CRC_n32_k28_CRC-4/ITU-like",0.875,32,28,0.002,69,0,11,1,1,1,1,1,6.7705000000000003e-05,0.00175639,0.00012956999999999999,0.00012956999999999999,SYNDROME_TRELLIS,0.038547816828836422,0.52253608088292047,62,32,30,32,3,32,32,90,1,1,76,32768,1877,32768,37,2
named_crc_linear,"CRC_n32_k28_CRC-4/ITU-like",0.875,32,28,0.002,70,0,25,1,1,1,1,1,5.6323000000000003e-05,0.0033833909999999999,0.000168846,0.000168846,SYNDROME_TRELLIS,0.016646908382743821,0.33357615815595276,63,32,31,32,2,32,32,156,1,1,140,32768,1758,32768,35,2
named_crc_linear,"CRC_n32_k28_CRC-4/ITU-like",0.875,32,28,0.002,71,0,10,1,1,1,1,1,4.0982999999999997e-05,0.001904768,0.00015319500000000001,0.00015319500000000001,SYNDROME_TRELLIS,0.021516006148780322,0.26752178595907172,62,31,31,31,1,31,32,98,1,1,87,32768,1809,32768,34,1
named_crc_linear,"CRC_n32_k28_CRC-4/ITU-like",0.875,32,28,0.002,72,0,30,1,1,1,1,1,6.7305999999999996e-05,0.00089706499999999995,0.00019495999999999999,0.00019495999999999999,SYNDROME_TRELLIS,0.075029122750302379,0.34522979072630283,61,30,31,30,3,30,32,44,1,1,38,32768,1770,32768,36,3
named_crc_linear,"CRC_n32_k28_CRC-4/ITU-like",0.875,32,28,0.002,73,0,26,1,1,1,1,1,6.1853999999999994e-05,0.00059841600000000005,0.000159648,0.000159648,SYNDROME_TRELLIS,0.10336287799791448,0.38743986770895966,59,30,29,30,3,30,32,34,1,1,29,32768,1850,32768,36,3
named_crc_linear,"CRC_n32_k28_CRC-4/ITU-like",0.875,32,28,0.002,74,0,22,1,1,1,1,1,5.1929999999999999e-05,0.00073671700000000001,0.00013346399999999999,0.00013346399999999999,SYNDROME_TRELLIS,0.070488396494176181,0.38909368818557816,61,31,30,31,2,31,32,39,1,1,33,32768,1861,32768,35,2
named_crc_linear,"CRC_n32_k28_CRC-4/ITU-like",0.875,32,28,0.002,75,0,11,1,1,1,1,1,5.0241000000000002e-05,0.0028155379999999998,0.00013240600000000001,0.00013240600000000001,SYNDROME_TRELLIS,0.017844191767257274,0.37944655076053957,62,33,29,33,2,33,32,135,1,1,118,32768,1811,32768,34,1
named_crc_linear,"CRC_n32_k28_CRC-4/ITU-like",0.875,32,28,0.002,76,0,12,1,1,1,1,1,7.5545999999999998e-05,0.00063754600000000001,0.00015997099999999999,0.00015997099999999999,SYNDROME_TRELLIS,0.11849497918581561,0.47224809496721282,60,32,28,32,3,32,32,34,1,1,29,32768,1789,32768,36,3
named_crc_linear,"CRC_n32_k28_CRC-4/ITU-like",0.875,32,28,0.002,77,0,28,1,1,1,1,1,6.1754000000000005e-05,0.00072505300000000003,0.00013800800000000001,0.00013800800000000001,SYNDROME_TRELLIS,0.085171704689174454,0.44746681351805695,58,31,27,31,3,31,32,40,1,1,35,32768,1712,32768,42,3
named_crc_linear,"CRC_n32_k28_CRC-4/ITU-like",0.875,32,28,0.002,78,0,10,1,1,1,1,1,6.4059000000000005e-05,0.0016347180000000001,0.00013710799999999999,0.00013710799999999999,SYNDROME_TRELLIS,0.039186575299225923,0.46721562563818309,61,31,30,31,3,31,32,81,1,1,72,32768,1809,32768,37,2
named_crc_linear,"CRC_n32_k28_CRC-4/ITU-like",0.875,32,28,0.002,79,0,18,1,1,1,1,1,5.2812000000000002e-05,0.0040412900000000003,0.00013362199999999999,0.00013362199999999999,SYNDROME_TRELLIS,0.01306810449138765,0.39523431770217482,63,32,31,32,2,32,32,192,1,1,167,32768,1804,32768,34,2
named_crc_linear,"CRC_n32_k28_CRC-4/ITU-like",0.875,32,28,0.0050000000000000001,0,0,2,1,1,1,1,1,6.6186000000000006e-05,0.0040504099999999999,0.00014297600000000001,0.00014297600000000001,SYNDROME_TRELLIS,0.016340567991882306,0.46291685317815578,63,32,31,32,3,32,32,170,1,1,152,32768,1914,32768,36,2
named_crc_linear,"CRC_n32_k28_CRC-4/ITU-like",0.875,32,28,0.0050000000000000001,1,1,0,1,1,1,1,1,7.7824999999999994e-05,0.0034010519999999999,0.000157496,0.000157496,SYNDROME_TRELLIS,0.022882625728745106,0.49413953370244323,62,33,29,33,4,33,32,156,1,1,138,32768,1738,32768,37,4
named_crc_linear,"CRC_n32_k28_CRC-4/ITU-like",0.875,32,28,0.0050000000000000001,2,0,18,1,1,1,1,1,5.1913000000000003e-05,0.0010123280000000001,0.00015925100000000001,0.00015925100000000001,SYNDROME_TRELLIS,0.051280810172197155,0.32598225442854362,61,31,30,31,2,31,32,56,1,1,49,32768,1901,32768,34,2
named_crc_linear,"CRC_n32_k28_CRC-4/ITU-like",0.875,32,28,0.0050000000000000001,3,0,16,1,1,1,1,1,4.0564e-05,0.0025614700000000002,0.000142867,0.000142867,SYNDROME_TRELLIS,0.015836219046094623,0.28392840893978316,63,32,31,32,1,32,32,126,1,1,108,32768,1894,32768,33,1
named_crc_linear,"CRC_n32_k28_CRC-4/ITU-like",0.875,32,28,0.0050000000000000001,4,0,9,1,1,1,1,1,5.0222000000000001e-05,0.0021120739999999998,0.000110702,0.000110702,SYNDROME_TRELLIS,0.023778522911602533,0.45366840707484962,61,31,30,31,2,31,32,107,1,1,95,32768,1814,32768,36,1
named_crc_linear,"CRC_n32_k28_CRC-4/ITU-like",0.875,32,28,0.0050000000000000001,5,0,0,1,1,1,1,1,6.8725000000000004e-05,0.0073919679999999996,0.00017813,0.00017813,SYNDROME_TRELLIS,0.0092972534513136428,0.3858137315443777,63,33,30,33,3,33,32,324,1,1,289,32768,1861,32768,35,2
named_crc_linear,"CRC_n32_k28_CRC-4/ITU-like",0.875,32,28,0.0050000000000000001,6,0,9,1,1,1,1,1,4.1318e-05,0.0088995570000000006,0.00014755700000000001,0.00014755700000000001,SYNDROME_TRELLIS,0.0046427030019584115,0.28001382516586809,64,33,31,33,1,33,32,390,1,1,340,32768,1943,32768,33,1
named_crc_linear,"CRC_n32_k28_CRC-4/ITU-like",0.875,32,28,0.0050000000000000001,7,0,26,1,1,1,1,1,4.0111999999999998e-05,0.001705827,0.00013781399999999999,0.00013781399999999999,SYNDROME_TRELLIS,0.023514694045761966,0.29105896353055566,61,32,29,32,1,32,32,88,1,1,77,32768,1827,32768,33,1
named_crc_linear,"CRC_n32_k28_CRC-4/ITU-like",0.875,32,28,0.0050000000000000001,8,0,4,1,1,1,1,1,5.3606000000000001e-05,0.0069788369999999999,0.00015690699999999999,0.00015690699999999999,SYNDROME_TRELLIS,0.0076812225303442396,0.34164186428903748,64,33,31,33,2,33,32,330,1,1,288,32768,1957,32768,34,2
named_crc_linear,"CRC_n32_k28_CRC-4/ITU-like",0.875,32,28,0.0050000000000000001,9,0,0,1,1,1,1,1,6.5942e-05,0.0010945589999999999,0.00013113099999999999,0.00013113099999999999,SYNDROME_TRELLIS,0.060245267728829606,0.5028711746268999,61,32,29,32,3,32,32,55,1,1,49,32768,1754,32768,36,2
named_crc_linear,"CRC_n32_k28_CRC-4/ITU-like",0.875,32,28,0.0050000000000000001,10,0,9,1,1,1,1,1,6.2829000000000004e-05,0.00098302999999999997,0.000136768,0.000136768,SYNDROME_TRELLIS,0.063913614030090646,0.45938377398221808,60,29,31,29,3,29,32,52,1,1,46,32768,1744,32768,38,2
named_crc_linear,"CRC_n32_k28_CRC-4/ITU-like",0.875,32,28,0.0050000000000000001,11,0,21,1,1,1,1,1,4.0225000000000002e-05,0.010130027,0.00012280200000000001,0.00012280200000000001,SYNDROME_TRELLIS,0.0039708679947249893,0.32755981172945065,64,33,31,33,1,33,32,464,1,1,407,32768,1782,32768,33,1
named_crc_linear,"CRC_n32_k28_CRC-4/ITU-like",0.875,32,28,0.0050000000000000001,12,0,5,1,1,1,1,1,9.1785000000000003e-05,0.0021784209999999998,0.00016907200000000001,0.00016907200000000001,SYNDROME_TRELLIS,0.042133728971580797,0.54287522475631678,62,32,30,32,4,32,32,98,1,1,88,32768,1836,32768,38,3
named_crc_linear,"CRC_n32_k28_CRC-4/ITU-like",0.875,32,28,0.0050000000000000001,13,0,13,1,1,1,1,1,7.7328000000000002e-05,0.0025960039999999998,0.00019399099999999999,0.00019399099999999999,SYNDROME_TRELLIS,0.029787319279939477,0.39861643065915431,62,32,30,32,3,32,32,108,1,1,97,32768,1876,32768,35,2
named_crc_linear,"CRC_n32_k28_CRC-4/ITU-like",0.875,32,28,0.0050000000000000001,14,0,0,1,1,1,1,1,7.2247000000000001e-05,0.0019456779999999999,0.000177388,0.000177388,SYNDROME_TRELLIS,0.037132043431646965,0.40728234153381287,61,32,29,32,3,32,32,88,1,1,73,32768,1699,32768,40,3
named_crc_linear,"CRC_n32_k28_CRC-4/ITU-like",0.875,32,28,0.0050000000000000001,15,0,10,1,1,1,1,1,8.7040999999999996e-05,0.0042207950000000003,0.00017634899999999999,0.00017634899999999999,SYNDROME_TRELLIS,0.020621944444115383,0.49357240472018554,63,33,30,33,4,33,32,169,1,1,147,32768,1758,32768,36,3
named_crc_linear,"CRC_n32_k28_CRC-4/ITU-like",0.875,32,28,0.0050000000000000001,16,0,29,1,1,1,1,1,8.8826999999999995e-05,0.0025031340000000002,0.00018605100000000001,0.00018605100000000001,SYNDROME_TRELLIS,0.035486314356322907,0.47743360691423314,62,33,29,33,4,33,32,101,1,1,89,32768,1833,32768,40,4
named_crc_linear,"CRC_n32_k28_CRC-4/ITU-like",0.875,32,28,0.0050000000000000001,17,0,2,1,1,1,1,1,4.6388999999999999e-05,0.01087403,0.00014538600000000001,0.00014538600000000001,SYNDROME_TRELLIS,0.0042660356831827756,0.31907473897073996,64,33,31,33,1,33,32,442,1,1,391,32768,1941,32768,33,1
named_crc_linear,"CRC_n32_k28_CRC-4/ITU-like",0.875,32,28,0.0050000000000000001,18,0,21,1,1,1,1,1,6.3145000000000006e-05,0.0078224760000000001,0.00016175,0.00016175,SYNDROME_TRELLIS,0.0080722523149959167,0.39038639876352399,64,33,31,33,2,33,32,364,1,1,322,32768,1856,32768,34,2
named_crc_linear,"CRC_n32_k28_CRC-4/ITU-like",0.875,32,28,0.0050000000000000001,19,0,31,1,1,1,1,1,5.1001999999999997e-05,0.0036931170000000001,0.000156911,0.000156911,SYNDROME_TRELLIS,0.013810014684073101,0.32503776025900027,63,32,31,32,2,32,32,184,1,1,159,32768,1951,32768,34,2
named_crc_linear,"CRC_n32_k28_CRC-4/ITU-like",0.875,32,28,0.0050000000000000001,20,0,7,1,1,1,1,1,6.1277000000000003e-05,0.0011104070000000001,0.000149634,0.000149634,SYNDROME_TRELLIS,0.055184270272071408,0.40951254394054831,57,31,26,31,3,31,32,51,1,1,45,32768,1565,32768,36,1
named_crc_linear,"CRC_n32_k28_CRC-4/ITU-like",0.875,32,28,0.0050000000000000001,21,0,28,1,1,1,1,1,6.9859999999999999e-05,0.003509426,0.00020445000000000001,0.00020445000000000001,SYNDROME_TRELLIS,0.019906389249979912,0.34169723648813888,63,33,30,33,3,33,32,172,1,1,153,32768,1925,32768,35,3
named_crc_linear,"CRC_n32_k28_CRC-4/ITU-like",0.875,32,28,0.0050000000000000001,22,0,15,1,1,1,1,1,7.5927999999999995e-05,0.002228336,0.00020526299999999999,0.00020526299999999999,SYNDROME_TRELLIS,0.03407385600735257,0.3699059255686607,62,33,29,33,4,33,32,111,1,1,98,32768,1868,32768,37,4
named_crc_linear,"CRC_n32_k28_CRC-4/ITU-like",0.875,32,28,0.0050000000000000001,23,0,8,1,1,1,1,1,6.4574999999999998e-05,0.0032335839999999999,0.000145771,0.000145771,SYNDROME_TRELLIS,0.01997010128699301,0.44298934630344855,63,32,31,32,3,32,32,166,1,1,142,32768,1705,32768,35,3
named_crc_linear,"CRC_n32_k28_CRC-4/ITU-like",0.875,32,28,0.0050000000000000001,24,0,9,1,1,1,1,1,6.8408e-05,0.0070897369999999996,0.00017266100000000001,0.00017266100000000001,SYNDROME_TRELLIS,0.0096488769611623119,0.39619833083325129,64,33,31,33,3,33,32,341,1,1,305,32768,1940,32768,35,3
named_crc_linear,"CRC_n32_k28_CRC-4/ITU-like",0.875,32,28,0.0050000000000000001,25,0,20,1,1,1,1,1,7.4688e-05,0.00069759499999999996,0.000162144,0.000162144,SYNDROME_TRELLIS,0.10706498756441775,0.46062759029011252,60,30,30,30,4,30,32,38,1,1,33,32768,1819,32768,40,3
named_crc_linear,"CRC_n32_k28_CRC-4/ITU-like",0.875,32,28,0.0050000000000000001,26,0,20,1,1,1,1,1,5.0905999999999997e-05,0.001890325,0.00015144299999999999,0.00015144299999999999,SYNDROME_TRELLIS,0.026929760755425653,0.33613966971071624,61,31,30,31,2,31,32,95,1,1,85,32768,1909,32768,35,2
named_crc_linear,"CRC_n32_k28_CRC-4/ITU-like",0.875,32,28,0.0050000000000000001,27,0,12,1,1,1,1,1,6.4659999999999994e-05,0.003237251,0.000145134,0.000145134,SYNDROME_TRELLIS,0.0199737369762184,0.44551931318643456,63,33,30,33,3,33,32,158,1,1,135,32768,1824,32768,36,3
named_crc_linear,"CRC_n32_k28_CRC-4/ITU-like",0.875,32,28,0.0050000000000000001,28,0,16,1,1,1,1,1,5.3417e-05,0.0067104490000000003,0.00014812199999999999,0.00014812199999999999,SYNDROME_TRELLIS,0.0079602721069782362,0.3606284009127611,64,33,31,33,2,33,32,306,1,1,267,32768,1989,32768,34,2
named_crc_linear,"CRC_n32_k28_CRC-4/ITU-like",0.875,32,28,0.0050000000000000001,29,0,7,1,1,1,1,1,4.3439999999999997e-05,0.0053048710000000001,0.000121352,0.000121352,SYNDROME_TRELLIS,0.0081887005357905961,0.35796690619025645,63,33,30,33,1,33,32,245,1,1,218,32768,1944,32768,33,1
named_crc_linear,"CRC_n32_k28_CRC-4/ITU-like",0.875,32,28,0.0050000000000000001,30,0,12,1,1,1,1,1,4.9610000000000001e-05,0.0034654709999999999,0.00013835599999999999,0.00013835599999999999,SYNDROME_TRELLIS,0.014315514399052829,0.35856775275376568,62,31,31,31,2,31,32,163,1,1,145,32768,1938,32768,35,1
named_crc_linear,"CRC_n32_k28_CRC-4/ITU-like",0.875,32,28,0.0050000000000000001,31,0,11,1,1,1,1,1,3.9650999999999997e-05,0.0038504580000000002,0.000137661,0.000137661,SYNDROME_TRELLIS,0.010297736009586391,0.28803364787412555,63,33,30,33,1,33,32,181,1,1,158,32768,1915,32768,33,1
named_crc_linear,"CRC_n32_k28_CRC-4/ITU-like",0.875,32,28,0.0050000000000000001,32,1,8,1,1,1,1,1,5.7948000000000002e-05,0.0014871330000000001,0.00010329,0.00010329,SYNDROME_TRELLIS,0.038966252514065651,0.56102236421725249,61,31,30,31,3,31,32,82,1,1,74,32768,1802,32768,35,1
named_crc_linear,"CRC_n32_k28_CRC-4/ITU-like",0.875,32,28,0.0050000000000000001,33,0,9,1,1,1,1,1,6.1795e-05,0.0061484499999999997,0.000146518,0.000146518,SYNDROME_TRELLIS,0.010050500532654572,0.42175705374083733,64,33,31,33,3,33,32,300,1,1,251,32768,1918,32768,35,3
named_crc_linear,"CRC_n32_k28_CRC-4/ITU-like",0.875,32,28,0.0050000000000000001,34,0,7,1,1,1,1,1,4.9178000000000002e-05,0.00104357,0.000114657,0.000114657,SYNDROME_TRELLIS,0.047124773613653137,0.42891406542993454,59,28,31,28,2,28,32,58,1,1,52,32768,1683,32768,36,1
named_crc_linear,"CRC_n32_k28_CRC-4/ITU-like",0.875,32,28,0.0050000000000000001,35,0,11,1,1,1,1,1,8.8010000000000006e-05,0.00092546700000000002,0.000117323,0.000117323,SYNDROME_TRELLIS,0.095097934340176368,0.75015129173307882,59,32,27,32,5,32,32,51,1,1,45,32768,1720,32768,39,2
named_crc_linear,"CRC_n32_k28_CRC-4/ITU-like",0.875,32,28,0.0050000000000000001,36,0,8,1,1,1,1,1,6.4647000000000006e-05,0.0020975260000000002,0.00016550399999999999,0.00016550399999999999,SYNDROME_TRELLIS,0.030820595310856697,0.39060687354988405,62,32,30,32,3,32,32,105,1,1,88,32768,1746,32768,36,3
named_crc_linear,"CRC_n32_k28_CRC-4/ITU-like",0.875,32,28,0.0050000000000000001,37,1,13,1,1,1,1,1,4.1220000000000002e-05,0.0052508809999999998,0.00013207900000000001,0.00013207900000000001,SYNDROME_TRELLIS,0.0078501112479981931,0.31208594856108846,63,33,30,33,1,33,32,248,1,1,213,32768,1695,32768,33,1
named_crc_linear,"CRC_n32_k28_CRC-4/ITU-like",0.875,32,28,0.0050000000000000001,38,0,3,1,1,1,1,1,5.8915000000000001e-05,0.0018182140000000001,0.00013853699999999999,0.00013853699999999999,SYNDROME_TRELLIS,0.032402676472626436,0.42526545255058218,61,31,30,31,3,31,32,98,1,1,84,32768,1729,32768,35,3
named_crc_linear,"CRC_n32_k28_CRC-4/ITU-like",0.875,32,28,0.0050000000000000001,39,0,23,1,1,1,1,1,7.5482000000000007e-05,0.0011088179999999999,0.00014108100000000001,0.00014108100000000001,SYNDROME_TRELLIS,0.068074291723258476,0.53502597798427853,61,33,28,33,4,33,32,57,1,1,49,32768,1724,32768,38,2
named_crc_linear,"CRC_n32_k28_CRC-4/ITU-like",0.875,32,28,0.0050000000000000001,40,0,31,1,1,1,1,1,6.8730000000000001e-05,0.0038350350000000001,0.000167784,0.000167784,SYNDROME_TRELLIS,0.017921609581138111,0.40963381490487771,63,33,30,33,3,33,32,194,1,1,171,32768,1959,32768,35,3
named_crc_linear,"CRC_n32_k28_CRC-4/ITU-like",0.875,32,28,0.0050000000000000001,41,0,15,1,1,1,1,1,7.6586000000000002e-05,0.0034336280000000002,0.00015280200000000001,0.00015280200000000001,SYNDROME_TRELLIS,0.022304687636517408,0.50121071713721022,63,33,30,33,4,33,32,172,1,1,150,32768,1862,32768,37,3
named_crc_linear,"CRC_n32_k28_CRC-4/ITU-like",0.875,32,28,0.0050000000000000001,42,1,18,1,1,1,1,1,0.001436002,0.019432207,0.0020261530000000002,0.0020261530000000002,SYNDROME_TRELLIS,0.073898039476421803,0.70873324966081042,2043,959,1084,959,64,959,32,926,1,1,821,32768,15251,32768,157,62
named_crc_linear,"CRC_n32_k28_CRC-4/ITU-like",0.875,32,28,0.0050000000000000001,43,0,17,1,1,1,1,1,6.1938000000000002e-05,0.0025066929999999999,0.00014350499999999999,0.00014350499999999999,SYNDROME_TRELLIS,0.02470904893419338,0.43160865475070559,63,33,30,33,3,33,32,131,1,1,115,32768,1913,32768,36,2
named_crc_linear,"CRC_n32_k28_CRC-4/ITU-like",0.875,32,28,0.0050000000000000001,44,0,1,1,1,1,1,1,7.7775999999999995e-05,0.0020795850000000001,0.000106265,0.000106265,SYNDROME_TRELLIS,0.037399769665582311,0.7319060838469863,61,31,30,31,4,31,32,103,1,1,89,32768,1700,32768,36,1
named_crc_linear,"CRC_n32_k28_CRC-4/ITU-like",0.875,32,28,0.0050000000000000001,45,0,24,1,1,1,1,1,6.6806999999999999e-05,0.002628118,0.000147663,0.000147663,SYNDROME_TRELLIS,0.025420091487520727,0.45242884134820505,62,33,29,33,3,33,32,132,1,1,116,32768,1784,32768,35,2
named_crc_linear,"CRC_n32_k28_CRC-4/ITU-like",0.875,32,28,0.0050000000000000001,46,0,14,1,1,1,1,1,5.1666000000000003e-05,0.002434908,0.00014503399999999999,0.00014503399999999999,SYNDROME_TRELLIS,0.021218871513831325,0.35623371071610799,62,32,30,32,2,32,32,122,1,1,107,32768,1769,32768,35,2
named_crc_linear,"CRC_n32_k28_CRC-4/ITU-like",0.875,32,28,0.0050000000000000001,47,0,30,1,1,1,1,1,4.0889000000000001e-05,0.0045416279999999998,0.00013430199999999999,0.00013430199999999999,SYNDROME_TRELLIS,0.0090031592195573933,0.30445562984914598,63,33,30,33,1,33,32,217,1,1,187,32768,1874,32768,33,1
named_crc_linear,"CRC_n32_k28_CRC-4/ITU-like",0.875,32,28,0.0050000000000000001,48,0,13,1,1,1,1,1,3.6341999999999999e-05,0.0012318470000000001,0.00012876200000000001,0.00012876200000000001,SYNDROME_TRELLIS,0.029502040431969228,0.28224165514670474,60,32,28,32,1,32,32,68,1,1,61,32768,1883,32768,33,1
named_crc_linear,"CRC_n32_k28_CRC-4/ITU-like",0.875,32,28,0.0050000000000000001,49,0,19,1,1,1,1,1,7.1154000000000003e-05,0.002585197,0.00012071299999999999,0.00012071299999999999,SYNDROME_TRELLIS,0.027523627793162378,0.58944769825950816,62,32,30,32,3,32,32,131,1,1,111,32768,1742,32768,35,2
named_crc_linear,"CRC_n32_k28_CRC-4/ITU-like",0.875,32,28,0.0050000000000000001,50,0,31,1,1,1,1,1,6.3328000000000001e-05,0.000785179,0.00015696300000000001,0.00015696300000000001,SYNDROME_TRELLIS,0.080654220247867045,0.40345813981638984,60,33,27,33,3,33,32,43,1,1,37,32768,1901,32768,37,3
named_crc_linear,"CRC_n32_k28_CRC-4/ITU-like",0.875,32,28,0.0050000000000000001,51,0,18,1,1,1,1,1,6.4757000000000004e-05,0.001156268,0.000121892,0.000121892,SYNDROME_TRELLIS,0.056005182189596187,0.53126538246972732,60,33,27,33,3,33,32,60,1,1,53,32768,1836,32768,36,2
named_crc_linear,"CRC_n32_k28_CRC-4/ITU-like",0.875,32,28,0.0050000000000000001,52,0,13,1,1,1,1,1,3.4783999999999998e-05,0.00060846299999999995,0.00010279499999999999,0.00010279499999999999,SYNDROME_TRELLIS,0.057166992898499989,0.33838221703390242,55,27,28,27,1,27,32,39,1,1,34,32768,1613,32768,34,1
named_crc_linear,"CRC_n32_k28_CRC-4/ITU-like",0.875,32,28,0.0050000000000000001,53,0,13,1,1,1,1,1,7.7424999999999998e-05,0.001286415,0.00017041499999999999,0.00017041499999999999,SYNDROME_TRELLIS,0.060186642724159779,0.45433207170730278,61,33,28,33,4,33,32,67,1,1,56,32768,1791,32768,37,4
named_crc_linear,"CRC_n32_k28_CRC-4/ITU-like",0.875,32,28,0.0050000000000000001,54,0,13,1,1,1,1,1,7.4827999999999996e-05,0.0020738549999999999,0.00016087999999999999,0.00016087999999999999,SYNDROME_TRELLIS,0.036081596832951195,0.46511685728493285,62,32,30,32,4,32,32,105,1,1,93,32768,1865,32768,39,4
named_crc_linear,"CRC_n32_k28_CRC-4/ITU-like",0.875,32,28,0.0050000000000000001,55,0,23,1,1,1,1,1,9.9621e-05,0.0018282070000000001,0.00020148900000000001,0.00020148900000000001,SYNDROME_TRELLIS,0.054491094279805294,0.49442401322156543,62,31,31,31,6,31,32,94,1,1,85,32768,1875,32768,41,6
named_crc_linear,"CRC_n32_k28_CRC-4/ITU-like",0.875,32,28,0.0050000000000000001,56,0,30,1,1,1,1,1,7.6816000000000005e-05,0.0029349020000000001,0.00015407100000000001,0.00015407100000000001,SYNDROME_TRELLIS,0.026173275973098931,0.49857533215205974,62,31,31,31,4,31,32,142,1,1,126,32768,1819,32768,36,4
named_crc_linear,"CRC_n32_k28_CRC-4/ITU-like",0.875,32,28,0.0050000000000000001,57,0,25,1,1,1,1,1,6.6202000000000001e-05,0.0011735249999999999,0.000154418,0.000154418,SYNDROME_TRELLIS,0.056412943908310434,0.42871944980507454,62,32,30,32,3,32,32,59,1,1,50,32768,1725,32768,36,3
named_crc_linear,"CRC_n32_k28_CRC-4/ITU-like",0.875,32,28,0.0050000000000000001,58,1,27,1,1,1,1,1,0.00149782,0.021170255999999998,0.0021056989999999999,0.0021056989999999999,SYNDROME_TRELLIS,0.07075115199362729,0.71131723954848247,2044,963,1081,963,66,963,32,989,1,1,901,32768,15084,32768,165,65
named_crc_linear,"CRC_n32_k28_CRC-4/ITU-like",0.875,32,28,0.0050000000000000001,59,0,20,1,1,1,1,1,4.0636999999999997e-05,0.0035522459999999998,0.000130789,0.000130789,SYNDROME_TRELLIS,0.011439804563084877,0.31070655789095414,63,32,31,32,1,32,32,173,1,1,153,32768,1972,32768,33,1
named_crc_linear,"CRC_n32_k28_CRC-4/ITU-like",0.875,32,28,0.0050000000000000001,60,0,25,1,1,1,1,1,6.1742000000000006e-05,0.0012466459999999999,0.00012924599999999999,0.00012924599999999999,SYNDROME_TRELLIS,0.049526489476563525,0.47770917475202335,61,33,28,33,3,33,32,69,1,1,61,32768,1858,32768,35,2
named_crc_linear,"CRC_n32_k28_CRC-4/ITU-like",0.875,32,28,0.0050000000000000001,61,0,17,1,1,1,1,1,5.2534999999999998e-05,0.0063974840000000002,0.00014485100000000001,0.00014485100000000001,SYNDROME_TRELLIS,0.0082118220225326083,0.36268303290967957,64,33,31,33,2,33,32,300,1,1,262,32768,2001,32768,34,2
named_crc_linear,"CRC_n32_k28_CRC-4/ITU-like",0.875,32,28,0.0050000000000000001,62,0,24,1,1,1,1,1,7.3923000000000004e-05,0.0021102930000000001,0.000169712,0.000169712,SYNDROME_TRELLIS,0.035029732838046661,0.43557909870840011,63,33,30,33,4,33,32,117,1,1,102,32768,1805,32768,36,4
named_crc_linear,"CRC_n32_k28_CRC-4/ITU-like",0.875,32,28,0.0050000000000000001,63,1,3,1,1,1,1,1,6.6013000000000006e-05,0.0039932570000000001,0.000140844,0.000140844,SYNDROME_TRELLIS,0.016531117331040804,0.46869586208855196,63,33,30,33,3,33,32,184,1,1,162,32768,1778,32768,35,3
named_crc_linear,"CRC_n32_k28_CRC-4/ITU-like",0.875,32,28,0.0050000000000000001,64,0,22,1,1,1,1,1,6.2337999999999998e-05,0.00084790600000000005,0.000132743,0.000132743,SYNDROME_TRELLIS,0.073519942069050104,0.4696142169455263,59,29,30,29,3,29,32,45,1,1,40,32768,1719,32768,37,2
named_crc_linear,"CRC_n32_k28_CRC-4/ITU-like",0.875,32,28,0.0050000000000000001,65,0,18,1,1,1,1,1,6.3541999999999996e-05,0.0056622290000000004,0.00015300700000000001,0.00015300700000000001,SYNDROME_TRELLIS,0.011222082328355139,0.41528818942924173,64,33,31,33,3,33,32,276,1,1,236,32768,1788,32768,35,3
named_crc_linear,"CRC_n32_k28_CRC-4/ITU-like",0.875,32,28,0.0050000000000000001,66,0,9,1,1,1,1,1,9.0223000000000007e-05,0.0020000500000000002,0.000176606,0.000176606,SYNDROME_TRELLIS,0.045110372240693981,0.51087165781457033,62,33,29,33,5,33,32,100,1,1,84,32768,1861,32768,41,4
named_crc_linear,"CRC_n32_k28_CRC-4/ITU-like",0.875,32,28,0.0050000000000000001,67,0,0,1,1,1,1,1,6.3196999999999998e-05,0.00076383899999999999,0.00014718500000000001,0.00014718500000000001,SYNDROME_TRELLIS,0.082736021596174061,0.4293711995108197,60,32,28,32,3,32,32,41,1,1,35,32768,1845,32768,38,2
named_crc_linear,"CRC_n32_k28_CRC-4/ITU-like",0.875,32,28,0.0050000000000000001,68,0,23,1,1,1,1,1,5.2376000000000001e-05,0.0013100709999999999,0.00014287699999999999,0.00014287699999999999,SYNDROME_TRELLIS,0.039979512560769613,0.36658104523471241,61,32,29,32,2,32,32,65,1,1,56,32768,1900,32768,34,1
named_crc_linear,"CRC_n32_k28_CRC-4/ITU-like",0.875,32,28,0.0050000000000000001,69,0,23,1,1,1,1,1,5.2970999999999998e-05,0.0040618750000000004,0.000138756,0.000138756,SYNDROME_TRELLIS,0.013041021695645482,0.3817564645853152,63,33,30,33,2,33,32,194,1,1,163,32768,1948,32768,34,2
named_crc_linear,"CRC_n32_k28_CRC-4/ITU-like",0.875,32,28,0.0050000000000000001,70,0,27,1,1,1,1,1,7.0873999999999999e-05,0.003210844,0.00014844700000000001,0.00014844700000000001,SYNDROME_TRELLIS,0.022073324023216327,0.47743639143936889,62,32,30,32,3,32,32,166,1,1,144,32768,1815,32768,36,2
named_crc_linear,"CRC_n32_k28_CRC-4/ITU-like",0.875,32,28,0.0050000000000000001,71,1,6,1,1,1,1,1,6.2991999999999996e-05,0.0060101340000000003,0.00013854699999999999,0.00013854699999999999,SYNDROME_TRELLIS,0.010480964317933675,0.45466159498220821,64,33,31,33,3,33,32,303,1,1,269,32768,1806,32768,35,3
named_crc_linear,"CRC_n32_k28_CRC-4/ITU-like",0.875,32,28,0.0050000000000000001,72,0,11,1,1,1,1,1,3.9674e-05,0.0022224079999999999,0.00012780300000000001,0.00012780300000000001,SYNDROME_TRELLIS,0.01785180758888557,0.31043089755326553,62,33,29,33,1,33,32,116,1,1,100,32768,1925,32768,33,1
named_crc_linear,"CRC_n32_k28_CRC-4/ITU-like",0.875,32,28,0.0050000000000000001,73,0,25,1,1,1,1,1,5.9722999999999997e-05,0.0012455859999999999,0.000134442,0.000134442,SYNDROME_TRELLIS,0.047947712964018542,0.44422873804317103,60,31,29,31,3,31,32,77,1,1,67,32768,1727,32768,38,2
named_crc_linear,"CRC_n32_k28_CRC-4/ITU-like",0.875,32,28,0.0050000000000000001,74,0,17,1,1,1,1,1,3.9507e-05,0.00085884500000000001,0.000133845,0.000133845,SYNDROME_TRELLIS,0.046000151366078858,0.29516978594643056,61,31,30,31,1,31,32,46,1,1,39,32768,1892,32768,33,1
named_crc_linear,"CRC_n32_k28_CRC-4/ITU-like",0.875,32,28,0.0050000000000000001,75,1,12,1,1,1,1,1,6.2601000000000006e-05,0.0021230480000000002,0.00016372700000000001,0.00016372700000000001,SYNDROME_TRELLIS,0.029486379959379156,0.38234988731241643,63,32,31,32,3,32,32,123,1,1,107,32768,1986,32768,35,3
named_crc_linear,"CRC_n32_k28_CRC-4/ITU-like",0.875,32,28,0.0050000000000000001,76,0,25,1,1,1,1,1,6.5295000000000004e-05,0.0068639679999999998,0.00017151300000000001,0.00017151300000000001,SYNDROME_TRELLIS,0.0095127191735159614,0.38070000524741565,64,33,31,33,3,33,32,319,1,1,269,32768,1942,32768,35,3
named_crc_linear,"CRC_n32_k28_CRC-4/ITU-like",0.875,32,28,0.0050000000000000001,77,1,2,1,1,1,1,1,3.8216000000000001e-05,0.00080754500000000001,0.000106425,0.000106425,SYNDROME_TRELLIS,0.047323678556612944,0.35908856001879258,59,30,29,30,1,30,32,43,1,1,38,32768,1740,32768,33,1
named_crc_linear,"CRC_n32_k28_CRC-4/ITU-like",0.875,32,28,0.0050000000000000001,78,0,11,1,1,1,1,1,5.2768e-05,0.0035666410000000002,0.00012898400000000001,0.00012898400000000001,SYNDROME_TRELLIS,0.014794872822916576,0.40910500527197169,63,33,30,33,2,33,32,169,1,1,151,32768,1898,32768,35,2
named_crc_linear,"CRC_n32_k28_CRC-4/ITU-like",0.875,32,28,0.0050000000000000001,79,0,27,1,1,1,1,1,3.8779000000000003e-05,0.00060439499999999998,0.00011529,0.00011529,SYNDROME_TRELLIS,0.064161682343500531,0.33636048226212162,57,32,25,32,1,32,32,34,1,1,29,32768,1835,32768,33,1
named_crc_linear,"CRC_n32_k28_CRC-4/ITU-like",0.875,32,28,0.01,0,0,29,1,1,1,1,1,7.4614000000000001e-05,0.002096171,0.00013761000000000001,0.00013761000000000001,SYNDROME_TRELLIS,0.035595378430481099,0.54221350192573214,62,32,30,32,4,32,32,112,1,1,99,32768,1858,32768,38,3
named_crc_linear,"CRC_n32_k28_CRC-4/ITU-like",0.875,32,28,0.01,1,0,6,1,1,1,1,1,6.3189999999999996e-05,0.002194737,0.000151819,0.000151819,SYNDROME_TRELLIS,0.028791604643289833,0.41621931378812926,62,33,29,33,3,33,32,113,1,1,96,32768,1741,32768,35,3
named_crc_linear,"CRC_n32_k28_CRC-4/ITU-like",0.875,32,28,0.01,2,1,23,1,1,1,1,1,4.2397000000000001e-05,0.0082193709999999996,0.00013977,0.00013977,SYNDROME_TRELLIS,0.0051581805955711211,0.30333404879444803,64,33,31,33,1,33,32,364,1,1,319,32768,1923,32768,33,1
named_crc_linear,"CRC_n32_k28_CRC-4/ITU-like",0.875,32,28,0.01,3,1,0,1,1,1,1,1,5.4638000000000001e-05,0.0089282819999999992,0.000141772,0.000141772,SYNDROME_TRELLIS,0.0061196543747162116,0.38539344863583785,64,33,31,33,2,33,32,402,1,1,355,32768,1804,32768,34,2
named_crc_linear,"CRC_n32_k28_CRC-4/ITU-like",0.875,32,28,0.01,4,0,4,1,1,1,1,1,5.4873000000000001e-05,0.0045352370000000001,0.000127775,0.000127775,SYNDROME_TRELLIS,0.012099257436821935,0.42945020543924867,63,32,31,32,2,32,32,214,1,1,186,32768,1981,32768,34,1
named_crc_linear,"CRC_n32_k28_CRC-4/ITU-like",0.875,32,28,0.01,5,0,7,1,1,1,1,1,7.4543999999999996e-05,0.002083054,0.00018733899999999999,0.00018733899999999999,SYNDROME_TRELLIS,0.035785918175909023,0.39790967177149444,62,31,31,31,4,31,32,116,1,1,101,32768,1827,32768,36,4
named_crc_linear,"CRC_n32_k28_CRC-4/ITU-like",0.875,32,28,0.01,6,1,5,1,1,1,1,1,5.2054e-05,0.001389045,0.00015494,0.00015494,SYNDROME_TRELLIS,0.037474667847333963,0.33596230799018972,61,31,30,31,2,31,32,69,1,1,58,32768,1875,32768,37,2
named_crc_linear,"CRC_n32_k28_CRC-4/ITU-like",0.875,32,28,0.01,7,0,6,1,1,1,1,1,6.5166000000000006e-05,0.0018427739999999999,0.00015091099999999999,0.00015091099999999999,SYNDROME_TRELLIS,0.035362990795398681,0.4318174288156596,62,32,30,32,3,32,32,88,1,1,80,32768,1791,32768,35,2
named_crc_linear,"CRC_n32_k28_CRC-4/ITU-like",0.875,32,28,0.01,8,1,6,1,1,1,1,1,0.001578662,0.022109806999999999,0.0020862459999999999,0.0020862459999999999,SYNDROME_TRELLIS,0.071400985092271496,0.75669983309734323,2043,967,1076,967,67,967,32,901,1,1,832,32768,15030,32768,165,64
named_crc_linear,"CRC_n32_k28_CRC-4/ITU-like",0.875,32,28,0.01,9,1,7,1,1,1,1,1,4.2818999999999998e-05,0.0037577019999999999,0.00015505299999999999,0.00015505299999999999,SYNDROME_TRELLIS,0.011394996197143892,0.2761571849625612,63,33,30,33,1,33,32,166,1,1,145,32768,1883,32768,33,1
named_crc_linear,"CRC_n32_k28_CRC-4/ITU-like",0.875,32,28,0.01,10,0,11,1,1,1,1,1,5.9821999999999997e-05,0.0036897240000000001,0.00016681399999999999,0.00016681399999999999,SYNDROME_TRELLIS,0.016213136809148869,0.35861498435383121,63,32,31,32,2,32,32,152,1,1,134,32768,1823,32768,35,2
named_crc_linear,"CRC_n32_k28_CRC-4/ITU-like",0.875,32,28,0.01,11,0,16,1,1,1,1,1,5.3906999999999997e-05,0.0028774030000000002,0.00015782099999999999,0.00015782099999999999,SYNDROME_TRELLIS,0.018734602000484463,0.34157051342977168,63,33,30,33,2,33,32,143,1,1,127,32768,1900,32768,34,2
named_crc_linear,"CRC_n32_k28_CRC-4/ITU-like",0.875,32,28,0.01,12,0,25,1,1,1,1,1,7.5759000000000004e-05,0.001225458,0.00015724900000000001,0.00015724900000000001,SYNDROME_TRELLIS,0.061820968160475512,0.48177730859973672,60,32,28,32,4,32,32,60,1,1,54,32768,1901,32768,40,2
named_crc_linear,"CRC_n32_k28_CRC-4/ITU-like",0.875,32,28,0.01,13,0,12,1,1,1,1,1,5.6688999999999999e-05,0.00071700099999999999,0.000154771,0.000154771,SYNDROME_TRELLIS,0.079064045935779731,0.36627662805047456,60,31,29,31,2,31,32,36,1,1,31,32768,1752,32768,35,2
named_crc_linear,"CRC_n32_k28_CRC-4/ITU-like",0.875,32,28,0.01,14,1,28,1,1,1,1,1,5.1950999999999998e-05,0.0030679850000000001,0.000129154,0.000129154,SYNDROME_TRELLIS,0.016933264015306461,0.40224073586571069,63,32,31,32,2,32,32,155,1,1,138,32768,1873,32768,34,1
named_crc_linear,"CRC_n32_k28_CRC-4/ITU-like",0.875,32,28,0.01,15,0,27,1,1,1,1,1,6.6822000000000005e-05,0.0065370389999999997,0.00014768600000000001,0.00014768600000000001,SYNDROME_TRELLIS,0.010222059253432633,0.45245994881031376,64,33,31,33,3,33,32,311,1,1,279,32768,1938,32768,35,3
named_crc_linear,"CRC_n32_k28_CRC-4/ITU-like",0.875,32,28,0.01,16,2,23,1,1,1,1,1,3.8927999999999997e-05,0.0013748639999999999,0.000118133,0.000118133,SYNDROME_TRELLIS,0.028314073246517472,0.32952688918422451,61,31,30,31,1,31,32,69,1,1,60,32768,1830,32768,34,1
named_crc_linear,"CRC_n32_k28_CRC-4/ITU-like",0.875,32,28,0.01,17,0,14,1,1,1,1,1,7.4707000000000001e-05,0.0043217050000000003,0.000160972,0.000160972,SYNDROME_TRELLIS,0.017286464485660173,0.46409934647019357,64,33,31,33,4,33,32,232,1,1,205,32768,1885,32768,36,4
named_crc_linear,"CRC_n32_k28_CRC-4/ITU-like",0.875,32,28,0.01,18,0,5,1,1,1,1,1,7.3603000000000007e-05,0.00083997399999999995,0.00012892700000000001,0.00012892700000000001,SYNDROME_TRELLIS,0.087625331260253306,0.570888952663135,59,30,29,30,4,30,32,46,1,1,41,32768,1702,32768,42,3
named_crc_linear,"CRC_n32_k28_CRC-4/ITU-like",0.875,32,28,0.01,19,0,28,1,1,1,1,1,5.2451999999999999e-05,0.002054461,0.00012674100000000001,0.00012674100000000001,SYNDROME_TRELLIS,0.025530783986651484,0.41385187113877903,62,33,29,33,2,33,32,110,1,1,96,32768,1759,32768,34,2
named_crc_linear,"CRC_n32_k28_CRC-4/ITU-like",0.875,32,28,0.01,20,0,22,1,1,1,1,1,6.3516999999999995e-05,0.0052992350000000002,0.000163289,0.000163289,SYNDROME_TRELLIS,0.011986069687417144,0.38898517352669193,64,33,31,33,3,33,32,274,1,1,242,32768,1972,32768,35,3
named_crc_linear,"CRC_n32_k28_CRC-4/ITU-like",0.875,32,28,0.01,21,1,2,1,1,1,1,1,4.1918000000000001e-05,0.0076731990000000003,0.00015342700000000001,0.00015342700000000001,SYNDROME_TRELLIS,0.0054629105800592425,0.27321136436220483,64,33,31,33,1,33,32,354,1,1,308,32768,1977,32768,33,1
named_crc_linear,"CRC_n32_k28_CRC-4/ITU-like",0.875,32,28,0.01,22,0,21,1,1,1,1,1,6.7027999999999996e-05,0.0034323140000000001,0.00015295799999999999,0.00015295799999999999,SYNDROME_TRELLIS,0.01952851633038236,0.43821179670236271,63,32,31,32,3,32,32,161,1,1,144,32768,1813,32768,35,2
named_crc_linear,"CRC_n32_k28_CRC-4/ITU-like",0.875,32,28,0.01,23,0,30,1,1,1,1,1,7.1470999999999994e-05,0.000867142,0.000144936,0.000144936,SYNDROME_TRELLIS,0.082421333530148452,0.49312110172765905,61,31,30,31,3,31,32,47,1,1,39,32768,1886,32768,37,3
named_crc_linear,"CRC_n32_k28_CRC-4/ITU-like",0.875,32,28,0.01,24,0,5,1,1,1,1,1,5.1099e-05,0.0010261389999999999,0.000112432,0.000112432,SYNDROME_TRELLIS,0.049797347143028386,0.45448804610786964,58,29,29,29,2,29,32,52,1,1,47,32768,1680,32768,35,1
named_crc_linear,"CRC_n32_k28_CRC-4/ITU-like",0.875,32,28,0.01,25,0,12,1,1,1,1,1,6.3979999999999994e-05,0.0037830060000000002,0.00015751400000000001,0.00015751400000000001,SYNDROME_TRELLIS,0.016912476480343934,0.40618611678961863,63,32,31,32,3,32,32,175,1,1,154,32768,1814,32768,37,3
named_crc_linear,"CRC_n32_k28_CRC-4/ITU-like",0.875,32,28,0.01,26,0,27,1,1,1,1,1,9.2826999999999997e-05,0.0029041649999999998,0.00015806899999999999,0.00015806899999999999,SYNDROME_TRELLIS,0.031963404283158844,0.58725619824253961,63,33,30,33,4,33,32,147,1,1,127,32768,1775,32768,36,3
named_crc_linear,"CRC_n32_k28_CRC-4/ITU-like",0.875,32,28,0.01,27,1,29,1,1,1,1,1,6.3285000000000001e-05,0.00078583199999999998,0.00012449999999999999,0.00012449999999999999,SYNDROME_TRELLIS,0.080532480224780878,0.50831325301204822,59,29,30,29,3,29,32,43,1,1,38,32768,1762,32768,36,2
named_crc_linear,"CRC_n32_k28_CRC-4/ITU-like",0.875,32,28,0.01,28,0,24,1,1,1,1,1,5.1462999999999998e-05,0.00063839500000000004,0.000117957,0.000117957,SYNDROME_TRELLIS,0.080613100039943916,0.43628610425833142,58,31,27,31,2,31,32,34,1,1,29,32768,1739,32768,41,2
named_crc_linear,"CRC_n32_k28_CRC-4/ITU-like",0.875,32,28,0.01,29,0,12,1,1,1,1,1,6.3192000000000001e-05,0.0027790950000000001,0.00012407799999999999,0.00012407799999999999,SYNDROME_TRELLIS,0.02273833748036681,0.50929254178823002,62,31,31,31,3,31,32,140,1,1,120,32768,1819,32768,35,2
named_crc_linear,"CRC_n32_k28_CRC-4/ITU-like",0.875,32,28,0.01,30,1,18,1,1,1,1,1,4.1593e-05,0.0062464970000000002,0.00013329499999999999,0.00013329499999999999,SYNDROME_TRELLIS,0.0066586120188643332,0.31203721069807572,63,33,30,33,1,33,32,272,1,1,244,32768,1891,32768,33,1
named_crc_linear,"CRC_n32_k28_CRC-4/ITU-like",0.875,32,28,0.01,31,0,9,1,1,1,1,1,5.2330000000000002e-05,0.0077830160000000002,0.00013370799999999999,0.00013370799999999999,SYNDROME_TRELLIS,0.0067236145987622283,0.39137523558799781,64,33,31,33,2,33,32,352,1,1,304,32768,1896,32768,34,2
named_crc_linear,"CRC_n32_k28_CRC-4/ITU-like",0.875,32,28,0.01,32,1,26,1,1,1,1,1,6.6444000000000003e-05,0.0035383580000000001,0.00013973800000000001,0.00013973800000000001,SYNDROME_TRELLIS,0.018778201640421915,0.47548984528188465,62,31,31,31,3,31,32,168,1,1,146,32768,1788,32768,36,2
named_crc_linear,"CRC_n32_k28_CRC-4/ITU-like",0.875,32,28,0.01,33,0,24,1,1,1,1,1,5.2442999999999999e-05,0.0019621949999999999,0.00012582399999999999,0.00012582399999999999,SYNDROME_TRELLIS,0.026726701474624082,0.41679647761953204,62,32,30,32,2,32,32,103,1,1,87,32768,1783,32768,35,1
named_crc_linear,"CRC_n32_k28_CRC-4/ITU-like",0.875,32,28,0.01,34,0,5,1,1,1,1,1,6.3534999999999994e-05,0.0013188469999999999,0.00010768399999999999,0.00010768399999999999,SYNDROME_TRELLIS,0.048174655589313997,0.59001337246016117,60,31,29,31,3,31,32,64,1,1,58,32768,1815,32768,37,1
named_crc_linear,"CRC_n32_k28_CRC-4/ITU-like",0.875,32,28,0.01,35,0,26,1,1,1,1,1,6.5970999999999996e-05,0.001049321,0.00016300900000000001,0.00016300900000000001,SYNDROME_TRELLIS,0.06287017985916607,0.40470771552490964,61,33,28,33,3,33,32,52,1,1,45,32768,1791,32768,36,3
named_crc_linear,"CRC_n32_k28_CRC-4/ITU-like",0.875,32,28,0.01,36,1,0,1,1,1,1,1,7.6722000000000002e-05,0.0065567289999999999,0.000147725,0.000147725,SYNDROME_TRELLIS,0.011701261406411643,0.51935691318327981,64,33,31,33,4,33,32,306,2,2,263,32768,1833,32768,36,4
named_crc_linear,"CRC_n32_k28_CRC-4/ITU-like",0.875,32,28,0.01,37,1,1,1,1,1,1,1,5.0213999999999997e-05,0.001077759,0.00011259,0.00011259,SYNDROME_TRELLIS,0.046591121020562107,0.44598987476685314,61,32,29,32,2,32,32,57,1,1,50,32768,1825,32768,36,1
named_crc_linear,"CRC_n32_k28_CRC-4/ITU-like",0.875,32,28,0.01,38,0,1,1,1,1,1,1,5.1440999999999998e-05,0.0050350309999999997,0.000114177,0.000114177,SYNDROME_TRELLIS,0.010216620314750792,0.45053732362910215,63,33,30,33,2,33,32,235,1,1,204,32768,1887,32768,34,1
named_crc_linear,"CRC_n32_k28_CRC-4/ITU-like",0.875,32,28,0.01,39,0,18,1,1,1,1,1,5.1827999999999999e-05,0.005984606,0.00012319499999999999,0.00012319499999999999,SYNDROME_TRELLIS,0.0086602192358193678,0.42069889200048705,63,33,30,33,2,33,32,271,1,1,236,32768,1887,32768,34,2
named_crc_linear,"CRC_n32_k28_CRC-4/ITU-like",0.875,32,28,0.01,40,0,1,1,1,1,1,1,7.9592000000000006e-05,0.0027600709999999998,0.00017760399999999999,0.00017760399999999999,SYNDROME_TRELLIS,0.028836939339603948,0.44814305984099462,62,32,30,32,4,32,32,127,1,1,111,32768,1936,32768,38,3
named_crc_linear,"CRC_n32_k28_CRC-4/ITU-like",0.875,32,28,0.01,41,0,6,1,1,1,1,1,5.1484999999999999e-05,0.001345831,0.00013531400000000001,0.00013531400000000001,SYNDROME_TRELLIS,0.038255174683894187,0.38048538953840694,59,31,28,31,2,31,32,70,1,1,64,32768,1802,32768,35,1
named_crc_linear,"CRC_n32_k28_CRC-4/ITU-like",0.875,32,28,0.01,42,1,10,1,1,1,1,1,4.1102000000000001e-05,0.0081591540000000001,0.000113694,0.000113694,SYNDROME_TRELLIS,0.0050375320774678359,0.36151423997748344,64,33,31,33,1,33,32,389,1,1,338,32768,1746,32768,33,1
named_crc_linear,"CRC_n32_k28_CRC-4/ITU-like",0.875,32,28,0.01,43,0,4,1,1,1,1,1,5.3214000000000002e-05,0.0021082729999999999,0.000121037,0.000121037,SYNDROME_TRELLIS,0.025240564196382539,0.43965068532762713,62,32,30,32,2,32,32,101,1,1,88,32768,1864,32768,34,1
named_crc_linear,"CRC_n32_k28_CRC-4/ITU-like",0.875,32,28,0.01,44,1,18,1,1,1,1,1,4.0852999999999997e-05,0.0079900100000000005,0.00013122000000000001,0.00013122000000000001,SYNDROME_TRELLIS,0.005113009871076506,0.31133211400701111,64,33,31,33,1,33,32,381,1,1,340,32768,2053,32768,33,1
named_crc_linear,"CRC_n32_k28_CRC-4/ITU-like",0.875,32,28,0.01,45,0,10,1,1,1,1,1,8.9773999999999998e-05,0.00062335099999999996,0.00014441599999999999,0.00014441599999999999,SYNDROME_TRELLIS,0.14401837808874937,0.62163472191446933,57,30,27,30,5,30,32,36,1,1,31,32768,1758,32768,40,4
named_crc_linear,"CRC_n32_k28_CRC-4/ITU-like",0.875,32,28,0.01,46,0,19,1,1,1,1,1,6.4552000000000001e-05,0.0044340550000000001,0.00016303199999999999,0.00016303199999999999,SYNDROME_TRELLIS,0.014558231686345794,0.39594680798861576,63,33,30,33,3,33,32,209,1,1,181,32768,1849,32768,35,3
named_crc_linear,"CRC_n32_k28_CRC-4/ITU-like",0.875,32,28,0.01,47,0,9,1,1,1,1,1,6.3715999999999998e-05,0.0015194989999999999,0.00013280400000000001,0.00013280400000000001,SYNDROME_TRELLIS,0.041932242140337049,0.47977470558115715,61,32,29,32,3,32,32,77,1,1,67,32768,1794,32768,36,1
named_crc_linear,"CRC_n32_k28_CRC-4/ITU-like",0.875,32,28,0.01,48,0,1,1,1,1,1,1,5.4403000000000001e-05,0.0086645160000000006,0.000167854,0.000167854,SYNDROME_TRELLIS,0.0062788273459244573,0.32410904714811684,64,33,31,33,2,33,32,396,1,1,346,32768,1990,32768,34,2
named_crc_linear,"CRC_n32_k28_CRC-4/ITU-like",0.875,32,28,0.01,49,0,7,1,1,1,1,1,6.6721e-05,0.0010660660000000001,0.000137377,0.000137377,SYNDROME_TRELLIS,0.062586181343368977,0.48567809749812563,60,31,29,31,3,31,32,53,1,1,47,32768,1834,32768,36,2
named_crc_linear,"CRC_n32_k28_CRC-4/ITU-like",0.875,32,28,0.01,50,1,22,1,1,1,1,1,6.4220000000000005e-05,0.0019524869999999999,0.00014451700000000001,0.00014451700000000001,SYNDROME_TRELLIS,0.03289138416798678,0.4443767861220479,62,31,31,31,3,31,32,97,1,1,83,32768,1863,32768,35,2
named_crc_linear,"CRC_n32_k28_CRC-4/ITU-like",0.875,32,28,0.01,51,0,0,1,1,1,1,1,6.5298999999999999e-05,0.0037596719999999999,0.00015636,0.00015636,SYNDROME_TRELLIS,0.017368270423590144,0.4176195958045536,63,32,31,32,3,32,32,172,1,1,157,32768,1972,32768,35,2
named_crc_linear,"CRC_n32_k28_CRC-4/ITU-like",0.875,32,28,0.01,52,0,22,1,1,1,1,1,5.2318999999999998e-05,0.0012302490000000001,0.000131409,0.000131409,SYNDROME_TRELLIS,0.042527163200295218,0.39813863586207943,61,30,31,30,2,30,32,62,1,1,54,32768,1882,32768,37,2
named_crc_linear,"CRC_n32_k28_CRC-4/ITU-like",0.875,32,28,0.01,53,0,23,1,1,1,1,1,6.7063999999999994e-05,0.0023711000000000001,0.00015670899999999999,0.00015670899999999999,SYNDROME_TRELLIS,0.028283918856227063,0.42795244689201001,62,31,31,31,3,31,32,121,1,1,107,32768,1831,32768,37,3
named_crc_linear,"CRC_n32_k28_CRC-4/ITU-like",0.875,32,28,0.01,54,1,28,1,1,1,1,1,0.0014703839999999999,0.018986712999999999,0.002021587,0.002021587,SYNDROME_TRELLIS,0.077442788543756885,0.72734144016557289,2042,948,1094,948,63,948,32,869,1,1,796,32768,14770,32768,156,62
named_crc_linear,"CRC_n32_k28_CRC-4/ITU-like",0.875,32,28,0.01,55,0,5,1,1,1,1,1,5.1604000000000003e-05,0.0010894699999999999,0.000110062,0.000110062,SYNDROME_TRELLIS,0.047366150513552467,0.46886300448837931,59,32,27,32,2,32,32,55,1,1,47,32768,1718,32768,35,1
named_crc_linear,"CRC_n32_k28_CRC-4/ITU-like",0.875,32,28,0.01,56,0,13,1,1,1,1,1,5.3631999999999997e-05,0.0079624469999999992,0.00013879499999999999,0.00013879499999999999,SYNDROME_TRELLIS,0.0067356178320559,0.38641161425123383,64,33,31,33,2,33,32,358,1,1,309,32768,1859,32768,34,2
named_crc_linear,"CRC_n32_k28_CRC-4/ITU-like",0.875,32,28,0.01,57,1,22,1,1,1,1,1,5.3452000000000003e-05,0.0049992730000000003,0.000119116,0.000119116,SYNDROME_TRELLIS,0.010691954610200323,0.44873904429295813,63,33,30,33,2,33,32,229,1,1,197,32768,1759,32768,34,1
named_crc_linear,"CRC_n32_k28_CRC-4/ITU-like",0.875,32,28,0.01,58,0,1,1,1,1,1,1,5.3668000000000002e-05,0.002479083,0.000118099,0.000118099,SYNDROME_TRELLIS,0.021648327224219603,0.45443229832598075,62,31,31,31,2,31,32,121,1,1,102,32768,1722,32768,35,1
named_crc_linear,"CRC_n32_k28_CRC-4/ITU-like",0.875,32,28,0.01,59,1,5,1,1,1,1,1,5.5547000000000002e-05,0.0045147099999999999,0.00014894499999999999,0.00014894499999999999,SYNDROME_TRELLIS,0.012303558811086426,0.37293631877538691,63,33,30,33,2,33,32,211,1,1,183,32768,1803,32768,35,2
named_crc_linear,"CRC_n32_k28_CRC-4/ITU-like",0.875,32,28,0.01,60,0,22,1,1,1,1,1,5.2896999999999999e-05,0.003158293,0.00013966200000000001,0.00013966200000000001,SYNDROME_TRELLIS,0.01674860438850987,0.37875012530251606,63,32,31,32,2,32,32,158,1,1,137,32768,1921,32768,34,1
named_crc_linear,"CRC_n32_k28_CRC-4/ITU-like",0.875,32,28,0.01,61,1,11,1,1,1,1,1,4.2004e-05,0.0084276509999999995,0.00012448900000000001,0.00012448900000000001,SYNDROME_TRELLIS,0.0049840697010353182,0.33741133754789576,64,33,31,33,1,33,32,397,1,1,347,32768,1943,32768,33,1
named_crc_linear,"CRC_n32_k28_CRC-4/ITU-like",0.875,32,28,0.01,62,2,23,1,1,1,1,1,6.8312000000000006e-05,0.002637538,0.000125551,0.000125551,SYNDROME_TRELLIS,0.025899911205070791,0.54409761770117326,62,32,30,32,3,32,32,129,1,1,113,32768,1659,32768,35,1
named_crc_linear,"CRC_n32_k28_CRC-4/ITU-like",0.875,32,28,0.01,63,1,8,1,1,1,1,1,6.4512999999999997e-05,0.0055967250000000003,0.00014210000000000001,0.00014210000000000001,SYNDROME_TRELLIS,0.011526919761110291,0.45399718508092884,64,33,31,33,3,33,32,281,1,1,246,32768,1881,32768,35,3
named_crc_linear,"CRC_n32_k28_CRC-4/ITU-like",0.875,32,28,0.01,64,1,28,1,1,1,1,1,6.4484000000000001e-05,0.0027243459999999999,0.000134938,0.000134938,SYNDROME_TRELLIS,0.02366953389914497,0.47787872949058086,62,33,29,33,3,33,32,127,1,1,111,32768,1901,32768,36,2
named_crc_linear,"CRC_n32_k28_CRC-4/ITU-like",0.875,32,28,0.01,65,1,24,1,1,1,1,1,6.3972000000000003e-05,0.001065882,0.00012751099999999999,0.00012751099999999999,SYNDROME_TRELLIS,0.060017900668179032,0.50169789273082332,61,30,31,30,3,30,32,51,1,1,45,32768,1779,32768,36,1
named_crc_linear,"CRC_n32_k28_CRC-4/ITU-like",0.875,32,28,0.01,66,0,23,1,1,1,1,1,5.3403999999999999e-05,0.0028414790000000001,0.00012633800000000001,0.00012633800000000001,SYNDROME_TRELLIS,0.018794437685444799,0.4227073406259399,62,33,29,33,2,33,32,136,1,1,119,32768,1801,32768,35,1
named_crc_linear,"CRC_n32_k28_CRC-4/ITU-like",0.875,32,28,0.01,67,0,16,1,1,1,1,1,4.0268999999999997e-05,0.0038796770000000002,0.00013532400000000001,0.00013532400000000001,SYNDROME_TRELLIS,0.010379472311741415,0.29757470958588272,63,32,31,32,1,32,32,190,1,1,168,32768,1981,32768,33,1
named_crc_linear,"CRC_n32_k28_CRC-4/ITU-like",0.875,32,28,0.01,68,0,3,1,1,1,1,1,6.2419e-05,0.001206897,0.000103226,0.000103226,SYNDROME_TRELLIS,0.051718580790241421,0.60468292871950857,59,31,28,31,3,31,32,63,1,1,57,32768,1722,32768,36,1
named_crc_linear,"CRC_n32_k28_CRC-4/ITU-like",0.875,32,28,0.01,69,0,10,1,1,1,1,1,4.5104e-05,0.002545463,0.00012491800000000001,0.00012491800000000001,SYNDROME_TRELLIS,0.017719369717807722,0.36106886117292941,62,32,30,32,1,32,32,127,1,1,110,32768,1765,32768,33,1
named_crc_linear,"CRC_n32_k28_CRC-4/ITU-like",0.875,32,28,0.01,70,0,16,1,1,1,1,1,5.3096999999999997e-05,0.0026368839999999999,0.000156577,0.000156577,SYNDROME_TRELLIS,0.020136266896837327,0.33911110827260704,62,32,30,32,2,32,32,126,1,1,108,32768,1796,32768,34,2
named_crc_linear,"CRC_n32_k28_CRC-4/ITU-like",0.875,32,28,0.01,71,0,29,1,1,1,1,1,5.4097000000000001e-05,0.0075201900000000004,0.00015895800000000001,0.00015895800000000001,SYNDROME_TRELLIS,0.0071935682476107652,0.34032260093861272,64,33,31,33,2,33,32,341,1,1,292,32768,1969,32768,34,2
named_crc_linear,"CRC_n32_k28_CRC-4/ITU-like",0.875,32,28,0.01,72,0,14,1,1,1,1,1,7.4022000000000004e-05,0.0022544930000000002,0.00014106899999999999,0.00014106899999999999,SYNDROME_TRELLIS,0.032833102608879249,0.52472194458031185,62,33,29,33,4,33,32,119,1,1,102,32768,1734,32768,37,3
named_crc_linear,"CRC_n32_k28_CRC-4/ITU-like",0.875,32,28,0.01,73,0,13,1,1,1,1,1,9.0679000000000004e-05,0.002326322,0.00014838399999999999,0.00014838399999999999,SYNDROME_TRELLIS,0.038979556570414589,0.61111036230321336,61,32,29,32,5,32,32,106,1,1,95,32768,1749,32768,39,3
named_crc_linear,"CRC_n32_k28_CRC-4/ITU-like",0.875,32,28,0.01,74,0,8,1,1,1,1,1,5.5176000000000002e-05,0.0089759569999999997,0.00015492899999999999,0.00015492899999999999,SYNDROME_TRELLIS,0.0061470882714790192,0.35613732742094767,64,33,31,33,2,33,32,394,1,1,333,32768,1838,32768,34,2
named_crc_linear,"CRC_n32_k28_CRC-4/ITU-like",0.875,32,28,0.01,75,0,5,1,1,1,1,1,6.6228000000000004e-05,0.0073593369999999996,0.00017647,0.00017647,SYNDROME_TRELLIS,0.0089991802250664714,0.37529325097750327,64,33,31,33,3,33,32,348,1,1,296,32768,1989,32768,35,3
named_crc_linear,"CRC_n32_k28_CRC-4/ITU-like",0.875,32,28,0.01,76,0,6,1,1,1,1,1,6.7182999999999997e-05,0.0034448320000000001,0.00013511999999999999,0.00013511999999999999,SYNDROME_TRELLIS,0.019502547584323415,0.49720988750740081,63,33,30,33,3,33,32,169,1,1,147,32768,1868,32768,35,2
named_crc_linear,"CRC_n32_k28_CRC-4/ITU-like",0.875,32,28,0.01,77,0,15,1,1,1,1,1,4.1003e-05,0.0014901580000000001,0.00012662900000000001,0.00012662900000000001,SYNDROME_TRELLIS,0.027515874155626448,0.32380418387573146,61,31,30,31,1,31,32,71,1,1,61,32768,1705,32768,33,1
named_crc_linear,"CRC_n32_k28_CRC-4/ITU-like",0.875,32,28,0.01,78,0,15,1,1,1,1,1,5.3594000000000002e-05,0.0028062849999999999,0.000135945,0.000135945,SYNDROME_TRELLIS,0.019097846441113432,0.39423296185957557,62,32,30,32,2,32,32,131,1,1,117,32768,1818,32768,34,1
named_crc_linear,"CRC_n32_k28_CRC-4/ITU-like",0.875,32,28,0.01,79,0,22,1,1,1,1,1,4.0132000000000001e-05,0.0045973799999999999,0.00012734199999999999,0.00012734199999999999,SYNDROME_TRELLIS,0.0087293197429840486,0.31515132477894181,63,32,31,32,1,32,32,218,1,1,189,32768,1923,32768,33,1
