family,code_name,rate,n,k,p,trial,error_weight,deleted_position,agreement,fiber_certified,prefix_certified,trellis_available,trellis_certified,fiber_wall,prefix_wall,trellis_wall,best_baseline_wall,best_baseline_name,fiber_over_prefix_wall,fiber_over_best_wall,fiber_histories,fiber_candidates,fiber_duplicates,fiber_membership,fiber_exact_scores,fiber_peak_seen,fiber_peak_frontier,prefix_nodes,prefix_membership,prefix_exact_scores,prefix_peak_frontier,trellis_estimated_updates,trellis_nodes,trellis_updates,trellis_terminals,trellis_exact_scores
random_linear,"RLC_n48_k36",0.75,48,36,0.002,0,0,25,1,1,1,1,1,6.2204000000000003e-05,0.0097147959999999995,0.013660822,0.0097147959999999995,PREFIX_ASTAR,0.0064030165944812438,0.0064030165944812438,95,49,46,49,1,49,48,310,1,1,260,18874368,6312,18874368,49,1
random_linear,"RLC_n48_k36",0.75,48,36,0.002,1,0,4,1,1,1,1,1,6.1371000000000006e-05,0.0043766450000000002,0.013574729000000001,0.0043766450000000002,PREFIX_ASTAR,0.014022384726200092,0.014022384726200092,93,48,45,48,1,48,48,142,1,1,120,18874368,5532,18874368,49,1
random_linear,"RLC_n48_k36",0.75,48,36,0.002,2,0,34,1,1,1,1,1,6.1645999999999999e-05,0.0082843369999999993,0.013838737,0.0082843369999999993,PREFIX_ASTAR,0.0074412714016824765,0.0074412714016824765,95,49,46,49,1,49,48,261,1,1,223,18874368,7015,18874368,49,1
random_linear,"RLC_n48_k36",0.75,48,36,0.002,3,0,24,1,1,1,1,1,6.7139999999999998e-05,0.0099496270000000008,0.014950458999999999,0.0099496270000000008,PREFIX_ASTAR,0.0067479916583807606,0.0067479916583807606,95,48,47,48,1,48,48,280,1,1,249,18874368,5744,18874368,49,1
random_linear,"RLC_n48_k36",0.75,48,36,0.002,4,0,28,1,1,1,1,1,6.0526000000000003e-05,0.007103669,0.013931674999999999,0.007103669,PREFIX_ASTAR,0.0085203857330627322,0.0085203857330627322,95,49,46,49,1,49,48,225,1,1,197,18874368,6536,18874368,49,1
random_linear,"RLC_n48_k36",0.75,48,36,0.002,5,0,17,1,1,1,1,1,6.2453999999999995e-05,0.012747341000000001,0.012891478,0.012747341000000001,PREFIX_ASTAR,0.004899374700967048,0.004899374700967048,96,49,47,49,1,49,48,417,1,1,361,18874368,5501,18874368,49,1
random_linear,"RLC_n48_k36",0.75,48,36,0.002,6,0,14,1,1,1,1,1,6.1505000000000002e-05,0.018138182999999999,0.013372459999999999,0.013372459999999999,SYNDROME_TRELLIS,0.0033909129707203863,0.0045993781248925029,96,49,47,49,1,49,48,547,1,1,491,18874368,7965,18874368,49,1
random_linear,"RLC_n48_k36",0.75,48,36,0.002,7,1,31,1,1,1,1,1,0.001481186,0.32482696700000002,0.0137117,0.0137117,SYNDROME_TRELLIS,0.0045599231297812782,0.10802351276646951,4607,2233,2374,2233,1,2233,48,9085,1,1,7705,18874368,8725,18874368,49,1
random_linear,"RLC_n48_k36",0.75,48,36,0.002,8,0,23,1,1,1,1,1,6.0820999999999999e-05,0.0052383020000000002,0.01353699,0.0052383020000000002,PREFIX_ASTAR,0.011610823507312101,0.011610823507312101,94,48,46,48,1,48,48,175,1,1,155,18874368,6476,18874368,49,1
random_linear,"RLC_n48_k36",0.75,48,36,0.002,9,0,2,1,1,1,1,1,7.1587000000000004e-05,0.0039898599999999996,0.013515888,0.0039898599999999996,PREFIX_ASTAR,0.017942233562079874,0.017942233562079874,93,48,45,48,1,48,48,137,1,1,119,18874368,6035,18874368,49,1
random_linear,"RLC_n48_k36",0.75,48,36,0.002,10,0,45,1,1,1,1,1,6.1779999999999995e-05,0.0065898889999999998,0.013998572000000001,0.0065898889999999998,PREFIX_ASTAR,0.009374968227841167,0.009374968227841167,94,47,47,47,1,47,48,207,1,1,175,18874368,7564,18874368,49,1
random_linear,"RLC_n48_k36",0.75,48,36,0.002,11,0,43,1,1,1,1,1,6.1002000000000003e-05,0.001293446,0.01408542,0.001293446,PREFIX_ASTAR,0.047162386369434831,0.047162386369434831,91,44,47,44,1,44,48,50,1,1,37,18874368,7508,18874368,49,1
random_linear,"RLC_n48_k36",0.75,48,36,0.002,12,0,12,1,1,1,1,1,6.1651999999999999e-05,0.023058759000000002,0.013786334000000001,0.013786334000000001,SYNDROME_TRELLIS,0.0026736911557122393,0.0044719647732312301,96,49,47,49,1,49,48,676,1,1,605,18874368,5673,18874368,49,1
random_linear,"RLC_n48_k36",0.75,48,36,0.002,13,0,17,1,1,1,1,1,6.7077999999999997e-05,0.021687830000000002,0.013851308,0.013851308,SYNDROME_TRELLIS,0.0030928866557880614,0.0048427195467749323,96,49,47,49,1,49,48,633,1,1,545,18874368,7517,18874368,49,1
random_linear,"RLC_n48_k36",0.75,48,36,0.002,14,0,43,1,1,1,1,1,6.3353000000000001e-05,0.017606387000000001,0.014076785,0.014076785,SYNDROME_TRELLIS,0.0035982964591202045,0.0045005304833454513,96,49,47,49,1,49,48,578,1,1,517,18874368,7157,18874368,49,1
random_linear,"RLC_n48_k36",0.75,48,36,0.002,15,0,34,1,1,1,1,1,6.0668999999999998e-05,0.00157069,0.015246081999999999,0.00157069,PREFIX_ASTAR,0.038625699533326119,0.038625699533326119,93,48,45,48,1,48,48,60,1,1,43,18874368,9433,18874368,49,1
random_linear,"RLC_n48_k36",0.75,48,36,0.002,16,1,3,1,1,1,1,1,0.001491132,0.063653374999999998,0.014274537,0.014274537,SYNDROME_TRELLIS,0.023425812064167849,0.10446097130856154,4601,2199,2402,2199,1,2199,48,1817,1,1,1537,18874368,9121,18874368,49,1
random_linear,"RLC_n48_k36",0.75,48,36,0.002,17,0,19,1,1,1,1,1,5.8332000000000003e-05,0.011020192999999999,0.013328885,0.011020192999999999,PREFIX_ASTAR,0.005293192233566146,0.005293192233566146,95,49,46,49,1,49,48,348,1,1,295,18874368,6840,18874368,49,1
random_linear,"RLC_n48_k36",0.75,48,36,0.002,18,0,22,1,1,1,1,1,5.8974999999999997e-05,0.003862075,0.013150314999999999,0.003862075,PREFIX_ASTAR,0.015270288640173999,0.015270288640173999,94,47,47,47,1,47,48,123,1,1,104,18874368,6760,18874368,49,1
random_linear,"RLC_n48_k36",0.75,48,36,0.002,19,0,43,1,1,1,1,1,5.6152e-05,0.0025610400000000001,0.013859425,0.0025610400000000001,PREFIX_ASTAR,0.021925467778714895,0.021925467778714895,93,48,45,48,1,48,48,93,1,1,76,18874368,7125,18874368,49,1
random_linear,"RLC_n48_k36",0.75,48,36,0.002,20,0,1,1,1,1,1,1,6.3947000000000003e-05,0.012799980000000001,0.013684472,0.012799980000000001,PREFIX_ASTAR,0.0049958671810424703,0.0049958671810424703,95,49,46,49,1,49,48,380,1,1,344,18874368,6553,18874368,49,1
random_linear,"RLC_n48_k36",0.75,48,36,0.002,21,0,23,1,1,1,1,1,6.0912000000000002e-05,0.0081909240000000005,0.013997674999999999,0.0081909240000000005,PREFIX_ASTAR,0.0074365236449514122,0.0074365236449514122,95,48,47,48,1,48,48,249,1,1,218,18874368,6594,18874368,49,1
random_linear,"RLC_n48_k36",0.75,48,36,0.002,22,0,6,1,1,1,1,1,6.2370000000000001e-05,0.010746723999999999,0.013991962,0.010746723999999999,PREFIX_ASTAR,0.0058036290873386166,0.0058036290873386166,95,48,47,48,1,48,48,329,1,1,281,18874368,5925,18874368,49,1
random_linear,"RLC_n48_k36",0.75,48,36,0.002,23,0,36,1,1,1,1,1,6.0352000000000001e-05,0.0042786270000000001,0.014188374,0.0042786270000000001,PREFIX_ASTAR,0.014105459531761006,0.014105459531761006,94,49,45,49,1,49,48,146,1,1,124,18874368,8060,18874368,49,1
random_linear,"RLC_n48_k36",0.75,48,36,0.002,24,0,22,1,1,1,1,1,8.4429000000000001e-05,0.0060557129999999999,0.013681086,0.0060557129999999999,PREFIX_ASTAR,0.013942041176654178,0.013942041176654178,94,48,46,48,2,48,48,202,1,1,171,18874368,5507,18874368,50,1
random_linear,"RLC_n48_k36",0.75,48,36,0.002,25,0,3,1,1,1,1,1,6.1169999999999999e-05,0.0047317210000000004,0.013336508,0.0047317210000000004,PREFIX_ASTAR,0.012927643028826085,0.012927643028826085,94,47,47,47,1,47,48,153,1,1,129,18874368,4924,18874368,49,1
random_linear,"RLC_n48_k36",0.75,48,36,0.002,26,0,29,1,1,1,1,1,6.1661999999999993e-05,0.021311647999999999,0.013703633999999999,0.013703633999999999,SYNDROME_TRELLIS,0.0028933473375686385,0.0044996823470329107,96,49,47,49,1,49,48,648,1,1,572,18874368,6697,18874368,49,1
random_linear,"RLC_n48_k36",0.75,48,36,0.002,27,0,32,1,1,1,1,1,6.7130000000000003e-05,0.0070641970000000004,0.013939478999999999,0.0070641970000000004,PREFIX_ASTAR,0.0095028493684420189,0.0095028493684420189,94,48,46,48,1,48,48,213,1,1,190,18874368,7128,18874368,49,1
random_linear,"RLC_n48_k36",0.75,48,36,0.002,28,0,8,1,1,1,1,1,6.1047e-05,0.004907593,0.014215212,0.004907593,PREFIX_ASTAR,0.012439295597658566,0.012439295597658566,94,48,46,48,1,48,48,157,1,1,133,18874368,7623,18874368,49,1
random_linear,"RLC_n48_k36",0.75,48,36,0.002,29,0,28,1,1,1,1,1,6.0912000000000002e-05,0.0032325420000000001,0.013408256,0.0032325420000000001,PREFIX_ASTAR,0.018843374656849005,0.018843374656849005,93,47,46,47,1,47,48,112,1,1,86,18874368,5225,18874368,49,1
random_linear,"RLC_n48_k36",0.75,48,36,0.002,30,1,6,1,1,1,1,1,0.0014942060000000001,0.158075032,0.014074005000000001,0.014074005000000001,SYNDROME_TRELLIS,0.0094525111340796695,0.10616778948138786,4606,2214,2392,2214,2,2214,48,4769,1,1,4028,18874368,7074,18874368,51,1
random_linear,"RLC_n48_k36",0.75,48,36,0.002,31,0,10,1,1,1,1,1,6.1224999999999997e-05,0.014145029999999999,0.013818273000000001,0.013818273000000001,SYNDROME_TRELLIS,0.0043283754081822378,0.0044307273419768155,96,49,47,49,1,49,48,458,1,1,369,18874368,7102,18874368,49,1
random_linear,"RLC_n48_k36",0.75,48,36,0.002,32,0,38,1,1,1,1,1,6.1909000000000006e-05,0.011693981000000001,0.014163611,0.011693981000000001,PREFIX_ASTAR,0.0052940910370899352,0.0052940910370899352,95,48,47,48,1,48,48,356,1,1,309,18874368,7881,18874368,49,1
random_linear,"RLC_n48_k36",0.75,48,36,0.002,33,0,26,1,1,1,1,1,6.0350999999999999e-05,0.0029885490000000001,0.013539455000000001,0.0029885490000000001,PREFIX_ASTAR,0.020194080806438173,0.020194080806438173,93,48,45,48,1,48,48,100,1,1,83,18874368,5416,18874368,49,1
random_linear,"RLC_n48_k36",0.75,48,36,0.002,34,0,38,1,1,1,1,1,6.211e-05,0.0056421939999999997,0.014242724,0.0056421939999999997,PREFIX_ASTAR,0.011008129107223184,0.011008129107223184,94,49,45,49,1,49,48,190,1,1,163,18874368,8669,18874368,49,1
random_linear,"RLC_n48_k36",0.75,48,36,0.002,35,0,29,1,1,1,1,1,6.2325999999999999e-05,0.012098741,0.013894095,0.012098741,PREFIX_ASTAR,0.0051514450966427001,0.0051514450966427001,95,49,46,49,1,49,48,369,1,1,315,18874368,7642,18874368,49,1
random_linear,"RLC_n48_k36",0.75,48,36,0.002,36,0,12,1,1,1,1,1,6.0291000000000003e-05,0.0054356459999999997,0.013770976000000001,0.0054356459999999997,PREFIX_ASTAR,0.011091781915157832,0.011091781915157832,94,49,45,49,1,49,48,171,1,1,149,18874368,7407,18874368,49,1
random_linear,"RLC_n48_k36",0.75,48,36,0.002,37,0,41,1,1,1,1,1,6.0476999999999997e-05,0.0055228400000000002,0.013815910000000001,0.0055228400000000002,PREFIX_ASTAR,0.010950344388032242,0.010950344388032242,94,48,46,48,1,48,48,181,1,1,149,18874368,6318,18874368,49,1
random_linear,"RLC_n48_k36",0.75,48,36,0.002,38,0,19,1,1,1,1,1,6.0999000000000003e-05,0.0085792109999999998,0.013646223000000001,0.0085792109999999998,PREFIX_ASTAR,0.0071100943897987826,0.0071100943897987826,95,48,47,48,1,48,48,269,1,1,233,18874368,5393,18874368,49,1
random_linear,"RLC_n48_k36",0.75,48,36,0.002,39,0,47,1,1,1,1,1,6.2487e-05,0.027160156000000001,0.013527065,0.013527065,SYNDROME_TRELLIS,0.0023006863436277757,0.0046194056138563686,96,49,47,49,1,49,48,746,1,1,667,18874368,6085,18874368,49,1
random_linear,"RLC_n48_k36",0.75,48,36,0.002,40,0,29,1,1,1,1,1,5.9444000000000002e-05,0.0061087759999999998,0.013184952,0.0061087759999999998,PREFIX_ASTAR,0.0097309182723347536,0.0097309182723347536,94,48,46,48,1,48,48,193,1,1,168,18874368,6356,18874368,49,1
random_linear,"RLC_n48_k36",0.75,48,36,0.002,41,0,45,1,1,1,1,1,6.4403e-05,0.023422031999999999,0.013852646,0.013852646,SYNDROME_TRELLIS,0.0027496760315245065,0.0046491478956439082,96,49,47,49,1,49,48,704,1,1,625,18874368,6906,18874368,49,1
random_linear,"RLC_n48_k36",0.75,48,36,0.002,42,1,30,1,1,1,1,1,0.001482019,0.050690185999999998,0.013825064999999999,0.013825064999999999,SYNDROME_TRELLIS,0.029236803352822575,0.10719797700770305,4603,2207,2396,2207,2,2207,48,1562,1,1,1382,18874368,6449,18874368,52,2
random_linear,"RLC_n48_k36",0.75,48,36,0.002,43,0,33,1,1,1,1,1,6.2216000000000002e-05,0.023744143999999998,0.014074176000000001,0.014074176000000001,SYNDROME_TRELLIS,0.0026202671277600069,0.0044205785120208811,96,49,47,49,1,49,48,712,1,1,608,18874368,8178,18874368,49,1
random_linear,"RLC_n48_k36",0.75,48,36,0.002,44,1,23,1,1,1,1,1,0.0015429910000000001,0.22525140599999999,0.013823175,0.013823175,SYNDROME_TRELLIS,0.0068500837681785666,0.11162348736813359,4607,2202,2405,2202,2,2202,48,6701,1,1,5666,18874368,6465,18874368,50,2
random_linear,"RLC_n48_k36",0.75,48,36,0.002,45,0,3,1,1,1,1,1,6.2156000000000006e-05,0.011414816,0.013928549,0.011414816,PREFIX_ASTAR,0.0054452038473506723,0.0054452038473506723,95,49,46,49,1,49,48,348,1,1,308,18874368,8012,18874368,49,1
random_linear,"RLC_n48_k36",0.75,48,36,0.002,46,0,45,1,1,1,1,1,6.1346999999999994e-05,0.0035208969999999998,0.014332508000000001,0.0035208969999999998,PREFIX_ASTAR,0.01742368493028907,0.01742368493028907,93,48,45,48,1,48,48,128,1,1,106,18874368,9370,18874368,49,1
random_linear,"RLC_n48_k36",0.75,48,36,0.002,47,0,7,1,1,1,1,1,6.1126999999999999e-05,0.002539342,0.013994861000000001,0.002539342,PREFIX_ASTAR,0.024071984002154889,0.024071984002154889,91,47,44,47,1,47,48,86,1,1,71,18874368,7784,18874368,49,1
random_linear,"RLC_n48_k36",0.75,48,36,0.002,48,0,4,1,1,1,1,1,6.1136000000000006e-05,0.017593713,0.013682399,0.013682399,SYNDROME_TRELLIS,0.0034748776452133783,0.0044682222759327515,96,49,47,49,1,49,48,526,1,1,439,18874368,7041,18874368,49,1
random_linear,"RLC_n48_k36",0.75,48,36,0.002,49,0,41,1,1,1,1,1,6.0262e-05,0.01115873,0.013989156000000001,0.01115873,PREFIX_ASTAR,0.005400435354202494,0.005400435354202494,95,48,47,48,1,48,48,336,1,1,300,18874368,7164,18874368,49,1
random_linear,"RLC_n48_k36",0.75,48,36,0.002,50,0,40,1,1,1,1,1,6.1043000000000005e-05,0.010375277,0.013718866,0.010375277,PREFIX_ASTAR,0.005883505568092303,0.005883505568092303,95,48,47,48,1,48,48,333,1,1,277,18874368,6272,18874368,49,1
random_linear,"RLC_n48_k36",0.75,48,36,0.002,51,0,38,1,1,1,1,1,6.0056000000000002e-05,0.0038362959999999999,0.013864247,0.0038362959999999999,PREFIX_ASTAR,0.015654683580203405,0.015654683580203405,93,46,47,46,1,46,48,131,1,1,113,18874368,6952,18874368,49,1
random_linear,"RLC_n48_k36",0.75,48,36,0.002,52,0,19,1,1,1,1,1,6.0890999999999997e-05,0.016989573000000001,0.01372957,0.01372957,SYNDROME_TRELLIS,0.0035840217997238654,0.0044350260059127849,96,49,47,49,1,49,48,541,1,1,450,18874368,6977,18874368,49,1
random_linear,"RLC_n48_k36",0.75,48,36,0.002,53,0,20,1,1,1,1,1,6.2611000000000001e-05,0.011325643999999999,0.014141796,0.011325643999999999,PREFIX_ASTAR,0.005528250755542025,0.005528250755542025,95,48,47,48,1,48,48,351,1,1,299,18874368,8246,18874368,49,1
random_linear,"RLC_n48_k36",0.75,48,36,0.002,54,0,41,1,1,1,1,1,7.8727999999999996e-05,0.0023438909999999999,0.014033716,0.0023438909999999999,PREFIX_ASTAR,0.033588592643599896,0.033588592643599896,92,47,45,47,2,47,48,85,1,1,66,18874368,7402,18874368,51,1
random_linear,"RLC_n48_k36",0.75,48,36,0.002,55,0,22,1,1,1,1,1,6.7671999999999999e-05,0.0067195579999999996,0.014030677,0.0067195579999999996,PREFIX_ASTAR,0.010070900496729101,0.010070900496729101,95,49,46,49,1,49,48,224,1,1,187,18874368,4614,18874368,49,1
random_linear,"RLC_n48_k36",0.75,48,36,0.002,56,0,24,1,1,1,1,1,6.2417999999999998e-05,0.010298758999999999,0.013394962999999999,0.010298758999999999,PREFIX_ASTAR,0.006060730229729621,0.006060730229729621,95,49,46,49,1,49,48,292,1,1,254,18874368,5377,18874368,49,1
random_linear,"RLC_n48_k36",0.75,48,36,0.002,57,0,5,1,1,1,1,1,6.0850000000000002e-05,0.003684096,0.013364828,0.003684096,PREFIX_ASTAR,0.016516942012368842,0.016516942012368842,93,47,46,47,1,47,48,118,1,1,101,18874368,8219,18874368,49,1
random_linear,"RLC_n48_k36",0.75,48,36,0.002,58,0,12,1,1,1,1,1,6.1582999999999996e-05,0.012834692999999999,0.014545159,0.012834692999999999,PREFIX_ASTAR,0.004798166968232119,0.004798166968232119,95,49,46,49,1,49,48,394,1,1,343,18874368,8873,18874368,49,1
random_linear,"RLC_n48_k36",0.75,48,36,0.002,59,0,23,1,1,1,1,1,6.1639999999999999e-05,0.013911959999999999,0.013799916000000001,0.013799916000000001,SYNDROME_TRELLIS,0.0044307200423232959,0.0044666938552379593,95,49,46,49,1,49,48,408,1,1,362,18874368,5972,18874368,49,1
random_linear,"RLC_n48_k36",0.75,48,36,0.002,60,0,20,1,1,1,1,1,6.5763e-05,0.0040921810000000003,0.013955614,0.0040921810000000003,PREFIX_ASTAR,0.016070403532981555,0.016070403532981555,93,49,44,49,1,49,48,136,1,1,112,18874368,6987,18874368,49,1
random_linear,"RLC_n48_k36",0.75,48,36,0.002,61,0,9,1,1,1,1,1,6.3349000000000006e-05,0.025022890999999998,0.013485586000000001,0.013485586000000001,SYNDROME_TRELLIS,0.0025316419273856091,0.0046975340930679619,96,49,47,49,1,49,48,726,1,1,633,18874368,5129,18874368,49,1
random_linear,"RLC_n48_k36",0.75,48,36,0.002,62,0,5,1,1,1,1,1,6.1186999999999995e-05,0.0033073450000000002,0.014303692,0.0033073450000000002,PREFIX_ASTAR,0.018500337884315061,0.018500337884315061,93,46,47,46,1,46,48,107,1,1,91,18874368,9280,18874368,49,1
random_linear,"RLC_n48_k36",0.75,48,36,0.002,63,0,24,1,1,1,1,1,6.1227000000000002e-05,0.0034563609999999998,0.013753951,0.0034563609999999998,PREFIX_ASTAR,0.017714295468557829,0.017714295468557829,93,48,45,48,1,48,48,112,1,1,92,18874368,6653,18874368,49,1
random_linear,"RLC_n48_k36",0.75,48,36,0.002,64,0,28,1,1,1,1,1,6.0062999999999997e-05,0.0025879319999999998,0.01368257,0.0025879319999999998,PREFIX_ASTAR,0.023208878749518921,0.023208878749518921,93,46,47,46,1,46,48,89,1,1,71,18874368,5892,18874368,49,1
random_linear,"RLC_n48_k36",0.75,48,36,0.002,65,0,20,1,1,1,1,1,6.1570999999999997e-05,0.011039874999999999,0.013941331,0.011039874999999999,PREFIX_ASTAR,0.0055771464803722869,0.0055771464803722869,95,48,47,48,1,48,48,339,1,1,291,18874368,7119,18874368,49,1
random_linear,"RLC_n48_k36",0.75,48,36,0.002,66,0,4,1,1,1,1,1,6.1169999999999999e-05,0.020695077999999999,0.013945918,0.013945918,SYNDROME_TRELLIS,0.0029557752814461488,0.0043862297196928879,96,49,47,49,1,49,48,671,1,1,601,18874368,6478,18874368,49,1
random_linear,"RLC_n48_k36",0.75,48,36,0.002,67,0,31,1,1,1,1,1,6.6464000000000006e-05,0.007305097,0.014334622999999999,0.007305097,PREFIX_ASTAR,0.0090983049232611149,0.0090983049232611149,95,49,46,49,1,49,48,227,1,1,189,18874368,7040,18874368,49,1
random_linear,"RLC_n48_k36",0.75,48,36,0.002,68,0,39,1,1,1,1,1,6.1339000000000003e-05,0.010863708999999999,0.014088807,0.010863708999999999,PREFIX_ASTAR,0.005646230030646072,0.005646230030646072,95,49,46,49,1,49,48,330,1,1,291,18874368,6290,18874368,49,1
random_linear,"RLC_n48_k36",0.75,48,36,0.002,69,0,26,1,1,1,1,1,5.5044999999999999e-05,0.013834010000000001,0.013337846,0.013337846,SYNDROME_TRELLIS,0.003978961992943477,0.0041269782242200122,96,49,47,49,1,49,48,458,1,1,405,18874368,6686,18874368,49,1
random_linear,"RLC_n48_k36",0.75,48,36,0.002,70,0,36,1,1,1,1,1,6.6777000000000001e-05,0.0056234259999999999,0.012827562000000001,0.0056234259999999999,PREFIX_ASTAR,0.011874789496652041,0.011874789496652041,94,49,45,49,1,49,48,196,1,1,159,18874368,8743,18874368,49,1
random_linear,"RLC_n48_k36",0.75,48,36,0.002,71,0,12,1,1,1,1,1,6.3126000000000005e-05,0.010635181,0.013627136,0.010635181,PREFIX_ASTAR,0.0059355830427333589,0.0059355830427333589,95,48,47,48,1,48,48,335,1,1,291,18874368,8263,18874368,49,1
random_linear,"RLC_n48_k36",0.75,48,36,0.002,72,0,17,1,1,1,1,1,6.8008000000000003e-05,0.022598785999999999,0.014269629000000001,0.014269629000000001,SYNDROME_TRELLIS,0.0030093651933338367,0.0047659262900247796,96,49,47,49,1,49,48,668,1,1,573,18874368,8715,18874368,49,1
random_linear,"RLC_n48_k36",0.75,48,36,0.002,73,1,7,1,1,1,1,1,0.0014702160000000001,0.10110856999999999,0.013718696000000001,0.013718696000000001,SYNDROME_TRELLIS,0.014540963243768556,0.10716878630447092,4605,2218,2387,2218,1,2218,48,3005,1,1,2577,18874368,5373,18874368,49,1
random_linear,"RLC_n48_k36",0.75,48,36,0.002,74,0,26,1,1,1,1,1,6.7508999999999993e-05,0.015845362000000002,0.013667482,0.013667482,SYNDROME_TRELLIS,0.0042604895994171662,0.0049393882501546369,96,49,47,49,1,49,48,502,1,1,427,18874368,4925,18874368,49,1
random_linear,"RLC_n48_k36",0.75,48,36,0.002,75,0,45,1,1,1,1,1,6.2831999999999997e-05,0.013091425,0.014086212000000001,0.013091425,PREFIX_ASTAR,0.0047994775205907683,0.0047994775205907683,95,49,46,49,1,49,48,401,1,1,334,18874368,7580,18874368,49,1
random_linear,"RLC_n48_k36",0.75,48,36,0.002,76,0,23,1,1,1,1,1,5.9568000000000003e-05,0.004764669,0.014097576000000001,0.004764669,PREFIX_ASTAR,0.012502022700842389,0.012502022700842389,93,48,45,48,1,48,48,156,1,1,130,18874368,7244,18874368,49,1
random_linear,"RLC_n48_k36",0.75,48,36,0.002,77,0,46,1,1,1,1,1,6.1359999999999995e-05,0.0051063530000000001,0.014155829,0.0051063530000000001,PREFIX_ASTAR,0.012016403879637776,0.012016403879637776,94,48,46,48,1,48,48,165,1,1,139,18874368,8223,18874368,49,1
random_linear,"RLC_n48_k36",0.75,48,36,0.002,78,0,14,1,1,1,1,1,6.2100999999999994e-05,0.015425321000000001,0.013351382,0.013351382,SYNDROME_TRELLIS,0.0040259129777591007,0.0046512787964571754,95,48,47,48,1,48,48,448,1,1,407,18874368,6806,18874368,49,1
random_linear,"RLC_n48_k36",0.75,48,36,0.002,79,1,6,1,1,1,1,1,0.001491533,0.34293110300000001,0.015659288,0.015659288,SYNDROME_TRELLIS,0.0043493663507098096,0.095249094339410575,4608,2193,2415,2193,2,2193,48,10318,1,1,8600,18874368,7346,18874368,50,2
random_linear,"RLC_n48_k36",0.75,48,36,0.0050000000000000001,0,0,7,1,1,1,1,1,6.2546999999999996e-05,0.017219966,0.013798064000000001,0.013798064000000001,SYNDROME_TRELLIS,0.0036322371368212921,0.0045330272420826571,96,49,47,49,1,49,48,536,1,1,426,18874368,4616,18874368,49,1
random_linear,"RLC_n48_k36",0.75,48,36,0.0050000000000000001,1,1,15,1,1,1,1,1,0.00154422,0.33242343499999999,0.014590537000000001,0.014590537000000001,SYNDROME_TRELLIS,0.0046453403623604337,0.10583709153405388,4608,2215,2393,2215,2,2215,48,9438,1,1,8025,18874368,9345,18874368,50,2
random_linear,"RLC_n48_k36",0.75,48,36,0.0050000000000000001,2,0,1,1,1,1,1,1,6.2026000000000006e-05,0.0056302799999999997,0.013893548,0.0056302799999999997,PREFIX_ASTAR,0.011016503619713408,0.011016503619713408,94,47,47,47,1,47,48,173,1,1,151,18874368,6427,18874368,49,1
random_linear,"RLC_n48_k36",0.75,48,36,0.0050000000000000001,3,0,21,1,1,1,1,1,6.2494000000000002e-05,0.0064321550000000002,0.013616662,0.0064321550000000002,PREFIX_ASTAR,0.009715872829557123,0.009715872829557123,94,49,45,49,1,49,48,192,1,1,167,18874368,4814,18874368,49,1
random_linear,"RLC_n48_k36",0.75,48,36,0.0050000000000000001,4,0,42,1,1,1,1,1,6.8295999999999998e-05,0.0036702570000000001,0.0139544,0.0036702570000000001,PREFIX_ASTAR,0.018607961240861334,0.018607961240861334,94,48,46,48,1,48,48,118,1,1,99,18874368,6204,18874368,49,1
random_linear,"RLC_n48_k36",0.75,48,36,0.0050000000000000001,5,0,13,1,1,1,1,1,6.5035000000000003e-05,0.023777256,0.014021748000000001,0.014021748000000001,SYNDROME_TRELLIS,0.0027351768429460491,0.0046381521048588234,96,49,47,49,1,49,48,705,1,1,633,18874368,7300,18874368,49,1
random_linear,"RLC_n48_k36",0.75,48,36,0.0050000000000000001,6,1,40,1,1,1,1,1,0.001499738,0.060768994999999999,0.014312774,0.014312774,SYNDROME_TRELLIS,0.024679328660939678,0.10478318179271189,4604,2219,2385,2219,2,2219,48,1810,1,1,1558,18874368,8052,18874368,50,1
random_linear,"RLC_n48_k36",0.75,48,36,0.0050000000000000001,7,0,18,1,1,1,1,1,6.1946000000000006e-05,0.011210935999999999,0.01326574,0.011210935999999999,PREFIX_ASTAR,0.0055254976034115272,0.0055254976034115272,95,49,46,49,1,49,48,339,1,1,293,18874368,6773,18874368,49,1
random_linear,"RLC_n48_k36",0.75,48,36,0.0050000000000000001,8,0,1,1,1,1,1,1,6.3139000000000007e-05,0.020189637,0.012306967,0.012306967,SYNDROME_TRELLIS,0.0031272974348176743,0.0051303460877078818,96,49,47,49,1,49,48,587,1,1,502,18874368,5099,18874368,49,1
random_linear,"RLC_n48_k36",0.75,48,36,0.0050000000000000001,9,0,32,1,1,1,1,1,5.8276000000000002e-05,0.0069872520000000002,0.012925406,0.0069872520000000002,PREFIX_ASTAR,0.0083403317928135417,0.0083403317928135417,94,48,46,48,1,48,48,225,1,1,190,18874368,8232,18874368,49,1
random_linear,"RLC_n48_k36",0.75,48,36,0.0050000000000000001,10,0,16,1,1,1,1,1,5.9697999999999997e-05,0.0041179240000000002,0.013985488000000001,0.0041179240000000002,PREFIX_ASTAR,0.014497110680041688,0.014497110680041688,94,49,45,49,1,49,48,132,1,1,109,18874368,6958,18874368,49,1
random_linear,"RLC_n48_k36",0.75,48,36,0.0050000000000000001,11,1,39,1,1,1,1,1,0.001549255,0.079973010999999997,0.014237779000000001,0.014237779000000001,SYNDROME_TRELLIS,0.019372222961568875,0.10881296865192246,4605,2236,2369,2236,3,2236,48,2282,1,1,2016,18874368,9164,18874368,53,2
random_linear,"RLC_n48_k36",0.75,48,36,0.0050000000000000001,12,0,13,1,1,1,1,1,6.0429e-05,0.0055003350000000003,0.014009506,0.0055003350000000003,PREFIX_ASTAR,0.010986421736130616,0.010986421736130616,94,49,45,49,1,49,48,181,1,1,154,18874368,7005,18874368,49,1
random_linear,"RLC_n48_k36",0.75,48,36,0.0050000000000000001,13,0,45,1,1,1,1,1,6.2638999999999994e-05,0.005923836,0.013765611000000001,0.005923836,PREFIX_ASTAR,0.010574060456771591,0.010574060456771591,94,49,45,49,1,49,48,188,1,1,158,18874368,5877,18874368,49,1
random_linear,"RLC_n48_k36",0.75,48,36,0.0050000000000000001,14,0,25,1,1,1,1,1,6.3492999999999997e-05,0.024886581000000001,0.013895978,0.013895978,SYNDROME_TRELLIS,0.002551294611340947,0.0045691638256767529,96,49,47,49,1,49,48,720,1,1,633,18874368,6695,18874368,49,1
random_linear,"RLC_n48_k36",0.75,48,36,0.0050000000000000001,15,0,21,1,1,1,1,1,6.2243999999999996e-05,0.0037660240000000002,0.013741232000000001,0.0037660240000000002,PREFIX_ASTAR,0.016527775712528649,0.016527775712528649,93,47,46,47,1,47,48,119,1,1,102,18874368,6721,18874368,49,1
random_linear,"RLC_n48_k36",0.75,48,36,0.0050000000000000001,16,0,42,1,1,1,1,1,6.1520999999999996e-05,0.0096816070000000001,0.013827694,0.0096816070000000001,PREFIX_ASTAR,0.0063544202940689493,0.0063544202940689493,95,48,47,48,1,48,48,288,1,1,244,18874368,6411,18874368,49,1
random_linear,"RLC_n48_k36",0.75,48,36,0.0050000000000000001,17,0,32,1,1,1,1,1,6.4090000000000005e-05,0.024592756,0.012885783,0.012885783,SYNDROME_TRELLIS,0.0026060519609920909,0.0049736985327162508,96,49,47,49,1,49,48,702,1,1,607,18874368,6286,18874368,49,1
random_linear,"RLC_n48_k36",0.75,48,36,0.0050000000000000001,18,0,47,1,1,1,1,1,6.2120999999999997e-05,0.0029968479999999999,0.012816686000000001,0.0029968479999999999,PREFIX_ASTAR,0.020728779037175057,0.020728779037175057,91,44,47,44,1,44,48,98,1,1,82,18874368,6291,18874368,49,1
random_linear,"RLC_n48_k36",0.75,48,36,0.0050000000000000001,19,0,33,1,1,1,1,1,5.7846999999999997e-05,0.0027021839999999998,0.012408851,0.0027021839999999998,PREFIX_ASTAR,0.021407498527117326,0.021407498527117326,93,48,45,48,1,48,48,95,1,1,77,18874368,5135,18874368,49,1
random_linear,"RLC_n48_k36",0.75,48,36,0.0050000000000000001,20,0,22,1,1,1,1,1,5.5129e-05,0.0040461680000000002,0.013900314,0.0040461680000000002,PREFIX_ASTAR,0.013624990361250446,0.013624990361250446,94,48,46,48,1,48,48,152,1,1,121,18874368,6313,18874368,49,1
random_linear,"RLC_n48_k36",0.75,48,36,0.0050000000000000001,21,0,4,1,1,1,1,1,6.3131000000000003e-05,0.018522848000000001,0.013948487000000001,0.013948487000000001,SYNDROME_TRELLIS,0.0034082771720633886,0.0045260105988556322,96,49,47,49,1,49,48,495,1,1,411,18874368,7657,18874368,49,1
random_linear,"RLC_n48_k36",0.75,48,36,0.0050000000000000001,22,0,4,1,1,1,1,1,6.3225000000000005e-05,0.021104123999999998,0.013859981,0.013859981,SYNDROME_TRELLIS,0.0029958599560919947,0.0045616945650935603,96,49,47,49,1,49,48,601,1,1,522,18874368,5872,18874368,49,1
random_linear,"RLC_n48_k36",0.75,48,36,0.0050000000000000001,23,0,2,1,1,1,1,1,6.3744000000000005e-05,0.016390433999999999,0.014146373,0.014146373,SYNDROME_TRELLIS,0.0038890977505537687,0.0045060313339680778,95,49,46,49,1,49,48,467,1,1,407,18874368,7145,18874368,49,1
random_linear,"RLC_n48_k36",0.75,48,36,0.0050000000000000001,24,1,46,1,1,1,1,1,0.0015213970000000001,0.101688499,0.013948341,0.013948341,SYNDROME_TRELLIS,0.014961347792143141,0.10907368840495082,4605,2221,2384,2221,1,2221,48,2881,1,1,2532,18874368,7059,18874368,49,1
random_linear,"RLC_n48_k36",0.75,48,36,0.0050000000000000001,25,0,15,1,1,1,1,1,8.1948999999999998e-05,0.01020447,0.013981644999999999,0.01020447,PREFIX_ASTAR,0.0080306963516968543,0.0080306963516968543,96,49,47,49,2,49,48,329,1,1,287,18874368,7225,18874368,50,2
random_linear,"RLC_n48_k36",0.75,48,36,0.0050000000000000001,26,0,9,1,1,1,1,1,6.2766000000000002e-05,0.0021758680000000001,0.014067056,0.0021758680000000001,PREFIX_ASTAR,0.028846418992328579,0.028846418992328579,92,47,45,47,1,47,48,74,1,1,60,18874368,7485,18874368,49,1
random_linear,"RLC_n48_k36",0.75,48,36,0.0050000000000000001,27,1,21,1,1,1,1,1,0.001478931,0.056328281000000001,0.01330887,0.01330887,SYNDROME_TRELLIS,0.026255567784857485,0.11112370922550148,4603,2209,2394,2209,1,2209,48,1745,1,1,1519,18874368,6325,18874368,49,1
random_linear,"RLC_n48_k36",0.75,48,36,0.0050000000000000001,28,1,8,1,1,1,1,1,0.001490529,0.50662817100000002,0.013722485,0.013722485,SYNDROME_TRELLIS,0.0029420570850964382,0.10861946651790838,4608,2202,2406,2202,1,2202,48,14051,1,1,11770,18874368,8525,18874368,49,1
random_linear,"RLC_n48_k36",0.75,48,36,0.0050000000000000001,29,0,19,1,1,1,1,1,6.3356999999999997e-05,0.0093864640000000006,0.013806494000000001,0.0093864640000000006,PREFIX_ASTAR,0.0067498261326096806,0.0067498261326096806,95,48,47,48,1,48,48,283,1,1,240,18874368,6425,18874368,49,1
random_linear,"RLC_n48_k36",0.75,48,36,0.0050000000000000001,30,0,12,1,1,1,1,1,6.2465000000000006e-05,0.0081575339999999993,0.014291066,0.0081575339999999993,PREFIX_ASTAR,0.0076573386025727891,0.0076573386025727891,94,48,46,48,1,48,48,244,1,1,207,18874368,8320,18874368,49,1
random_linear,"RLC_n48_k36",0.75,48,36,0.0050000000000000001,31,0,14,1,1,1,1,1,6.355e-05,0.0087706980000000004,0.013917794000000001,0.0087706980000000004,PREFIX_ASTAR,0.0072457175016173167,0.0072457175016173167,95,49,46,49,1,49,48,260,1,1,224,18874368,7316,18874368,49,1
random_linear,"RLC_n48_k36",0.75,48,36,0.0050000000000000001,32,0,10,1,1,1,1,1,6.1024999999999999e-05,0.0042353119999999998,0.01352399,0.0042353119999999998,PREFIX_ASTAR,0.014408619719161186,0.014408619719161186,93,49,44,49,1,49,48,139,1,1,115,18874368,6218,18874368,49,1
random_linear,"RLC_n48_k36",0.75,48,36,0.0050000000000000001,33,1,14,1,1,1,1,1,5.9957999999999998e-05,0.0062874309999999996,0.012917649999999999,0.0062874309999999996,PREFIX_ASTAR,0.00953616826967962,0.00953616826967962,95,49,46,49,1,49,48,206,1,1,177,18874368,5445,18874368,49,1
random_linear,"RLC_n48_k36",0.75,48,36,0.0050000000000000001,34,0,17,1,1,1,1,1,6.0764999999999998e-05,0.0044699149999999997,0.013795903,0.0044699149999999997,PREFIX_ASTAR,0.013594218234574931,0.013594218234574931,94,48,46,48,1,48,48,145,1,1,122,18874368,8066,18874368,49,1
random_linear,"RLC_n48_k36",0.75,48,36,0.0050000000000000001,35,0,43,1,1,1,1,1,6.7521999999999995e-05,0.0055386230000000003,0.013029384999999999,0.0055386230000000003,PREFIX_ASTAR,0.012191116817302783,0.012191116817302783,94,47,47,47,1,47,48,168,1,1,146,18874368,8173,18874368,49,1
random_linear,"RLC_n48_k36",0.75,48,36,0.0050000000000000001,36,1,34,1,1,1,1,1,0.0014440480000000001,0.16642050899999999,0.013506667999999999,0.013506667999999999,SYNDROME_TRELLIS,0.0086771036134735066,0.10691371106478667,4606,2224,2382,2224,3,2224,48,4615,1,1,3982,18874368,7610,18874368,52,2
random_linear,"RLC_n48_k36",0.75,48,36,0.0050000000000000001,37,2,38,1,1,1,1,1,0.037389116,0.85411444000000003,0.0089882169999999997,0.0089882169999999997,SYNDROME_TRELLIS,0.043775300181085802,4.1597923147605362,108377,49153,59224,49153,17,49153,48,24575,1,1,19862,18874368,10224,18874368,68,10
random_linear,"RLC_n48_k36",0.75,48,36,0.0050000000000000001,38,0,35,1,1,1,1,1,6.1953999999999997e-05,0.003643833,0.013248744,0.003643833,PREFIX_ASTAR,0.017002425742343296,0.017002425742343296,92,48,44,48,1,48,48,124,1,1,103,18874368,4837,18874368,49,1
random_linear,"RLC_n48_k36",0.75,48,36,0.0050000000000000001,39,0,21,1,1,1,1,1,6.2235000000000003e-05,0.0069401710000000002,0.013583220999999999,0.0069401710000000002,PREFIX_ASTAR,0.0089673582970794235,0.0089673582970794235,94,49,45,49,1,49,48,223,1,1,173,18874368,6232,18874368,49,1
random_linear,"RLC_n48_k36",0.75,48,36,0.0050000000000000001,40,0,37,1,1,1,1,1,6.4531999999999998e-05,0.0051354629999999998,0.013989949999999999,0.0051354629999999998,PREFIX_ASTAR,0.012565955591540626,0.012565955591540626,93,47,46,47,1,47,48,162,1,1,133,18874368,7081,18874368,49,1
random_linear,"RLC_n48_k36",0.75,48,36,0.0050000000000000001,41,0,15,1,1,1,1,1,6.1495999999999995e-05,0.0044175509999999996,0.013948752999999999,0.0044175509999999996,PREFIX_ASTAR,0.01392083532255768,0.01392083532255768,93,48,45,48,1,48,48,142,1,1,120,18874368,6995,18874368,49,1
random_linear,"RLC_n48_k36",0.75,48,36,0.0050000000000000001,42,1,44,1,1,1,1,1,0.0014933780000000001,0.068749700999999996,0.013983993,0.013983993,SYNDROME_TRELLIS,0.021721956288944445,0.10679195849139798,4604,2225,2379,2225,1,2225,48,2010,1,1,1754,18874368,7040,18874368,49,1
random_linear,"RLC_n48_k36",0.75,48,36,0.0050000000000000001,43,0,5,1,1,1,1,1,6.2725000000000007e-05,0.0047224930000000004,0.013479158999999999,0.0047224930000000004,PREFIX_ASTAR,0.013282179560668487,0.013282179560668487,93,48,45,48,1,48,48,148,1,1,126,18874368,7668,18874368,49,1
random_linear,"RLC_n48_k36",0.75,48,36,0.0050000000000000001,44,0,44,1,1,1,1,1,6.0176000000000001e-05,0.025328053999999999,0.013141798,0.013141798,SYNDROME_TRELLIS,0.0023758635385095123,0.004578977701529121,96,49,47,49,1,49,48,733,1,1,633,18874368,7652,18874368,49,1
random_linear,"RLC_n48_k36",0.75,48,36,0.0050000000000000001,45,0,8,1,1,1,1,1,6.4177000000000006e-05,0.021508922999999999,0.012760736,0.012760736,SYNDROME_TRELLIS,0.0029837384233510904,0.0050292553658346983,96,49,47,49,1,49,48,663,1,1,541,18874368,7750,18874368,49,1
random_linear,"RLC_n48_k36",0.75,48,36,0.0050000000000000001,46,0,36,1,1,1,1,1,6.2831999999999997e-05,0.011731105,0.014241468,0.011731105,PREFIX_ASTAR,0.0053560171867867512,0.0053560171867867512,95,48,47,48,1,48,48,356,1,1,309,18874368,6415,18874368,49,1
random_linear,"RLC_n48_k36",0.75,48,36,0.0050000000000000001,47,0,2,1,1,1,1,1,6.3344999999999997e-05,0.0073005580000000004,0.014185751999999999,0.0073005580000000004,PREFIX_ASTAR,0.0086767340249882269,0.0086767340249882269,94,48,46,48,1,48,48,221,1,1,187,18874368,7506,18874368,49,1
random_linear,"RLC_n48_k36",0.75,48,36,0.0050000000000000001,48,0,21,1,1,1,1,1,6.2753e-05,0.010111958000000001,0.013704815,0.010111958000000001,PREFIX_ASTAR,0.0062058208706958625,0.0062058208706958625,95,48,47,48,1,48,48,312,1,1,261,18874368,6289,18874368,49,1
random_linear,"RLC_n48_k36",0.75,48,36,0.0050000000000000001,49,0,47,1,1,1,1,1,6.4682000000000002e-05,0.026616852,0.014018526999999999,0.014018526999999999,SYNDROME_TRELLIS,0.0024301145755328242,0.0046140368385351764,96,49,47,49,1,49,48,756,1,1,667,18874368,6642,18874368,49,1
random_linear,"RLC_n48_k36",0.75,48,36,0.0050000000000000001,50,1,29,1,1,1,1,1,0.001490115,0.27726816100000001,0.013956843,0.013956843,SYNDROME_TRELLIS,0.0053742737522610821,0.10676590687449876,4608,2205,2403,2205,1,2205,48,8060,1,1,6913,18874368,6665,18874368,49,1
random_linear,"RLC_n48_k36",0.75,48,36,0.0050000000000000001,51,0,43,1,1,1,1,1,6.4756000000000001e-05,0.012749035000000001,0.013840877,0.012749035000000001,PREFIX_ASTAR,0.0050792863930485717,0.0050792863930485717,95,48,47,48,1,48,48,352,1,1,314,18874368,5759,18874368,49,1
random_linear,"RLC_n48_k36",0.75,48,36,0.0050000000000000001,52,0,27,1,1,1,1,1,8.0418000000000002e-05,0.001580333,0.013796651,0.001580333,PREFIX_ASTAR,0.050886743490137838,0.050886743490137838,91,46,45,46,2,46,48,58,1,1,43,18874368,6161,18874368,51,2
random_linear,"RLC_n48_k36",0.75,48,36,0.0050000000000000001,53,0,24,1,1,1,1,1,7.9633000000000001e-05,0.0041619049999999996,0.014091555,0.0041619049999999996,PREFIX_ASTAR,0.019133786090744506,0.019133786090744506,93,48,45,48,2,48,48,133,1,1,112,18874368,6411,18874368,50,2
random_linear,"RLC_n48_k36",0.75,48,36,0.0050000000000000001,54,0,1,1,1,1,1,1,6.3250999999999995e-05,0.010769206,0.013894815,0.010769206,PREFIX_ASTAR,0.0058733206514946408,0.0058733206514946408,95,49,46,49,1,49,48,319,1,1,274,18874368,6335,18874368,49,1
random_linear,"RLC_n48_k36",0.75,48,36,0.0050000000000000001,55,0,47,1,1,1,1,1,6.4144000000000001e-05,0.025241105999999999,0.014628494000000001,0.014628494000000001,SYNDROME_TRELLIS,0.0025412515600544603,0.0043848669589637863,96,49,47,49,1,49,48,702,1,1,634,18874368,8651,18874368,49,1
random_linear,"RLC_n48_k36",0.75,48,36,0.0050000000000000001,56,0,34,1,1,1,1,1,6.2904999999999995e-05,0.017916396000000001,0.014247385,0.014247385,SYNDROME_TRELLIS,0.0035110297852313597,0.0044151961921433296,96,49,47,49,1,49,48,520,1,1,457,18874368,7847,18874368,49,1
random_linear,"RLC_n48_k36",0.75,48,36,0.0050000000000000001,57,0,45,1,1,1,1,1,6.3570000000000003e-05,0.0057557720000000001,0.014564001,0.0057557720000000001,PREFIX_ASTAR,0.011044565351094519,0.011044565351094519,94,48,46,48,1,48,48,173,1,1,148,18874368,8226,18874368,49,1
random_linear,"RLC_n48_k36",0.75,48,36,0.0050000000000000001,58,0,38,1,1,1,1,1,6.6506000000000003e-05,0.003567443,0.013332448,0.003567443,PREFIX_ASTAR,0.018642484266742313,0.018642484266742313,94,48,46,48,1,48,48,112,1,1,90,18874368,5990,18874368,49,1
random_linear,"RLC_n48_k36",0.75,48,36,0.0050000000000000001,59,0,26,1,1,1,1,1,6.1703000000000002e-05,0.0015708,0.013037574,0.0015708,PREFIX_ASTAR,0.039281257957728549,0.039281257957728549,91,46,45,46,1,46,48,58,1,1,44,18874368,6493,18874368,49,1
random_linear,"RLC_n48_k36",0.75,48,36,0.0050000000000000001,60,0,43,1,1,1,1,1,5.9521000000000002e-05,0.011429249000000001,0.012809829,0.011429249000000001,PREFIX_ASTAR,0.0052077787438177259,0.0052077787438177259,95,49,46,49,1,49,48,361,1,1,322,18874368,6650,18874368,49,1
random_linear,"RLC_n48_k36",0.75,48,36,0.0050000000000000001,61,1,46,1,1,1,1,1,0.0013816220000000001,0.31326636000000002,0.012804147,0.012804147,SYNDROME_TRELLIS,0.0044103746090068527,0.10790425945594033,4607,2228,2379,2228,1,2228,48,8701,1,1,7367,18874368,7760,18874368,49,1
random_linear,"RLC_n48_k36",0.75,48,36,0.0050000000000000001,62,0,3,1,1,1,1,1,6.6911999999999999e-05,0.0084928669999999994,0.012571822,0.0084928669999999994,PREFIX_ASTAR,0.0078786115454298304,0.0078786115454298304,94,48,46,48,1,48,48,260,1,1,230,18874368,6796,18874368,49,1
random_linear,"RLC_n48_k36",0.75,48,36,0.0050000000000000001,63,0,37,1,1,1,1,1,6.2428000000000006e-05,0.0075861679999999999,0.013775229999999999,0.0075861679999999999,PREFIX_ASTAR,0.0082291876478348507,0.0082291876478348507,95,48,47,48,1,48,48,239,1,1,204,18874368,5998,18874368,49,1
random_linear,"RLC_n48_k36",0.75,48,36,0.0050000000000000001,64,0,7,1,1,1,1,1,6.2848999999999994e-05,0.012299632,0.014206918000000001,0.012299632,PREFIX_ASTAR,0.0051098276761451069,0.0051098276761451069,95,48,47,48,1,48,48,350,1,1,308,18874368,7511,18874368,49,1
random_linear,"RLC_n48_k36",0.75,48,36,0.0050000000000000001,65,0,27,1,1,1,1,1,6.1515999999999999e-05,0.0031853329999999998,0.013960634,0.0031853329999999998,PREFIX_ASTAR,0.019312266566792233,0.019312266566792233,94,48,46,48,1,48,48,112,1,1,83,18874368,6270,18874368,49,1
random_linear,"RLC_n48_k36",0.75,48,36,0.0050000000000000001,66,0,32,1,1,1,1,1,6.0121000000000003e-05,0.0012945680000000001,0.014016806999999999,0.0012945680000000001,PREFIX_ASTAR,0.046440974904369645,0.046440974904369645,90,46,44,46,1,46,48,50,1,1,37,18874368,5973,18874368,49,1
random_linear,"RLC_n48_k36",0.75,48,36,0.0050000000000000001,67,0,36,1,1,1,1,1,6.8713000000000004e-05,0.00201074,0.015305879999999999,0.00201074,PREFIX_ASTAR,0.034172991038125267,0.034172991038125267,92,46,46,46,1,46,48,68,1,1,51,18874368,5323,18874368,49,1
random_linear,"RLC_n48_k36",0.75,48,36,0.0050000000000000001,68,0,46,1,1,1,1,1,6.4128000000000007e-05,0.024142291,0.014448845,0.014448845,SYNDROME_TRELLIS,0.0026562516374274508,0.0044382786305756624,96,49,47,49,1,49,48,737,1,1,667,18874368,7535,18874368,49,1
random_linear,"RLC_n48_k36",0.75,48,36,0.0050000000000000001,69,1,43,1,1,1,1,1,0.0015127980000000001,0.10028822799999999,0.014007568,0.014007568,SYNDROME_TRELLIS,0.015084502240881155,0.10799861903222602,4605,2230,2375,2230,1,2230,48,2830,1,1,2475,18874368,6594,18874368,49,1
random_linear,"RLC_n48_k36",0.75,48,36,0.0050000000000000001,70,0,24,1,1,1,1,1,8.5657999999999999e-05,0.016090698000000001,0.013348736,0.013348736,SYNDROME_TRELLIS,0.0053234483674977923,0.0064169371541994685,95,48,47,48,2,48,48,462,1,1,396,18874368,6064,18874368,50,2
random_linear,"RLC_n48_k36",0.75,48,36,0.0050000000000000001,71,0,41,1,1,1,1,1,5.8662000000000002e-05,0.0070830140000000003,0.012905445,0.0070830140000000003,PREFIX_ASTAR,0.0082820674927368484,0.0082820674927368484,95,48,47,48,1,48,48,230,1,1,193,18874368,6768,18874368,49,1
random_linear,"RLC_n48_k36",0.75,48,36,0.0050000000000000001,72,0,27,1,1,1,1,1,6.2600000000000004e-05,0.0087215000000000001,0.012950906999999999,0.0087215000000000001,PREFIX_ASTAR,0.0071776643925930174,0.0071776643925930174,95,49,46,49,1,49,48,291,1,1,242,18874368,5745,18874368,49,1
random_linear,"RLC_n48_k36",0.75,48,36,0.0050000000000000001,73,0,12,1,1,1,1,1,6.3794999999999995e-05,0.01595531,0.013744643000000001,0.013744643000000001,SYNDROME_TRELLIS,0.0039983554064446257,0.0046414446704799821,96,49,47,49,1,49,48,470,1,1,418,18874368,6644,18874368,49,1
random_linear,"RLC_n48_k36",0.75,48,36,0.0050000000000000001,74,0,26,1,1,1,1,1,6.0813000000000002e-05,0.004514868,0.0141002,0.004514868,PREFIX_ASTAR,0.013469496782630191,0.013469496782630191,93,48,45,48,1,48,48,149,1,1,126,18874368,6945,18874368,49,1
random_linear,"RLC_n48_k36",0.75,48,36,0.0050000000000000001,75,0,37,1,1,1,1,1,6.3486999999999997e-05,0.0050216000000000002,0.014005072,0.0050216000000000002,PREFIX_ASTAR,0.012642783176676756,0.012642783176676756,94,49,45,49,1,49,48,160,1,1,132,18874368,6028,18874368,49,1
random_linear,"RLC_n48_k36",0.75,48,36,0.0050000000000000001,76,0,20,1,1,1,1,1,6.1958000000000005e-05,0.001820615,0.013920843,0.001820615,PREFIX_ASTAR,0.034031357535777747,0.034031357535777747,93,48,45,48,1,48,48,65,1,1,51,18874368,7043,18874368,49,1
random_linear,"RLC_n48_k36",0.75,48,36,0.0050000000000000001,77,0,31,1,1,1,1,1,6.2768999999999995e-05,0.0095974089999999995,0.013920928000000001,0.0095974089999999995,PREFIX_ASTAR,0.0065402026734507198,0.0065402026734507198,95,48,47,48,1,48,48,282,1,1,249,18874368,6940,18874368,49,1
random_linear,"RLC_n48_k36",0.75,48,36,0.0050000000000000001,78,1,47,1,1,1,1,1,0.0015169719999999999,0.44630540400000002,0.013845269,0.013845269,SYNDROME_TRELLIS,0.0033989550348352939,0.10956609077078963,4607,2240,2367,2240,2,2240,48,11946,1,1,9994,18874368,7084,18874368,50,1
random_linear,"RLC_n48_k36",0.75,48,36,0.0050000000000000001,79,0,32,1,1,1,1,1,6.2884000000000003e-05,0.001745604,0.013571092,0.001745604,PREFIX_ASTAR,0.036024207093934252,0.036024207093934252,92,48,44,48,1,48,48,66,1,1,47,18874368,5631,18874368,49,1
random_linear,"RLC_n48_k36",0.75,48,36,0.01,0,0,4,1,1,1,1,1,5.6073999999999999e-05,0.010689697,0.012958486999999999,0.010689697,PREFIX_ASTAR,0.0052456117324934468,0.0052456117324934468,95,49,46,49,1,49,48,351,1,1,310,18874368,6690,18874368,49,1
random_linear,"RLC_n48_k36",0.75,48,36,0.01,1,1,34,1,1,1,1,1,0.00140164,0.114866257,0.013944612,0.013944612,SYNDROME_TRELLIS,0.012202365051383193,0.10051480815672749,4606,2227,2379,2227,3,2227,48,3434,1,1,2910,18874368,7036,18874368,52,2
random_linear,"RLC_n48_k36",0.75,48,36,0.01,2,0,16,1,1,1,1,1,6.0590000000000001e-05,0.0056179380000000003,0.013898064,0.0056179380000000003,PREFIX_ASTAR,0.010785095883934639,0.010785095883934639,94,47,47,47,1,47,48,185,1,1,157,18874368,6966,18874368,49,1
random_linear,"RLC_n48_k36",0.75,48,36,0.01,3,0,28,1,1,1,1,1,5.8706999999999999e-05,0.0049043979999999999,0.013573306,0.0049043979999999999,PREFIX_ASTAR,0.01197027647429919,0.01197027647429919,94,48,46,48,1,48,48,164,1,1,131,18874368,5471,18874368,49,1
random_linear,"RLC_n48_k36",0.75,48,36,0.01,4,0,41,1,1,1,1,1,5.4385000000000002e-05,0.001236015,0.014157164999999999,0.001236015,PREFIX_ASTAR,0.044000275077567833,0.044000275077567833,87,41,46,41,1,41,48,50,1,1,37,18874368,6115,18874368,49,1
random_linear,"RLC_n48_k36",0.75,48,36,0.01,5,0,35,1,1,1,1,1,5.9234000000000002e-05,0.0068981049999999999,0.013667858,0.0068981049999999999,PREFIX_ASTAR,0.0085869959938272913,0.0085869959938272913,95,49,46,49,1,49,48,220,1,1,186,18874368,5499,18874368,49,1
random_linear,"RLC_n48_k36",0.75,48,36,0.01,6,0,5,1,1,1,1,1,5.8182e-05,0.0036834020000000001,0.013964129,0.0036834020000000001,PREFIX_ASTAR,0.015795723627233735,0.015795723627233735,94,49,45,49,1,49,48,128,1,1,106,18874368,6760,18874368,49,1
random_linear,"RLC_n48_k36",0.75,48,36,0.01,7,0,24,1,1,1,1,1,5.6101999999999999e-05,0.0013658190000000001,0.01363024,0.0013658190000000001,PREFIX_ASTAR,0.04107572086784559,0.04107572086784559,89,47,42,47,1,47,48,56,1,1,42,18874368,5087,18874368,49,1
random_linear,"RLC_n48_k36",0.75,48,36,0.01,8,0,43,1,1,1,1,1,6.0936000000000001e-05,0.012942331,0.014148436,0.012942331,PREFIX_ASTAR,0.0047082708671258681,0.0047082708671258681,95,49,46,49,1,49,48,394,1,1,346,18874368,5615,18874368,49,1
random_linear,"RLC_n48_k36",0.75,48,36,0.01,9,1,42,1,1,1,1,1,0.0014534750000000001,0.44180957999999998,0.013693014,0.013693014,SYNDROME_TRELLIS,0.0032898222804494193,0.10614719301389745,4608,2239,2369,2239,2,2239,48,12549,1,1,10516,18874368,6220,18874368,50,2
random_linear,"RLC_n48_k36",0.75,48,36,0.01,10,1,34,1,1,1,1,1,0.0013992029999999999,0.053910765999999999,0.013631235,0.013631235,SYNDROME_TRELLIS,0.025954055262357056,0.10264682547105966,4604,2214,2390,2214,1,2214,48,1681,1,1,1499,18874368,6754,18874368,49,1
random_linear,"RLC_n48_k36",0.75,48,36,0.01,11,0,0,1,1,1,1,1,6.1371999999999994e-05,0.021795637,0.014143731,0.014143731,SYNDROME_TRELLIS,0.002815792903873376,0.0043391662355569405,96,49,47,49,1,49,48,648,1,1,575,18874368,7870,18874368,49,1
random_linear,"RLC_n48_k36",0.75,48,36,0.01,12,1,27,1,1,1,1,1,0.0014491720000000001,0.056610683000000002,0.014316463999999999,0.014316463999999999,SYNDROME_TRELLIS,0.025598913901109445,0.10122415702648364,4603,2196,2407,2196,1,2196,48,1816,1,1,1578,18874368,7938,18874368,49,1
random_linear,"RLC_n48_k36",0.75,48,36,0.01,13,2,20,1,1,1,1,1,0.037847064,0.90343292200000003,0.014677378,0.014677378,SYNDROME_TRELLIS,0.041892500348797337,2.5785984390399976,108377,48742,59635,48742,9,48742,48,26907,2,2,22216,18874368,9967,18874368,69,6
random_linear,"RLC_n48_k36",0.75,48,36,0.01,14,0,20,1,1,1,1,1,6.0251000000000003e-05,0.0038101340000000002,0.013712228999999999,0.0038101340000000002,PREFIX_ASTAR,0.015813354595927597,0.015813354595927597,93,48,45,48,1,48,48,129,1,1,104,18874368,7275,18874368,49,1
random_linear,"RLC_n48_k36",0.75,48,36,0.01,15,0,11,1,1,1,1,1,5.8260999999999997e-05,0.0020361580000000002,0.013206106,0.0020361580000000002,PREFIX_ASTAR,0.028613201922444129,0.028613201922444129,92,48,44,48,1,48,48,75,1,1,61,18874368,6596,18874368,49,1
random_linear,"RLC_n48_k36",0.75,48,36,0.01,16,0,16,1,1,1,1,1,5.6286000000000003e-05,0.0030249080000000002,0.013481692,0.0030249080000000002,PREFIX_ASTAR,0.018607508063055139,0.018607508063055139,93,47,46,47,1,47,48,111,1,1,92,18874368,5591,18874368,49,1
random_linear,"RLC_n48_k36",0.75,48,36,0.01,17,0,13,1,1,1,1,1,5.7136000000000003e-05,0.0033257349999999998,0.013738314999999999,0.0033257349999999998,PREFIX_ASTAR,0.017179961722747005,0.017179961722747005,93,47,46,47,1,47,48,115,1,1,93,18874368,5904,18874368,49,1
random_linear,"RLC_n48_k36",0.75,48,36,0.01,18,1,6,1,1,1,1,1,0.0014658589999999999,0.098550832000000005,0.014133641000000001,0.014133641000000001,SYNDROME_TRELLIS,0.014874141295935481,0.10371418093893851,4605,2206,2399,2206,2,2206,48,3232,1,1,2751,18874368,7491,18874368,51,1
random_linear,"RLC_n48_k36",0.75,48,36,0.01,19,0,44,1,1,1,1,1,6.0374000000000002e-05,0.015429449,0.013999609,0.013999609,SYNDROME_TRELLIS,0.0039129070649250013,0.0043125490147617697,96,49,47,49,1,49,48,480,1,1,427,18874368,6617,18874368,49,1
random_linear,"RLC_n48_k36",0.75,48,36,0.01,20,0,45,1,1,1,1,1,5.8273000000000003e-05,0.001239263,0.013868274999999999,0.001239263,PREFIX_ASTAR,0.047022302771889422,0.047022302771889422,92,49,43,49,1,49,48,50,1,1,37,18874368,6796,18874368,49,1
random_linear,"RLC_n48_k36",0.75,48,36,0.01,21,1,46,1,1,1,1,1,0.00145078,0.159385104,0.013824487,0.013824487,SYNDROME_TRELLIS,0.0091023562653634177,0.10494277292170046,4606,2217,2389,2217,2,2217,48,4782,1,1,4041,18874368,5789,18874368,51,1
random_linear,"RLC_n48_k36",0.75,48,36,0.01,22,0,26,1,1,1,1,1,6.0338999999999999e-05,0.011926726,0.013523336,0.011926726,PREFIX_ASTAR,0.0050591419640226495,0.0050591419640226495,95,49,46,49,1,49,48,375,1,1,317,18874368,8056,18874368,49,1
random_linear,"RLC_n48_k36",0.75,48,36,0.01,23,0,23,1,1,1,1,1,5.4710999999999998e-05,0.003120977,0.012852804000000001,0.003120977,PREFIX_ASTAR,0.017530087533487108,0.017530087533487108,93,47,46,47,1,47,48,114,1,1,89,18874368,7555,18874368,49,1
random_linear,"RLC_n48_k36",0.75,48,36,0.01,24,0,31,1,1,1,1,1,5.5139999999999997e-05,0.013328677000000001,0.012804184,0.012804184,SYNDROME_TRELLIS,0.0041369447245214203,0.0043064048439166447,96,49,47,49,1,49,48,439,1,1,385,18874368,6238,18874368,49,1
random_linear,"RLC_n48_k36",0.75,48,36,0.01,25,1,39,1,1,1,1,1,0.0013983750000000001,0.144945884,0.013140495,0.013140495,SYNDROME_TRELLIS,0.0096475661219879837,0.10641722400868461,4606,2228,2378,2228,1,2228,48,4308,1,1,3679,18874368,8187,18874368,49,1
random_linear,"RLC_n48_k36",0.75,48,36,0.01,26,0,44,1,1,1,1,1,6.8844999999999996e-05,0.015988927999999999,0.014373053,0.014373053,SYNDROME_TRELLIS,0.0043057921081388322,0.00478986614743576,96,49,47,49,1,49,48,498,1,1,441,18874368,7392,18874368,49,1
random_linear,"RLC_n48_k36",0.75,48,36,0.01,27,2,45,1,1,1,1,1,0.001455837,0.18372322399999999,0.016099417000000001,0.016099417000000001,SYNDROME_TRELLIS,0.0079240771433447092,0.090427932887259199,4606,2230,2376,2230,2,2230,48,5359,1,1,4544,18874368,7132,18874368,49,1
random_linear,"RLC_n48_k36",0.75,48,36,0.01,28,1,41,1,1,1,1,1,0.0014253239999999999,0.044665476000000003,0.01409767,0.01409767,SYNDROME_TRELLIS,0.031911089450832222,0.10110351568734408,4601,2206,2395,2206,2,2206,48,1406,1,1,1258,18874368,6763,18874368,53,2
random_linear,"RLC_n48_k36",0.75,48,36,0.01,29,0,30,1,1,1,1,1,7.2770999999999998e-05,0.00130806,0.013947606,0.00130806,PREFIX_ASTAR,0.055632769139030321,0.055632769139030321,88,46,42,46,2,46,48,54,1,1,40,18874368,7511,18874368,55,2
random_linear,"RLC_n48_k36",0.75,48,36,0.01,30,0,11,1,1,1,1,1,5.8023999999999999e-05,0.0028758960000000002,0.014125609000000001,0.0028758960000000002,PREFIX_ASTAR,0.020175972983724026,0.020175972983724026,93,46,47,46,1,46,48,100,1,1,81,18874368,7440,18874368,49,1
random_linear,"RLC_n48_k36",0.75,48,36,0.01,31,0,24,1,1,1,1,1,6.0556000000000001e-05,0.00630483,0.01400881,0.00630483,PREFIX_ASTAR,0.009604699888815401,0.009604699888815401,94,48,46,48,1,48,48,203,1,1,169,18874368,6430,18874368,49,1
random_linear,"RLC_n48_k36",0.75,48,36,0.01,32,0,34,1,1,1,1,1,5.7055000000000002e-05,0.001333297,0.013720836,0.001333297,PREFIX_ASTAR,0.042792416093338545,0.042792416093338545,90,47,43,47,1,47,48,55,1,1,37,18874368,5889,18874368,49,1
random_linear,"RLC_n48_k36",0.75,48,36,0.01,33,0,5,1,1,1,1,1,5.7221e-05,0.0065397099999999998,0.014429851,0.0065397099999999998,PREFIX_ASTAR,0.0087497763662303073,0.0087497763662303073,95,49,46,49,1,49,48,227,1,1,186,18874368,8937,18874368,49,1
random_linear,"RLC_n48_k36",0.75,48,36,0.01,34,0,20,1,1,1,1,1,5.8640000000000001e-05,0.0089771299999999998,0.013818692,0.0089771299999999998,PREFIX_ASTAR,0.0065321544858991682,0.0065321544858991682,95,49,46,49,1,49,48,290,1,1,246,18874368,6306,18874368,49,1
random_linear,"RLC_n48_k36",0.75,48,36,0.01,35,0,19,1,1,1,1,1,6.6631999999999995e-05,0.014455267000000001,0.013764283,0.013764283,SYNDROME_TRELLIS,0.0046095309066238616,0.0048409350490686651,96,49,47,49,1,49,48,455,1,1,395,18874368,6446,18874368,49,1
random_linear,"RLC_n48_k36",0.75,48,36,0.01,36,1,3,1,1,1,1,1,0.0014322040000000001,0.14726947000000001,0.014352933,0.014352933,SYNDROME_TRELLIS,0.0097250570671572317,0.09978476176263068,4606,2199,2407,2199,1,2199,48,4814,1,1,4100,18874368,7363,18874368,49,1
random_linear,"RLC_n48_k36",0.75,48,36,0.01,37,0,42,1,1,1,1,1,7.6716000000000002e-05,0.0020133479999999999,0.014300279000000001,0.0020133479999999999,PREFIX_ASTAR,0.038103695933340884,0.038103695933340884,92,46,46,46,2,46,48,71,1,1,57,18874368,6923,18874368,51,2
random_linear,"RLC_n48_k36",0.75,48,36,0.01,38,0,11,1,1,1,1,1,5.6941999999999998e-05,0.0020397599999999998,0.014202050000000001,0.0020397599999999998,PREFIX_ASTAR,0.02791602933678472,0.02791602933678472,92,46,46,46,1,46,48,75,1,1,60,18874368,7852,18874368,49,1
random_linear,"RLC_n48_k36",0.75,48,36,0.01,39,0,47,1,1,1,1,1,6.1315999999999994e-05,0.018940466,0.013869077,0.013869077,SYNDROME_TRELLIS,0.0032373015531930414,0.0044210584453457137,96,49,47,49,1,49,48,571,1,1,504,18874368,6502,18874368,49,1
random_linear,"RLC_n48_k36",0.75,48,36,0.01,40,0,47,1,1,1,1,1,6.0659999999999999e-05,0.025377449999999999,0.013757579000000001,0.013757579000000001,SYNDROME_TRELLIS,0.0023903110832648672,0.0044092060092840463,96,49,47,49,1,49,48,763,1,1,667,18874368,5664,18874368,49,1
random_linear,"RLC_n48_k36",0.75,48,36,0.01,41,0,27,1,1,1,1,1,6.1863e-05,0.024025714,0.014324758999999999,0.014324758999999999,SYNDROME_TRELLIS,0.0025748662453902514,0.0043186066865069078,96,49,47,49,1,49,48,704,1,1,633,18874368,5558,18874368,49,1
random_linear,"RLC_n48_k36",0.75,48,36,0.01,42,0,0,1,1,1,1,1,6.1548000000000001e-05,0.02625796,0.014366706999999999,0.014366706999999999,SYNDROME_TRELLIS,0.0023439749317921118,0.0042840714994744448,96,49,47,49,1,49,48,771,1,1,667,18874368,6256,18874368,49,1
random_linear,"RLC_n48_k36",0.75,48,36,0.01,43,0,4,1,1,1,1,1,5.8578000000000001e-05,0.0041182889999999998,0.01425221,0.0041182889999999998,PREFIX_ASTAR,0.014223868213231272,0.014223868213231272,93,48,45,48,1,48,48,143,1,1,126,18874368,7654,18874368,49,1
random_linear,"RLC_n48_k36",0.75,48,36,0.01,44,1,23,1,1,1,1,1,0.001283101,0.332462017,0.014630937,0.014630937,SYNDROME_TRELLIS,0.0038593912519035221,0.087697800899559614,4607,2211,2396,2211,1,2211,48,9473,1,1,7994,18874368,9190,18874368,49,1
random_linear,"RLC_n48_k36",0.75,48,36,0.01,45,0,20,1,1,1,1,1,5.6852999999999999e-05,0.0098104720000000006,0.012652454,0.0098104720000000006,PREFIX_ASTAR,0.0057951340159780283,0.0057951340159780283,95,49,46,49,1,49,48,329,1,1,277,18874368,6221,18874368,49,1
random_linear,"RLC_n48_k36",0.75,48,36,0.01,46,0,30,1,1,1,1,1,6.1911999999999999e-05,0.0013143009999999999,0.013710573,0.0013143009999999999,PREFIX_ASTAR,0.047106408653725444,0.047106408653725444,92,48,44,48,1,48,48,54,1,1,40,18874368,6329,18874368,49,1
random_linear,"RLC_n48_k36",0.75,48,36,0.01,47,0,31,1,1,1,1,1,5.6328e-05,0.0049913350000000004,0.014128491999999999,0.0049913350000000004,PREFIX_ASTAR,0.011285157177388414,0.011285157177388414,94,48,46,48,1,48,48,176,1,1,145,18874368,8022,18874368,49,1
random_linear,"RLC_n48_k36",0.75,48,36,0.01,48,0,18,1,1,1,1,1,7.4789000000000005e-05,0.018405057999999998,0.014445884000000001,0.014445884000000001,SYNDROME_TRELLIS,0.0040635025437029326,0.0051771840338742858,96,49,47,49,1,49,48,578,1,1,506,18874368,8027,18874368,49,1
random_linear,"RLC_n48_k36",0.75,48,36,0.01,49,1,19,1,1,1,1,1,0.001591692,0.14102203399999999,0.014050121,0.014050121,SYNDROME_TRELLIS,0.011286831957054315,0.11328671119629503,4606,2207,2399,2207,2,2207,48,4394,1,1,3677,18874368,7929,18874368,50,1
random_linear,"RLC_n48_k36",0.75,48,36,0.01,50,0,32,1,1,1,1,1,7.3662e-05,0.01110442,0.014614287,0.01110442,PREFIX_ASTAR,0.0066335747387076495,0.0066335747387076495,95,49,46,49,1,49,48,342,1,1,307,18874368,6683,18874368,49,1
random_linear,"RLC_n48_k36",0.75,48,36,0.01,51,0,35,1,1,1,1,1,5.9852999999999998e-05,0.016080601999999999,0.013524803,0.013524803,SYNDROME_TRELLIS,0.0037220621466783396,0.0044254249026769556,96,49,47,49,1,49,48,491,1,1,424,18874368,8105,18874368,49,1
random_linear,"RLC_n48_k36",0.75,48,36,0.01,52,1,27,1,1,1,1,1,0.001433223,0.25253217100000003,0.013123737999999999,0.013123737999999999,SYNDROME_TRELLIS,0.0056754075899501924,0.10920844350900635,4607,2208,2399,2208,1,2208,48,7341,1,1,6314,18874368,8110,18874368,49,1
random_linear,"RLC_n48_k36",0.75,48,36,0.01,53,0,44,1,1,1,1,1,6.0081999999999998e-05,0.0039505649999999996,0.013864043,0.0039505649999999996,PREFIX_ASTAR,0.015208457524430051,0.015208457524430051,93,46,47,46,1,46,48,132,1,1,108,18874368,5885,18874368,49,1
random_linear,"RLC_n48_k36",0.75,48,36,0.01,54,0,24,1,1,1,1,1,5.8291000000000001e-05,0.0052126509999999996,0.013602871000000001,0.0052126509999999996,PREFIX_ASTAR,0.011182601712641035,0.011182601712641035,94,49,45,49,1,49,48,170,1,1,146,18874368,5691,18874368,49,1
random_linear,"RLC_n48_k36",0.75,48,36,0.01,55,0,35,1,1,1,1,1,5.5747e-05,0.001763012,0.013393057,0.001763012,PREFIX_ASTAR,0.031620317955861899,0.031620317955861899,92,48,44,48,1,48,48,68,1,1,53,18874368,7180,18874368,49,1
random_linear,"RLC_n48_k36",0.75,48,36,0.01,56,1,12,1,1,1,1,1,0.001424752,0.140804553,0.014004017000000001,0.014004017000000001,SYNDROME_TRELLIS,0.010118650069504499,0.10173880822909598,4606,2225,2381,2225,3,2225,48,4156,1,1,3558,18874368,7538,18874368,51,3
random_linear,"RLC_n48_k36",0.75,48,36,0.01,57,1,8,1,1,1,1,1,0.001378769,0.20505045799999999,0.014038722,0.014038722,SYNDROME_TRELLIS,0.0067240474049562963,0.09821186002543536,4607,2167,2440,2167,1,2167,48,6064,1,1,5242,18874368,9146,18874368,49,1
random_linear,"RLC_n48_k36",0.75,48,36,0.01,58,1,41,1,1,1,1,1,0.001447881,0.14635633300000001,0.013940167,0.013940167,SYNDROME_TRELLIS,0.0098928482992259714,0.10386396375308847,4606,2223,2383,2223,2,2223,48,4326,1,1,3722,18874368,6610,18874368,50,1
random_linear,"RLC_n48_k36",0.75,48,36,0.01,59,1,15,1,1,1,1,1,0.001384735,0.091525326000000004,0.013631730999999999,0.013631730999999999,SYNDROME_TRELLIS,0.015129528192011028,0.10158174336039935,4605,2202,2403,2202,1,2202,48,2837,1,1,2376,18874368,5334,18874368,49,1
random_linear,"RLC_n48_k36",0.75,48,36,0.01,60,0,43,1,1,1,1,1,5.9311999999999997e-05,0.0023646470000000001,0.013411849,0.0023646470000000001,PREFIX_ASTAR,0.025082813629264747,0.025082813629264747,92,49,43,49,1,49,48,82,1,1,67,18874368,5751,18874368,49,1
random_linear,"RLC_n48_k36",0.75,48,36,0.01,61,1,30,1,1,1,1,1,0.001426241,0.38473328699999998,0.013470617000000001,0.013470617000000001,SYNDROME_TRELLIS,0.0037070902055844211,0.10587792674975466,4608,2185,2423,2185,1,2185,48,11637,1,1,9815,18874368,8266,18874368,49,1
random_linear,"RLC_n48_k36",0.75,48,36,0.01,62,1,8,1,1,1,1,1,0.0014116160000000001,0.26976119100000001,0.013655933,0.013655933,SYNDROME_TRELLIS,0.0052328357343291833,0.10337016152612934,4607,2229,2378,2229,2,2229,48,7736,1,1,6539,18874368,6186,18874368,51,2
random_linear,"RLC_n48_k36",0.75,48,36,0.01,63,0,22,1,1,1,1,1,5.8801999999999997e-05,0.0065322640000000003,0.012499128999999999,0.0065322640000000003,PREFIX_ASTAR,0.0090017794749263028,0.0090017794749263028,94,49,45,49,1,49,48,216,1,1,185,18874368,5502,18874368,49,1
random_linear,"RLC_n48_k36",0.75,48,36,0.01,64,0,7,1,1,1,1,1,5.5002e-05,0.0046845970000000004,0.013600302,0.0046845970000000004,PREFIX_ASTAR,0.011741031298956985,0.011741031298956985,94,49,45,49,1,49,48,168,1,1,143,18874368,8263,18874368,49,1
random_linear,"RLC_n48_k36",0.75,48,36,0.01,65,1,31,1,1,1,1,1,0.0013959230000000001,0.135519164,0.012892426,0.012892426,SYNDROME_TRELLIS,0.010300557934374507,0.10827465676359128,4606,2221,2385,2221,2,2221,48,4109,1,1,3550,18874368,7219,18874368,50,1
random_linear,"RLC_n48_k36",0.75,48,36,0.01,66,0,18,1,1,1,1,1,5.7388e-05,0.0044137610000000004,0.013979151,0.0044137610000000004,PREFIX_ASTAR,0.013002063319694926,0.013002063319694926,93,49,44,49,1,49,48,149,1,1,123,18874368,5548,18874368,49,1
random_linear,"RLC_n48_k36",0.75,48,36,0.01,67,0,43,1,1,1,1,1,6.3783999999999998e-05,0.0028649880000000002,0.013671968,0.0028649880000000002,PREFIX_ASTAR,0.022263269514566902,0.022263269514566902,93,47,46,47,1,47,48,98,1,1,79,18874368,5219,18874368,49,1
random_linear,"RLC_n48_k36",0.75,48,36,0.01,68,0,37,1,1,1,1,1,5.8016000000000002e-05,0.0071953850000000003,0.013830940999999999,0.0071953850000000003,PREFIX_ASTAR,0.0080629459021303237,0.0080629459021303237,95,48,47,48,1,48,48,235,1,1,210,18874368,6486,18874368,49,1
random_linear,"RLC_n48_k36",0.75,48,36,0.01,69,0,37,1,1,1,1,1,5.8802999999999999e-05,0.0045563289999999996,0.013731047999999999,0.0045563289999999996,PREFIX_ASTAR,0.012905784459375081,0.012905784459375081,94,48,46,48,1,48,48,162,1,1,140,18874368,5048,18874368,49,1
random_linear,"RLC_n48_k36",0.75,48,36,0.01,70,0,0,1,1,1,1,1,6.2683999999999998e-05,0.024969275999999999,0.014318077,0.014318077,SYNDROME_TRELLIS,0.0025104452367781908,0.0043779622081931814,96,49,47,49,1,49,48,742,1,1,667,18874368,8035,18874368,49,1
random_linear,"RLC_n48_k36",0.75,48,36,0.01,71,1,28,1,1,1,1,1,6.6613999999999996e-05,0.023603295999999999,0.013941212999999999,0.013941212999999999,SYNDROME_TRELLIS,0.0028222329627184272,0.0047782068891709783,96,49,47,49,1,49,48,719,1,1,629,18874368,5625,18874368,49,1
random_linear,"RLC_n48_k36",0.75,48,36,0.01,72,0,43,1,1,1,1,1,6.4158999999999993e-05,0.010013509,0.013427827999999999,0.010013509,PREFIX_ASTAR,0.0064072444534678096,0.0064072444534678096,95,49,46,49,1,49,48,326,1,1,281,18874368,5935,18874368,49,1
random_linear,"RLC_n48_k36",0.75,48,36,0.01,73,0,10,1,1,1,1,1,5.9481999999999997e-05,0.0066037889999999997,0.013103010999999999,0.0066037889999999997,PREFIX_ASTAR,0.0090072532602116749,0.0090072532602116749,95,48,47,48,1,48,48,211,1,1,181,18874368,4658,18874368,49,1
random_linear,"RLC_n48_k36",0.75,48,36,0.01,74,0,18,1,1,1,1,1,5.8400000000000003e-05,0.0030388569999999998,0.014343865000000001,0.0030388569999999998,PREFIX_ASTAR,0.019217751937652877,0.019217751937652877,93,47,46,47,1,47,48,103,1,1,85,18874368,7383,18874368,49,1
random_linear,"RLC_n48_k36",0.75,48,36,0.01,75,2,18,1,1,1,1,1,0.032955102,1.253765037,0.015301805,0.015301805,SYNDROME_TRELLIS,0.026284910671025515,2.1536741580486747,108380,49532,58848,49532,16,49532,48,36502,1,1,30305,18874368,12989,18874368,80,13
random_linear,"RLC_n48_k36",0.75,48,36,0.01,76,1,11,1,1,1,1,1,0.001401635,0.052710801000000002,0.013685220999999999,0.013685220999999999,SYNDROME_TRELLIS,0.026591039661871197,0.1024196101765547,4603,2223,2380,2223,1,2223,48,1635,1,1,1416,18874368,8171,18874368,49,1
random_linear,"RLC_n48_k36",0.75,48,36,0.01,77,1,2,1,1,1,1,1,0.001429577,0.19563608900000001,0.013914835,0.013914835,SYNDROME_TRELLIS,0.0073073276372847542,0.10273761780143278,4606,2231,2375,2231,1,2231,48,5735,1,1,4875,18874368,6819,18874368,49,1
random_linear,"RLC_n48_k36",0.75,48,36,0.01,78,0,20,1,1,1,1,1,6.2463000000000001e-05,0.018323882,0.012711083999999999,0.012711083999999999,SYNDROME_TRELLIS,0.0034088300721430102,0.004914057683829326,96,49,47,49,1,49,48,588,1,1,504,18874368,5697,18874368,49,1
random_linear,"RLC_n48_k36",0.75,48,36,0.01,79,1,12,1,1,1,1,1,0.0014230250000000001,0.46287607600000003,0.013889088000000001,0.013889088000000001,SYNDROME_TRELLIS,0.0030743109738944467,0.10245633118603611,4608,2219,2389,2219,1,2219,48,13190,1,1,11076,18874368,8510,18874368,49,1
random_linear,"RLC_n48_k42",0.875,48,42,0.002,0,0,25,1,1,1,1,1,6.1413000000000003e-05,0.016263695000000002,0.00056405799999999999,0.00056405799999999999,SYNDROME_TRELLIS,0.0037760791751197988,0.108877101291002,95,48,47,48,1,48,48,475,1,1,431,294912,5731,294912,49,1
random_linear,"RLC_n48_k42",0.875,48,42,0.002,1,0,47,1,1,1,1,1,7.5856e-05,0.035456281999999999,0.000612577,0.000612577,SYNDROME_TRELLIS,0.0021394234172663678,0.12383096329114544,96,49,47,49,1,49,48,985,1,1,904,294912,6530,294912,49,1
random_linear,"RLC_n48_k42",0.875,48,42,0.002,2,0,10,1,1,1,1,1,8.5029000000000002e-05,0.002577247,0.00051038699999999995,0.00051038699999999995,SYNDROME_TRELLIS,0.032992181191791085,0.16659711160354793,91,48,43,48,2,48,48,82,1,1,74,294912,5227,294912,49,1
random_linear,"RLC_n48_k42",0.875,48,42,0.002,3,1,24,1,1,1,1,1,0.0019656460000000001,0.107211639,0.002241023,0.002241023,SYNDROME_TRELLIS,0.018334259398832622,0.87711995816196453,4603,2199,2404,2199,27,2199,48,3312,1,1,2919,294912,21349,294912,98,25
random_linear,"RLC_n48_k42",0.875,48,42,0.002,4,0,4,1,1,1,1,1,6.0217000000000003e-05,0.0074130280000000003,0.00074530899999999999,0.00074530899999999999,SYNDROME_TRELLIS,0.008123131330409112,0.080794677107079077,94,48,46,48,1,48,48,236,1,1,214,294912,8533,294912,49,1
random_linear,"RLC_n48_k42",0.875,48,42,0.002,5,0,17,1,1,1,1,1,5.791e-05,0.0033034980000000002,0.00067234800000000002,0.00067234800000000002,SYNDROME_TRELLIS,0.017529903151144634,0.086130991688827804,92,46,46,46,1,46,48,111,1,1,98,294912,7319,294912,49,1
random_linear,"RLC_n48_k42",0.875,48,42,0.002,6,0,23,1,1,1,1,1,8.1373999999999997e-05,0.0049993060000000002,0.00067925400000000001,0.00067925400000000001,SYNDROME_TRELLIS,0.016277059255824709,0.11979907368966541,94,49,45,49,2,49,48,162,1,1,137,294912,7399,294912,51,1
random_linear,"RLC_n48_k42",0.875,48,42,0.002,7,0,46,1,1,1,1,1,8.1340000000000004e-05,0.006651021,0.00061750499999999996,0.00061750499999999996,SYNDROME_TRELLIS,0.012229701274435911,0.13172362976818003,94,49,45,49,2,49,48,210,1,1,184,294912,6508,294912,50,1
random_linear,"RLC_n48_k42",0.875,48,42,0.002,8,0,18,1,1,1,1,1,7.5185999999999995e-05,0.0053800719999999996,0.00094773100000000005,0.00094773100000000005,SYNDROME_TRELLIS,0.013974905912039839,0.079332637636628955,94,48,46,48,2,48,48,176,1,1,154,294912,10241,294912,50,1
random_linear,"RLC_n48_k42",0.875,48,42,0.002,9,0,40,1,1,1,1,1,0.000117823,0.0077532829999999997,0.00049845100000000002,0.00049845100000000002,SYNDROME_TRELLIS,0.015196530295617999,0.23637829997331733,94,48,46,48,4,48,48,236,1,1,210,294912,4852,294912,52,3
random_linear,"RLC_n48_k42",0.875,48,42,0.002,10,0,1,1,1,1,1,1,0.000100797,0.0051760809999999999,0.00081940300000000002,0.00081940300000000002,SYNDROME_TRELLIS,0.019473613337967471,0.12301272999976813,94,48,46,48,3,48,48,165,1,1,148,294912,8080,294912,52,3
random_linear,"RLC_n48_k42",0.875,48,42,0.002,11,0,27,1,1,1,1,1,7.7162000000000004e-05,0.012634908,0.00085512200000000004,0.00085512200000000004,SYNDROME_TRELLIS,0.00610704882061666,0.090235077567879199,95,48,47,48,2,48,48,372,1,1,335,294912,8830,294912,51,2
random_linear,"RLC_n48_k42",0.875,48,42,0.002,12,0,14,1,1,1,1,1,7.6015999999999999e-05,0.003446892,0.00055312700000000005,0.00055312700000000005,SYNDROME_TRELLIS,0.022053490506810193,0.13742955957673372,91,48,43,48,2,48,48,113,1,1,104,294912,5457,294912,50,2
random_linear,"RLC_n48_k42",0.875,48,42,0.002,13,0,14,1,1,1,1,1,8.0216000000000006e-05,0.0039949310000000002,0.00057236199999999998,0.00057236199999999998,SYNDROME_TRELLIS,0.020079445677534856,0.14014906649987247,93,46,47,46,2,46,48,124,1,1,111,294912,6082,294912,52,1
random_linear,"RLC_n48_k42",0.875,48,42,0.002,14,0,42,1,1,1,1,1,8.0557999999999997e-05,0.031877389999999999,0.00073554399999999998,0.00073554399999999998,SYNDROME_TRELLIS,0.0025271203194489888,0.10952166015901156,96,49,47,49,2,49,48,888,1,1,751,294912,7673,294912,50,2
random_linear,"RLC_n48_k42",0.875,48,42,0.002,15,0,31,1,1,1,1,1,5.9370999999999998e-05,0.0032325729999999999,0.00078361200000000005,0.00078361200000000005,SYNDROME_TRELLIS,0.018366483912350934,0.075765812672598173,93,49,44,49,1,49,48,108,1,1,93,294912,8561,294912,49,1
random_linear,"RLC_n48_k42",0.875,48,42,0.002,16,0,38,1,1,1,1,1,6.0911e-05,0.011807236,0.00046596300000000001,0.00046596300000000001,SYNDROME_TRELLIS,0.0051587856802387958,0.13072067953893335,95,48,47,48,1,48,48,356,1,1,320,294912,4868,294912,49,1
random_linear,"RLC_n48_k42",0.875,48,42,0.002,17,0,6,1,1,1,1,1,7.9437000000000005e-05,0.0027025090000000001,0.00075053200000000004,0.00075053200000000004,SYNDROME_TRELLIS,0.029393796653406152,0.10584092350492717,92,47,45,47,2,47,48,85,1,1,75,294912,7766,294912,49,1
random_linear,"RLC_n48_k42",0.875,48,42,0.002,18,0,27,1,1,1,1,1,8.0340000000000007e-05,0.020562041,0.00061130799999999997,0.00061130799999999997,SYNDROME_TRELLIS,0.0039071996792536309,0.1314231124081478,96,49,47,49,2,49,48,609,1,1,537,294912,6161,294912,50,2
random_linear,"RLC_n48_k42",0.875,48,42,0.002,19,0,25,1,1,1,1,1,8.1452000000000006e-05,0.0020233479999999999,0.00071024900000000004,0.00071024900000000004,SYNDROME_TRELLIS,0.040256050862234279,0.1146809076816722,93,49,44,49,2,49,48,67,1,1,59,294912,6772,294912,50,2
random_linear,"RLC_n48_k42",0.875,48,42,0.002,20,0,6,1,1,1,1,1,7.9159999999999994e-05,0.0029045910000000002,0.00057033799999999999,0.00057033799999999999,SYNDROME_TRELLIS,0.027253406761915875,0.13879489004765594,93,48,45,48,2,48,48,91,1,1,82,294912,5911,294912,50,1
random_linear,"RLC_n48_k42",0.875,48,42,0.002,21,0,41,1,1,1,1,1,6.0732000000000001e-05,0.00258333,0.00096025699999999995,0.00096025699999999995,SYNDROME_TRELLIS,0.023509191624763386,0.063245568634230212,93,47,46,47,1,47,48,88,1,1,77,294912,10568,294912,49,1
random_linear,"RLC_n48_k42",0.875,48,42,0.002,22,0,14,1,1,1,1,1,8.1252000000000001e-05,0.013733947,0.001044786,0.001044786,SYNDROME_TRELLIS,0.005916143407281243,0.077769035955688529,95,49,46,49,2,49,48,412,1,1,371,294912,11368,294912,50,2
random_linear,"RLC_n48_k42",0.875,48,42,0.002,23,0,15,1,1,1,1,1,6.2164999999999999e-05,0.015751993999999998,0.00056690799999999997,0.00056690799999999997,SYNDROME_TRELLIS,0.0039464844895192317,0.10965624051874379,95,49,46,49,1,49,48,453,1,1,417,294912,5962,294912,49,1
random_linear,"RLC_n48_k42",0.875,48,42,0.002,24,0,26,1,1,1,1,1,9.5445000000000005e-05,0.0044465110000000002,0.00050114500000000004,0.00050114500000000004,SYNDROME_TRELLIS,0.021465144244554889,0.19045386065909067,94,48,46,48,3,48,48,141,1,1,127,294912,5040,294912,51,2
random_linear,"RLC_n48_k42",0.875,48,42,0.002,25,0,5,1,1,1,1,1,7.7546999999999995e-05,0.0026712559999999999,0.00059781500000000002,0.00059781500000000002,SYNDROME_TRELLIS,0.029030164087605229,0.12971738748609518,91,47,44,47,2,47,48,89,1,1,79,294912,6619,294912,50,1
random_linear,"RLC_n48_k42",0.875,48,42,0.002,26,0,24,1,1,1,1,1,0.000115056,0.0021002490000000002,0.00038687900000000002,0.00038687900000000002,SYNDROME_TRELLIS,0.054782075839579017,0.29739530964461758,91,46,45,46,4,46,48,74,1,1,63,294912,3705,294912,52,2
random_linear,"RLC_n48_k42",0.875,48,42,0.002,27,0,11,1,1,1,1,1,0.000119373,0.016844931,0.00073706200000000003,0.00073706200000000003,SYNDROME_TRELLIS,0.0070865829014081444,0.16195788142652856,95,49,46,49,4,49,48,495,1,1,444,294912,7097,294912,53,4
random_linear,"RLC_n48_k42",0.875,48,42,0.002,28,0,42,1,1,1,1,1,6.0806e-05,0.011176414000000001,0.00069914300000000005,0.00069914300000000005,SYNDROME_TRELLIS,0.0054405643885417987,0.086972193099265807,95,49,46,49,1,49,48,342,1,1,302,294912,7644,294912,49,1
random_linear,"RLC_n48_k42",0.875,48,42,0.002,29,0,8,1,1,1,1,1,9.8723999999999999e-05,0.0079835010000000005,0.00089963200000000004,0.00089963200000000004,SYNDROME_TRELLIS,0.012366003336130351,0.1097382040656624,94,48,46,48,3,48,48,237,1,1,212,294912,9260,294912,52,2
random_linear,"RLC_n48_k42",0.875,48,42,0.002,30,0,28,1,1,1,1,1,8.0655000000000006e-05,0.0099748860000000005,0.00085695200000000002,0.00085695200000000002,SYNDROME_TRELLIS,0.0080858066949336567,0.094118457043101608,94,47,47,47,2,47,48,298,1,1,265,294912,9197,294912,50,1
random_linear,"RLC_n48_k42",0.875,48,42,0.002,31,0,11,1,1,1,1,1,8.1323999999999996e-05,0.0048996830000000002,0.00055796700000000003,0.00055796700000000003,SYNDROME_TRELLIS,0.016597808470466352,0.14575055514035776,93,49,44,49,2,49,48,151,1,1,137,294912,5768,294912,50,2
random_linear,"RLC_n48_k42",0.875,48,42,0.002,32,0,20,1,1,1,1,1,0.00011011800000000001,0.0036982830000000001,0.00082534100000000005,0.00082534100000000005,SYNDROME_TRELLIS,0.02977543903481697,0.13342121620033418,93,47,46,47,3,47,48,119,1,1,102,294912,8454,294912,52,2
random_linear,"RLC_n48_k42",0.875,48,42,0.002,33,0,31,1,1,1,1,1,6.1289000000000002e-05,0.029298198000000001,0.00052383099999999999,0.00052383099999999999,SYNDROME_TRELLIS,0.0020919033996561836,0.1170014756667704,96,49,47,49,1,49,48,859,1,1,780,294912,5431,294912,49,1
random_linear,"RLC_n48_k42",0.875,48,42,0.002,34,0,45,1,1,1,1,1,6.2539000000000006e-05,0.020018217000000001,0.000672994,0.000672994,SYNDROME_TRELLIS,0.0031241044094986081,0.092926534263306965,96,49,47,49,1,49,48,642,1,1,588,294912,7172,294912,49,1
random_linear,"RLC_n48_k42",0.875,48,42,0.002,35,0,12,1,1,1,1,1,6.0092e-05,0.0099504840000000008,0.00053537699999999997,0.00053537699999999997,SYNDROME_TRELLIS,0.0060391032235215889,0.11224240114909681,95,49,46,49,1,49,48,322,1,1,289,294912,6124,294912,49,1
random_linear,"RLC_n48_k42",0.875,48,42,0.002,36,0,46,1,1,1,1,1,5.5173000000000002e-05,0.014562112,0.00058541300000000001,0.00058541300000000001,SYNDROME_TRELLIS,0.003788804810730751,0.094246284247189588,95,48,47,48,1,48,48,454,1,1,417,294912,6011,294912,49,1
random_linear,"RLC_n48_k42",0.875,48,42,0.002,37,0,1,1,1,1,1,1,7.5704999999999994e-05,0.0049656470000000001,0.00074263599999999997,0.00074263599999999997,SYNDROME_TRELLIS,0.015245747432308417,0.10194092395197647,93,47,46,47,2,47,48,166,1,1,146,294912,8102,294912,50,1
random_linear,"RLC_n48_k42",0.875,48,42,0.002,38,0,12,1,1,1,1,1,9.8244000000000003e-05,0.0041369270000000003,0.00082598399999999998,0.00082598399999999998,SYNDROME_TRELLIS,0.023748062269409152,0.11894177126917713,93,47,46,47,3,47,48,138,1,1,122,294912,8962,294912,52,1
random_linear,"RLC_n48_k42",0.875,48,42,0.002,39,0,13,1,1,1,1,1,8.1542e-05,0.0089024299999999994,0.00081974999999999995,0.00081974999999999995,SYNDROME_TRELLIS,0.0091595216137616373,0.099471790179932906,94,48,46,48,2,48,48,257,1,1,237,294912,8833,294912,50,1
random_linear,"RLC_n48_k42",0.875,48,42,0.002,40,0,31,1,1,1,1,1,7.2195999999999998e-05,0.013410159,0.00072924700000000003,0.00072924700000000003,SYNDROME_TRELLIS,0.0053836796416806094,0.09900075008879021,95,48,47,48,1,48,48,367,1,1,326,294912,6715,294912,49,1
random_linear,"RLC_n48_k42",0.875,48,42,0.002,41,0,23,1,1,1,1,1,8.6941000000000007e-05,0.014153999,0.00061818400000000003,0.00061818400000000003,SYNDROME_TRELLIS,0.0061425043198038943,0.14063935656697682,95,48,47,48,2,48,48,391,1,1,356,294912,6056,294912,51,2
random_linear,"RLC_n48_k42",0.875,48,42,0.002,42,0,34,1,1,1,1,1,9.7072999999999997e-05,0.0035023490000000001,0.00090650400000000003,0.00090650400000000003,SYNDROME_TRELLIS,0.027716541098559852,0.107085021136145,92,46,46,46,3,46,48,109,1,1,97,294912,9441,294912,51,1
random_linear,"RLC_n48_k42",0.875,48,42,0.002,43,0,31,1,1,1,1,1,8.3800000000000004e-05,0.0019830730000000001,0.00083440999999999995,0.00083440999999999995,SYNDROME_TRELLIS,0.042257647600466547,0.10043024412459103,93,47,46,47,2,47,48,68,1,1,57,294912,8297,294912,50,2
random_linear,"RLC_n48_k42",0.875,48,42,0.002,44,0,17,1,1,1,1,1,0.000101086,0.016782287,0.00075437400000000004,0.00075437400000000004,SYNDROME_TRELLIS,0.0060233745257723221,0.13399984623011926,95,48,47,48,3,48,48,490,1,1,439,294912,7920,294912,51,2
random_linear,"RLC_n48_k42",0.875,48,42,0.002,45,0,24,1,1,1,1,1,5.8238e-05,0.01124297,0.000443934,0.000443934,SYNDROME_TRELLIS,0.0051799480030632478,0.13118616731315916,95,49,46,49,1,49,48,343,1,1,314,294912,4562,294912,49,1
random_linear,"RLC_n48_k42",0.875,48,42,0.002,46,0,22,1,1,1,1,1,5.9386999999999999e-05,0.0035641100000000001,0.00073033500000000003,0.00073033500000000003,SYNDROME_TRELLIS,0.016662504804846091,0.0813147391265652,92,46,46,46,1,46,48,115,1,1,100,294912,7561,294912,49,1
random_linear,"RLC_n48_k42",0.875,48,42,0.002,47,1,28,1,1,1,1,1,6.198e-05,0.027705311,0.000743237,0.000743237,SYNDROME_TRELLIS,0.0022371161976849855,0.083391973219847773,96,49,47,49,1,49,48,782,1,1,713,294912,8046,294912,49,1
random_linear,"RLC_n48_k42",0.875,48,42,0.002,48,0,9,1,1,1,1,1,7.9682e-05,0.00341055,0.00059710700000000004,0.00059710700000000004,SYNDROME_TRELLIS,0.023363387136972044,0.13344676917202444,92,46,46,46,2,46,48,106,1,1,97,294912,6040,294912,52,2
random_linear,"RLC_n48_k42",0.875,48,42,0.002,49,0,30,1,1,1,1,1,7.9476999999999998e-05,0.010528399000000001,0.00075683,0.00075683,SYNDROME_TRELLIS,0.0075488210505699864,0.10501301481178071,94,48,46,48,2,48,48,307,1,1,274,294912,7855,294912,51,2
random_linear,"RLC_n48_k42",0.875,48,42,0.002,50,0,7,1,1,1,1,1,6.0498000000000003e-05,0.012797134999999999,0.00069173100000000001,0.00069173100000000001,SYNDROME_TRELLIS,0.0047274643894903044,0.087458853224736205,95,49,46,49,1,49,48,376,1,1,340,294912,7487,294912,49,1
random_linear,"RLC_n48_k42",0.875,48,42,0.002,51,0,12,1,1,1,1,1,8.2130000000000001e-05,0.012919091000000001,0.00095620299999999998,0.00095620299999999998,SYNDROME_TRELLIS,0.0063572584170202067,0.085891803309548292,95,49,46,49,2,49,48,377,1,1,342,294912,10390,294912,50,2
random_linear,"RLC_n48_k42",0.875,48,42,0.002,52,0,5,1,1,1,1,1,8.2392999999999995e-05,0.010309932000000001,0.00068963800000000001,0.00068963800000000001,SYNDROME_TRELLIS,0.0079916142996869412,0.11947282487333934,94,48,46,48,2,48,48,306,1,1,279,294912,7233,294912,50,1
random_linear,"RLC_n48_k42",0.875,48,42,0.002,53,0,8,1,1,1,1,1,6.2941000000000006e-05,0.016633686000000002,0.00071242500000000004,0.00071242500000000004,SYNDROME_TRELLIS,0.0037839478273186109,0.08834754535565148,95,49,46,49,1,49,48,487,1,1,439,294912,7445,294912,49,1
random_linear,"RLC_n48_k42",0.875,48,42,0.002,54,0,35,1,1,1,1,1,7.9197999999999996e-05,0.0018694300000000001,0.00069218800000000005,0.00069218800000000005,SYNDROME_TRELLIS,0.042364784987937498,0.1144168925205291,92,47,45,47,2,47,48,66,1,1,56,294912,7365,294912,49,1
random_linear,"RLC_n48_k42",0.875,48,42,0.002,55,0,8,1,1,1,1,1,0.000119182,0.0088280649999999995,0.00063295799999999998,0.00063295799999999998,SYNDROME_TRELLIS,0.013500353701518962,0.18829369405236998,95,49,46,49,4,49,48,269,1,1,240,294912,5952,294912,54,4
random_linear,"RLC_n48_k42",0.875,48,42,0.002,56,0,8,1,1,1,1,1,7.8784999999999999e-05,0.0025607830000000001,0.00079122800000000005,0.00079122800000000005,SYNDROME_TRELLIS,0.030765980561414222,0.09957306869827659,91,45,46,45,2,45,48,83,1,1,74,294912,8612,294912,51,1
random_linear,"RLC_n48_k42",0.875,48,42,0.002,57,0,29,1,1,1,1,1,9.7139000000000006e-05,0.002370385,0.000434828,0.000434828,SYNDROME_TRELLIS,0.04098026269994115,0.22339637741819754,92,47,45,47,3,47,48,80,1,1,70,294912,4011,294912,55,3
random_linear,"RLC_n48_k42",0.875,48,42,0.002,58,0,8,1,1,1,1,1,9.6496999999999994e-05,0.0025969840000000001,0.00071030099999999999,0.00071030099999999999,SYNDROME_TRELLIS,0.037157333275830727,0.13585367330188186,88,46,42,46,3,46,48,84,1,1,76,294912,7831,294912,52,1
random_linear,"RLC_n48_k42",0.875,48,42,0.002,59,0,14,1,1,1,1,1,9.8661999999999998e-05,0.0070808199999999998,0.001067606,0.001067606,SYNDROME_TRELLIS,0.013933696944704145,0.092414242707515692,94,48,46,48,3,48,48,218,1,1,194,294912,11760,294912,51,1
random_linear,"RLC_n48_k42",0.875,48,42,0.002,60,0,25,1,1,1,1,1,7.7891000000000004e-05,0.0021873769999999999,0.00068704400000000004,0.00068704400000000004,SYNDROME_TRELLIS,0.03560931654671326,0.11337119602237994,91,46,45,46,2,46,48,75,1,1,64,294912,7177,294912,51,2
random_linear,"RLC_n48_k42",0.875,48,42,0.002,61,0,21,1,1,1,1,1,7.8777999999999997e-05,0.012021082000000001,0.00084810099999999998,0.00084810099999999998,SYNDROME_TRELLIS,0.0065533202418883753,0.092887521651312754,95,48,47,48,2,48,48,368,1,1,333,294912,9023,294912,50,1
random_linear,"RLC_n48_k42",0.875,48,42,0.002,62,0,41,1,1,1,1,1,5.9571999999999998e-05,0.0074482539999999996,0.00085214999999999998,0.00085214999999999998,SYNDROME_TRELLIS,0.0079981160685443867,0.06990788006806313,94,49,45,49,1,49,48,242,1,1,219,294912,8833,294912,49,1
random_linear,"RLC_n48_k42",0.875,48,42,0.002,63,0,38,1,1,1,1,1,7.9299000000000001e-05,0.0056901879999999997,0.000599845,0.000599845,SYNDROME_TRELLIS,0.013936094905827366,0.13219915144745725,94,48,46,48,2,48,48,179,1,1,158,294912,6307,294912,51,1
random_linear,"RLC_n48_k42",0.875,48,42,0.002,64,0,9,1,1,1,1,1,6.8150000000000003e-05,0.0075690540000000004,0.00049534999999999998,0.00049534999999999998,SYNDROME_TRELLIS,0.0090037671814734051,0.13757948925002525,94,49,45,49,1,49,48,227,1,1,206,294912,5258,294912,49,1
random_linear,"RLC_n48_k42",0.875,48,42,0.002,65,0,17,1,1,1,1,1,8.2582000000000003e-05,0.012350757,0.00062127899999999997,0.00062127899999999997,SYNDROME_TRELLIS,0.0066863917733949426,0.13292256779965203,95,49,46,49,2,49,48,352,1,1,326,294912,6323,294912,51,2
random_linear,"RLC_n48_k42",0.875,48,42,0.002,66,0,36,1,1,1,1,1,8.1135000000000002e-05,0.022037609999999999,0.00068182200000000001,0.00068182200000000001,SYNDROME_TRELLIS,0.0036816605793459456,0.11899733361493176,96,49,47,49,2,49,48,640,1,1,582,294912,7154,294912,50,2
random_linear,"RLC_n48_k42",0.875,48,42,0.002,67,0,28,1,1,1,1,1,6.0075999999999999e-05,0.025114707,0.00062536999999999998,0.00062536999999999998,SYNDROME_TRELLIS,0.0023920645381210301,0.096064729680029423,96,49,47,49,1,49,48,946,1,1,864,294912,7434,294912,49,1
random_linear,"RLC_n48_k42",0.875,48,42,0.002,68,0,22,1,1,1,1,1,4.8517000000000003e-05,0.0012186580000000001,0.00033742400000000001,0.00033742400000000001,SYNDROME_TRELLIS,0.039811825795260034,0.14378645265304188,80,44,36,44,1,44,48,55,1,1,48,294912,3893,294912,52,1
random_linear,"RLC_n48_k42",0.875,48,42,0.002,69,0,36,1,1,1,1,1,7.2405999999999998e-05,0.0040558900000000004,0.00061322099999999995,0.00061322099999999995,SYNDROME_TRELLIS,0.017852062062827145,0.11807488654171988,92,47,45,47,2,47,48,143,1,1,128,294912,6499,294912,49,1
random_linear,"RLC_n48_k42",0.875,48,42,0.002,70,0,8,1,1,1,1,1,9.8645000000000002e-05,0.0091210030000000008,0.000723929,0.000723929,SYNDROME_TRELLIS,0.010815148290160632,0.13626336284359378,95,49,46,49,3,49,48,292,1,1,266,294912,7796,294912,51,2
random_linear,"RLC_n48_k42",0.875,48,42,0.002,71,0,38,1,1,1,1,1,6.0945e-05,0.023839589000000001,0.00067327399999999996,0.00067327399999999996,SYNDROME_TRELLIS,0.0025564618584657645,0.090520352783562116,96,49,47,49,1,49,48,746,1,1,674,294912,7351,294912,49,1
random_linear,"RLC_n48_k42",0.875,48,42,0.002,72,0,31,1,1,1,1,1,9.7516999999999995e-05,0.0016087880000000001,0.000799247,0.000799247,SYNDROME_TRELLIS,0.060615196035773505,0.12201109294123093,89,45,44,45,3,45,48,56,1,1,49,294912,8623,294912,49,1
random_linear,"RLC_n48_k42",0.875,48,42,0.002,73,0,1,1,1,1,1,1,0.00010170600000000001,0.0082533299999999997,0.00067752600000000002,0.00067752600000000002,SYNDROME_TRELLIS,0.012323025978605,0.15011379637091418,94,47,47,47,3,47,48,248,1,1,222,294912,6944,294912,51,2
random_linear,"RLC_n48_k42",0.875,48,42,0.002,74,0,37,1,1,1,1,1,6.0031000000000002e-05,0.0087062400000000005,0.000556381,0.000556381,SYNDROME_TRELLIS,0.0068951694416878005,0.10789548888261821,94,49,45,49,1,49,48,262,1,1,237,294912,5900,294912,49,1
random_linear,"RLC_n48_k42",0.875,48,42,0.002,75,0,32,1,1,1,1,1,5.9749e-05,0.012839534999999999,0.00058150599999999997,0.00058150599999999997,SYNDROME_TRELLIS,0.0046535174365738329,0.10274872486268413,95,48,47,48,1,48,48,380,1,1,347,294912,6166,294912,49,1
random_linear,"RLC_n48_k42",0.875,48,42,0.002,76,0,38,1,1,1,1,1,7.8886000000000003e-05,0.013308830000000001,0.00049938700000000001,0.00049938700000000001,SYNDROME_TRELLIS,0.0059273429745514816,0.15796566590640126,95,49,46,49,2,49,48,406,1,1,366,294912,4861,294912,50,2
random_linear,"RLC_n48_k42",0.875,48,42,0.002,77,0,31,1,1,1,1,1,6.0346000000000001e-05,0.0091038270000000001,0.00058372600000000001,0.00058372600000000001,SYNDROME_TRELLIS,0.0066286409001401281,0.10338069573738363,95,48,47,48,1,48,48,279,1,1,245,294912,6144,294912,49,1
random_linear,"RLC_n48_k42",0.875,48,42,0.002,78,0,8,1,1,1,1,1,6.0646000000000002e-05,0.006982172,0.00052082400000000003,0.00052082400000000003,SYNDROME_TRELLIS,0.0086858358688385214,0.11644240664792713,94,47,47,47,1,47,48,215,1,1,187,294912,5437,294912,49,1
random_linear,"RLC_n48_k42",0.875,48,42,0.002,79,0,37,1,1,1,1,1,8.0154999999999994e-05,0.01764748,0.00053191899999999995,0.00053191899999999995,SYNDROME_TRELLIS,0.0045420082640694305,0.15069023667137291,95,48,47,48,2,48,48,509,1,1,469,294912,5515,294912,50,2
random_linear,"RLC_n48_k42",0.875,48,42,0.0050000000000000001,0,1,27,1,1,1,1,1,6.3081000000000001e-05,0.018600828,0.00058297700000000004,0.00058297700000000004,SYNDROME_TRELLIS,0.0033913006453261114,0.10820495491245795,95,48,47,48,1,48,48,526,1,1,478,294912,6311,294912,49,1
random_linear,"RLC_n48_k42",0.875,48,42,0.0050000000000000001,1,1,31,1,1,1,1,1,6.2705000000000004e-05,0.010783723,0.00044125700000000002,0.00044125700000000002,SYNDROME_TRELLIS,0.0058147821489850952,0.14210539436201577,95,48,47,48,1,48,48,307,1,1,283,294912,4550,294912,49,1
random_linear,"RLC_n48_k42",0.875,48,42,0.0050000000000000001,2,0,16,1,1,1,1,1,6.2323000000000006e-05,0.026068030999999998,0.00072535700000000004,0.00072535700000000004,SYNDROME_TRELLIS,0.0023907827944504136,0.085920450205898613,96,49,47,49,1,49,48,752,1,1,679,294912,7748,294912,49,1
random_linear,"RLC_n48_k42",0.875,48,42,0.0050000000000000001,3,0,11,1,1,1,1,1,0.00010328900000000001,0.013002207,0.00049574000000000005,0.00049574000000000005,SYNDROME_TRELLIS,0.0079439590524900891,0.20835316899987896,95,49,46,49,3,49,48,375,1,1,336,294912,5160,294912,51,2
random_linear,"RLC_n48_k42",0.875,48,42,0.0050000000000000001,4,0,32,1,1,1,1,1,6.3299999999999994e-05,0.013029516999999999,0.00050092500000000005,0.00050092500000000005,SYNDROME_TRELLIS,0.0048582000391879454,0.12636622248839643,95,49,46,49,1,49,48,381,1,1,343,294912,5205,294912,49,1
random_linear,"RLC_n48_k42",0.875,48,42,0.0050000000000000001,5,0,42,1,1,1,1,1,8.0620999999999999e-05,0.0016915960000000001,0.00088887600000000003,0.00088887600000000003,SYNDROME_TRELLIS,0.047659724898852916,0.090699940149132158,90,44,46,44,2,44,48,59,1,1,48,294912,9685,294912,50,2
random_linear,"RLC_n48_k42",0.875,48,42,0.0050000000000000001,6,0,16,1,1,1,1,1,8.1151999999999998e-05,0.0046307869999999999,0.00068254199999999996,0.00068254199999999996,SYNDROME_TRELLIS,0.017524451027438749,0.11889671258325496,94,47,47,47,2,47,48,139,1,1,127,294912,7506,294912,50,1
random_linear,"RLC_n48_k42",0.875,48,42,0.0050000000000000001,7,0,28,1,1,1,1,1,8.1008999999999996e-05,0.0046750380000000003,0.00062520399999999997,0.00062520399999999997,SYNDROME_TRELLIS,0.017327987494433199,0.12957210766405844,93,47,46,47,2,47,48,141,1,1,129,294912,6720,294912,49,1
random_linear,"RLC_n48_k42",0.875,48,42,0.0050000000000000001,8,1,18,1,1,1,1,1,0.0019902380000000001,0.068473443999999994,0.0022632170000000001,0.0022632170000000001,SYNDROME_TRELLIS,0.02906583755302275,0.87938452212050366,4601,2191,2410,2191,25,2191,48,2010,1,1,1824,294912,20928,294912,91,20
random_linear,"RLC_n48_k42",0.875,48,42,0.0050000000000000001,9,1,18,1,1,1,1,1,6.7005e-05,0.010517907999999999,0.00048152600000000002,0.00048152600000000002,SYNDROME_TRELLIS,0.0063705634238291498,0.13915136461997898,95,48,47,48,1,48,48,344,1,1,311,294912,5228,294912,49,1
random_linear,"RLC_n48_k42",0.875,48,42,0.0050000000000000001,10,0,26,1,1,1,1,1,5.8526000000000002e-05,0.0052096,0.00057284000000000002,0.00057284000000000002,SYNDROME_TRELLIS,0.011234259828009829,0.1021681446826339,94,48,46,48,1,48,48,166,1,1,145,294912,6696,294912,49,1
random_linear,"RLC_n48_k42",0.875,48,42,0.0050000000000000001,11,0,35,1,1,1,1,1,9.7652000000000006e-05,0.010853321000000001,0.00068641399999999999,0.00068641399999999999,SYNDROME_TRELLIS,0.0089974303717728424,0.14226399811192664,94,49,45,49,3,49,48,338,1,1,308,294912,7485,294912,54,3
random_linear,"RLC_n48_k42",0.875,48,42,0.0050000000000000001,12,0,31,1,1,1,1,1,7.4924000000000003e-05,0.0085094160000000005,0.00066689600000000005,0.00066689600000000005,SYNDROME_TRELLIS,0.0088048345503381198,0.1123473525107363,94,48,46,48,2,48,48,271,1,1,238,294912,7509,294912,51,2
random_linear,"RLC_n48_k42",0.875,48,42,0.0050000000000000001,13,0,46,1,1,1,1,1,6.1952999999999995e-05,0.004144315,0.00049573,0.00049573,SYNDROME_TRELLIS,0.014948911943228253,0.12497327174066528,93,46,47,46,1,46,48,131,1,1,117,294912,5137,294912,49,1
random_linear,"RLC_n48_k42",0.875,48,42,0.0050000000000000001,14,0,4,1,1,1,1,1,8.1675999999999995e-05,0.0098667029999999992,0.00074265500000000005,0.00074265500000000005,SYNDROME_TRELLIS,0.0082779424900090749,0.10997838834990674,95,49,46,49,2,49,48,288,1,1,264,294912,7887,294912,51,2
random_linear,"RLC_n48_k42",0.875,48,42,0.0050000000000000001,15,0,7,1,1,1,1,1,9.7586999999999999e-05,0.0040109389999999998,0.00045962899999999997,0.00045962899999999997,SYNDROME_TRELLIS,0.024330212950134621,0.21231689036157425,92,46,46,46,3,46,48,122,1,1,110,294912,4994,294912,52,2
random_linear,"RLC_n48_k42",0.875,48,42,0.0050000000000000001,16,0,21,1,1,1,1,1,0.00011418599999999999,0.03526228,0.00058128300000000004,0.00058128300000000004,SYNDROME_TRELLIS,0.00323819106421933,0.19643787965586468,96,49,47,49,3,49,48,906,1,1,829,294912,5715,294912,51,3
random_linear,"RLC_n48_k42",0.875,48,42,0.0050000000000000001,17,2,24,1,1,1,1,1,0.0024284269999999999,0.093230780999999999,0.0028605079999999999,0.0028605079999999999,SYNDROME_TRELLIS,0.026047481035260233,0.84894955721151633,4603,2226,2377,2226,45,2226,48,2603,2,2,2262,294912,22252,294912,136,43
random_linear,"RLC_n48_k42",0.875,48,42,0.0050000000000000001,18,0,2,1,1,1,1,1,8.3990000000000001e-05,0.010190326,0.00072143900000000004,0.00072143900000000004,SYNDROME_TRELLIS,0.008242130820937426,0.11642009927381247,94,49,45,49,2,49,48,284,1,1,251,294912,7849,294912,50,1
random_linear,"RLC_n48_k42",0.875,48,42,0.0050000000000000001,19,0,0,1,1,1,1,1,6.4739999999999993e-05,0.029201959999999999,0.00096638500000000005,0.00096638500000000005,SYNDROME_TRELLIS,0.0022169744770556494,0.066991933856589234,96,49,47,49,1,49,48,848,1,1,771,294912,10517,294912,49,1
random_linear,"RLC_n48_k42",0.875,48,42,0.0050000000000000001,20,0,6,1,1,1,1,1,0.000101918,0.0070622339999999997,0.00083180799999999996,0.00083180799999999996,SYNDROME_TRELLIS,0.014431410797206662,0.12252587135492807,94,48,46,48,3,48,48,198,1,1,178,294912,8116,294912,54,3
random_linear,"RLC_n48_k42",0.875,48,42,0.0050000000000000001,21,0,10,1,1,1,1,1,9.9815000000000006e-05,0.011738174000000001,0.00053536600000000001,0.00053536600000000001,SYNDROME_TRELLIS,0.0085034520701431082,0.1864425458471401,95,49,46,49,3,49,48,340,1,1,303,294912,5051,294912,52,3
random_linear,"RLC_n48_k42",0.875,48,42,0.0050000000000000001,22,2,30,1,1,1,1,1,0.000101888,0.0059871519999999999,0.00089069699999999997,0.00089069699999999997,SYNDROME_TRELLIS,0.017017774060187549,0.11439131376887988,94,47,47,47,3,47,48,177,1,1,159,294912,8687,294912,53,3
random_linear,"RLC_n48_k42",0.875,48,42,0.0050000000000000001,23,0,32,1,1,1,1,1,6.1568000000000004e-05,0.02196093,0.00068497999999999996,0.00068497999999999996,SYNDROME_TRELLIS,0.0028035242587631766,0.089882916289526715,96,49,47,49,1,49,48,633,1,1,574,294912,7478,294912,49,1
random_linear,"RLC_n48_k42",0.875,48,42,0.0050000000000000001,24,0,2,1,1,1,1,1,8.1063999999999995e-05,0.004820398,0.00071200300000000001,0.00071200300000000001,SYNDROME_TRELLIS,0.016816868648605363,0.11385345286466489,92,47,45,47,2,47,48,147,1,1,133,294912,7597,294912,51,1
random_linear,"RLC_n48_k42",0.875,48,42,0.0050000000000000001,25,0,1,1,1,1,1,1,6.3806000000000005e-05,0.019941447000000001,0.000827982,0.000827982,SYNDROME_TRELLIS,0.0031996675065756263,0.077062061735641604,95,48,47,48,1,48,48,550,1,1,508,294912,9038,294912,49,1
random_linear,"RLC_n48_k42",0.875,48,42,0.0050000000000000001,26,0,22,1,1,1,1,1,8.4753000000000007e-05,0.0068383660000000002,0.00059770299999999999,0.00059770299999999999,SYNDROME_TRELLIS,0.012393750202899349,0.14179784943358156,94,49,45,49,2,49,48,212,1,1,190,294912,6144,294912,50,1
random_linear,"RLC_n48_k42",0.875,48,42,0.0050000000000000001,27,2,19,1,1,1,1,1,0.0020798629999999999,0.067489532000000005,0.0026099669999999999,0.0026099669999999999,SYNDROME_TRELLIS,0.030817564418730889,0.79689245113060814,4602,2210,2392,2210,30,2210,48,2011,1,1,1848,294912,22584,294912,110,28
random_linear,"RLC_n48_k42",0.875,48,42,0.0050000000000000001,28,0,26,1,1,1,1,1,8.3116999999999997e-05,0.011580355000000001,0.00056592199999999995,0.00056592199999999995,SYNDROME_TRELLIS,0.0071774138184882924,0.14687006336562283,95,49,46,49,2,49,48,351,1,1,311,294912,5778,294912,50,2
random_linear,"RLC_n48_k42",0.875,48,42,0.0050000000000000001,29,0,40,1,1,1,1,1,6.4844000000000005e-05,0.029388116999999998,0.00063568499999999998,0.00063568499999999998,SYNDROME_TRELLIS,0.0022064700504629137,0.1020064969285102,96,49,47,49,1,49,48,806,1,1,725,294912,6791,294912,49,1
random_linear,"RLC_n48_k42",0.875,48,42,0.0050000000000000001,30,1,14,1,1,1,1,1,6.3081000000000001e-05,0.0094797189999999993,0.00055119000000000001,0.00055119000000000001,SYNDROME_TRELLIS,0.0066543111668183417,0.11444510967180101,94,48,46,48,1,48,48,280,1,1,254,294912,5724,294912,49,1
random_linear,"RLC_n48_k42",0.875,48,42,0.0050000000000000001,31,1,26,1,1,1,1,1,0.002274599,0.073120223999999998,0.0027009310000000002,0.0027009310000000002,SYNDROME_TRELLIS,0.031107659079381376,0.84215368700644322,4602,2207,2395,2207,39,2207,48,2117,1,1,1856,294912,22504,294912,116,37
random_linear,"RLC_n48_k42",0.875,48,42,0.0050000000000000001,32,1,14,1,1,1,1,1,6.334e-05,0.033837078999999999,0.00057503399999999998,0.00057503399999999998,SYNDROME_TRELLIS,0.0018719109885342053,0.11015000852123527,96,49,47,49,1,49,48,947,1,1,872,294912,6198,294912,49,1
random_linear,"RLC_n48_k42",0.875,48,42,0.0050000000000000001,33,0,21,1,1,1,1,1,6.0235999999999997e-05,0.0072727879999999996,0.00049675499999999998,0.00049675499999999998,SYNDROME_TRELLIS,0.0082823808421199682,0.12125897071997262,94,49,45,49,1,49,48,221,1,1,201,294912,5412,294912,49,1
random_linear,"RLC_n48_k42",0.875,48,42,0.0050000000000000001,34,0,46,1,1,1,1,1,6.2113999999999995e-05,0.017631108,0.00055756000000000002,0.00055756000000000002,SYNDROME_TRELLIS,0.0035229776824009019,0.11140325704856875,95,48,47,48,1,48,48,498,1,1,445,294912,5851,294912,49,1
random_linear,"RLC_n48_k42",0.875,48,42,0.0050000000000000001,35,1,4,1,1,1,1,1,0.001931381,0.070762465999999996,0.0021732729999999999,0.0021732729999999999,SYNDROME_TRELLIS,0.027293862257428962,0.88869691014428476,4603,2217,2386,2217,20,2217,48,2022,1,1,1872,294912,19424,294912,79,19
random_linear,"RLC_n48_k42",0.875,48,42,0.0050000000000000001,36,0,28,1,1,1,1,1,5.5053999999999998e-05,0.020162424000000002,0.00051490800000000001,0.00051490800000000001,SYNDROME_TRELLIS,0.002730524861494828,0.10692007115834284,96,49,47,49,1,49,48,625,1,1,569,294912,5569,294912,49,1
random_linear,"RLC_n48_k42",0.875,48,42,0.0050000000000000001,37,0,22,1,1,1,1,1,5.4870000000000002e-05,0.002710301,0.00066824600000000005,0.00066824600000000005,SYNDROME_TRELLIS,0.020244983859726281,0.082110480272235067,93,47,46,47,1,47,48,100,1,1,84,294912,7666,294912,49,1
random_linear,"RLC_n48_k42",0.875,48,42,0.0050000000000000001,38,0,8,1,1,1,1,1,9.9100999999999999e-05,0.0040452709999999996,0.00074034899999999996,0.00074034899999999996,SYNDROME_TRELLIS,0.024497987897473372,0.13385714034867341,92,47,45,47,3,47,48,134,1,1,118,294912,8742,294912,50,1
random_linear,"RLC_n48_k42",0.875,48,42,0.0050000000000000001,39,0,22,1,1,1,1,1,7.5303999999999996e-05,0.013425325,0.00062737700000000003,0.00062737700000000003,SYNDROME_TRELLIS,0.0056091007107835376,0.12002990227566518,95,49,46,49,2,49,48,424,1,1,388,294912,6970,294912,50,2
random_linear,"RLC_n48_k42",0.875,48,42,0.0050000000000000001,40,0,19,1,1,1,1,1,0.000103249,0.010860590999999999,0.000727434,0.000727434,SYNDROME_TRELLIS,0.0095067570448053897,0.14193590071401666,95,48,47,48,3,48,48,321,1,1,290,294912,7258,294912,53,3
random_linear,"RLC_n48_k42",0.875,48,42,0.0050000000000000001,41,0,28,1,1,1,1,1,8.742e-05,0.0024056289999999998,0.00046447099999999999,0.00046447099999999999,SYNDROME_TRELLIS,0.036339768102230233,0.18821411885779737,92,46,46,46,3,46,48,84,1,1,75,294912,5204,294912,51,2
random_linear,"RLC_n48_k42",0.875,48,42,0.0050000000000000001,42,0,29,1,1,1,1,1,0.00012991599999999999,0.0017989,0.00072347500000000001,0.00072347500000000001,SYNDROME_TRELLIS,0.072219689810439705,0.17957220360067727,92,48,44,48,4,48,48,60,1,1,52,294912,7908,294912,53,3
random_linear,"RLC_n48_k42",0.875,48,42,0.0050000000000000001,43,1,13,1,1,1,1,1,6.4992000000000004e-05,0.034998955999999998,0.00080215699999999996,0.00080215699999999996,SYNDROME_TRELLIS,0.0018569696764669211,0.081021545657520913,96,49,47,49,1,49,48,946,1,1,864,294912,8798,294912,49,1
random_linear,"RLC_n48_k42",0.875,48,42,0.0050000000000000001,44,0,32,1,1,1,1,1,0.000119026,0.0026495860000000002,0.00048573900000000001,0.00048573900000000001,SYNDROME_TRELLIS,0.044922489777648275,0.24504106114600638,91,44,47,44,4,44,48,83,1,1,74,294912,4013,294912,53,2
random_linear,"RLC_n48_k42",0.875,48,42,0.0050000000000000001,45,1,15,1,1,1,1,1,0.002101056,0.117629891,0.0031436599999999999,0.0031436599999999999,SYNDROME_TRELLIS,0.017861582478215506,0.66834708588078862,4604,2218,2386,2218,31,2218,48,3270,1,1,2816,294912,23610,294912,112,31
random_linear,"RLC_n48_k42",0.875,48,42,0.0050000000000000001,46,0,22,1,1,1,1,1,6.9241999999999999e-05,0.018759978,0.00044751099999999999,0.00044751099999999999,SYNDROME_TRELLIS,0.0036909424947086824,0.15472692291362669,95,49,46,49,1,49,48,520,1,1,475,294912,4738,294912,49,1
random_linear,"RLC_n48_k42",0.875,48,42,0.0050000000000000001,47,1,7,1,1,1,1,1,8.3533000000000001e-05,0.020450873000000001,0.00083583500000000005,0.00083583500000000005,SYNDROME_TRELLIS,0.0040845689081341419,0.099939581376707123,96,49,47,49,2,49,48,575,1,1,527,294912,8637,294912,50,2
random_linear,"RLC_n48_k42",0.875,48,42,0.0050000000000000001,48,0,23,1,1,1,1,1,6.1688999999999998e-05,0.0023246009999999999,0.00056960699999999997,0.00056960699999999997,SYNDROME_TRELLIS,0.026537457395914395,0.10830098646961853,93,47,46,47,1,47,48,76,1,1,63,294912,6006,294912,49,1
random_linear,"RLC_n48_k42",0.875,48,42,0.0050000000000000001,49,0,19,1,1,1,1,1,8.2490000000000005e-05,0.015495294,0.0010595310000000001,0.0010595310000000001,SYNDROME_TRELLIS,0.0053235517828832419,0.077855201971438304,95,48,47,48,2,48,48,443,1,1,402,294912,11217,294912,50,2
random_linear,"RLC_n48_k42",0.875,48,42,0.0050000000000000001,50,0,28,1,1,1,1,1,7.8500999999999999e-05,0.0084153149999999996,0.000690257,0.000690257,SYNDROME_TRELLIS,0.0093283495626723424,0.11372720595372449,94,48,46,48,2,48,48,263,1,1,237,294912,7174,294912,50,1
random_linear,"RLC_n48_k42",0.875,48,42,0.0050000000000000001,51,0,41,1,1,1,1,1,6.2798000000000004e-05,0.032855698000000003,0.00050002599999999999,0.00050002599999999999,SYNDROME_TRELLIS,0.0019113275268113311,0.12558946934759393,96,49,47,49,1,49,48,913,1,1,827,294912,5240,294912,49,1
random_linear,"RLC_n48_k42",0.875,48,42,0.0050000000000000001,52,0,31,1,1,1,1,1,5.8263000000000001e-05,0.019520340000000001,0.00057729700000000005,0.00057729700000000005,SYNDROME_TRELLIS,0.0029847328478909692,0.100923787928917,96,49,47,49,1,49,48,590,1,1,535,294912,6373,294912,49,1
random_linear,"RLC_n48_k42",0.875,48,42,0.0050000000000000001,53,0,37,1,1,1,1,1,7.6323999999999996e-05,0.0071997950000000002,0.00073875999999999998,0.00073875999999999998,SYNDROME_TRELLIS,0.010600857385522782,0.10331366072878878,94,47,47,47,2,47,48,227,1,1,208,294912,8133,294912,50,2
random_linear,"RLC_n48_k42",0.875,48,42,0.0050000000000000001,54,0,15,1,1,1,1,1,7.4281000000000003e-05,0.0030207099999999998,0.00063181000000000001,0.00063181000000000001,SYNDROME_TRELLIS,0.024590576387670451,0.11756857283043953,91,46,45,46,2,46,48,104,1,1,92,294912,6896,294912,50,2
random_linear,"RLC_n48_k42",0.875,48,42,0.0050000000000000001,55,1,45,1,1,1,1,1,5.6700999999999998e-05,0.016980091999999999,0.00053517500000000004,0.00053517500000000004,SYNDROME_TRELLIS,0.0033392634150627687,0.10594852151165506,95,48,47,48,1,48,48,511,1,1,464,294912,6151,294912,49,1
random_linear,"RLC_n48_k42",0.875,48,42,0.0050000000000000001,56,0,6,1,1,1,1,1,0.00010170000000000001,0.0068341310000000002,0.000517572,0.000517572,SYNDROME_TRELLIS,0.014881189722585066,0.19649440077902205,94,49,45,49,3,49,48,211,1,1,191,294912,5014,294912,52,2
random_linear,"RLC_n48_k42",0.875,48,42,0.0050000000000000001,57,0,27,1,1,1,1,1,5.8792999999999998e-05,0.01117785,0.00079985199999999998,0.00079985199999999998,SYNDROME_TRELLIS,0.0052597771485571911,0.07350484839695344,95,49,46,49,1,49,48,332,1,1,296,294912,8760,294912,49,1
random_linear,"RLC_n48_k42",0.875,48,42,0.0050000000000000001,58,0,19,1,1,1,1,1,5.7593000000000002e-05,0.010264185,0.00066361899999999995,0.00066361899999999995,SYNDROME_TRELLIS,0.0056110641029950264,0.086786243311297612,95,48,47,48,1,48,48,299,1,1,277,294912,7474,294912,49,1
random_linear,"RLC_n48_k42",0.875,48,42,0.0050000000000000001,59,0,17,1,1,1,1,1,5.7569999999999999e-05,0.0047684850000000003,0.00075182299999999999,0.00075182299999999999,SYNDROME_TRELLIS,0.012073016901594531,0.076573874435871214,93,49,44,49,1,49,48,149,1,1,134,294912,8128,294912,49,1
random_linear,"RLC_n48_k42",0.875,48,42,0.0050000000000000001,60,1,36,1,1,1,1,1,0.0022019660000000001,0.068490863999999999,0.0025847769999999999,0.0025847769999999999,SYNDROME_TRELLIS,0.032149776939592999,0.85189786198190409,4602,2216,2386,2216,37,2216,48,1942,1,1,1840,294912,22039,294912,113,35
random_linear,"RLC_n48_k42",0.875,48,42,0.0050000000000000001,61,0,38,1,1,1,1,1,6.9937000000000005e-05,0.02515848,0.001131244,0.001131244,SYNDROME_TRELLIS,0.0027798579246440963,0.061823090332412817,96,49,47,49,1,49,48,705,1,1,639,294912,12219,294912,49,1
random_linear,"RLC_n48_k42",0.875,48,42,0.0050000000000000001,62,0,44,1,1,1,1,1,6.0656000000000003e-05,0.0022804520000000001,0.00058976199999999997,0.00058976199999999997,SYNDROME_TRELLIS,0.026598235788343715,0.10284826760625473,92,48,44,48,1,48,48,79,1,1,65,294912,6319,294912,49,1
random_linear,"RLC_n48_k42",0.875,48,42,0.0050000000000000001,63,0,15,1,1,1,1,1,8.4501999999999998e-05,0.0115032,0.00062867499999999998,0.00062867499999999998,SYNDROME_TRELLIS,0.0073459559079212741,0.13441285242772497,94,49,45,49,2,49,48,330,1,1,295,294912,6601,294912,50,1
random_linear,"RLC_n48_k42",0.875,48,42,0.0050000000000000001,64,1,43,1,1,1,1,1,8.2947000000000004e-05,0.010300323,0.00093893700000000004,0.00093893700000000004,SYNDROME_TRELLIS,0.0080528542648614036,0.088341390316922216,94,49,45,49,2,49,48,289,1,1,261,294912,9484,294912,52,2
random_linear,"RLC_n48_k42",0.875,48,42,0.0050000000000000001,65,0,5,1,1,1,1,1,6.2006000000000002e-05,0.013937292,0.00064236899999999995,0.00064236899999999995,SYNDROME_TRELLIS,0.0044489273813019059,0.096527074002637131,95,48,47,48,1,48,48,394,1,1,364,294912,6856,294912,49,1
random_linear,"RLC_n48_k42",0.875,48,42,0.0050000000000000001,66,2,46,1,1,1,1,1,0.002284604,0.074263841999999997,0.0025468890000000001,0.0025468890000000001,SYNDROME_TRELLIS,0.030763342408274542,0.89701749860319779,4601,2143,2458,2143,41,2143,48,2207,1,1,1959,294912,20337,294912,116,37
random_linear,"RLC_n48_k42",0.875,48,42,0.0050000000000000001,67,0,38,1,1,1,1,1,9.0972999999999998e-05,0.0037570360000000001,0.00075659200000000005,0.00075659200000000005,SYNDROME_TRELLIS,0.024214034680530076,0.12024049950303466,92,47,45,47,2,47,48,118,1,1,106,294912,7823,294912,50,2
random_linear,"RLC_n48_k42",0.875,48,42,0.0050000000000000001,68,0,36,1,1,1,1,1,8.2744999999999995e-05,0.0015884479999999999,0.00050973999999999995,0.00050973999999999995,SYNDROME_TRELLIS,0.052091727270895866,0.16232785341546671,90,47,43,47,2,47,48,55,1,1,48,294912,5297,294912,49,1
random_linear,"RLC_n48_k42",0.875,48,42,0.0050000000000000001,69,1,45,1,1,1,1,1,6.3349999999999995e-05,0.015021675,0.00063402800000000002,0.00063402800000000002,SYNDROME_TRELLIS,0.0042172394223680115,0.099916722920754278,95,48,47,48,1,48,48,433,1,1,392,294912,6554,294912,49,1
random_linear,"RLC_n48_k42",0.875,48,42,0.0050000000000000001,70,1,30,1,1,1,1,1,7.8332999999999997e-05,0.002381186,0.000575503,0.000575503,SYNDROME_TRELLIS,0.032896632182450258,0.13611223573117776,91,48,43,48,2,48,48,80,1,1,70,294912,6197,294912,49,1
random_linear,"RLC_n48_k42",0.875,48,42,0.0050000000000000001,71,0,17,1,1,1,1,1,5.6854000000000001e-05,0.001968582,0.00074061899999999998,0.00074061899999999998,SYNDROME_TRELLIS,0.028880686707487929,0.076765516412622414,88,47,41,47,1,47,48,71,1,1,63,294912,8089,294912,49,1
random_linear,"RLC_n48_k42",0.875,48,42,0.0050000000000000001,72,1,34,1,1,1,1,1,6.6493000000000002e-05,0.0098498990000000005,0.00037785899999999997,0.00037785899999999997,SYNDROME_TRELLIS,0.0067506275952677278,0.17597304814758946,95,49,46,49,1,49,48,294,1,1,259,294912,3862,294912,49,1
random_linear,"RLC_n48_k42",0.875,48,42,0.0050000000000000001,73,1,44,1,1,1,1,1,6.1262999999999999e-05,0.0068511199999999996,0.00051322100000000001,0.00051322100000000001,SYNDROME_TRELLIS,0.0089420415931993607,0.11936962828878787,94,48,46,48,1,48,48,207,1,1,184,294912,5924,294912,49,1
random_linear,"RLC_n48_k42",0.875,48,42,0.0050000000000000001,74,0,30,1,1,1,1,1,0.000112464,0.0098441750000000001,0.00078285300000000002,0.00078285300000000002,SYNDROME_TRELLIS,0.011424421040869347,0.14365915440063459,95,49,46,49,4,49,48,329,1,1,295,294912,8374,294912,54,4
random_linear,"RLC_n48_k42",0.875,48,42,0.0050000000000000001,75,0,17,1,1,1,1,1,5.5260999999999998e-05,0.0029362559999999999,0.00076400999999999997,0.00076400999999999997,SYNDROME_TRELLIS,0.018820225484426426,0.072330205102027464,92,47,45,47,1,47,48,102,1,1,91,294912,8362,294912,49,1
random_linear,"RLC_n48_k42",0.875,48,42,0.0050000000000000001,76,1,42,1,1,1,1,1,0.0022576250000000001,0.076575269000000001,0.002676122,0.002676122,SYNDROME_TRELLIS,0.029482429895218522,0.84361811606496273,4603,2225,2378,2225,40,2225,48,2245,1,1,2021,294912,22830,294912,117,37
random_linear,"RLC_n48_k42",0.875,48,42,0.0050000000000000001,77,0,44,1,1,1,1,1,6.4621000000000004e-05,0.035684068999999999,0.000444206,0.000444206,SYNDROME_TRELLIS,0.0018109201615992842,0.14547529749710722,96,49,47,49,1,49,48,942,1,1,864,294912,4439,294912,49,1
random_linear,"RLC_n48_k42",0.875,48,42,0.0050000000000000001,78,0,42,1,1,1,1,1,9.7979999999999994e-05,0.0033202499999999999,0.00061918599999999998,0.00061918599999999998,SYNDROME_TRELLIS,0.029509826067314209,0.15824001188657366,92,46,46,46,3,46,48,106,1,1,96,294912,6581,294912,52,1
random_linear,"RLC_n48_k42",0.875,48,42,0.0050000000000000001,79,0,36,1,1,1,1,1,9.6586e-05,0.001519842,0.00050847800000000003,0.00050847800000000003,SYNDROME_TRELLIS,0.063550026910692031,0.18995118766200306,91,48,43,48,3,48,48,54,1,1,45,294912,4939,294912,52,2
random_linear,"RLC_n48_k42",0.875,48,42,0.01,0,0,3,1,1,1,1,1,7.5359999999999997e-05,0.0055598189999999997,0.00062301999999999995,0.00062301999999999995,SYNDROME_TRELLIS,0.013554398083822514,0.12095919874161344,93,47,46,47,2,47,48,174,1,1,157,294912,6714,294912,52,1
random_linear,"RLC_n48_k42",0.875,48,42,0.01,1,0,1,1,1,1,1,1,6.0998000000000001e-05,0.019812858999999999,0.00075136799999999998,0.00075136799999999998,SYNDROME_TRELLIS,0.0030787076211464485,0.081182589623193968,95,48,47,48,1,48,48,584,1,1,517,294912,7837,294912,49,1
random_linear,"RLC_n48_k42",0.875,48,42,0.01,2,1,25,1,1,1,1,1,5.8962999999999998e-05,0.025118798000000001,0.00064870200000000002,0.00064870200000000002,SYNDROME_TRELLIS,0.0023473655069004493,0.090893815650329418,96,49,47,49,1,49,48,775,1,1,701,294912,6868,294912,49,1
random_linear,"RLC_n48_k42",0.875,48,42,0.01,3,0,1,1,1,1,1,1,8.2522999999999996e-05,0.015129155,0.000974094,0.000974094,SYNDROME_TRELLIS,0.0054545676873559695,0.084717696649399335,95,48,47,48,2,48,48,446,1,1,411,294912,10061,294912,50,2
random_linear,"RLC_n48_k42",0.875,48,42,0.01,4,2,27,1,1,1,1,1,6.1211999999999996e-05,0.025778767000000001,0.00073695200000000003,0.00073695200000000003,SYNDROME_TRELLIS,0.0023745123263653376,0.083061040610514655,96,49,47,49,1,49,48,744,1,1,674,294912,7974,294912,49,1
random_linear,"RLC_n48_k42",0.875,48,42,0.01,5,0,16,1,1,1,1,1,5.8955000000000001e-05,0.027200641000000001,0.00091696200000000001,0.00091696200000000001,SYNDROME_TRELLIS,0.0021674121576767255,0.064293831151127315,96,49,47,49,1,49,48,786,1,1,722,294912,9635,294912,49,1
random_linear,"RLC_n48_k42",0.875,48,42,0.01,6,1,28,1,1,1,1,1,0.0020333730000000002,0.080586335999999995,0.0026968740000000001,0.0026968740000000001,SYNDROME_TRELLIS,0.025232230436683465,0.75397404550601921,4603,2222,2381,2222,43,2222,48,2395,1,1,2203,294912,23085,294912,130,42
random_linear,"RLC_n48_k42",0.875,48,42,0.01,7,0,16,1,1,1,1,1,5.7253999999999998e-05,0.0088749539999999991,0.0010952399999999999,0.0010952399999999999,SYNDROME_TRELLIS,0.0064511883667228024,0.052275300390781931,95,49,46,49,1,49,48,298,1,1,276,294912,12145,294912,49,1
random_linear,"RLC_n48_k42",0.875,48,42,0.01,8,2,33,1,1,1,1,1,0.0020765330000000002,0.093446944000000004,0.0025252249999999999,0.0025252249999999999,SYNDROME_TRELLIS,0.022221518554956705,0.82231603124474073,4604,2228,2376,2228,34,2228,48,2740,1,1,2478,294912,23305,294912,104,32
random_linear,"RLC_n48_k42",0.875,48,42,0.01,9,1,17,1,1,1,1,1,0.0022956539999999998,0.070915783999999996,0.0029314100000000002,0.0029314100000000002,SYNDROME_TRELLIS,0.03237155214980067,0.78312279756158287,4603,2210,2393,2210,45,2210,48,2139,1,1,1958,294912,23726,294912,126,43
random_linear,"RLC_n48_k42",0.875,48,42,0.01,10,1,28,1,1,1,1,1,0.0023759250000000001,0.132839919,0.0030672820000000002,0.0030672820000000002,SYNDROME_TRELLIS,0.017885625178678408,0.77460272645293127,4604,2221,2383,2221,49,2221,48,3869,2,2,3345,294912,24315,294912,128,47
random_linear,"RLC_n48_k42",0.875,48,42,0.01,11,1,26,1,1,1,1,1,5.6703000000000002e-05,0.022255884,0.000707465,0.000707465,SYNDROME_TRELLIS,0.0025477756803549121,0.080149548034178369,96,49,47,49,1,49,48,726,1,1,658,294912,8128,294912,49,1
random_linear,"RLC_n48_k42",0.875,48,42,0.01,12,0,9,1,1,1,1,1,0.000110615,0.0023855,0.00050470300000000001,0.00050470300000000001,SYNDROME_TRELLIS,0.046369733808425906,0.2191685010788523,91,47,44,47,4,47,48,92,1,1,83,294912,5137,294912,57,3
random_linear,"RLC_n48_k42",0.875,48,42,0.01,13,0,19,1,1,1,1,1,5.3421000000000002e-05,0.005731959,0.00069509300000000003,0.00069509300000000003,SYNDROME_TRELLIS,0.0093198503338910842,0.07685446407890742,93,48,45,48,1,48,48,194,1,1,173,294912,8246,294912,49,1
random_linear,"RLC_n48_k42",0.875,48,42,0.01,14,0,23,1,1,1,1,1,7.7484000000000006e-05,0.004828494,0.00052756299999999999,0.00052756299999999999,SYNDROME_TRELLIS,0.01604723957407838,0.14687155846789862,94,48,46,48,2,48,48,150,1,1,138,294912,5499,294912,50,1
random_linear,"RLC_n48_k42",0.875,48,42,0.01,15,0,35,1,1,1,1,1,7.1654000000000002e-05,0.0025518110000000002,0.00054670299999999995,0.00054670299999999995,SYNDROME_TRELLIS,0.028079665774620455,0.13106567917132339,92,49,43,49,2,49,48,86,1,1,76,294912,6422,294912,49,1
random_linear,"RLC_n48_k42",0.875,48,42,0.01,16,0,41,1,1,1,1,1,5.8136e-05,0.016902072000000001,0.00056490800000000003,0.00056490800000000003,SYNDROME_TRELLIS,0.0034395782954894523,0.10291233262761369,96,49,47,49,1,49,48,521,1,1,478,294912,6347,294912,49,1
random_linear,"RLC_n48_k42",0.875,48,42,0.01,17,0,6,1,1,1,1,1,7.7861000000000006e-05,0.0067993589999999996,0.001096196,0.001096196,SYNDROME_TRELLIS,0.011451226505322046,0.071028356242861676,94,48,46,48,2,48,48,210,1,1,194,294912,11281,294912,51,2
random_linear,"RLC_n48_k42",0.875,48,42,0.01,18,0,25,1,1,1,1,1,5.9070999999999997e-05,0.022967543999999999,0.00072891199999999996,0.00072891199999999996,SYNDROME_TRELLIS,0.0025719336817206055,0.08103996092806813,96,49,47,49,1,49,48,668,1,1,592,294912,7847,294912,49,1
random_linear,"RLC_n48_k42",0.875,48,42,0.01,19,0,9,1,1,1,1,1,0.00010720100000000001,0.0021540740000000002,0.00043656400000000002,0.00043656400000000002,SYNDROME_TRELLIS,0.049766628258824906,0.24555620710823614,89,47,42,47,4,47,48,78,1,1,71,294912,4528,294912,54,2
random_linear,"RLC_n48_k42",0.875,48,42,0.01,20,1,30,1,1,1,1,1,7.5394000000000004e-05,0.014587252,0.00066935300000000003,0.00066935300000000003,SYNDROME_TRELLIS,0.0051684854693673631,0.11263712868994387,95,49,46,49,2,49,48,434,1,1,401,294912,7262,294912,50,1
random_linear,"RLC_n48_k42",0.875,48,42,0.01,21,0,17,1,1,1,1,1,9.6908000000000001e-05,0.0090844050000000003,0.000878084,0.000878084,SYNDROME_TRELLIS,0.010667512071511563,0.11036301766118048,94,47,47,47,3,47,48,271,1,1,250,294912,8982,294912,51,2
random_linear,"RLC_n48_k42",0.875,48,42,0.01,22,1,38,1,1,1,1,1,0.0019649789999999999,0.061767076999999997,0.0023991419999999999,0.0023991419999999999,SYNDROME_TRELLIS,0.031812724438943424,0.81903405467454615,4600,2201,2399,2201,29,2201,48,1841,1,1,1739,294912,21798,294912,99,25
random_linear,"RLC_n48_k42",0.875,48,42,0.01,23,1,3,1,1,1,1,1,9.1378999999999994e-05,0.0040979320000000003,0.00048659300000000001,0.00048659300000000001,SYNDROME_TRELLIS,0.022298808276955299,0.18779349476872867,93,48,45,48,2,48,48,132,1,1,121,294912,4873,294912,51,1
random_linear,"RLC_n48_k42",0.875,48,42,0.01,24,0,26,1,1,1,1,1,8.0235999999999995e-05,0.014986915999999999,0.00058778200000000002,0.00058778200000000002,SYNDROME_TRELLIS,0.0053537365526036178,0.13650639182554075,95,48,47,48,2,48,48,444,1,1,393,294912,5560,294912,51,2
random_linear,"RLC_n48_k42",0.875,48,42,0.01,25,0,6,1,1,1,1,1,7.6089999999999998e-05,0.004953435,0.00092694999999999995,0.00092694999999999995,SYNDROME_TRELLIS,0.015361057528765392,0.082086412427854791,93,48,45,48,2,48,48,151,1,1,137,294912,10228,294912,50,1
random_linear,"RLC_n48_k42",0.875,48,42,0.01,26,0,26,1,1,1,1,1,9.9028000000000001e-05,0.0091886079999999992,0.00079206700000000003,0.00079206700000000003,SYNDROME_TRELLIS,0.010777258100465273,0.12502477694437464,94,48,46,48,3,48,48,279,1,1,253,294912,8380,294912,52,2
random_linear,"RLC_n48_k42",0.875,48,42,0.01,27,0,6,1,1,1,1,1,7.8126000000000004e-05,0.0037930559999999999,0.00064946600000000002,0.00064946600000000002,SYNDROME_TRELLIS,0.020597112196603477,0.12029267120988628,92,48,44,48,2,48,48,126,1,1,113,294912,7027,294912,49,1
random_linear,"RLC_n48_k42",0.875,48,42,0.01,28,0,24,1,1,1,1,1,6.1228000000000004e-05,0.0053988780000000002,0.00056756199999999997,0.00056756199999999997,SYNDROME_TRELLIS,0.01134087490030336,0.1078789630031609,93,46,47,46,1,46,48,172,1,1,156,294912,6033,294912,49,1
random_linear,"RLC_n48_k42",0.875,48,42,0.01,29,0,9,1,1,1,1,1,8.1148000000000003e-05,0.024164020000000001,0.000585164,0.000585164,SYNDROME_TRELLIS,0.0033582160584207429,0.13867565332112025,96,49,47,49,2,49,48,700,1,1,614,294912,5971,294912,50,2
random_linear,"RLC_n48_k42",0.875,48,42,0.01,30,1,5,1,1,1,1,1,0.00011288799999999999,0.004535641,0.00086348800000000004,0.00086348800000000004,SYNDROME_TRELLIS,0.024889095058449291,0.13073487992884672,92,48,44,48,4,48,48,138,1,1,126,294912,8772,294912,55,3
random_linear,"RLC_n48_k42",0.875,48,42,0.01,31,0,45,1,1,1,1,1,7.7170999999999997e-05,0.020862603,0.00065044500000000004,0.00065044500000000004,SYNDROME_TRELLIS,0.0036990110965539631,0.11864339029433695,96,49,47,49,2,49,48,615,1,1,562,294912,6894,294912,50,2
random_linear,"RLC_n48_k42",0.875,48,42,0.01,32,0,38,1,1,1,1,1,5.6789999999999997e-05,0.0013381370000000001,0.00058732100000000002,0.00058732100000000002,SYNDROME_TRELLIS,0.042439600728475482,0.096693290381239555,90,46,44,46,1,46,48,50,1,1,43,294912,6160,294912,49,1
random_linear,"RLC_n48_k42",0.875,48,42,0.01,33,0,10,1,1,1,1,1,7.6562000000000003e-05,0.010572781999999999,0.00064486199999999995,0.00064486199999999995,SYNDROME_TRELLIS,0.0072414242533327565,0.11872617707354444,95,48,47,48,2,48,48,330,1,1,306,294912,6674,294912,51,2
random_linear,"RLC_n48_k42",0.875,48,42,0.01,34,0,13,1,1,1,1,1,5.4721e-05,0.0019844820000000001,0.00050726899999999997,0.00050726899999999997,SYNDROME_TRELLIS,0.027574450158781988,0.10787373168870955,87,43,44,43,1,43,48,72,1,1,65,294912,5456,294912,49,1
random_linear,"RLC_n48_k42",0.875,48,42,0.01,35,0,4,1,1,1,1,1,5.9066e-05,0.0096325190000000008,0.00086755199999999995,0.00086755199999999995,SYNDROME_TRELLIS,0.0061319370353694596,0.068083526981667961,95,49,46,49,1,49,48,299,1,1,276,294912,9535,294912,49,1
random_linear,"RLC_n48_k42",0.875,48,42,0.01,36,0,32,1,1,1,1,1,7.3059999999999995e-05,0.0035678049999999998,0.000493334,0.000493334,SYNDROME_TRELLIS,0.020477576549166786,0.14809439446703448,92,47,45,47,2,47,48,117,1,1,104,294912,5302,294912,49,1
random_linear,"RLC_n48_k42",0.875,48,42,0.01,37,1,35,1,1,1,1,1,0.0021308960000000002,0.057727570999999998,0.0025517449999999998,0.0025517449999999998,SYNDROME_TRELLIS,0.036912968328426644,0.83507403757036869,4601,2228,2373,2228,36,2228,48,1836,1,1,1726,294912,21529,294912,121,34
random_linear,"RLC_n48_k42",0.875,48,42,0.01,38,1,11,1,1,1,1,1,5.7648000000000001e-05,0.0020597060000000001,0.00058167400000000001,0.00058167400000000001,SYNDROME_TRELLIS,0.027988460489021247,0.099107059968298397,91,47,44,47,1,47,48,71,1,1,62,294912,6513,294912,49,1
random_linear,"RLC_n48_k42",0.875,48,42,0.01,39,0,6,1,1,1,1,1,9.4285999999999998e-05,0.0086570729999999995,0.00061176899999999996,0.00061176899999999996,SYNDROME_TRELLIS,0.010891209996727531,0.15412026434814449,94,48,46,48,3,48,48,265,1,1,235,294912,6300,294912,52,2
random_linear,"RLC_n48_k42",0.875,48,42,0.01,40,0,28,1,1,1,1,1,5.8502000000000003e-05,0.007403611,0.00066012700000000004,0.00066012700000000004,SYNDROME_TRELLIS,0.0079018198011753995,0.088622340852593517,94,47,47,47,1,47,48,227,1,1,209,294912,7045,294912,49,1
random_linear,"RLC_n48_k42",0.875,48,42,0.01,41,0,15,1,1,1,1,1,9.5185000000000004e-05,0.0017606799999999999,0.00082651600000000001,0.00082651600000000001,SYNDROME_TRELLIS,0.054061498966308477,0.11516413475359219,92,48,44,48,3,48,48,68,1,1,55,294912,8539,294912,52,2
random_linear,"RLC_n48_k42",0.875,48,42,0.01,42,1,25,1,1,1,1,1,0.0024481210000000002,0.069045102999999997,0.0031965639999999998,0.0031965639999999998,SYNDROME_TRELLIS,0.035456837539948348,0.76586015484126091,4603,2224,2379,2224,51,2224,48,2033,1,1,1845,294912,25051,294912,143,47
random_linear,"RLC_n48_k42",0.875,48,42,0.01,43,1,22,1,1,1,1,1,0.0020819530000000001,0.061113379000000002,0.0023561120000000001,0.0023561120000000001,SYNDROME_TRELLIS,0.03406705755870576,0.88363923276991929,4599,2196,2403,2196,35,2196,48,1882,1,1,1679,294912,20715,294912,95,26
random_linear,"RLC_n48_k42",0.875,48,42,0.01,44,1,27,1,1,1,1,1,8.0347999999999997e-05,0.021049545999999999,0.00077407500000000005,0.00077407500000000005,SYNDROME_TRELLIS,0.0038170894517154906,0.10379872751348383,96,49,47,49,2,49,48,672,1,1,602,294912,8170,294912,50,2
random_linear,"RLC_n48_k42",0.875,48,42,0.01,45,0,16,1,1,1,1,1,7.7237000000000006e-05,0.0050587740000000003,0.00050406500000000005,0.00050406500000000005,SYNDROME_TRELLIS,0.015267928553440023,0.15322825429260115,94,49,45,49,2,49,48,171,1,1,154,294912,5465,294912,50,1
random_linear,"RLC_n48_k42",0.875,48,42,0.01,46,0,12,1,1,1,1,1,7.5234000000000005e-05,0.0041447630000000001,0.00048803799999999999,0.00048803799999999999,SYNDROME_TRELLIS,0.018151580681452718,0.15415602883382032,93,47,46,47,2,47,48,136,1,1,119,294912,5314,294912,52,1
random_linear,"RLC_n48_k42",0.875,48,42,0.01,47,0,7,1,1,1,1,1,9.5012000000000004e-05,0.0062078369999999999,0.00061411300000000001,0.00061411300000000001,SYNDROME_TRELLIS,0.01530516990056279,0.1547141975499623,94,49,45,49,3,49,48,196,1,1,176,294912,6259,294912,52,2
random_linear,"RLC_n48_k42",0.875,48,42,0.01,48,0,10,1,1,1,1,1,5.8851000000000003e-05,0.0079176279999999995,0.00043838699999999999,0.00043838699999999999,SYNDROME_TRELLIS,0.0074329079365688822,0.13424440049545266,94,49,45,49,1,49,48,240,1,1,218,294912,4754,294912,49,1
random_linear,"RLC_n48_k42",0.875,48,42,0.01,49,0,45,1,1,1,1,1,5.9252999999999997e-05,0.019829835000000001,0.000755143,0.000755143,SYNDROME_TRELLIS,0.0029880732744372303,0.078465932942502273,96,49,47,49,1,49,48,585,1,1,529,294912,8035,294912,49,1
random_linear,"RLC_n48_k42",0.875,48,42,0.01,50,0,18,1,1,1,1,1,5.8522e-05,0.011886779,0.000674578,0.000674578,SYNDROME_TRELLIS,0.0049232849369875552,0.086753496259883961,95,49,46,49,1,49,48,366,1,1,329,294912,7190,294912,49,1
random_linear,"RLC_n48_k42",0.875,48,42,0.01,51,0,22,1,1,1,1,1,7.5493000000000004e-05,0.001878607,0.00064256100000000004,0.00064256100000000004,SYNDROME_TRELLIS,0.040185626903338482,0.11748767821265219,91,47,44,47,2,47,48,67,1,1,59,294912,6934,294912,51,1
random_linear,"RLC_n48_k42",0.875,48,42,0.01,52,0,18,1,1,1,1,1,5.7577000000000001e-05,0.019331672000000001,0.00075367800000000003,0.00075367800000000003,SYNDROME_TRELLIS,0.002978376624639607,0.076394693755158033,96,49,47,49,1,49,48,651,1,1,586,294912,8045,294912,49,1
random_linear,"RLC_n48_k42",0.875,48,42,0.01,53,2,37,1,1,1,1,1,5.6302999999999999e-05,0.023355028999999999,0.00089026700000000003,0.00089026700000000003,SYNDROME_TRELLIS,0.0024107441699173227,0.063242824905337391,96,49,47,49,1,49,48,746,1,1,673,294912,10625,294912,49,1
random_linear,"RLC_n48_k42",0.875,48,42,0.01,54,0,17,1,1,1,1,1,7.0834000000000007e-05,0.013995953,0.00052754899999999999,0.00052754899999999999,SYNDROME_TRELLIS,0.0050610344290238762,0.13426999198178749,95,48,47,48,2,48,48,452,1,1,403,294912,5770,294912,50,1
random_linear,"RLC_n48_k42",0.875,48,42,0.01,55,2,22,1,1,1,1,1,7.9765000000000006e-05,0.012663872,0.000651572,0.000651572,SYNDROME_TRELLIS,0.0062986265180191344,0.1224193182027466,95,48,47,48,2,48,48,388,1,1,359,294912,7304,294912,50,1
random_linear,"RLC_n48_k42",0.875,48,42,0.01,56,0,43,1,1,1,1,1,8.2979000000000006e-05,0.029081993,0.00084557299999999996,0.00084557299999999996,SYNDROME_TRELLIS,0.0028532776278434565,0.098133455065381708,96,49,47,49,2,49,48,878,1,1,809,294912,8782,294912,50,2
random_linear,"RLC_n48_k42",0.875,48,42,0.01,57,0,37,1,1,1,1,1,8.6732999999999998e-05,0.0087098599999999998,0.00053388199999999995,0.00053388199999999995,SYNDROME_TRELLIS,0.0099580245836328029,0.16245724710703865,94,48,46,48,2,48,48,268,1,1,238,294912,5143,294912,50,2
random_linear,"RLC_n48_k42",0.875,48,42,0.01,58,1,15,1,1,1,1,1,0.0021634620000000001,0.072716642999999997,0.002734911,0.002734911,SYNDROME_TRELLIS,0.029751951007969388,0.79105389535527848,4604,2226,2378,2226,37,2226,48,2146,1,1,1970,294912,24304,294912,108,31
random_linear,"RLC_n48_k42",0.875,48,42,0.01,59,1,41,1,1,1,1,1,0.0023696429999999998,0.088266222000000005,0.0024769409999999999,0.0024769409999999999,SYNDROME_TRELLIS,0.026846543856833476,0.95668124513260511,4603,2208,2395,2208,30,2208,48,2616,1,1,2351,294912,21916,294912,96,27
random_linear,"RLC_n48_k42",0.875,48,42,0.01,60,0,23,1,1,1,1,1,5.8749000000000003e-05,0.0092826209999999996,0.00073109100000000001,0.00073109100000000001,SYNDROME_TRELLIS,0.0063289236951503246,0.080357985531212942,94,48,46,48,1,48,48,285,1,1,255,294912,7858,294912,49,1
random_linear,"RLC_n48_k42",0.875,48,42,0.01,61,1,35,1,1,1,1,1,7.8747999999999999e-05,0.008371692,0.00057086599999999995,0.00057086599999999995,SYNDROME_TRELLIS,0.0094064616806256128,0.13794480666215891,95,49,46,49,2,49,48,262,1,1,235,294912,5375,294912,50,2
random_linear,"RLC_n48_k42",0.875,48,42,0.01,62,2,1,1,1,1,1,1,6.1290000000000004e-05,0.026392487999999999,0.00089772500000000004,0.00089772500000000004,SYNDROME_TRELLIS,0.0023222516952551048,0.06827257790526052,96,49,47,49,1,49,48,776,1,1,699,294912,9773,294912,49,1
random_linear,"RLC_n48_k42",0.875,48,42,0.01,63,0,5,1,1,1,1,1,7.6923999999999997e-05,0.011079373,0.00069948000000000005,0.00069948000000000005,SYNDROME_TRELLIS,0.0069429921711273729,0.10997312289129066,95,48,47,48,2,48,48,346,1,1,315,294912,8137,294912,50,1
random_linear,"RLC_n48_k42",0.875,48,42,0.01,64,0,14,1,1,1,1,1,0.000107564,0.0046591100000000002,0.00052784200000000005,0.00052784200000000005,SYNDROME_TRELLIS,0.023086812717450327,0.2037806767934344,94,49,45,49,4,49,48,157,1,1,135,294912,5744,294912,52,3
random_linear,"RLC_n48_k42",0.875,48,42,0.01,65,0,39,1,1,1,1,1,7.0939999999999995e-05,0.0058958370000000001,0.00097695399999999993,0.00097695399999999993,SYNDROME_TRELLIS,0.012032218665475316,0.072613449558525792,94,49,45,49,2,49,48,210,1,1,185,294912,10925,294912,50,1
random_linear,"RLC_n48_k42",0.875,48,42,0.01,66,0,34,1,1,1,1,1,7.3436999999999995e-05,0.0016112069999999999,0.00076081800000000002,0.00076081800000000002,SYNDROME_TRELLIS,0.045578873478081962,0.096523741551856015,92,48,44,48,2,48,48,57,1,1,49,294912,8085,294912,49,1
random_linear,"RLC_n48_k42",0.875,48,42,0.01,67,1,2,1,1,1,1,1,0.0020107889999999998,0.110668903,0.0026477549999999999,0.0026477549999999999,SYNDROME_TRELLIS,0.018169412956049631,0.7594316694709291,4603,2202,2401,2202,33,2202,48,3495,1,1,3155,294912,23801,294912,95,30
random_linear,"RLC_n48_k42",0.875,48,42,0.01,68,0,43,1,1,1,1,1,6.0383000000000001e-05,0.026449937999999999,0.00051399599999999996,0.00051399599999999996,SYNDROME_TRELLIS,0.0022829165043789517,0.1174775679188165,96,49,47,49,1,49,48,782,1,1,707,294912,5409,294912,49,1
random_linear,"RLC_n48_k42",0.875,48,42,0.01,69,4,35,1,1,1,1,1,5.9775999999999998e-05,0.016728616000000002,0.00079723900000000004,0.00079723900000000004,SYNDROME_TRELLIS,0.0035732782676104221,0.074978770481624699,95,48,47,48,1,48,48,496,1,1,452,294912,8356,294912,49,1
random_linear,"RLC_n48_k42",0.875,48,42,0.01,70,0,33,1,1,1,1,1,9.7631000000000001e-05,0.0096127490000000003,0.00058700799999999997,0.00058700799999999997,SYNDROME_TRELLIS,0.010156407912034321,0.16631970944177935,94,48,46,48,3,48,48,288,1,1,260,294912,5957,294912,50,2
random_linear,"RLC_n48_k42",0.875,48,42,0.01,71,0,38,1,1,1,1,1,9.4412000000000003e-05,0.0058575049999999998,0.000613045,0.000613045,SYNDROME_TRELLIS,0.016118125379321061,0.15400500778898776,94,48,46,48,3,48,48,183,1,1,161,294912,6207,294912,52,2
random_linear,"RLC_n48_k42",0.875,48,42,0.01,72,0,5,1,1,1,1,1,8.0432999999999994e-05,0.003011171,0.00085632199999999996,0.00085632199999999996,SYNDROME_TRELLIS,0.026711535146957777,0.093928452147673425,93,48,45,48,2,48,48,97,1,1,85,294912,8868,294912,52,1
random_linear,"RLC_n48_k42",0.875,48,42,0.01,73,0,38,1,1,1,1,1,5.8520999999999998e-05,0.011624943,0.00082656400000000001,0.00082656400000000001,SYNDROME_TRELLIS,0.0050340891994051064,0.070800325201678269,95,48,47,48,1,48,48,356,1,1,320,294912,8498,294912,49,1
random_linear,"RLC_n48_k42",0.875,48,42,0.01,74,1,18,1,1,1,1,1,5.8270000000000003e-05,0.019109543,0.00077197099999999999,0.00077197099999999999,SYNDROME_TRELLIS,0.0030492618269311834,0.075482110079264642,96,49,47,49,1,49,48,577,1,1,530,294912,8136,294912,49,1
random_linear,"RLC_n48_k42",0.875,48,42,0.01,75,0,5,1,1,1,1,1,9.3494999999999998e-05,0.0035244149999999999,0.00053502599999999997,0.00053502599999999997,SYNDROME_TRELLIS,0.026527806742395545,0.17474851689450607,92,47,45,47,3,47,48,116,1,1,105,294912,5431,294912,51,1
random_linear,"RLC_n48_k42",0.875,48,42,0.01,76,0,22,1,1,1,1,1,7.7516999999999997e-05,0.00199774,0.00077900300000000001,0.00077900300000000001,SYNDROME_TRELLIS,0.038802346651716439,0.099507960816582211,92,47,45,47,2,47,48,71,1,1,62,294912,8451,294912,50,2
random_linear,"RLC_n48_k42",0.875,48,42,0.01,77,0,11,1,1,1,1,1,9.3400999999999996e-05,0.0024636580000000001,0.00072886100000000003,0.00072886100000000003,SYNDROME_TRELLIS,0.037911512068639394,0.12814651902077351,91,47,44,47,3,47,48,81,1,1,73,294912,7628,294912,55,2
random_linear,"RLC_n48_k42",0.875,48,42,0.01,78,1,39,1,1,1,1,1,0.0020948730000000001,0.064598185000000002,0.0025811549999999999,0.0025811549999999999,SYNDROME_TRELLIS,0.032429285745412199,0.81160294519314036,4602,2227,2375,2227,35,2227,48,1889,1,1,1778,294912,21925,294912,118,33
random_linear,"RLC_n48_k42",0.875,48,42,0.01,79,0,43,1,1,1,1,1,9.8611999999999997e-05,0.0092716570000000009,0.00069333700000000003,0.00069333700000000003,SYNDROME_TRELLIS,0.010635855058054885,0.14222809398604142,94,48,46,48,3,48,48,270,1,1,250,294912,7322,294912,53,2
named_crc_linear,"CRC_n48_k36_CRC-12/UMTS-like",0.75,48,36,0.002,0,0,20,1,1,1,1,1,6.2446999999999994e-05,0.0088222909999999995,0.013066569,0.0088222909999999995,PREFIX_ASTAR,0.0070783201324916617,0.0070783201324916617,95,48,47,48,1,48,48,269,1,1,227,18874368,6480,18874368,49,1
named_crc_linear,"CRC_n48_k36_CRC-12/UMTS-like",0.75,48,36,0.002,1,0,39,1,1,1,1,1,5.6174999999999997e-05,0.0064936990000000003,0.012326518999999999,0.0064936990000000003,PREFIX_ASTAR,0.0086506935415392658,0.0086506935415392658,94,47,47,47,1,47,48,221,1,1,183,18874368,6117,18874368,49,1
named_crc_linear,"CRC_n48_k36_CRC-12/UMTS-like",0.75,48,36,0.002,2,0,4,1,1,1,1,1,5.8374e-05,0.010798086,0.013922294,0.010798086,PREFIX_ASTAR,0.0054059580558999069,0.0054059580558999069,95,49,46,49,1,49,48,338,1,1,304,18874368,7809,18874368,49,1
named_crc_linear,"CRC_n48_k36_CRC-12/UMTS-like",0.75,48,36,0.002,3,0,44,1,1,1,1,1,6.1736000000000007e-05,0.015119059000000001,0.014041069999999999,0.014041069999999999,SYNDROME_TRELLIS,0.0040833229105065334,0.0043968159121776339,96,49,47,49,1,49,48,450,1,1,396,18874368,7900,18874368,49,1
named_crc_linear,"CRC_n48_k36_CRC-12/UMTS-like",0.75,48,36,0.002,4,0,31,1,1,1,1,1,6.0652999999999997e-05,0.0066581110000000004,0.013823627999999999,0.0066581110000000004,PREFIX_ASTAR,0.009109640857594593,0.009109640857594593,94,49,45,49,1,49,48,211,1,1,176,18874368,6425,18874368,49,1
named_crc_linear,"CRC_n48_k36_CRC-12/UMTS-like",0.75,48,36,0.002,5,1,42,1,1,1,1,1,0.0014621759999999999,0.17897411199999999,0.014117032,0.014117032,SYNDROME_TRELLIS,0.0081697625632024366,0.10357531243111158,4606,2209,2397,2209,1,2209,48,5330,1,1,4509,18874368,9064,18874368,49,1
named_crc_linear,"CRC_n48_k36_CRC-12/UMTS-like",0.75,48,36,0.002,6,0,15,1,1,1,1,1,6.2854000000000005e-05,0.010077900000000001,0.013009217,0.010077900000000001,PREFIX_ASTAR,0.0062368152095178559,0.0062368152095178559,95,48,47,48,1,48,48,311,1,1,277,18874368,8236,18874368,49,1
named_crc_linear,"CRC_n48_k36_CRC-12/UMTS-like",0.75,48,36,0.002,7,0,13,1,1,1,1,1,5.9157000000000003e-05,0.0056110309999999998,0.013237636000000001,0.0056110309999999998,PREFIX_ASTAR,0.010542982207726174,0.010542982207726174,95,49,46,49,1,49,48,197,1,1,168,18874368,10596,18874368,49,1
named_crc_linear,"CRC_n48_k36_CRC-12/UMTS-like",0.75,48,36,0.002,8,0,32,1,1,1,1,1,5.9957999999999998e-05,0.005214425,0.0125161,0.005214425,PREFIX_ASTAR,0.011498487369173015,0.011498487369173015,94,47,47,47,1,47,48,186,1,1,161,18874368,8318,18874368,49,1
named_crc_linear,"CRC_n48_k36_CRC-12/UMTS-like",0.75,48,36,0.002,9,0,18,1,1,1,1,1,5.5439000000000002e-05,0.0078300990000000001,0.013149104,0.0078300990000000001,PREFIX_ASTAR,0.0070802425358862005,0.0070802425358862005,95,48,47,48,1,48,48,255,1,1,227,18874368,11738,18874368,49,1
named_crc_linear,"CRC_n48_k36_CRC-12/UMTS-like",0.75,48,36,0.002,10,0,43,1,1,1,1,1,6.4352999999999999e-05,0.0054367019999999999,0.014032164999999999,0.0054367019999999999,PREFIX_ASTAR,0.01183677163103661,0.01183677163103661,94,49,45,49,1,49,48,195,1,1,159,18874368,6965,18874368,49,1
named_crc_linear,"CRC_n48_k36_CRC-12/UMTS-like",0.75,48,36,0.002,11,0,9,1,1,1,1,1,6.7821e-05,0.021093429,0.013815153,0.013815153,SYNDROME_TRELLIS,0.003215266706992021,0.0049091747300952799,96,49,47,49,1,49,48,639,1,1,539,18874368,6395,18874368,49,1
named_crc_linear,"CRC_n48_k36_CRC-12/UMTS-like",0.75,48,36,0.002,12,0,24,1,1,1,1,1,6.1791999999999994e-05,0.021467778999999999,0.01382279,0.01382279,SYNDROME_TRELLIS,0.0028783601694427727,0.0044702986878915182,96,49,47,49,1,49,48,643,1,1,555,18874368,7116,18874368,49,1
named_crc_linear,"CRC_n48_k36_CRC-12/UMTS-like",0.75,48,36,0.002,13,0,43,1,1,1,1,1,6.2111000000000002e-05,0.019079147000000001,0.013641709,0.013641709,SYNDROME_TRELLIS,0.0032554390403302619,0.0045530219124304732,96,49,47,49,1,49,48,580,1,1,496,18874368,7453,18874368,49,1
named_crc_linear,"CRC_n48_k36_CRC-12/UMTS-like",0.75,48,36,0.002,14,0,32,1,1,1,1,1,5.9732999999999999e-05,0.0036171480000000002,0.015435245,0.0036171480000000002,PREFIX_ASTAR,0.01651383907984965,0.01651383907984965,93,47,46,47,1,47,48,124,1,1,100,18874368,19891,18874368,49,1
named_crc_linear,"CRC_n48_k36_CRC-12/UMTS-like",0.75,48,36,0.002,15,0,14,1,1,1,1,1,6.1525999999999993e-05,0.012254114999999999,0.014145603,0.012254114999999999,PREFIX_ASTAR,0.0050208440185194932,0.0050208440185194932,95,48,47,48,1,48,48,370,1,1,318,18874368,8298,18874368,49,1
named_crc_linear,"CRC_n48_k36_CRC-12/UMTS-like",0.75,48,36,0.002,16,1,11,1,1,1,1,1,0.00149978,0.34328165199999999,0.014147857,0.014147857,SYNDROME_TRELLIS,0.0043689489119564133,0.10600757415062932,4607,2226,2381,2226,1,2226,48,9503,1,1,8067,18874368,7476,18874368,49,1
named_crc_linear,"CRC_n48_k36_CRC-12/UMTS-like",0.75,48,36,0.002,17,0,8,1,1,1,1,1,6.3270999999999998e-05,0.02220683,0.014038818999999999,0.014038818999999999,SYNDROME_TRELLIS,0.0028491684765452789,0.0045068605842129598,96,49,47,49,1,49,48,648,1,1,556,18874368,7011,18874368,49,1
named_crc_linear,"CRC_n48_k36_CRC-12/UMTS-like",0.75,48,36,0.002,18,1,0,1,1,1,1,1,0.0014618299999999999,0.37897050399999999,0.01256737,0.01256737,SYNDROME_TRELLIS,0.0038573714433458913,0.11631948450630482,4608,2228,2380,2228,2,2228,48,10965,1,1,9271,18874368,7570,18874368,50,2
named_crc_linear,"CRC_n48_k36_CRC-12/UMTS-like",0.75,48,36,0.002,19,0,31,1,1,1,1,1,5.4843999999999999e-05,0.002286171,0.012543846000000001,0.002286171,PREFIX_ASTAR,0.023989456606701771,0.023989456606701771,93,48,45,48,1,48,48,93,1,1,73,18874368,6132,18874368,49,1
named_crc_linear,"CRC_n48_k36_CRC-12/UMTS-like",0.75,48,36,0.002,20,1,45,1,1,1,1,1,0.0013742750000000001,0.048862478000000001,0.012810983,0.012810983,SYNDROME_TRELLIS,0.028125364415615601,0.10727318895044979,4603,2219,2384,2219,2,2219,48,1467,1,1,1299,18874368,7415,18874368,50,2
named_crc_linear,"CRC_n48_k36_CRC-12/UMTS-like",0.75,48,36,0.002,21,0,7,1,1,1,1,1,6.2157999999999997e-05,0.008879629,0.01401929,0.008879629,PREFIX_ASTAR,0.0070000672325386563,0.0070000672325386563,94,47,47,47,1,47,48,279,1,1,238,18874368,6818,18874368,49,1
named_crc_linear,"CRC_n48_k36_CRC-12/UMTS-like",0.75,48,36,0.002,22,0,23,1,1,1,1,1,6.7076999999999995e-05,0.012607076,0.014129674,0.012607076,PREFIX_ASTAR,0.0053205834564652417,0.0053205834564652417,95,48,47,48,1,48,48,377,1,1,335,18874368,7264,18874368,49,1
named_crc_linear,"CRC_n48_k36_CRC-12/UMTS-like",0.75,48,36,0.002,23,0,36,1,1,1,1,1,6.1679000000000004e-05,0.0048835240000000002,0.014050910999999999,0.0048835240000000002,PREFIX_ASTAR,0.012630018814282473,0.012630018814282473,94,48,46,48,1,48,48,156,1,1,134,18874368,8562,18874368,49,1
named_crc_linear,"CRC_n48_k36_CRC-12/UMTS-like",0.75,48,36,0.002,24,0,40,1,1,1,1,1,6.2958000000000003e-05,0.023325545999999999,0.014202497999999999,0.014202497999999999,SYNDROME_TRELLIS,0.0026991008056145827,0.0044328821591807302,96,49,47,49,1,49,48,727,1,1,654,18874368,8053,18874368,49,1
named_crc_linear,"CRC_n48_k36_CRC-12/UMTS-like",0.75,48,36,0.002,25,1,0,1,1,1,1,1,0.001591922,0.30865127399999998,0.015837871,0.015837871,SYNDROME_TRELLIS,0.0051576718908991123,0.10051363595523666,4607,2234,2373,2234,3,2234,48,8714,1,1,7277,18874368,8987,18874368,52,3
named_crc_linear,"CRC_n48_k36_CRC-12/UMTS-like",0.75,48,36,0.002,26,0,26,1,1,1,1,1,6.0461000000000003e-05,0.0026625170000000001,0.013853580000000001,0.0026625170000000001,PREFIX_ASTAR,0.022708211816112347,0.022708211816112347,93,47,46,47,1,47,48,96,1,1,73,18874368,7947,18874368,49,1
named_crc_linear,"CRC_n48_k36_CRC-12/UMTS-like",0.75,48,36,0.002,27,0,37,1,1,1,1,1,6.1483999999999996e-05,0.017435539999999999,0.013807654000000001,0.013807654000000001,SYNDROME_TRELLIS,0.0035263605256848941,0.0044528925768273159,96,49,47,49,1,49,48,507,1,1,451,18874368,8082,18874368,49,1
named_crc_linear,"CRC_n48_k36_CRC-12/UMTS-like",0.75,48,36,0.002,28,1,21,1,1,1,1,1,0.001481106,0.057268105999999999,0.014190851000000001,0.014190851000000001,SYNDROME_TRELLIS,0.025862667782308009,0.10437048489903812,4605,2235,2370,2235,1,2235,48,1733,1,1,1509,18874368,11008,18874368,49,1
named_crc_linear,"CRC_n48_k36_CRC-12/UMTS-like",0.75,48,36,0.002,29,0,33,1,1,1,1,1,5.5473000000000002e-05,0.0019929040000000002,0.013008249,0.0019929040000000002,PREFIX_ASTAR,0.02783525950070851,0.02783525950070851,93,48,45,48,1,48,48,76,1,1,59,18874368,4754,18874368,49,1
named_crc_linear,"CRC_n48_k36_CRC-12/UMTS-like",0.75,48,36,0.002,30,0,14,1,1,1,1,1,5.4466000000000003e-05,0.0072476989999999998,0.012423141,0.0072476989999999998,PREFIX_ASTAR,0.0075149368095998471,0.0075149368095998471,95,48,47,48,1,48,48,250,1,1,211,18874368,5753,18874368,49,1
named_crc_linear,"CRC_n48_k36_CRC-12/UMTS-like",0.75,48,36,0.002,31,0,10,1,1,1,1,1,6.1858000000000003e-05,0.014923830000000001,0.013404261000000001,0.013404261000000001,SYNDROME_TRELLIS,0.0041449145427145716,0.0046148012188064677,96,49,47,49,1,49,48,503,1,1,424,18874368,9216,18874368,49,1
named_crc_linear,"CRC_n48_k36_CRC-12/UMTS-like",0.75,48,36,0.002,32,0,26,1,1,1,1,1,5.9531000000000003e-05,0.011629062000000001,0.013763317000000001,0.011629062000000001,PREFIX_ASTAR,0.005119157503846828,0.005119157503846828,95,48,47,48,1,48,48,358,1,1,323,18874368,6088,18874368,49,1
named_crc_linear,"CRC_n48_k36_CRC-12/UMTS-like",0.75,48,36,0.002,33,0,12,1,1,1,1,1,5.9080999999999999e-05,0.0022133579999999999,0.014414339999999999,0.0022133579999999999,PREFIX_ASTAR,0.026692925410168621,0.026692925410168621,92,48,44,48,1,48,48,83,1,1,68,18874368,10741,18874368,49,1
named_crc_linear,"CRC_n48_k36_CRC-12/UMTS-like",0.75,48,36,0.002,34,0,19,1,1,1,1,1,5.7123999999999997e-05,0.0016884700000000001,0.013796938999999999,0.0016884700000000001,PREFIX_ASTAR,0.033831812232376052,0.033831812232376052,90,45,45,45,1,45,48,66,1,1,49,18874368,7446,18874368,49,1
named_crc_linear,"CRC_n48_k36_CRC-12/UMTS-like",0.75,48,36,0.002,35,0,35,1,1,1,1,1,6.0782999999999997e-05,0.0071754410000000003,0.014458551,0.0071754410000000003,PREFIX_ASTAR,0.008470977602630974,0.008470977602630974,94,48,46,48,1,48,48,224,1,1,194,18874368,11794,18874368,49,1
named_crc_linear,"CRC_n48_k36_CRC-12/UMTS-like",0.75,48,36,0.002,36,0,28,1,1,1,1,1,6.9132000000000002e-05,0.0020875780000000001,0.013677197,0.0020875780000000001,PREFIX_ASTAR,0.033115888364410817,0.033115888364410817,93,48,45,48,1,48,48,79,1,1,56,18874368,5896,18874368,49,1
named_crc_linear,"CRC_n48_k36_CRC-12/UMTS-like",0.75,48,36,0.002,37,0,25,1,1,1,1,1,6.2730000000000004e-05,0.015223680999999999,0.013661156000000001,0.013661156000000001,SYNDROME_TRELLIS,0.0041205540236950583,0.0045918515241316332,96,49,47,49,1,49,48,461,1,1,405,18874368,6206,18874368,49,1
named_crc_linear,"CRC_n48_k36_CRC-12/UMTS-like",0.75,48,36,0.002,38,0,42,1,1,1,1,1,6.1362e-05,0.010370176,0.013763958999999999,0.010370176,PREFIX_ASTAR,0.0059171609045015243,0.0059171609045015243,95,48,47,48,1,48,48,316,1,1,269,18874368,6712,18874368,49,1
named_crc_linear,"CRC_n48_k36_CRC-12/UMTS-like",0.75,48,36,0.002,39,0,21,1,1,1,1,1,6.1721000000000001e-05,0.015141755999999999,0.014461172,0.014461172,SYNDROME_TRELLIS,0.0040762115041346591,0.0042680496435558617,96,49,47,49,1,49,48,465,1,1,407,18874368,6681,18874368,49,1
named_crc_linear,"CRC_n48_k36_CRC-12/UMTS-like",0.75,48,36,0.002,40,0,16,1,1,1,1,1,6.0829000000000003e-05,0.0056155839999999999,0.015099519,0.0056155839999999999,PREFIX_ASTAR,0.010832177027358152,0.010832177027358152,94,47,47,47,1,47,48,179,1,1,152,18874368,6992,18874368,49,1
named_crc_linear,"CRC_n48_k36_CRC-12/UMTS-like",0.75,48,36,0.002,41,0,15,1,1,1,1,1,6.1753000000000003e-05,0.019614725999999999,0.01431783,0.01431783,SYNDROME_TRELLIS,0.0031482978655934324,0.004313013913421238,96,49,47,49,1,49,48,584,1,1,496,18874368,7997,18874368,49,1
named_crc_linear,"CRC_n48_k36_CRC-12/UMTS-like",0.75,48,36,0.002,42,0,8,1,1,1,1,1,6.1814000000000001e-05,0.0087032029999999996,0.013664446,0.0087032029999999996,PREFIX_ASTAR,0.0071024426294549262,0.0071024426294549262,95,48,47,48,1,48,48,280,1,1,240,18874368,7210,18874368,49,1
named_crc_linear,"CRC_n48_k36_CRC-12/UMTS-like",0.75,48,36,0.002,43,0,37,1,1,1,1,1,6.0140999999999999e-05,0.0091845869999999993,0.013432727,0.0091845869999999993,PREFIX_ASTAR,0.0065480353117674216,0.0065480353117674216,95,49,46,49,1,49,48,292,1,1,256,18874368,8910,18874368,49,1
named_crc_linear,"CRC_n48_k36_CRC-12/UMTS-like",0.75,48,36,0.002,44,0,41,1,1,1,1,1,5.9902999999999999e-05,0.0066826100000000003,0.012845113999999999,0.0066826100000000003,PREFIX_ASTAR,0.0089640125639533046,0.0089640125639533046,95,49,46,49,1,49,48,225,1,1,196,18874368,7361,18874368,49,1
named_crc_linear,"CRC_n48_k36_CRC-12/UMTS-like",0.75,48,36,0.002,45,1,38,1,1,1,1,1,0.0014826539999999999,0.22522314800000001,0.013661744999999999,0.013661744999999999,SYNDROME_TRELLIS,0.0065830444746292236,0.10852596062948035,4607,2207,2400,2207,1,2207,48,6650,1,1,5641,18874368,6490,18874368,49,1
named_crc_linear,"CRC_n48_k36_CRC-12/UMTS-like",0.75,48,36,0.002,46,0,4,1,1,1,1,1,6.6758e-05,0.012351312999999999,0.014404805,0.012351312999999999,PREFIX_ASTAR,0.0054049314433210465,0.0054049314433210465,95,48,47,48,1,48,48,369,1,1,324,18874368,9968,18874368,49,1
named_crc_linear,"CRC_n48_k36_CRC-12/UMTS-like",0.75,48,36,0.002,47,0,1,1,1,1,1,1,6.2667000000000002e-05,0.023102464,0.013878865000000001,0.013878865000000001,SYNDROME_TRELLIS,0.0027125678022915651,0.0045152827698806781,96,49,47,49,1,49,48,686,1,1,589,18874368,7956,18874368,49,1
named_crc_linear,"CRC_n48_k36_CRC-12/UMTS-like",0.75,48,36,0.002,48,0,6,1,1,1,1,1,5.9750000000000002e-05,0.0037058550000000001,0.01282723,0.0037058550000000001,PREFIX_ASTAR,0.016123134877106631,0.016123134877106631,93,49,44,49,1,49,48,141,1,1,121,18874368,6959,18874368,49,1
named_crc_linear,"CRC_n48_k36_CRC-12/UMTS-like",0.75,48,36,0.002,49,0,38,1,1,1,1,1,5.6561000000000003e-05,0.0059095229999999999,0.012354835999999999,0.0059095229999999999,PREFIX_ASTAR,0.009571161665670817,0.009571161665670817,95,49,46,49,1,49,48,222,1,1,190,18874368,7343,18874368,49,1
named_crc_linear,"CRC_n48_k36_CRC-12/UMTS-like",0.75,48,36,0.002,50,0,38,1,1,1,1,1,6.3171999999999998e-05,0.023450293000000001,0.013791605,0.013791605,SYNDROME_TRELLIS,0.0026938682599829348,0.0045804676105500406,96,49,47,49,1,49,48,757,1,1,667,18874368,7118,18874368,49,1
named_crc_linear,"CRC_n48_k36_CRC-12/UMTS-like",0.75,48,36,0.002,51,0,29,1,1,1,1,1,5.8115999999999997e-05,0.0013459769999999999,0.013198799000000001,0.0013459769999999999,PREFIX_ASTAR,0.043177558011763949,0.043177558011763949,90,46,44,46,1,46,48,55,1,1,41,18874368,5670,18874368,49,1
named_crc_linear,"CRC_n48_k36_CRC-12/UMTS-like",0.75,48,36,0.002,52,1,35,1,1,1,1,1,0.001493044,0.044986861000000003,0.013956868000000001,0.013956868000000001,SYNDROME_TRELLIS,0.033188445844221044,0.10697557646887539,4601,2204,2397,2204,1,2204,48,1382,1,1,1255,18874368,7308,18874368,49,1
named_crc_linear,"CRC_n48_k36_CRC-12/UMTS-like",0.75,48,36,0.002,53,0,16,1,1,1,1,1,6.1797999999999993e-05,0.0048981399999999996,0.014900309,0.0048981399999999996,PREFIX_ASTAR,0.01261662590289375,0.01261662590289375,94,47,47,47,1,47,48,151,1,1,130,18874368,15374,18874368,49,1
named_crc_linear,"CRC_n48_k36_CRC-12/UMTS-like",0.75,48,36,0.002,54,0,12,1,1,1,1,1,6.1008000000000003e-05,0.01198047,0.014422717999999999,0.01198047,PREFIX_ASTAR,0.005092287698228868,0.005092287698228868,95,49,46,49,1,49,48,358,1,1,316,18874368,9366,18874368,49,1
named_crc_linear,"CRC_n48_k36_CRC-12/UMTS-like",0.75,48,36,0.002,55,0,0,1,1,1,1,1,6.3114000000000006e-05,0.025497381999999999,0.015028044000000001,0.015028044000000001,SYNDROME_TRELLIS,0.0024753129556595267,0.004199748150857158,96,49,47,49,1,49,48,758,1,1,667,18874368,14847,18874368,49,1
named_crc_linear,"CRC_n48_k36_CRC-12/UMTS-like",0.75,48,36,0.002,56,0,18,1,1,1,1,1,6.0378999999999999e-05,0.010753761000000001,0.014863902,0.010753761000000001,PREFIX_ASTAR,0.0056146868058533196,0.0056146868058533196,95,48,47,48,1,48,48,289,1,1,257,18874368,9932,18874368,49,1
named_crc_linear,"CRC_n48_k36_CRC-12/UMTS-like",0.75,48,36,0.002,57,0,38,1,1,1,1,1,6.1441999999999999e-05,0.015913554,0.013721374,0.013721374,SYNDROME_TRELLIS,0.00386098542160978,0.0044778314474920658,96,49,47,49,1,49,48,494,1,1,438,18874368,6436,18874368,49,1
named_crc_linear,"CRC_n48_k36_CRC-12/UMTS-like",0.75,48,36,0.002,58,0,19,1,1,1,1,1,6.2545999999999994e-05,0.020024536999999999,0.01360722,0.01360722,SYNDROME_TRELLIS,0.0031234679733169362,0.0045965303713763721,96,49,47,49,1,49,48,587,1,1,517,18874368,7436,18874368,49,1
named_crc_linear,"CRC_n48_k36_CRC-12/UMTS-like",0.75,48,36,0.002,59,0,24,1,1,1,1,1,6.2642000000000001e-05,0.017777368000000002,0.012910781,0.012910781,SYNDROME_TRELLIS,0.0035236937211402721,0.004851914070883861,96,49,47,49,1,49,48,532,1,1,474,18874368,8914,18874368,49,1
named_crc_linear,"CRC_n48_k36_CRC-12/UMTS-like",0.75,48,36,0.002,60,0,17,1,1,1,1,1,6.5879999999999999e-05,0.020929848000000001,0.01338956,0.01338956,SYNDROME_TRELLIS,0.003147657832966584,0.0049202513002667746,96,49,47,49,1,49,48,648,1,1,573,18874368,8512,18874368,49,1
named_crc_linear,"CRC_n48_k36_CRC-12/UMTS-like",0.75,48,36,0.002,61,0,7,1,1,1,1,1,6.4938999999999996e-05,0.0050776129999999999,0.014608279,0.0050776129999999999,PREFIX_ASTAR,0.012789277166259027,0.012789277166259027,94,48,46,48,1,48,48,158,1,1,130,18874368,10506,18874368,49,1
named_crc_linear,"CRC_n48_k36_CRC-12/UMTS-like",0.75,48,36,0.002,62,0,16,1,1,1,1,1,6.2665999999999999e-05,0.021038556999999999,0.014042423,0.014042423,SYNDROME_TRELLIS,0.0029786263382987721,0.0044626201617769239,96,49,47,49,1,49,48,627,1,1,534,18874368,7031,18874368,49,1
named_crc_linear,"CRC_n48_k36_CRC-12/UMTS-like",0.75,48,36,0.002,63,0,32,1,1,1,1,1,6.1332000000000002e-05,0.0020490080000000002,0.014182449,0.0020490080000000002,PREFIX_ASTAR,0.029932533206312516,0.029932533206312516,91,46,45,46,1,46,48,74,1,1,59,18874368,6501,18874368,49,1
named_crc_linear,"CRC_n48_k36_CRC-12/UMTS-like",0.75,48,36,0.002,64,0,42,1,1,1,1,1,6.2130000000000003e-05,0.0040815640000000002,0.015727642,0.0040815640000000002,PREFIX_ASTAR,0.015222106035823522,0.015222106035823522,94,48,46,48,1,48,48,128,1,1,108,18874368,19694,18874368,49,1
named_crc_linear,"CRC_n48_k36_CRC-12/UMTS-like",0.75,48,36,0.002,65,0,0,1,1,1,1,1,8.0731999999999999e-05,0.0041433989999999999,0.014178323,0.0041433989999999999,PREFIX_ASTAR,0.019484486046359523,0.019484486046359523,94,49,45,49,2,49,48,133,1,1,108,18874368,7412,18874368,50,1
named_crc_linear,"CRC_n48_k36_CRC-12/UMTS-like",0.75,48,36,0.002,66,0,27,1,1,1,1,1,6.0334999999999997e-05,0.0054526080000000003,0.014202342999999999,0.0054526080000000003,PREFIX_ASTAR,0.011065347077948753,0.011065347077948753,94,49,45,49,1,49,48,174,1,1,145,18874368,7302,18874368,49,1
named_crc_linear,"CRC_n48_k36_CRC-12/UMTS-like",0.75,48,36,0.002,67,0,44,1,1,1,1,1,6.1072000000000001e-05,0.0032574639999999998,0.013513481000000001,0.0032574639999999998,PREFIX_ASTAR,0.018748326919345849,0.018748326919345849,93,46,47,46,1,46,48,109,1,1,90,18874368,4880,18874368,49,1
named_crc_linear,"CRC_n48_k36_CRC-12/UMTS-like",0.75,48,36,0.002,68,0,44,1,1,1,1,1,6.3299000000000005e-05,0.019671155999999999,0.01410603,0.01410603,SYNDROME_TRELLIS,0.0032178586759212327,0.0044873717126647263,96,49,47,49,1,49,48,589,1,1,514,18874368,8906,18874368,49,1
named_crc_linear,"CRC_n48_k36_CRC-12/UMTS-like",0.75,48,36,0.002,69,0,10,1,1,1,1,1,6.1382000000000003e-05,0.021439435999999999,0.014110846,0.014110846,SYNDROME_TRELLIS,0.0028630417330008126,0.0043499872367680865,96,49,47,49,1,49,48,625,1,1,555,18874368,7398,18874368,49,1
named_crc_linear,"CRC_n48_k36_CRC-12/UMTS-like",0.75,48,36,0.002,70,0,18,1,1,1,1,1,5.7595e-05,0.001728324,0.013664964,0.001728324,PREFIX_ASTAR,0.033324191528903147,0.033324191528903147,91,48,43,48,1,48,48,66,1,1,52,18874368,5628,18874368,49,1
named_crc_linear,"CRC_n48_k36_CRC-12/UMTS-like",0.75,48,36,0.002,71,0,22,1,1,1,1,1,6.1284999999999993e-05,0.010819534,0.014279385,0.010819534,PREFIX_ASTAR,0.0056642920110977048,0.0056642920110977048,95,49,46,49,1,49,48,327,1,1,280,18874368,13874,18874368,49,1
named_crc_linear,"CRC_n48_k36_CRC-12/UMTS-like",0.75,48,36,0.002,72,0,1,1,1,1,1,1,5.8625999999999997e-05,0.0045097510000000002,0.013581200999999999,0.0045097510000000002,PREFIX_ASTAR,0.012999830811058082,0.012999830811058082,93,47,46,47,1,47,48,164,1,1,130,18874368,6976,18874368,50,1
named_crc_linear,"CRC_n48_k36_CRC-12/UMTS-like",0.75,48,36,0.002,73,1,40,1,1,1,1,1,0.00145933,0.084934061000000005,0.014125957,0.014125957,SYNDROME_TRELLIS,0.017181917158064535,0.10330839885750749,4604,2220,2384,2220,2,2220,48,2634,1,1,2291,18874368,9228,18874368,51,2
named_crc_linear,"CRC_n48_k36_CRC-12/UMTS-like",0.75,48,36,0.002,74,1,15,1,1,1,1,1,0.0015095270000000001,0.101255414,0.013765414,0.013765414,SYNDROME_TRELLIS,0.014908111481327804,0.10966085001148532,4605,2190,2415,2190,3,2190,48,3090,1,1,2692,18874368,6504,18874368,51,1
named_crc_linear,"CRC_n48_k36_CRC-12/UMTS-like",0.75,48,36,0.002,75,1,39,1,1,1,1,1,0.001486694,0.14311390099999999,0.013826326999999999,0.013826326999999999,SYNDROME_TRELLIS,0.010388187238359187,0.10752631555726984,4606,2215,2391,2215,1,2215,48,4156,1,1,3613,18874368,7841,18874368,49,1
named_crc_linear,"CRC_n48_k36_CRC-12/UMTS-like",0.75,48,36,0.002,76,0,31,1,1,1,1,1,6.0050000000000003e-05,0.0013926520000000001,0.013417600999999999,0.0013926520000000001,PREFIX_ASTAR,0.043119171192803368,0.043119171192803368,91,47,44,47,1,47,48,54,1,1,40,18874368,4857,18874368,49,1
named_crc_linear,"CRC_n48_k36_CRC-12/UMTS-like",0.75,48,36,0.002,77,0,22,1,1,1,1,1,6.2580000000000001e-05,0.012726769000000001,0.013842419999999999,0.012726769000000001,PREFIX_ASTAR,0.0049171946155383188,0.0049171946155383188,95,49,46,49,1,49,48,384,1,1,336,18874368,7451,18874368,49,1
named_crc_linear,"CRC_n48_k36_CRC-12/UMTS-like",0.75,48,36,0.002,78,0,36,1,1,1,1,1,6.1576999999999997e-05,0.020828857999999999,0.015307715,0.015307715,SYNDROME_TRELLIS,0.0029563310672145347,0.0040226121272835301,96,49,47,49,1,49,48,639,1,1,567,18874368,19704,18874368,49,1
named_crc_linear,"CRC_n48_k36_CRC-12/UMTS-like",0.75,48,36,0.002,79,0,2,1,1,1,1,1,6.1639999999999999e-05,0.0020340139999999998,0.013864151999999999,0.0020340139999999998,PREFIX_ASTAR,0.030304609506129263,0.030304609506129263,87,48,39,48,1,48,48,76,1,1,62,18874368,7642,18874368,49,1
named_crc_linear,"CRC_n48_k36_CRC-12/UMTS-like",0.75,48,36,0.0050000000000000001,0,0,19,1,1,1,1,1,6.5412000000000003e-05,0.0016589879999999999,0.013661856999999999,0.0016589879999999999,PREFIX_ASTAR,0.039428856628257715,0.039428856628257715,89,46,43,46,1,46,48,61,1,1,46,18874368,7101,18874368,49,1
named_crc_linear,"CRC_n48_k36_CRC-12/UMTS-like",0.75,48,36,0.0050000000000000001,1,1,6,1,1,1,1,1,0.001534421,0.067980606999999998,0.014187076999999999,0.014187076999999999,SYNDROME_TRELLIS,0.022571451884800028,0.10815624670254487,4603,2206,2397,2206,2,2206,48,2042,1,1,1768,18874368,8673,18874368,50,2
named_crc_linear,"CRC_n48_k36_CRC-12/UMTS-like",0.75,48,36,0.0050000000000000001,2,0,27,1,1,1,1,1,6.7805000000000006e-05,0.010227282000000001,0.014967022,0.010227282000000001,PREFIX_ASTAR,0.0066298162111888574,0.0066298162111888574,95,48,47,48,1,48,48,306,1,1,267,18874368,15363,18874368,49,1
named_crc_linear,"CRC_n48_k36_CRC-12/UMTS-like",0.75,48,36,0.0050000000000000001,3,0,9,1,1,1,1,1,6.1184000000000002e-05,0.0043489870000000003,0.013232219999999999,0.0043489870000000003,PREFIX_ASTAR,0.014068563552845754,0.014068563552845754,94,48,46,48,1,48,48,147,1,1,124,18874368,5511,18874368,49,1
named_crc_linear,"CRC_n48_k36_CRC-12/UMTS-like",0.75,48,36,0.0050000000000000001,4,2,12,1,1,1,1,1,0.035359767,1.3740073749999999,0.014559040000000001,0.014559040000000001,SYNDROME_TRELLIS,0.02573477234792863,2.4287155609161042,108380,48820,59560,48820,9,48820,48,38450,1,1,31463,18874368,14426,18874368,74,9
named_crc_linear,"CRC_n48_k36_CRC-12/UMTS-like",0.75,48,36,0.0050000000000000001,5,3,45,1,1,1,1,1,0.001518129,0.088978356999999994,0.013759636,0.013759636,SYNDROME_TRELLIS,0.017061778292894306,0.1103320611097561,4604,2193,2411,2193,1,2193,48,2777,1,1,2453,18874368,8221,18874368,49,1
named_crc_linear,"CRC_n48_k36_CRC-12/UMTS-like",0.75,48,36,0.0050000000000000001,6,0,28,1,1,1,1,1,6.1303000000000006e-05,0.002586236,0.013608462999999999,0.002586236,PREFIX_ASTAR,0.023703559922605671,0.023703559922605671,91,47,44,47,1,47,48,89,1,1,69,18874368,6512,18874368,49,1
named_crc_linear,"CRC_n48_k36_CRC-12/UMTS-like",0.75,48,36,0.0050000000000000001,7,0,34,1,1,1,1,1,6.3820999999999998e-05,0.020098698000000002,0.01374879,0.01374879,SYNDROME_TRELLIS,0.0031753798181354828,0.0046419357630744229,96,49,47,49,1,49,48,597,1,1,507,18874368,7884,18874368,49,1
named_crc_linear,"CRC_n48_k36_CRC-12/UMTS-like",0.75,48,36,0.0050000000000000001,8,0,23,1,1,1,1,1,6.3405999999999996e-05,0.011854395,0.013663185,0.011854395,PREFIX_ASTAR,0.0053487335287882671,0.0053487335287882671,95,48,47,48,1,48,48,351,1,1,309,18874368,6397,18874368,49,1
named_crc_linear,"CRC_n48_k36_CRC-12/UMTS-like",0.75,48,36,0.0050000000000000001,9,0,29,1,1,1,1,1,6.1872000000000007e-05,0.0021105939999999999,0.013746213,0.0021105939999999999,PREFIX_ASTAR,0.029314970098465176,0.029314970098465176,92,48,44,48,1,48,48,72,1,1,56,18874368,5634,18874368,49,1
named_crc_linear,"CRC_n48_k36_CRC-12/UMTS-like",0.75,48,36,0.0050000000000000001,10,0,44,1,1,1,1,1,6.2928000000000005e-05,0.0057123110000000003,0.01468101,0.0057123110000000003,PREFIX_ASTAR,0.011016206925708353,0.011016206925708353,94,48,46,48,1,48,48,176,1,1,145,18874368,12559,18874368,49,1
named_crc_linear,"CRC_n48_k36_CRC-12/UMTS-like",0.75,48,36,0.0050000000000000001,11,0,42,1,1,1,1,1,6.4245000000000006e-05,0.026650614999999999,0.015829362,0.015829362,SYNDROME_TRELLIS,0.0024106385537444449,0.0040585969289223412,96,49,47,49,1,49,48,731,1,1,647,18874368,7455,18874368,49,1
named_crc_linear,"CRC_n48_k36_CRC-12/UMTS-like",0.75,48,36,0.0050000000000000001,12,2,34,1,1,1,1,1,0.035041059999999999,1.2078962689999999,0.014819588,0.014819588,SYNDROME_TRELLIS,0.0290099910888954,2.364509728610539,108380,47822,60558,47822,10,47822,48,34155,1,1,27732,18874368,13941,18874368,64,8
named_crc_linear,"CRC_n48_k36_CRC-12/UMTS-like",0.75,48,36,0.0050000000000000001,13,0,19,1,1,1,1,1,6.8765999999999999e-05,0.015301377,0.013731319000000001,0.013731319000000001,SYNDROME_TRELLIS,0.0044941053344414693,0.0050079675521339205,96,49,47,49,1,49,48,473,1,1,422,18874368,6070,18874368,49,1
named_crc_linear,"CRC_n48_k36_CRC-12/UMTS-like",0.75,48,36,0.0050000000000000001,14,0,37,1,1,1,1,1,6.2668000000000004e-05,0.015061461,0.014665156,0.014665156,SYNDROME_TRELLIS,0.0041608181304589242,0.004273258327425907,96,49,47,49,1,49,48,448,1,1,392,18874368,10101,18874368,49,1
named_crc_linear,"CRC_n48_k36_CRC-12/UMTS-like",0.75,48,36,0.0050000000000000001,15,0,42,1,1,1,1,1,6.2423999999999997e-05,0.00277151,0.013967299000000001,0.00277151,PREFIX_ASTAR,0.022523461939520331,0.022523461939520331,92,47,45,47,1,47,48,93,1,1,73,18874368,7396,18874368,49,1
named_crc_linear,"CRC_n48_k36_CRC-12/UMTS-like",0.75,48,36,0.0050000000000000001,16,0,25,1,1,1,1,1,7.6630000000000003e-05,0.0066624750000000002,0.015050582,0.0066624750000000002,PREFIX_ASTAR,0.011501731713815062,0.011501731713815062,94,48,46,48,1,48,48,204,1,1,175,18874368,5654,18874368,49,1
named_crc_linear,"CRC_n48_k36_CRC-12/UMTS-like",0.75,48,36,0.0050000000000000001,17,0,25,1,1,1,1,1,6.6024000000000003e-05,0.0025829690000000001,0.013870515999999999,0.0025829690000000001,PREFIX_ASTAR,0.025561282384728583,0.025561282384728583,92,46,46,46,1,46,48,82,1,1,62,18874368,7064,18874368,49,1
named_crc_linear,"CRC_n48_k36_CRC-12/UMTS-like",0.75,48,36,0.0050000000000000001,18,0,0,1,1,1,1,1,8.3962999999999996e-05,0.0082815319999999994,0.014599068,0.0082815319999999994,PREFIX_ASTAR,0.010138583054439687,0.010138583054439687,95,49,46,49,2,49,48,257,1,1,217,18874368,9751,18874368,51,2
named_crc_linear,"CRC_n48_k36_CRC-12/UMTS-like",0.75,48,36,0.0050000000000000001,19,0,31,1,1,1,1,1,6.1194999999999999e-05,0.0061442470000000003,0.014068237000000001,0.0061442470000000003,PREFIX_ASTAR,0.0099597232988843046,0.0099597232988843046,94,48,46,48,1,48,48,187,1,1,160,18874368,6748,18874368,49,1
named_crc_linear,"CRC_n48_k36_CRC-12/UMTS-like",0.75,48,36,0.0050000000000000001,20,0,22,1,1,1,1,1,5.8621e-05,0.0016713780000000001,0.014602268999999999,0.0016713780000000001,PREFIX_ASTAR,0.035073454359217361,0.035073454359217361,88,47,41,47,1,47,48,64,1,1,46,18874368,6046,18874368,49,1
named_crc_linear,"CRC_n48_k36_CRC-12/UMTS-like",0.75,48,36,0.0050000000000000001,21,1,7,1,1,1,1,1,0.0015366220000000001,0.061227021,0.014012383,0.014012383,SYNDROME_TRELLIS,0.025097121743029114,0.10966171849570484,4602,2208,2394,2208,2,2208,48,1873,1,1,1599,18874368,6540,18874368,51,2
named_crc_linear,"CRC_n48_k36_CRC-12/UMTS-like",0.75,48,36,0.0050000000000000001,22,0,7,1,1,1,1,1,6.2137000000000005e-05,0.0076637900000000002,0.014468595000000001,0.0076637900000000002,PREFIX_ASTAR,0.0081078683001491441,0.0081078683001491441,95,49,46,49,1,49,48,242,1,1,208,18874368,5862,18874368,49,1
named_crc_linear,"CRC_n48_k36_CRC-12/UMTS-like",0.75,48,36,0.0050000000000000001,23,0,37,1,1,1,1,1,6.1957000000000003e-05,0.0073971879999999999,0.014160997,0.0073971879999999999,PREFIX_ASTAR,0.0083757503527015949,0.0083757503527015949,96,49,47,49,1,49,48,263,1,1,227,18874368,7593,18874368,49,1
named_crc_linear,"CRC_n48_k36_CRC-12/UMTS-like",0.75,48,36,0.0050000000000000001,24,0,7,1,1,1,1,1,6.2983000000000003e-05,0.0056855719999999998,0.014976333,0.0056855719999999998,PREFIX_ASTAR,0.011077689280867432,0.011077689280867432,94,48,46,48,1,48,48,181,1,1,156,18874368,8307,18874368,49,1
named_crc_linear,"CRC_n48_k36_CRC-12/UMTS-like",0.75,48,36,0.0050000000000000001,25,0,25,1,1,1,1,1,6.3425999999999999e-05,0.023478104,0.014946569,0.014946569,SYNDROME_TRELLIS,0.0027014958277721234,0.0042435156857737718,96,49,47,49,1,49,48,689,1,1,603,18874368,9887,18874368,49,1
named_crc_linear,"CRC_n48_k36_CRC-12/UMTS-like",0.75,48,36,0.0050000000000000001,26,0,26,1,1,1,1,1,6.4339999999999997e-05,0.023769621000000001,0.014538759,0.014538759,SYNDROME_TRELLIS,0.0027068164023313621,0.0044254121001661827,96,49,47,49,1,49,48,686,1,1,603,18874368,11601,18874368,49,1
named_crc_linear,"CRC_n48_k36_CRC-12/UMTS-like",0.75,48,36,0.0050000000000000001,27,0,31,1,1,1,1,1,6.1960999999999998e-05,0.018765212999999999,0.013477446000000001,0.013477446000000001,SYNDROME_TRELLIS,0.0033019076308912669,0.0045973844005755982,96,49,47,49,1,49,48,542,1,1,479,18874368,6323,18874368,49,1
named_crc_linear,"CRC_n48_k36_CRC-12/UMTS-like",0.75,48,36,0.0050000000000000001,28,0,36,1,1,1,1,1,6.0078999999999999e-05,0.001305849,0.014489952,0.001305849,PREFIX_ASTAR,0.046007616500835853,0.046007616500835853,90,47,43,47,1,47,48,50,1,1,37,18874368,4880,18874368,49,1
named_crc_linear,"CRC_n48_k36_CRC-12/UMTS-like",0.75,48,36,0.0050000000000000001,29,0,4,1,1,1,1,1,6.3471000000000003e-05,0.021022295,0.014239584,0.014239584,SYNDROME_TRELLIS,0.0030192231628373592,0.0044573633611768434,96,49,47,49,1,49,48,606,1,1,493,18874368,6422,18874368,49,1
named_crc_linear,"CRC_n48_k36_CRC-12/UMTS-like",0.75,48,36,0.0050000000000000001,30,0,18,1,1,1,1,1,6.3571999999999994e-05,0.020161502000000001,0.014610724,0.014610724,SYNDROME_TRELLIS,0.0031531380945725171,0.004351050639242791,96,49,47,49,1,49,48,588,1,1,509,18874368,8133,18874368,49,1
named_crc_linear,"CRC_n48_k36_CRC-12/UMTS-like",0.75,48,36,0.0050000000000000001,31,0,28,1,1,1,1,1,6.1921000000000006e-05,0.010493888999999999,0.014279655,0.010493888999999999,PREFIX_ASTAR,0.0059006722865088445,0.0059006722865088445,95,49,46,49,1,49,48,324,1,1,276,18874368,7465,18874368,49,1
named_crc_linear,"CRC_n48_k36_CRC-12/UMTS-like",0.75,48,36,0.0050000000000000001,32,0,11,1,1,1,1,1,6.1946000000000006e-05,0.0095716880000000001,0.015525806,0.0095716880000000001,PREFIX_ASTAR,0.0064717947346382377,0.0064717947346382377,95,49,46,49,1,49,48,267,1,1,239,18874368,6753,18874368,49,1
named_crc_linear,"CRC_n48_k36_CRC-12/UMTS-like",0.75,48,36,0.0050000000000000001,33,0,27,1,1,1,1,1,6.0973000000000001e-05,0.002177698,0.01522286,0.002177698,PREFIX_ASTAR,0.027998831793940207,0.027998831793940207,92,48,44,48,1,48,48,75,1,1,57,18874368,8083,18874368,49,1
named_crc_linear,"CRC_n48_k36_CRC-12/UMTS-like",0.75,48,36,0.0050000000000000001,34,0,27,1,1,1,1,1,6.4393000000000005e-05,0.017923169999999999,0.014962031000000001,0.014962031000000001,SYNDROME_TRELLIS,0.0035927238317775266,0.0043037606324970185,96,49,47,49,1,49,48,521,1,1,472,18874368,8540,18874368,49,1
named_crc_linear,"CRC_n48_k36_CRC-12/UMTS-like",0.75,48,36,0.0050000000000000001,35,0,39,1,1,1,1,1,6.2093000000000003e-05,0.0093751200000000007,0.014523598,0.0093751200000000007,PREFIX_ASTAR,0.0066231685567758065,0.0066231685567758065,95,48,47,48,1,48,48,293,1,1,250,18874368,8065,18874368,49,1
named_crc_linear,"CRC_n48_k36_CRC-12/UMTS-like",0.75,48,36,0.0050000000000000001,36,0,28,1,1,1,1,1,6.2277e-05,0.0044168209999999996,0.014842138,0.0044168209999999996,PREFIX_ASTAR,0.014099960129695091,0.014099960129695091,94,48,46,48,1,48,48,141,1,1,110,18874368,10625,18874368,49,1
named_crc_linear,"CRC_n48_k36_CRC-12/UMTS-like",0.75,48,36,0.0050000000000000001,37,1,10,1,1,1,1,1,0.001534138,0.13415079499999999,0.014108720999999999,0.014108720999999999,SYNDROME_TRELLIS,0.011435921792338242,0.10873685857137583,4606,2213,2393,2213,1,2213,48,3728,1,1,3231,18874368,5686,18874368,49,1
named_crc_linear,"CRC_n48_k36_CRC-12/UMTS-like",0.75,48,36,0.0050000000000000001,38,0,14,1,1,1,1,1,6.5180999999999998e-05,0.015683668000000001,0.014812732,0.014812732,SYNDROME_TRELLIS,0.0041559793283050877,0.0044003361432583803,95,49,46,49,1,49,48,449,1,1,393,18874368,12079,18874368,49,1
named_crc_linear,"CRC_n48_k36_CRC-12/UMTS-like",0.75,48,36,0.0050000000000000001,39,0,46,1,1,1,1,1,6.3442999999999995e-05,0.025362831999999998,0.014078797000000001,0.014078797000000001,SYNDROME_TRELLIS,0.0025014162456306142,0.0045062799044549044,96,49,47,49,1,49,48,719,1,1,633,18874368,7054,18874368,49,1
named_crc_linear,"CRC_n48_k36_CRC-12/UMTS-like",0.75,48,36,0.0050000000000000001,40,0,8,1,1,1,1,1,6.3713000000000005e-05,0.028230641000000001,0.015387286999999999,0.015387286999999999,SYNDROME_TRELLIS,0.0022568740114686024,0.0041406259595989864,96,49,47,49,1,49,48,755,1,1,667,18874368,10916,18874368,49,1
named_crc_linear,"CRC_n48_k36_CRC-12/UMTS-like",0.75,48,36,0.0050000000000000001,41,0,11,1,1,1,1,1,6.1272000000000006e-05,0.0099141400000000001,0.014534253,0.0099141400000000001,PREFIX_ASTAR,0.0061802637445103666,0.0061802637445103666,95,48,47,48,1,48,48,289,1,1,255,18874368,6578,18874368,49,1
named_crc_linear,"CRC_n48_k36_CRC-12/UMTS-like",0.75,48,36,0.0050000000000000001,42,0,35,1,1,1,1,1,6.2655000000000002e-05,0.019609841999999999,0.014883001,0.014883001,SYNDROME_TRELLIS,0.0031950792872273018,0.004209836443604351,96,49,47,49,1,49,48,568,1,1,499,18874368,5998,18874368,49,1
named_crc_linear,"CRC_n48_k36_CRC-12/UMTS-like",0.75,48,36,0.0050000000000000001,43,0,11,1,1,1,1,1,5.914e-05,0.0018847009999999999,0.014881551999999999,0.0018847009999999999,PREFIX_ASTAR,0.031378982660910139,0.031378982660910139,90,45,45,45,1,45,48,71,1,1,56,18874368,8067,18874368,49,1
named_crc_linear,"CRC_n48_k36_CRC-12/UMTS-like",0.75,48,36,0.0050000000000000001,44,1,8,1,1,1,1,1,0.001520532,0.29067080099999998,0.014756827,0.014756827,SYNDROME_TRELLIS,0.0052311136680013486,0.10303922381146029,4607,2237,2370,2237,1,2237,48,7994,1,1,6727,18874368,11244,18874368,49,1
named_crc_linear,"CRC_n48_k36_CRC-12/UMTS-like",0.75,48,36,0.0050000000000000001,45,0,44,1,1,1,1,1,6.2983000000000003e-05,0.020360109000000001,0.014288359,0.014288359,SYNDROME_TRELLIS,0.0030934510222906959,0.0044079939480803918,96,49,47,49,1,49,48,601,1,1,535,18874368,9052,18874368,49,1
named_crc_linear,"CRC_n48_k36_CRC-12/UMTS-like",0.75,48,36,0.0050000000000000001,46,0,15,1,1,1,1,1,6.224e-05,0.0071475449999999999,0.014344386000000001,0.0071475449999999999,PREFIX_ASTAR,0.008707885015064613,0.008707885015064613,94,47,47,47,1,47,48,210,1,1,184,18874368,6461,18874368,49,1
named_crc_linear,"CRC_n48_k36_CRC-12/UMTS-like",0.75,48,36,0.0050000000000000001,47,1,3,1,1,1,1,1,0.001560187,0.12493535,0.014594886,0.014594886,SYNDROME_TRELLIS,0.012487954770207151,0.1068995674238223,4606,2192,2414,2192,3,2192,48,3629,1,1,3054,18874368,14107,18874368,52,2
named_crc_linear,"CRC_n48_k36_CRC-12/UMTS-like",0.75,48,36,0.0050000000000000001,48,0,47,1,1,1,1,1,6.5078000000000003e-05,0.020037556000000002,0.014408753999999999,0.014408753999999999,SYNDROME_TRELLIS,0.0032478012787587468,0.0045165598635385131,96,49,47,49,1,49,48,584,1,1,506,18874368,8951,18874368,49,1
named_crc_linear,"CRC_n48_k36_CRC-12/UMTS-like",0.75,48,36,0.0050000000000000001,49,1,24,1,1,1,1,1,0.0015406969999999999,0.256423401,0.014926883,0.014926883,SYNDROME_TRELLIS,0.0060084102854559675,0.10321625754017097,4607,2236,2371,2236,2,2236,48,7073,1,1,5856,18874368,7219,18874368,51,2
named_crc_linear,"CRC_n48_k36_CRC-12/UMTS-like",0.75,48,36,0.0050000000000000001,50,0,32,1,1,1,1,1,7.1571999999999998e-05,0.005489992,0.013929597,0.005489992,PREFIX_ASTAR,0.013036813168398059,0.013036813168398059,94,48,46,48,1,48,48,174,1,1,154,18874368,7401,18874368,49,1
named_crc_linear,"CRC_n48_k36_CRC-12/UMTS-like",0.75,48,36,0.0050000000000000001,51,0,47,1,1,1,1,1,8.4884999999999998e-05,0.0087254970000000005,0.014213346,0.0087254970000000005,PREFIX_ASTAR,0.0097283856724722957,0.0097283856724722957,95,49,46,49,2,49,48,280,1,1,238,18874368,9183,18874368,50,2
named_crc_linear,"CRC_n48_k36_CRC-12/UMTS-like",0.75,48,36,0.0050000000000000001,52,2,21,1,1,1,1,1,0.0015295689999999999,0.53949905300000001,0.013323599,0.013323599,SYNDROME_TRELLIS,0.0028351653102901739,0.11480148869686035,4608,2202,2406,2202,1,2202,48,14678,1,1,12296,18874368,6639,18874368,49,1
named_crc_linear,"CRC_n48_k36_CRC-12/UMTS-like",0.75,48,36,0.0050000000000000001,53,0,29,1,1,1,1,1,6.4058000000000002e-05,0.0135605,0.013562019,0.0135605,PREFIX_ASTAR,0.004723867114044468,0.004723867114044468,96,49,47,49,1,49,48,423,1,1,359,18874368,8694,18874368,49,1
named_crc_linear,"CRC_n48_k36_CRC-12/UMTS-like",0.75,48,36,0.0050000000000000001,54,0,47,1,1,1,1,1,6.3507e-05,0.027322881,0.014511559,0.014511559,SYNDROME_TRELLIS,0.0023243156532431553,0.0043763044342789081,96,49,47,49,1,49,48,752,1,1,667,18874368,10412,18874368,49,1
named_crc_linear,"CRC_n48_k36_CRC-12/UMTS-like",0.75,48,36,0.0050000000000000001,55,0,45,1,1,1,1,1,8.2798000000000002e-05,0.0052330110000000001,0.016235691999999999,0.0052330110000000001,PREFIX_ASTAR,0.015822248414918295,0.015822248414918295,93,46,47,46,2,46,48,166,1,1,136,18874368,25828,18874368,53,2
named_crc_linear,"CRC_n48_k36_CRC-12/UMTS-like",0.75,48,36,0.0050000000000000001,56,0,3,1,1,1,1,1,6.3068e-05,0.020279624999999999,0.014150938,0.014150938,SYNDROME_TRELLIS,0.0031099194388456396,0.0044568070328624152,96,49,47,49,1,49,48,591,1,1,517,18874368,9011,18874368,49,1
named_crc_linear,"CRC_n48_k36_CRC-12/UMTS-like",0.75,48,36,0.0050000000000000001,57,0,16,1,1,1,1,1,6.3312999999999995e-05,0.023875479000000002,0.014033416,0.014033416,SYNDROME_TRELLIS,0.0026518002005321019,0.0045115886253211616,96,49,47,49,1,49,48,691,1,1,594,18874368,7983,18874368,49,1
named_crc_linear,"CRC_n48_k36_CRC-12/UMTS-like",0.75,48,36,0.0050000000000000001,58,1,2,1,1,1,1,1,0.0017536749999999999,0.217560754,0.014527389999999999,0.014527389999999999,SYNDROME_TRELLIS,0.0080606219998667593,0.12071507683073146,4607,2222,2385,2222,4,2222,48,6078,1,1,5216,18874368,11411,18874368,53,3
named_crc_linear,"CRC_n48_k36_CRC-12/UMTS-like",0.75,48,36,0.0050000000000000001,59,0,46,1,1,1,1,1,8.6787999999999996e-05,0.022258369,0.016023492,0.016023492,SYNDROME_TRELLIS,0.0038991176756931292,0.0054162975211645495,96,49,47,49,1,49,48,621,1,1,553,18874368,8433,18874368,49,1
named_crc_linear,"CRC_n48_k36_CRC-12/UMTS-like",0.75,48,36,0.0050000000000000001,60,0,19,1,1,1,1,1,6.2880999999999996e-05,0.010706689,0.014087815,0.010706689,PREFIX_ASTAR,0.0058730574877069834,0.0058730574877069834,95,48,47,48,1,48,48,307,1,1,272,18874368,8359,18874368,49,1
named_crc_linear,"CRC_n48_k36_CRC-12/UMTS-like",0.75,48,36,0.0050000000000000001,61,0,23,1,1,1,1,1,6.2605000000000001e-05,0.017317946000000001,0.013733018,0.013733018,SYNDROME_TRELLIS,0.0036150361018564212,0.004558721178403757,96,49,47,49,1,49,48,522,1,1,450,18874368,6180,18874368,49,1
named_crc_linear,"CRC_n48_k36_CRC-12/UMTS-like",0.75,48,36,0.0050000000000000001,62,0,36,1,1,1,1,1,6.5718999999999999e-05,0.002126597,0.013957565,0.002126597,PREFIX_ASTAR,0.030903363448739934,0.030903363448739934,92,45,47,45,1,45,48,74,1,1,60,18874368,7778,18874368,49,1
named_crc_linear,"CRC_n48_k36_CRC-12/UMTS-like",0.75,48,36,0.0050000000000000001,63,0,39,1,1,1,1,1,6.0130000000000002e-05,0.0013054900000000001,0.014197519,0.0013054900000000001,PREFIX_ASTAR,0.046059334043156208,0.046059334043156208,90,44,46,44,1,44,48,50,1,1,37,18874368,8275,18874368,49,1
named_crc_linear,"CRC_n48_k36_CRC-12/UMTS-like",0.75,48,36,0.0050000000000000001,64,0,43,1,1,1,1,1,6.2236999999999994e-05,0.0043675470000000003,0.014115803,0.0043675470000000003,PREFIX_ASTAR,0.014249875273236897,0.014249875273236897,93,47,46,47,1,47,48,142,1,1,115,18874368,8083,18874368,49,1
named_crc_linear,"CRC_n48_k36_CRC-12/UMTS-like",0.75,48,36,0.0050000000000000001,65,0,9,1,1,1,1,1,6.3359000000000001e-05,0.025377298,0.013662964,0.013662964,SYNDROME_TRELLIS,0.0024966803006372072,0.0046372807540150151,96,49,47,49,1,49,48,723,1,1,635,18874368,5595,18874368,49,1
named_crc_linear,"CRC_n48_k36_CRC-12/UMTS-like",0.75,48,36,0.0050000000000000001,66,0,22,1,1,1,1,1,6.2657999999999995e-05,0.0064896629999999997,0.013999559,0.0064896629999999997,PREFIX_ASTAR,0.0096550468028925376,0.0096550468028925376,94,49,45,49,1,49,48,194,1,1,171,18874368,7736,18874368,49,1
named_crc_linear,"CRC_n48_k36_CRC-12/UMTS-like",0.75,48,36,0.0050000000000000001,67,0,46,1,1,1,1,1,6.4527000000000001e-05,0.017916776999999998,0.013545339999999999,0.013545339999999999,SYNDROME_TRELLIS,0.0036014847982982659,0.0047637785393352993,95,49,46,49,1,49,48,496,1,1,444,18874368,6908,18874368,49,1
named_crc_linear,"CRC_n48_k36_CRC-12/UMTS-like",0.75,48,36,0.0050000000000000001,68,0,27,1,1,1,1,1,6.0807999999999998e-05,0.0015823460000000001,0.013577726,0.0015823460000000001,PREFIX_ASTAR,0.038429016157022544,0.038429016157022544,92,47,45,47,1,47,48,59,1,1,44,18874368,7959,18874368,49,1
named_crc_linear,"CRC_n48_k36_CRC-12/UMTS-like",0.75,48,36,0.0050000000000000001,69,0,4,1,1,1,1,1,6.3367999999999994e-05,0.0095471319999999998,0.013747641,0.0095471319999999998,PREFIX_ASTAR,0.0066373859709910783,0.0066373859709910783,95,49,46,49,1,49,48,295,1,1,257,18874368,9513,18874368,49,1
named_crc_linear,"CRC_n48_k36_CRC-12/UMTS-like",0.75,48,36,0.0050000000000000001,70,1,47,1,1,1,1,1,0.001543865,0.34061350099999999,0.01420737,0.01420737,SYNDROME_TRELLIS,0.0045326007203689792,0.1086664878862168,4608,2223,2385,2223,2,2223,48,9571,1,1,7928,18874368,7920,18874368,50,2
named_crc_linear,"CRC_n48_k36_CRC-12/UMTS-like",0.75,48,36,0.0050000000000000001,71,0,10,1,1,1,1,1,6.3629999999999999e-05,0.0083524859999999992,0.014061671,0.0083524859999999992,PREFIX_ASTAR,0.0076180911886592814,0.0076180911886592814,95,49,46,49,1,49,48,259,1,1,224,18874368,8085,18874368,49,1
named_crc_linear,"CRC_n48_k36_CRC-12/UMTS-like",0.75,48,36,0.0050000000000000001,72,0,1,1,1,1,1,1,7.4221999999999995e-05,0.018018563000000001,0.015568014,0.015568014,SYNDROME_TRELLIS,0.0041191964087258226,0.0047675959181434444,95,49,46,49,1,49,48,506,1,1,442,18874368,7069,18874368,49,1
named_crc_linear,"CRC_n48_k36_CRC-12/UMTS-like",0.75,48,36,0.0050000000000000001,73,0,47,1,1,1,1,1,7.0807000000000002e-05,0.019503511000000001,0.015705397999999999,0.015705397999999999,SYNDROME_TRELLIS,0.0036304745335339877,0.0045084498972900915,96,49,47,49,1,49,48,555,1,1,489,18874368,15277,18874368,49,1
named_crc_linear,"CRC_n48_k36_CRC-12/UMTS-like",0.75,48,36,0.0050000000000000001,74,1,26,1,1,1,1,1,0.001539438,0.249625602,0.014237757,0.014237757,SYNDROME_TRELLIS,0.0061669876313407944,0.10812363211424383,4607,2211,2396,2211,2,2211,48,7123,1,1,6061,18874368,7936,18874368,51,2
named_crc_linear,"CRC_n48_k36_CRC-12/UMTS-like",0.75,48,36,0.0050000000000000001,75,1,37,1,1,1,1,1,0.0015693949999999999,0.14564885999999999,0.014158113,0.014158113,SYNDROME_TRELLIS,0.010775195906099093,0.11084775209803735,4606,2196,2410,2196,3,2196,48,4305,1,1,3776,18874368,7510,18874368,51,3
named_crc_linear,"CRC_n48_k36_CRC-12/UMTS-like",0.75,48,36,0.0050000000000000001,76,0,22,1,1,1,1,1,6.2114999999999997e-05,0.0049491889999999997,0.013854215,0.0049491889999999997,PREFIX_ASTAR,0.012550541108856421,0.012550541108856421,94,49,45,49,1,49,48,158,1,1,133,18874368,7022,18874368,49,1
named_crc_linear,"CRC_n48_k36_CRC-12/UMTS-like",0.75,48,36,0.0050000000000000001,77,0,17,1,1,1,1,1,6.0093000000000002e-05,0.014072447,0.013673869999999999,0.013673869999999999,SYNDROME_TRELLIS,0.0042702594651804343,0.0043947324349288101,96,49,47,49,1,49,48,472,1,1,397,18874368,7222,18874368,49,1
named_crc_linear,"CRC_n48_k36_CRC-12/UMTS-like",0.75,48,36,0.0050000000000000001,78,0,14,1,1,1,1,1,6.2570000000000006e-05,0.0053923929999999997,0.013391303,0.0053923929999999997,PREFIX_ASTAR,0.011603382765314028,0.011603382765314028,94,48,46,48,1,48,48,169,1,1,135,18874368,7442,18874368,49,1
named_crc_linear,"CRC_n48_k36_CRC-12/UMTS-like",0.75,48,36,0.0050000000000000001,79,0,6,1,1,1,1,1,6.2805000000000006e-05,0.013341192999999999,0.014537852,0.013341192999999999,PREFIX_ASTAR,0.004707599987497371,0.004707599987497371,95,49,46,49,1,49,48,381,1,1,333,18874368,16550,18874368,49,1
named_crc_linear,"CRC_n48_k36_CRC-12/UMTS-like",0.75,48,36,0.01,0,1,14,1,1,1,1,1,0.0014022469999999999,0.21736688400000001,0.014268685,0.014268685,SYNDROME_TRELLIS,0.0064510608708914455,0.098274438043870191,4606,2214,2392,2214,1,2214,48,6316,1,1,5435,18874368,10978,18874368,49,1
named_crc_linear,"CRC_n48_k36_CRC-12/UMTS-like",0.75,48,36,0.01,1,1,28,1,1,1,1,1,0.001420557,0.51079340900000003,0.014565463000000001,0.014565463000000001,SYNDROME_TRELLIS,0.0027810793463076966,0.097529134501251349,4608,2202,2406,2202,1,2202,48,14329,1,1,12149,18874368,13383,18874368,49,1
named_crc_linear,"CRC_n48_k36_CRC-12/UMTS-like",0.75,48,36,0.01,2,0,41,1,1,1,1,1,6.0854999999999999e-05,0.013761419,0.014304242,0.013761419,PREFIX_ASTAR,0.0044221457104096605,0.0044221457104096605,95,48,47,48,1,48,48,385,1,1,341,18874368,9126,18874368,49,1
named_crc_linear,"CRC_n48_k36_CRC-12/UMTS-like",0.75,48,36,0.01,3,0,19,1,1,1,1,1,5.8434999999999999e-05,0.00327422,0.014369958,0.00327422,PREFIX_ASTAR,0.017846998674493467,0.017846998674493467,94,48,46,48,1,48,48,113,1,1,92,18874368,11026,18874368,49,1
named_crc_linear,"CRC_n48_k36_CRC-12/UMTS-like",0.75,48,36,0.01,4,1,43,1,1,1,1,1,0.0014400400000000001,0.11965247599999999,0.013990928,0.013990928,SYNDROME_TRELLIS,0.01203518763790563,0.10292669649933157,4605,2218,2387,2218,2,2218,48,3575,1,1,2983,18874368,6784,18874368,51,2
named_crc_linear,"CRC_n48_k36_CRC-12/UMTS-like",0.75,48,36,0.01,5,0,1,1,1,1,1,1,6.1333000000000004e-05,0.014595689,0.013871741,0.013871741,SYNDROME_TRELLIS,0.0042021311909290482,0.0044214349157758927,95,48,47,48,1,48,48,439,1,1,385,18874368,8672,18874368,50,1
named_crc_linear,"CRC_n48_k36_CRC-12/UMTS-like",0.75,48,36,0.01,6,2,24,1,1,1,1,1,0.001491867,0.43978714899999999,0.014544257999999999,0.014544257999999999,SYNDROME_TRELLIS,0.003392247825777192,0.10257429426788221,4608,2199,2409,2199,2,2199,48,12478,1,1,10472,18874368,10789,18874368,50,2
named_crc_linear,"CRC_n48_k36_CRC-12/UMTS-like",0.75,48,36,0.01,7,0,6,1,1,1,1,1,6.5149999999999998e-05,0.00252454,0.014385946,0.00252454,PREFIX_ASTAR,0.025806681613284001,0.025806681613284001,92,47,45,47,1,47,48,87,1,1,70,18874368,7183,18874368,49,1
named_crc_linear,"CRC_n48_k36_CRC-12/UMTS-like",0.75,48,36,0.01,8,0,42,1,1,1,1,1,6.3717e-05,0.011997887,0.014812039000000001,0.011997887,PREFIX_ASTAR,0.0053106851231387656,0.0053106851231387656,95,48,47,48,1,48,48,346,1,1,306,18874368,7215,18874368,49,1
named_crc_linear,"CRC_n48_k36_CRC-12/UMTS-like",0.75,48,36,0.01,9,1,14,1,1,1,1,1,0.0014178039999999999,0.068687443000000001,0.014456172999999999,0.014456172999999999,SYNDROME_TRELLIS,0.020641385645990634,0.098076026068586758,4604,2220,2384,2220,1,2220,48,2105,1,1,1797,18874368,9290,18874368,49,1
named_crc_linear,"CRC_n48_k36_CRC-12/UMTS-like",0.75,48,36,0.01,10,0,1,1,1,1,1,1,6.0455999999999999e-05,0.012588835,0.013927656,0.012588835,PREFIX_ASTAR,0.0048023506543695268,0.0048023506543695268,95,49,46,49,1,49,48,387,1,1,334,18874368,7684,18874368,49,1
named_crc_linear,"CRC_n48_k36_CRC-12/UMTS-like",0.75,48,36,0.01,11,0,33,1,1,1,1,1,5.8847000000000001e-05,0.004911416,0.013768134,0.004911416,PREFIX_ASTAR,0.011981676974624019,0.011981676974624019,94,48,46,48,1,48,48,162,1,1,136,18874368,6465,18874368,49,1
named_crc_linear,"CRC_n48_k36_CRC-12/UMTS-like",0.75,48,36,0.01,12,0,45,1,1,1,1,1,6.0350000000000003e-05,0.024999014999999999,0.013577077,0.013577077,SYNDROME_TRELLIS,0.0024140951153475447,0.0044449920995513247,96,49,47,49,1,49,48,740,1,1,656,18874368,9029,18874368,49,1
named_crc_linear,"CRC_n48_k36_CRC-12/UMTS-like",0.75,48,36,0.01,13,2,31,1,1,1,1,1,0.0014153989999999999,0.41664777400000003,0.014046443,0.014046443,SYNDROME_TRELLIS,0.0033971116331945163,0.10076565291298302,4608,2225,2383,2225,1,2225,48,11792,1,1,9831,18874368,6970,18874368,49,1
named_crc_linear,"CRC_n48_k36_CRC-12/UMTS-like",0.75,48,36,0.01,14,0,31,1,1,1,1,1,6.5046e-05,0.019108030000000002,0.013892075,0.013892075,SYNDROME_TRELLIS,0.0034041185826063701,0.0046822378946269729,96,49,47,49,1,49,48,590,1,1,521,18874368,6705,18874368,49,1
named_crc_linear,"CRC_n48_k36_CRC-12/UMTS-like",0.75,48,36,0.01,15,0,28,1,1,1,1,1,6.1626999999999998e-05,0.0015288890000000001,0.014624195,0.0015288890000000001,PREFIX_ASTAR,0.040308354628753297,0.040308354628753297,90,46,44,46,1,46,48,59,1,1,44,18874368,11861,18874368,49,1
named_crc_linear,"CRC_n48_k36_CRC-12/UMTS-like",0.75,48,36,0.01,16,0,7,1,1,1,1,1,5.9172999999999997e-05,0.0063817980000000002,0.015015128000000001,0.0063817980000000002,PREFIX_ASTAR,0.0092721518293120524,0.0092721518293120524,94,49,45,49,1,49,48,212,1,1,181,18874368,13203,18874368,49,1
named_crc_linear,"CRC_n48_k36_CRC-12/UMTS-like",0.75,48,36,0.01,17,0,0,1,1,1,1,1,7.9599999999999997e-05,0.019933975999999999,0.014236406,0.014236406,SYNDROME_TRELLIS,0.003993182293386929,0.0055912988151644452,96,49,47,49,2,49,48,601,1,1,525,18874368,8827,18874368,50,2
named_crc_linear,"CRC_n48_k36_CRC-12/UMTS-like",0.75,48,36,0.01,18,1,4,1,1,1,1,1,0.0015044100000000001,0.053033078999999997,0.014567927,0.014567927,SYNDROME_TRELLIS,0.028367389342036885,0.10326863938843187,4603,2216,2387,2216,3,2216,48,1570,1,1,1391,18874368,7668,18874368,53,3
named_crc_linear,"CRC_n48_k36_CRC-12/UMTS-like",0.75,48,36,0.01,19,0,40,1,1,1,1,1,6.5844000000000002e-05,0.0080084760000000005,0.014382450999999999,0.0080084760000000005,PREFIX_ASTAR,0.0082217890145390958,0.0082217890145390958,95,49,46,49,1,49,48,255,1,1,214,18874368,8595,18874368,49,1
named_crc_linear,"CRC_n48_k36_CRC-12/UMTS-like",0.75,48,36,0.01,20,0,23,1,1,1,1,1,5.6755000000000001e-05,0.0016444140000000001,0.014398345999999999,0.0016444140000000001,PREFIX_ASTAR,0.034513814647649556,0.034513814647649556,91,46,45,46,1,46,48,64,1,1,49,18874368,9387,18874368,49,1
named_crc_linear,"CRC_n48_k36_CRC-12/UMTS-like",0.75,48,36,0.01,21,0,11,1,1,1,1,1,5.6878e-05,0.0081927289999999993,0.013808831000000001,0.0081927289999999993,PREFIX_ASTAR,0.0069424974266816351,0.0069424974266816351,95,48,47,48,1,48,48,266,1,1,229,18874368,6056,18874368,49,1
named_crc_linear,"CRC_n48_k36_CRC-12/UMTS-like",0.75,48,36,0.01,22,0,9,1,1,1,1,1,5.8239000000000003e-05,0.0022028,0.013911339999999999,0.0022028,PREFIX_ASTAR,0.026438623570001818,0.026438623570001818,92,48,44,48,1,48,48,75,1,1,61,18874368,5821,18874368,49,1
named_crc_linear,"CRC_n48_k36_CRC-12/UMTS-like",0.75,48,36,0.01,23,0,7,1,1,1,1,1,5.6443000000000002e-05,0.0052564639999999998,0.014494711,0.0052564639999999998,PREFIX_ASTAR,0.010737826797634305,0.010737826797634305,93,48,45,48,1,48,48,167,1,1,132,18874368,6323,18874368,49,1
named_crc_linear,"CRC_n48_k36_CRC-12/UMTS-like",0.75,48,36,0.01,24,1,8,1,1,1,1,1,0.0015273489999999999,0.145930898,0.014811351,0.014811351,SYNDROME_TRELLIS,0.010466248210163141,0.10312016776862555,4606,2186,2420,2186,2,2186,48,4531,1,1,3785,18874368,6593,18874368,50,1
named_crc_linear,"CRC_n48_k36_CRC-12/UMTS-like",0.75,48,36,0.01,25,0,29,1,1,1,1,1,7.0009e-05,0.025215839,0.014180735999999999,0.014180735999999999,SYNDROME_TRELLIS,0.002776389871461346,0.0049369087753978356,96,49,47,49,1,49,48,752,1,1,667,18874368,6774,18874368,49,1
named_crc_linear,"CRC_n48_k36_CRC-12/UMTS-like",0.75,48,36,0.01,26,1,43,1,1,1,1,1,0.0014452740000000001,0.102157503,0.014070038999999999,0.014070038999999999,SYNDROME_TRELLIS,0.014147507109683368,0.10271997113867276,4605,2188,2417,2188,1,2188,48,3217,1,1,2692,18874368,8674,18874368,49,1
named_crc_linear,"CRC_n48_k36_CRC-12/UMTS-like",0.75,48,36,0.01,27,0,26,1,1,1,1,1,5.9689999999999999e-05,0.0024598319999999999,0.014093019,0.0024598319999999999,PREFIX_ASTAR,0.024265884824654693,0.024265884824654693,93,48,45,48,1,48,48,85,1,1,70,18874368,8128,18874368,49,1
named_crc_linear,"CRC_n48_k36_CRC-12/UMTS-like",0.75,48,36,0.01,28,0,6,1,1,1,1,1,5.8641000000000003e-05,0.0045176319999999997,0.014224212999999999,0.0045176319999999997,PREFIX_ASTAR,0.012980472955743188,0.012980472955743188,94,49,45,49,1,49,48,147,1,1,124,18874368,7387,18874368,49,1
named_crc_linear,"CRC_n48_k36_CRC-12/UMTS-like",0.75,48,36,0.01,29,3,42,1,1,1,1,1,0.037378506999999998,1.1206976310000001,0.014540536999999999,0.014540536999999999,SYNDROME_TRELLIS,0.033352891954136731,2.5706414419219867,108380,48652,59728,48652,17,48652,48,32711,1,1,27041,18874368,10450,18874368,72,13
named_crc_linear,"CRC_n48_k36_CRC-12/UMTS-like",0.75,48,36,0.01,30,1,21,1,1,1,1,1,0.0014026570000000001,0.53297615300000001,0.013652249999999999,0.013652249999999999,SYNDROME_TRELLIS,0.002631744388758797,0.10274181911406546,4608,2229,2379,2229,1,2229,48,14929,1,1,12403,18874368,8206,18874368,49,1
named_crc_linear,"CRC_n48_k36_CRC-12/UMTS-like",0.75,48,36,0.01,31,1,41,1,1,1,1,1,0.0014606700000000001,0.59158840499999998,0.013344313,0.013344313,SYNDROME_TRELLIS,0.0024690646193445934,0.10946011233399577,4608,2226,2382,2226,1,2226,48,16202,1,1,13575,18874368,7290,18874368,49,1
named_crc_linear,"CRC_n48_k36_CRC-12/UMTS-like",0.75,48,36,0.01,32,1,31,1,1,1,1,1,0.001436124,0.063038420999999997,0.013822051,0.013822051,SYNDROME_TRELLIS,0.022781725449626984,0.10390093337088685,4603,2215,2388,2215,1,2215,48,1992,1,1,1693,18874368,7449,18874368,49,1
named_crc_linear,"CRC_n48_k36_CRC-12/UMTS-like",0.75,48,36,0.01,33,0,29,1,1,1,1,1,6.0216000000000001e-05,0.0084050719999999995,0.013861773000000001,0.0084050719999999995,PREFIX_ASTAR,0.0071642455888539687,0.0071642455888539687,95,48,47,48,1,48,48,286,1,1,244,18874368,7772,18874368,49,1
named_crc_linear,"CRC_n48_k36_CRC-12/UMTS-like",0.75,48,36,0.01,34,1,40,1,1,1,1,1,0.001401163,0.14481633099999999,0.013484258000000001,0.013484258000000001,SYNDROME_TRELLIS,0.0096754488276601901,0.10391101979804895,4606,2211,2395,2211,1,2211,48,4453,1,1,3666,18874368,6385,18874368,49,1
named_crc_linear,"CRC_n48_k36_CRC-12/UMTS-like",0.75,48,36,0.01,35,0,11,1,1,1,1,1,5.9032e-05,0.00431841,0.013376254000000001,0.00431841,PREFIX_ASTAR,0.013669846077607267,0.013669846077607267,93,47,46,47,1,47,48,143,1,1,122,18874368,6674,18874368,49,1
named_crc_linear,"CRC_n48_k36_CRC-12/UMTS-like",0.75,48,36,0.01,36,0,41,1,1,1,1,1,6.0009000000000001e-05,0.0084136279999999994,0.014326800000000001,0.0084136279999999994,PREFIX_ASTAR,0.0071323571710087495,0.0071323571710087495,95,48,47,48,1,48,48,284,1,1,243,18874368,6513,18874368,49,1
named_crc_linear,"CRC_n48_k36_CRC-12/UMTS-like",0.75,48,36,0.01,37,0,20,1,1,1,1,1,5.7166000000000001e-05,0.0062066990000000004,0.013838862,0.0062066990000000004,PREFIX_ASTAR,0.0092103709234167795,0.0092103709234167795,95,49,46,49,1,49,48,209,1,1,175,18874368,5693,18874368,49,1
named_crc_linear,"CRC_n48_k36_CRC-12/UMTS-like",0.75,48,36,0.01,38,0,24,1,1,1,1,1,5.3949999999999997e-05,0.0016364490000000001,0.014433104,0.0016364490000000001,PREFIX_ASTAR,0.032967724628143007,0.032967724628143007,86,46,40,46,1,46,48,63,1,1,48,18874368,6499,18874368,49,1
named_crc_linear,"CRC_n48_k36_CRC-12/UMTS-like",0.75,48,36,0.01,39,0,43,1,1,1,1,1,5.8248999999999997e-05,0.0045278660000000002,0.014613338999999999,0.0045278660000000002,PREFIX_ASTAR,0.012864559154356598,0.012864559154356598,94,48,46,48,1,48,48,136,1,1,117,18874368,5399,18874368,49,1
named_crc_linear,"CRC_n48_k36_CRC-12/UMTS-like",0.75,48,36,0.01,40,0,43,1,1,1,1,1,6.0197e-05,0.011941787000000001,0.015787579,0.011941787000000001,PREFIX_ASTAR,0.0050408703488012303,0.0050408703488012303,96,49,47,49,1,49,48,375,1,1,312,18874368,16645,18874368,49,1
named_crc_linear,"CRC_n48_k36_CRC-12/UMTS-like",0.75,48,36,0.01,41,0,5,1,1,1,1,1,5.9465000000000001e-05,0.021373799999999998,0.014535005,0.014535005,SYNDROME_TRELLIS,0.0027821444946616891,0.0040911578633787884,96,49,47,49,1,49,48,664,1,1,549,18874368,9512,18874368,49,1
named_crc_linear,"CRC_n48_k36_CRC-12/UMTS-like",0.75,48,36,0.01,42,1,16,1,1,1,1,1,0.0014163579999999999,0.53364977999999996,0.014081333999999999,0.014081333999999999,SYNDROME_TRELLIS,0.0026540964750327452,0.10058407818463791,4608,2226,2382,2226,1,2226,48,14876,1,1,12666,18874368,6997,18874368,49,1
named_crc_linear,"CRC_n48_k36_CRC-12/UMTS-like",0.75,48,36,0.01,43,0,11,1,1,1,1,1,6.0253000000000001e-05,0.0041220470000000002,0.014014591999999999,0.0041220470000000002,PREFIX_ASTAR,0.014617252059474334,0.014617252059474334,93,48,45,48,1,48,48,138,1,1,109,18874368,7053,18874368,49,1
named_crc_linear,"CRC_n48_k36_CRC-12/UMTS-like",0.75,48,36,0.01,44,0,25,1,1,1,1,1,6.0103999999999999e-05,0.013106764999999999,0.014436521000000001,0.013106764999999999,PREFIX_ASTAR,0.0045857234794398159,0.0045857234794398159,96,49,47,49,1,49,48,422,1,1,366,18874368,11720,18874368,49,1
named_crc_linear,"CRC_n48_k36_CRC-12/UMTS-like",0.75,48,36,0.01,45,0,47,1,1,1,1,1,6.0272000000000002e-05,0.012354744000000001,0.014157942,0.012354744000000001,PREFIX_ASTAR,0.0048784499298407148,0.0048784499298407148,95,48,47,48,1,48,48,380,1,1,335,18874368,7818,18874368,49,1
named_crc_linear,"CRC_n48_k36_CRC-12/UMTS-like",0.75,48,36,0.01,46,0,10,1,1,1,1,1,5.7036000000000001e-05,0.0058721240000000003,0.016774359999999999,0.0058721240000000003,PREFIX_ASTAR,0.0097130101476058748,0.0097130101476058748,94,49,45,49,1,49,48,190,1,1,163,18874368,29162,18874368,49,1
named_crc_linear,"CRC_n48_k36_CRC-12/UMTS-like",0.75,48,36,0.01,47,0,39,1,1,1,1,1,5.7559999999999998e-05,0.006306763,0.01394011,0.006306763,PREFIX_ASTAR,0.009126710485236245,0.009126710485236245,94,48,46,48,1,48,48,200,1,1,176,18874368,6574,18874368,49,1
named_crc_linear,"CRC_n48_k36_CRC-12/UMTS-like",0.75,48,36,0.01,48,0,3,1,1,1,1,1,5.9243000000000002e-05,0.018953614000000001,0.014054212999999999,0.014054212999999999,SYNDROME_TRELLIS,0.0031256835767574458,0.0042153196340485241,96,49,47,49,1,49,48,582,1,1,482,18874368,7993,18874368,49,1
named_crc_linear,"CRC_n48_k36_CRC-12/UMTS-like",0.75,48,36,0.01,49,0,11,1,1,1,1,1,5.8137000000000003e-05,0.00253425,0.014274588,0.00253425,PREFIX_ASTAR,0.022940514945250075,0.022940514945250075,93,48,45,48,1,48,48,88,1,1,73,18874368,8995,18874368,49,1
named_crc_linear,"CRC_n48_k36_CRC-12/UMTS-like",0.75,48,36,0.01,50,0,38,1,1,1,1,1,5.5823999999999999e-05,0.0042763940000000002,0.013883665999999999,0.0042763940000000002,PREFIX_ASTAR,0.013053988944891419,0.013053988944891419,94,49,45,49,1,49,48,141,1,1,118,18874368,7852,18874368,49,1
named_crc_linear,"CRC_n48_k36_CRC-12/UMTS-like",0.75,48,36,0.01,51,0,25,1,1,1,1,1,5.9378e-05,0.021467077000000001,0.014349272999999999,0.014349272999999999,SYNDROME_TRELLIS,0.002766003028730926,0.0041380493631977041,96,49,47,49,1,49,48,640,1,1,556,18874368,10289,18874368,49,1
named_crc_linear,"CRC_n48_k36_CRC-12/UMTS-like",0.75,48,36,0.01,52,0,19,1,1,1,1,1,5.9537000000000003e-05,0.013485788,0.013154813,0.013154813,SYNDROME_TRELLIS,0.0044147957835315227,0.0045258720135360345,96,49,47,49,1,49,48,442,1,1,385,18874368,5063,18874368,49,1
named_crc_linear,"CRC_n48_k36_CRC-12/UMTS-like",0.75,48,36,0.01,53,0,43,1,1,1,1,1,5.9355999999999999e-05,0.0082289300000000006,0.013773573000000001,0.0082289300000000006,PREFIX_ASTAR,0.0072130884574300664,0.0072130884574300664,95,48,47,48,1,48,48,259,1,1,226,18874368,8868,18874368,49,1
named_crc_linear,"CRC_n48_k36_CRC-12/UMTS-like",0.75,48,36,0.01,54,1,6,1,1,1,1,1,0.001425572,0.049437601999999997,0.0138993,0.0138993,SYNDROME_TRELLIS,0.028835783742099788,0.10256430179937119,4603,2211,2392,2211,1,2211,48,1561,1,1,1325,18874368,6652,18874368,49,1
named_crc_linear,"CRC_n48_k36_CRC-12/UMTS-like",0.75,48,36,0.01,55,0,18,1,1,1,1,1,5.7374000000000003e-05,0.002675747,0.013654822,0.002675747,PREFIX_ASTAR,0.021442236504422878,0.021442236504422878,93,48,45,48,1,48,48,100,1,1,83,18874368,6145,18874368,49,1
named_crc_linear,"CRC_n48_k36_CRC-12/UMTS-like",0.75,48,36,0.01,56,1,31,1,1,1,1,1,0.001426067,0.53546639600000001,0.014408743999999999,0.014408743999999999,SYNDROME_TRELLIS,0.00266322408026516,0.098972332355963852,4608,2217,2391,2217,1,2217,48,15176,1,1,12748,18874368,9426,18874368,49,1
named_crc_linear,"CRC_n48_k36_CRC-12/UMTS-like",0.75,48,36,0.01,57,1,7,1,1,1,1,1,6.0748000000000002e-05,0.018949853999999999,0.014740372,0.014740372,SYNDROME_TRELLIS,0.0032057239068965918,0.0041211985694797936,96,49,47,49,1,49,48,565,1,1,446,18874368,7547,18874368,49,1
named_crc_linear,"CRC_n48_k36_CRC-12/UMTS-like",0.75,48,36,0.01,58,0,34,1,1,1,1,1,6.4496e-05,0.012518024000000001,0.014432294,0.012518024000000001,PREFIX_ASTAR,0.005152250866430676,0.005152250866430676,95,49,46,49,1,49,48,383,1,1,325,18874368,7934,18874368,49,1
named_crc_linear,"CRC_n48_k36_CRC-12/UMTS-like",0.75,48,36,0.01,59,1,22,1,1,1,1,1,0.001412869,0.31220041999999998,0.014149195,0.014149195,SYNDROME_TRELLIS,0.0045255192161496776,0.099855080094662624,4608,2204,2404,2204,1,2204,48,9234,1,1,7797,18874368,7123,18874368,49,1
named_crc_linear,"CRC_n48_k36_CRC-12/UMTS-like",0.75,48,36,0.01,60,0,47,1,1,1,1,1,8.3063000000000001e-05,0.018515962,0.014057340999999999,0.014057340999999999,SYNDROME_TRELLIS,0.0044860213042130894,0.0059088699633878129,96,49,47,49,2,49,48,561,1,1,494,18874368,8365,18874368,50,2
named_crc_linear,"CRC_n48_k36_CRC-12/UMTS-like",0.75,48,36,0.01,61,0,41,1,1,1,1,1,5.9555000000000002e-05,0.0070616710000000003,0.014824261,0.0070616710000000003,PREFIX_ASTAR,0.0084335563069987251,0.0084335563069987251,95,48,47,48,1,48,48,244,1,1,213,18874368,10656,18874368,49,1
named_crc_linear,"CRC_n48_k36_CRC-12/UMTS-like",0.75,48,36,0.01,62,0,1,1,1,1,1,1,5.9639999999999998e-05,0.0061662050000000001,0.013828883,0.0061662050000000001,PREFIX_ASTAR,0.0096720754499728754,0.0096720754499728754,94,48,46,48,1,48,48,198,1,1,168,18874368,5729,18874368,49,1
named_crc_linear,"CRC_n48_k36_CRC-12/UMTS-like",0.75,48,36,0.01,63,0,47,1,1,1,1,1,6.0347999999999999e-05,0.020699329999999998,0.014178138999999999,0.014178138999999999,SYNDROME_TRELLIS,0.0029154566838636808,0.0042564119310721949,96,49,47,49,1,49,48,640,1,1,555,18874368,7215,18874368,49,1
named_crc_linear,"CRC_n48_k36_CRC-12/UMTS-like",0.75,48,36,0.01,64,2,16,1,1,1,1,1,0.001397712,0.058190903000000002,0.014227092,0.014227092,SYNDROME_TRELLIS,0.024019424479458582,0.09824298598757919,4602,2194,2408,2194,1,2194,48,1878,1,1,1584,18874368,6326,18874368,49,1
named_crc_linear,"CRC_n48_k36_CRC-12/UMTS-like",0.75,48,36,0.01,65,1,33,1,1,1,1,1,0.0014156800000000001,0.067501926000000004,0.014148957,0.014148957,SYNDROME_TRELLIS,0.020972438623454982,0.10005543164771792,4604,2222,2382,2222,2,2222,48,2092,1,1,1820,18874368,8245,18874368,50,1
named_crc_linear,"CRC_n48_k36_CRC-12/UMTS-like",0.75,48,36,0.01,66,0,14,1,1,1,1,1,5.7453e-05,0.0018489260000000001,0.013369102000000001,0.0018489260000000001,PREFIX_ASTAR,0.031073715227110225,0.031073715227110225,91,47,44,47,1,47,48,72,1,1,53,18874368,6201,18874368,49,1
named_crc_linear,"CRC_n48_k36_CRC-12/UMTS-like",0.75,48,36,0.01,67,1,34,1,1,1,1,1,0.001424151,0.184964552,0.013852738,0.013852738,SYNDROME_TRELLIS,0.0076995888379736673,0.10280646324214029,4607,2220,2387,2220,1,2220,48,5417,1,1,4513,18874368,7511,18874368,49,1
named_crc_linear,"CRC_n48_k36_CRC-12/UMTS-like",0.75,48,36,0.01,68,0,33,1,1,1,1,1,5.9957000000000002e-05,0.018035507999999999,0.01422584,0.01422584,SYNDROME_TRELLIS,0.0033243865379339473,0.0042146544597717961,96,49,47,49,1,49,48,532,1,1,469,18874368,6854,18874368,49,1
named_crc_linear,"CRC_n48_k36_CRC-12/UMTS-like",0.75,48,36,0.01,69,2,8,1,1,1,1,1,0.033167303000000002,2.982107869,0.0094727260000000008,0.0094727260000000008,SYNDROME_TRELLIS,0.011122100358872029,3.5013472362654636,108383,49592,58791,49592,12,49592,48,82019,1,1,65857,18874368,11094,18874368,62,12
named_crc_linear,"CRC_n48_k36_CRC-12/UMTS-like",0.75,48,36,0.01,70,0,4,1,1,1,1,1,6.0180000000000003e-05,0.022751276000000001,0.010176846999999999,0.010176846999999999,SYNDROME_TRELLIS,0.0026451263656596669,0.0059134228902134427,96,49,47,49,1,49,48,669,1,1,598,18874368,23684,18874368,49,1
named_crc_linear,"CRC_n48_k36_CRC-12/UMTS-like",0.75,48,36,0.01,71,1,32,1,1,1,1,1,0.0015017850000000001,0.079218391999999999,0.0079358220000000004,0.0079358220000000004,SYNDROME_TRELLIS,0.018957529458563108,0.18924126574411573,4605,2200,2405,2200,1,2200,48,2382,1,1,2073,18874368,6299,18874368,49,1
named_crc_linear,"CRC_n48_k36_CRC-12/UMTS-like",0.75,48,36,0.01,72,1,47,1,1,1,1,1,0.0014845349999999999,0.095649136999999995,0.007646328,0.007646328,SYNDROME_TRELLIS,0.015520631409356051,0.1941500547713883,4605,2189,2416,2189,2,2189,48,2990,1,1,2547,18874368,7226,18874368,50,1
named_crc_linear,"CRC_n48_k36_CRC-12/UMTS-like",0.75,48,36,0.01,73,1,45,1,1,1,1,1,0.001461225,0.117780577,0.0086981660000000002,0.0086981660000000002,SYNDROME_TRELLIS,0.012406332497420182,0.16799231010307231,4605,2213,2392,2213,1,2213,48,3552,1,1,3103,18874368,6571,18874368,49,1
named_crc_linear,"CRC_n48_k36_CRC-12/UMTS-like",0.75,48,36,0.01,74,1,6,1,1,1,1,1,0.0013988010000000001,0.56393768399999999,0.0081086379999999996,0.0081086379999999996,SYNDROME_TRELLIS,0.0024804176767871397,0.17250751605880052,4608,2229,2379,2229,1,2229,48,15504,1,1,13055,18874368,7220,18874368,49,1
named_crc_linear,"CRC_n48_k36_CRC-12/UMTS-like",0.75,48,36,0.01,75,0,15,1,1,1,1,1,6.0562000000000001e-05,0.011331493,0.0099514709999999999,0.0099514709999999999,SYNDROME_TRELLIS,0.0053445737468134167,0.0060857334558880793,95,48,47,48,1,48,48,331,1,1,299,18874368,11427,18874368,49,1
named_crc_linear,"CRC_n48_k36_CRC-12/UMTS-like",0.75,48,36,0.01,76,3,41,1,1,1,1,1,0.034420254999999997,1.5579377510000001,0.0081413479999999996,0.0081413479999999996,SYNDROME_TRELLIS,0.022093472590869901,4.2278324179239108,108381,49673,58708,49673,5,49673,48,43555,1,1,36186,18874368,8108,18874368,58,4
named_crc_linear,"CRC_n48_k36_CRC-12/UMTS-like",0.75,48,36,0.01,77,1,17,1,1,1,1,1,0.0014357599999999999,0.079420742000000003,0.0087811090000000005,0.0087811090000000005,SYNDROME_TRELLIS,0.018077897081344316,0.16350554354808713,4604,2201,2403,2201,1,2201,48,2443,1,1,2037,18874368,6842,18874368,49,1
named_crc_linear,"CRC_n48_k36_CRC-12/UMTS-like",0.75,48,36,0.01,78,2,47,1,1,1,1,1,0.033796068999999998,1.631500138,0.010592363,0.010592363,SYNDROME_TRELLIS,0.020714720282787986,3.1906071383694079,108382,49324,59058,49324,18,49324,48,45959,1,1,37609,18874368,24422,18874368,67,12
named_crc_linear,"CRC_n48_k36_CRC-12/UMTS-like",0.75,48,36,0.01,79,0,44,1,1,1,1,1,5.9363000000000001e-05,0.010521096000000001,0.0078999710000000004,0.0078999710000000004,SYNDROME_TRELLIS,0.0056422828952420925,0.0075143313817227931,95,48,47,48,1,48,48,334,1,1,281,18874368,7068,18874368,49,1
named_crc_linear,"CRC_n48_k42_CRC-6/CDMA2000-A-like",0.875,48,42,0.002,0,1,40,1,1,1,1,1,0.0020243129999999998,0.069652383999999998,0.0028360159999999998,0.0028360159999999998,SYNDROME_TRELLIS,0.029063082751051277,0.71378758088811911,4602,2194,2408,2194,29,2194,48,2092,1,1,1862,294912,26782,294912,103,29
named_crc_linear,"CRC_n48_k42_CRC-6/CDMA2000-A-like",0.875,48,42,0.002,1,0,45,1,1,1,1,1,8.2461999999999998e-05,0.0028989979999999999,0.00045065900000000001,0.00045065900000000001,SYNDROME_TRELLIS,0.028445000651949399,0.18298092349204165,93,47,46,47,2,47,48,94,1,1,80,294912,4901,294912,52,1
named_crc_linear,"CRC_n48_k42_CRC-6/CDMA2000-A-like",0.875,48,42,0.002,2,0,44,1,1,1,1,1,7.7880999999999995e-05,0.0040232899999999997,0.000441404,0.000441404,SYNDROME_TRELLIS,0.019357540719162677,0.17643927105327545,93,46,47,46,2,46,48,132,1,1,117,294912,4656,294912,53,2
named_crc_linear,"CRC_n48_k42_CRC-6/CDMA2000-A-like",0.875,48,42,0.002,3,0,7,1,1,1,1,1,6.2207999999999998e-05,0.031176531,0.00047826699999999999,0.00047826699999999999,SYNDROME_TRELLIS,0.0019953470769406641,0.13006960547142077,96,49,47,49,1,49,48,886,1,1,810,294912,5212,294912,49,1
named_crc_linear,"CRC_n48_k42_CRC-6/CDMA2000-A-like",0.875,48,42,0.002,4,0,16,1,1,1,1,1,6.0939e-05,0.013206824000000001,0.00049442500000000005,0.00049442500000000005,SYNDROME_TRELLIS,0.0046142055046694041,0.12325226272943317,95,49,46,49,1,49,48,396,1,1,363,294912,5259,294912,49,1
named_crc_linear,"CRC_n48_k42_CRC-6/CDMA2000-A-like",0.875,48,42,0.002,5,1,43,1,1,1,1,1,6.0649999999999997e-05,0.026844791999999999,0.00035482100000000001,0.00035482100000000001,SYNDROME_TRELLIS,0.0022592836629168147,0.17093125829643679,96,49,47,49,1,49,48,778,1,1,686,294912,3829,294912,49,1
named_crc_linear,"CRC_n48_k42_CRC-6/CDMA2000-A-like",0.875,48,42,0.002,6,0,44,1,1,1,1,1,6.2557000000000004e-05,0.0042583930000000001,0.00057770900000000003,0.00057770900000000003,SYNDROME_TRELLIS,0.014690283400334353,0.10828462080389954,94,48,46,48,1,48,48,132,1,1,116,294912,6290,294912,49,1
named_crc_linear,"CRC_n48_k42_CRC-6/CDMA2000-A-like",0.875,48,42,0.002,7,0,30,1,1,1,1,1,7.9646000000000003e-05,0.012617928,0.00034142500000000002,0.00034142500000000002,SYNDROME_TRELLIS,0.0063121298520644594,0.23327524346488979,95,48,47,48,2,48,48,371,1,1,338,294912,3556,294912,50,1
named_crc_linear,"CRC_n48_k42_CRC-6/CDMA2000-A-like",0.875,48,42,0.002,8,0,33,1,1,1,1,1,6.1445000000000005e-05,0.016016319000000001,0.000362061,0.000362061,SYNDROME_TRELLIS,0.003836399612170562,0.16970897169261534,95,49,46,49,1,49,48,465,1,1,420,294912,3843,294912,49,1
named_crc_linear,"CRC_n48_k42_CRC-6/CDMA2000-A-like",0.875,48,42,0.002,9,0,4,1,1,1,1,1,6.1093999999999995e-05,0.034444278000000002,0.00053535200000000001,0.00053535200000000001,SYNDROME_TRELLIS,0.0017737053451955065,0.11411930841763922,96,49,47,49,1,49,48,970,1,1,886,294912,5695,294912,49,1
named_crc_linear,"CRC_n48_k42_CRC-6/CDMA2000-A-like",0.875,48,42,0.002,10,0,24,1,1,1,1,1,6.1080000000000005e-05,0.0035227330000000001,0.00064264599999999997,0.00064264599999999997,SYNDROME_TRELLIS,0.017338810520127413,0.095044550187817253,93,47,46,47,1,47,48,106,1,1,94,294912,6897,294912,49,1
named_crc_linear,"CRC_n48_k42_CRC-6/CDMA2000-A-like",0.875,48,42,0.002,11,0,5,1,1,1,1,1,8.085e-05,0.004746442,0.00067966700000000001,0.00067966700000000001,SYNDROME_TRELLIS,0.017033811853173389,0.11895531193952333,93,47,46,47,2,47,48,143,1,1,127,294912,6712,294912,50,1
named_crc_linear,"CRC_n48_k42_CRC-6/CDMA2000-A-like",0.875,48,42,0.002,12,0,10,1,1,1,1,1,8.2885000000000003e-05,0.027757855000000001,0.00038288999999999999,0.00038288999999999999,SYNDROME_TRELLIS,0.0029860016200819552,0.21647209381284443,96,49,47,49,2,49,48,757,1,1,691,294912,3792,294912,50,2
named_crc_linear,"CRC_n48_k42_CRC-6/CDMA2000-A-like",0.875,48,42,0.002,13,0,39,1,1,1,1,1,5.7901e-05,0.001369143,0.00041204300000000001,0.00041204300000000001,SYNDROME_TRELLIS,0.042289958024837433,0.1405217416628847,86,47,39,47,1,47,48,50,1,1,43,294912,4278,294912,49,1
named_crc_linear,"CRC_n48_k42_CRC-6/CDMA2000-A-like",0.875,48,42,0.002,14,0,18,1,1,1,1,1,7.0011000000000004e-05,0.027931327999999998,0.00047514399999999999,0.00047514399999999999,SYNDROME_TRELLIS,0.0025065403263317809,0.14734690956846769,96,49,47,49,1,49,48,771,1,1,711,294912,4986,294912,49,1
named_crc_linear,"CRC_n48_k42_CRC-6/CDMA2000-A-like",0.875,48,42,0.002,15,1,33,1,1,1,1,1,6.6730999999999995e-05,0.0099035809999999998,0.00072432400000000004,0.00072432400000000004,SYNDROME_TRELLIS,0.0067380677756863905,0.092128660654624162,95,48,47,48,1,48,48,279,1,1,248,294912,6794,294912,49,1
named_crc_linear,"CRC_n48_k42_CRC-6/CDMA2000-A-like",0.875,48,42,0.002,16,0,41,1,1,1,1,1,8.1250999999999998e-05,0.006732816,0.00057847200000000001,0.00057847200000000001,SYNDROME_TRELLIS,0.012067907395657329,0.14045796512190736,94,47,47,47,2,47,48,185,1,1,162,294912,5767,294912,51,2
named_crc_linear,"CRC_n48_k42_CRC-6/CDMA2000-A-like",0.875,48,42,0.002,17,1,41,1,1,1,1,1,5.8875999999999997e-05,0.0081106070000000006,0.00035556299999999998,0.00035556299999999998,SYNDROME_TRELLIS,0.0072591360917869637,0.16558528305813597,95,49,46,49,1,49,48,239,1,1,218,294912,3977,294912,49,1
named_crc_linear,"CRC_n48_k42_CRC-6/CDMA2000-A-like",0.875,48,42,0.002,18,0,9,1,1,1,1,1,5.9698999999999999e-05,0.0036802190000000002,0.00044109500000000002,0.00044109500000000002,SYNDROME_TRELLIS,0.016221588986959742,0.13534272662351646,92,48,44,48,1,48,48,117,1,1,104,294912,4800,294912,49,1
named_crc_linear,"CRC_n48_k42_CRC-6/CDMA2000-A-like",0.875,48,42,0.002,19,0,24,1,1,1,1,1,9.8702000000000005e-05,0.0042848319999999997,0.00058820200000000002,0.00058820200000000002,SYNDROME_TRELLIS,0.023035208848328246,0.16780289764400666,93,46,47,46,3,46,48,132,1,1,120,294912,6388,294912,56,2
named_crc_linear,"CRC_n48_k42_CRC-6/CDMA2000-A-like",0.875,48,42,0.002,20,0,21,1,1,1,1,1,5.9721e-05,0.0078520110000000008,0.00034128199999999999,0.00034128199999999999,SYNDROME_TRELLIS,0.0076058222536876212,0.17499018407065126,94,48,46,48,1,48,48,246,1,1,220,294912,3662,294912,49,1
named_crc_linear,"CRC_n48_k42_CRC-6/CDMA2000-A-like",0.875,48,42,0.002,21,0,41,1,1,1,1,1,8.4351000000000006e-05,0.001915143,0.00041730199999999998,0.00041730199999999998,SYNDROME_TRELLIS,0.044044230639696362,0.20213418579350209,89,43,46,43,2,43,48,67,1,1,59,294912,4337,294912,50,2
named_crc_linear,"CRC_n48_k42_CRC-6/CDMA2000-A-like",0.875,48,42,0.002,22,0,14,1,1,1,1,1,8.0115000000000001e-05,0.0098842410000000002,0.00057376200000000001,0.00057376200000000001,SYNDROME_TRELLIS,0.0081053264484344315,0.1396310665397848,94,49,45,49,2,49,48,291,1,1,265,294912,5640,294912,50,2
named_crc_linear,"CRC_n48_k42_CRC-6/CDMA2000-A-like",0.875,48,42,0.002,23,0,33,1,1,1,1,1,6.1400000000000002e-05,0.0097202220000000006,0.00045340700000000002,0.00045340700000000002,SYNDROME_TRELLIS,0.006316728157031804,0.13541917085532423,95,48,47,48,1,48,48,300,1,1,265,294912,4999,294912,49,1
named_crc_linear,"CRC_n48_k42_CRC-6/CDMA2000-A-like",0.875,48,42,0.002,24,0,34,1,1,1,1,1,0.000101036,0.010229527,0.00047682099999999999,0.00047682099999999999,SYNDROME_TRELLIS,0.0098768985115343065,0.21189502979105368,95,49,46,49,3,49,48,303,1,1,274,294912,4610,294912,52,3
named_crc_linear,"CRC_n48_k42_CRC-6/CDMA2000-A-like",0.875,48,42,0.002,25,0,34,1,1,1,1,1,8.1249999999999996e-05,0.0062794249999999999,0.00045008,0.00045008,SYNDROME_TRELLIS,0.01293908279818614,0.18052346249555634,94,49,45,49,2,49,48,188,1,1,173,294912,4539,294912,50,2
named_crc_linear,"CRC_n48_k42_CRC-6/CDMA2000-A-like",0.875,48,42,0.002,26,0,32,1,1,1,1,1,9.9864999999999993e-05,0.0095415180000000006,0.00069415899999999997,0.00069415899999999997,SYNDROME_TRELLIS,0.010466363947539583,0.14386473416032927,94,47,47,47,3,47,48,275,1,1,252,294912,6820,294912,52,3
named_crc_linear,"CRC_n48_k42_CRC-6/CDMA2000-A-like",0.875,48,42,0.002,27,0,12,1,1,1,1,1,7.5353999999999997e-05,0.005584014,0.00073653,0.00073653,SYNDROME_TRELLIS,0.013494593674012994,0.10230947822899271,93,47,46,47,2,47,48,179,1,1,157,294912,7824,294912,51,2
named_crc_linear,"CRC_n48_k42_CRC-6/CDMA2000-A-like",0.875,48,42,0.002,28,1,45,1,1,1,1,1,0.0022707339999999999,0.066169349000000002,0.0031256819999999999,0.0031256819999999999,SYNDROME_TRELLIS,0.034317006806278236,0.72647633380491039,4603,2230,2373,2230,39,2230,48,1930,1,1,1747,294912,27324,294912,125,37
named_crc_linear,"CRC_n48_k42_CRC-6/CDMA2000-A-like",0.875,48,42,0.002,29,0,12,1,1,1,1,1,8.2804000000000002e-05,0.010834742,0.00053920200000000002,0.00053920200000000002,SYNDROME_TRELLIS,0.0076424523998817884,0.15356767964510518,95,49,46,49,2,49,48,315,1,1,291,294912,5620,294912,50,2
named_crc_linear,"CRC_n48_k42_CRC-6/CDMA2000-A-like",0.875,48,42,0.002,30,0,19,1,1,1,1,1,8.0430000000000001e-05,0.00305748,0.00061225500000000003,0.00061225500000000003,SYNDROME_TRELLIS,0.026305977471643316,0.1313668324472646,91,45,46,45,2,45,48,97,1,1,86,294912,6308,294912,50,2
named_crc_linear,"CRC_n48_k42_CRC-6/CDMA2000-A-like",0.875,48,42,0.002,31,0,11,1,1,1,1,1,6.0568e-05,0.0071800850000000001,0.00031485200000000001,0.00031485200000000001,SYNDROME_TRELLIS,0.0084355547322907728,0.19236974832619769,94,49,45,49,1,49,48,214,1,1,193,294912,3355,294912,49,1
named_crc_linear,"CRC_n48_k42_CRC-6/CDMA2000-A-like",0.875,48,42,0.002,32,1,8,1,1,1,1,1,0.0022929399999999998,0.086914878000000001,0.0030603039999999998,0.0030603039999999998,SYNDROME_TRELLIS,0.026381444152749081,0.74925236185686128,4602,2213,2389,2213,35,2213,48,2478,1,1,2191,294912,26859,294912,112,34
named_crc_linear,"CRC_n48_k42_CRC-6/CDMA2000-A-like",0.875,48,42,0.002,33,0,45,1,1,1,1,1,6.2561e-05,0.031065725999999998,0.00030828300000000002,0.00030828300000000002,SYNDROME_TRELLIS,0.0020138270710299833,0.20293366809068289,96,49,47,49,1,49,48,876,1,1,791,294912,3269,294912,49,1
named_crc_linear,"CRC_n48_k42_CRC-6/CDMA2000-A-like",0.875,48,42,0.002,34,0,5,1,1,1,1,1,6.1029000000000001e-05,0.014819449,0.00044776899999999999,0.00044776899999999999,SYNDROME_TRELLIS,0.0041181693057548898,0.13629572391121317,95,48,47,48,1,48,48,438,1,1,404,294912,4800,294912,49,1
named_crc_linear,"CRC_n48_k42_CRC-6/CDMA2000-A-like",0.875,48,42,0.002,35,0,32,1,1,1,1,1,6.1273999999999996e-05,0.0037841139999999999,0.00038564300000000002,0.00038564300000000002,SYNDROME_TRELLIS,0.016192429720669092,0.15888788335325674,91,46,45,46,1,46,48,120,1,1,104,294912,4122,294912,49,1
named_crc_linear,"CRC_n48_k42_CRC-6/CDMA2000-A-like",0.875,48,42,0.002,36,0,47,1,1,1,1,1,0.00012790699999999999,0.021499101,0.00054067999999999998,0.00054067999999999998,SYNDROME_TRELLIS,0.0059494115591158907,0.23656691573574018,96,49,47,49,4,49,48,626,1,1,576,294912,4529,294912,52,4
named_crc_linear,"CRC_n48_k42_CRC-6/CDMA2000-A-like",0.875,48,42,0.002,37,0,24,1,1,1,1,1,6.4403e-05,0.015938776000000002,0.00033926900000000001,0.00033926900000000001,SYNDROME_TRELLIS,0.0040406490435652021,0.18982871998325812,95,49,46,49,1,49,48,467,1,1,421,294912,3646,294912,49,1
named_crc_linear,"CRC_n48_k42_CRC-6/CDMA2000-A-like",0.875,48,42,0.002,38,0,8,1,1,1,1,1,0.000100859,0.0069504459999999999,0.00063091299999999998,0.00063091299999999998,SYNDROME_TRELLIS,0.014511155111484934,0.15986197780042574,94,48,46,48,3,48,48,205,1,1,184,294912,6541,294912,52,3
named_crc_linear,"CRC_n48_k42_CRC-6/CDMA2000-A-like",0.875,48,42,0.002,39,0,14,1,1,1,1,1,5.9450999999999997e-05,0.0049251190000000004,0.00061528799999999997,0.00061528799999999997,SYNDROME_TRELLIS,0.012070977371308184,0.096623044818036435,93,49,44,49,1,49,48,164,1,1,145,294912,6890,294912,49,1
named_crc_linear,"CRC_n48_k42_CRC-6/CDMA2000-A-like",0.875,48,42,0.002,40,0,33,1,1,1,1,1,6.5963000000000005e-05,0.010883554,0.00038004599999999999,0.00038004599999999999,SYNDROME_TRELLIS,0.0060607959495583893,0.17356583150460736,95,48,47,48,1,48,48,333,1,1,303,294912,4230,294912,49,1
named_crc_linear,"CRC_n48_k42_CRC-6/CDMA2000-A-like",0.875,48,42,0.002,41,0,21,1,1,1,1,1,5.7723000000000003e-05,0.003502055,0.00044016900000000002,0.00044016900000000002,SYNDROME_TRELLIS,0.016482608068691097,0.13113826734731432,93,49,44,49,1,49,48,122,1,1,102,294912,4740,294912,49,1
named_crc_linear,"CRC_n48_k42_CRC-6/CDMA2000-A-like",0.875,48,42,0.002,42,0,29,1,1,1,1,1,8.3768000000000002e-05,0.018177215,0.00041057399999999998,0.00041057399999999998,SYNDROME_TRELLIS,0.0046084067333747218,0.20402655794083407,95,48,47,48,2,48,48,527,1,1,477,294912,4067,294912,50,2
named_crc_linear,"CRC_n48_k42_CRC-6/CDMA2000-A-like",0.875,48,42,0.002,43,0,17,1,1,1,1,1,6.0421999999999998e-05,0.026768138,0.00034573500000000001,0.00034573500000000001,SYNDROME_TRELLIS,0.0022572358226784395,0.17476390877406106,96,49,47,49,1,49,48,778,1,1,709,294912,3747,294912,49,1
named_crc_linear,"CRC_n48_k42_CRC-6/CDMA2000-A-like",0.875,48,42,0.002,44,0,27,1,1,1,1,1,6.1995000000000005e-05,0.030010773000000001,0.00062033200000000002,0.00062033200000000002,SYNDROME_TRELLIS,0.0020657581862353232,0.099938420071832512,96,49,47,49,1,49,48,867,1,1,788,294912,6691,294912,49,1
named_crc_linear,"CRC_n48_k42_CRC-6/CDMA2000-A-like",0.875,48,42,0.002,45,0,43,1,1,1,1,1,5.9938000000000001e-05,0.0061448090000000002,0.000517662,0.000517662,SYNDROME_TRELLIS,0.0097542494811474201,0.11578597617750579,94,48,46,48,1,48,48,190,1,1,172,294912,5564,294912,49,1
named_crc_linear,"CRC_n48_k42_CRC-6/CDMA2000-A-like",0.875,48,42,0.002,46,0,3,1,1,1,1,1,0.000100685,0.0030829949999999998,0.00051096799999999999,0.00051096799999999999,SYNDROME_TRELLIS,0.032658178167658397,0.19704756462244211,93,48,45,48,3,48,48,101,1,1,87,294912,5345,294912,54,2
named_crc_linear,"CRC_n48_k42_CRC-6/CDMA2000-A-like",0.875,48,42,0.002,47,0,36,1,1,1,1,1,8.0718999999999997e-05,0.0052381019999999997,0.00041501899999999998,0.00041501899999999998,SYNDROME_TRELLIS,0.015409971016219234,0.19449470988075246,94,48,46,48,2,48,48,160,1,1,144,294912,4148,294912,50,2
named_crc_linear,"CRC_n48_k42_CRC-6/CDMA2000-A-like",0.875,48,42,0.002,48,0,41,1,1,1,1,1,6.1766000000000005e-05,0.018584402999999999,0.00034955899999999999,0.00034955899999999999,SYNDROME_TRELLIS,0.0033235396369740802,0.17669692383832203,96,49,47,49,1,49,48,546,1,1,493,294912,3577,294912,49,1
named_crc_linear,"CRC_n48_k42_CRC-6/CDMA2000-A-like",0.875,48,42,0.002,49,0,25,1,1,1,1,1,0.000100549,0.003443687,0.00059626500000000001,0.00059626500000000001,SYNDROME_TRELLIS,0.029198065910171281,0.16863139711369945,93,47,46,47,3,47,48,108,1,1,95,294912,6014,294912,52,3
named_crc_linear,"CRC_n48_k42_CRC-6/CDMA2000-A-like",0.875,48,42,0.002,50,0,9,1,1,1,1,1,7.9301999999999994e-05,0.014098804,0.00053560200000000004,0.00053560200000000004,SYNDROME_TRELLIS,0.0056247324241120028,0.14806143367649857,95,49,46,49,2,49,48,418,1,1,387,294912,5723,294912,50,1
named_crc_linear,"CRC_n48_k42_CRC-6/CDMA2000-A-like",0.875,48,42,0.002,51,0,11,1,1,1,1,1,8.0978999999999998e-05,0.017222049999999999,0.00033444399999999998,0.00033444399999999998,SYNDROME_TRELLIS,0.0047020534721476251,0.24213022209996293,95,49,46,49,2,49,48,485,1,1,446,294912,3496,294912,50,1
named_crc_linear,"CRC_n48_k42_CRC-6/CDMA2000-A-like",0.875,48,42,0.002,52,0,45,1,1,1,1,1,7.8899999999999993e-05,0.003805891,0.000450173,0.000450173,SYNDROME_TRELLIS,0.020731019359198671,0.17526595331128253,92,48,44,48,2,48,48,117,1,1,107,294912,4471,294912,50,2
named_crc_linear,"CRC_n48_k42_CRC-6/CDMA2000-A-like",0.875,48,42,0.002,53,0,38,1,1,1,1,1,8.0098000000000005e-05,0.020493664000000002,0.00036359599999999999,0.00036359599999999999,SYNDROME_TRELLIS,0.003908427502275825,0.2202939526287418,96,49,47,49,2,49,48,602,1,1,532,294912,3589,294912,50,2
named_crc_linear,"CRC_n48_k42_CRC-6/CDMA2000-A-like",0.875,48,42,0.002,54,0,17,1,1,1,1,1,5.8242999999999998e-05,0.0022263119999999998,0.00048968299999999998,0.00048968299999999998,SYNDROME_TRELLIS,0.02616120292214209,0.11894021234145355,90,45,45,45,1,45,48,75,1,1,67,294912,5405,294912,49,1
named_crc_linear,"CRC_n48_k42_CRC-6/CDMA2000-A-like",0.875,48,42,0.002,55,0,43,1,1,1,1,1,6.0127000000000002e-05,0.010344746,0.00063526100000000003,0.00063526100000000003,SYNDROME_TRELLIS,0.0058123225065168345,0.094649285884069692,95,49,46,49,1,49,48,308,1,1,283,294912,6687,294912,49,1
named_crc_linear,"CRC_n48_k42_CRC-6/CDMA2000-A-like",0.875,48,42,0.002,56,0,37,1,1,1,1,1,8.0197000000000005e-05,0.024173913000000002,0.00058186499999999999,0.00058186499999999999,SYNDROME_TRELLIS,0.003317501804527881,0.13782750294312257,96,49,47,49,2,49,48,688,1,1,614,294912,5971,294912,50,2
named_crc_linear,"CRC_n48_k42_CRC-6/CDMA2000-A-like",0.875,48,42,0.002,57,0,1,1,1,1,1,1,6.3114000000000006e-05,0.016719584999999999,0.000396339,0.000396339,SYNDROME_TRELLIS,0.003774854459605308,0.15924246667625444,95,48,47,48,1,48,48,477,1,1,438,294912,3820,294912,49,1
named_crc_linear,"CRC_n48_k42_CRC-6/CDMA2000-A-like",0.875,48,42,0.002,58,0,37,1,1,1,1,1,5.9840000000000003e-05,0.001908903,0.00036337199999999999,0.00036337199999999999,SYNDROME_TRELLIS,0.031347847428601666,0.16467972215800888,92,47,45,47,1,47,48,65,1,1,55,294912,3720,294912,49,1
named_crc_linear,"CRC_n48_k42_CRC-6/CDMA2000-A-like",0.875,48,42,0.002,59,0,37,1,1,1,1,1,8.0212999999999999e-05,0.01209151,0.00041007800000000003,0.00041007800000000003,SYNDROME_TRELLIS,0.0066338281984632194,0.19560425089860953,95,49,46,49,2,49,48,365,1,1,324,294912,3444,294912,50,2
named_crc_linear,"CRC_n48_k42_CRC-6/CDMA2000-A-like",0.875,48,42,0.002,60,0,41,1,1,1,1,1,5.9818999999999998e-05,0.011425151999999999,0.00034131,0.00034131,SYNDROME_TRELLIS,0.0052357290301258139,0.17526295742873046,95,49,46,49,1,49,48,329,1,1,297,294912,3616,294912,49,1
named_crc_linear,"CRC_n48_k42_CRC-6/CDMA2000-A-like",0.875,48,42,0.002,61,0,40,1,1,1,1,1,8.4101e-05,0.0088011789999999993,0.00034893199999999999,0.00034893199999999999,SYNDROME_TRELLIS,0.0095556515780442601,0.241024039067784,95,49,46,49,2,49,48,263,1,1,237,294912,3499,294912,50,2
named_crc_linear,"CRC_n48_k42_CRC-6/CDMA2000-A-like",0.875,48,42,0.002,62,0,17,1,1,1,1,1,5.9688000000000002e-05,0.0033996590000000002,0.00039316999999999998,0.00039316999999999998,SYNDROME_TRELLIS,0.017557054986985458,0.15181219319887074,93,47,46,47,1,47,48,108,1,1,98,294912,3921,294912,49,1
named_crc_linear,"CRC_n48_k42_CRC-6/CDMA2000-A-like",0.875,48,42,0.002,63,0,36,1,1,1,1,1,6.2174999999999993e-05,0.025615367,0.00053238799999999996,0.00053238799999999996,SYNDROME_TRELLIS,0.0024272539214448886,0.11678512663696401,96,49,47,49,1,49,48,687,1,1,618,294912,5395,294912,49,1
named_crc_linear,"CRC_n48_k42_CRC-6/CDMA2000-A-like",0.875,48,42,0.002,64,0,18,1,1,1,1,1,6.6376000000000003e-05,0.012407022,0.00069083700000000003,0.00069083700000000003,SYNDROME_TRELLIS,0.0053498736441347488,0.096080551562814379,95,48,47,48,1,48,48,356,1,1,331,294912,6888,294912,49,1
named_crc_linear,"CRC_n48_k42_CRC-6/CDMA2000-A-like",0.875,48,42,0.002,65,0,26,1,1,1,1,1,0.00010086600000000001,0.021579761999999999,0.00054411100000000001,0.00054411100000000001,SYNDROME_TRELLIS,0.0046741015957451251,0.18537761596438962,95,49,46,49,3,49,48,604,1,1,547,294912,5333,294912,51,3
named_crc_linear,"CRC_n48_k42_CRC-6/CDMA2000-A-like",0.875,48,42,0.002,66,0,35,1,1,1,1,1,6.0174999999999999e-05,0.0078431960000000002,0.00055925400000000002,0.00055925400000000002,SYNDROME_TRELLIS,0.007672255034809789,0.10759869397447314,94,48,46,48,1,48,48,247,1,1,217,294912,5688,294912,49,1
named_crc_linear,"CRC_n48_k42_CRC-6/CDMA2000-A-like",0.875,48,42,0.002,67,0,22,1,1,1,1,1,5.8130000000000001e-05,0.0030777399999999998,0.00035149299999999998,0.00035149299999999998,SYNDROME_TRELLIS,0.01888723543899095,0.16538024939330229,92,48,44,48,1,48,48,112,1,1,98,294912,3713,294912,49,1
named_crc_linear,"CRC_n48_k42_CRC-6/CDMA2000-A-like",0.875,48,42,0.002,68,0,18,1,1,1,1,1,7.8660999999999998e-05,0.0033846219999999999,0.00060679199999999999,0.00060679199999999999,SYNDROME_TRELLIS,0.023240704574986514,0.12963420743846327,93,47,46,47,2,47,48,105,1,1,95,294912,6524,294912,51,2
named_crc_linear,"CRC_n48_k42_CRC-6/CDMA2000-A-like",0.875,48,42,0.002,69,0,46,1,1,1,1,1,7.9443999999999994e-05,0.0048235539999999999,0.00043143499999999998,0.00043143499999999998,SYNDROME_TRELLIS,0.016470013604076992,0.18413897806158516,94,48,46,48,2,48,48,153,1,1,134,294912,4411,294912,53,2
named_crc_linear,"CRC_n48_k42_CRC-6/CDMA2000-A-like",0.875,48,42,0.002,70,0,36,1,1,1,1,1,6.2824999999999996e-05,0.033179434000000001,0.00039223099999999999,0.00039223099999999999,SYNDROME_TRELLIS,0.0018934922156899961,0.16017346920564665,96,49,47,49,1,49,48,898,1,1,808,294912,4227,294912,49,1
named_crc_linear,"CRC_n48_k42_CRC-6/CDMA2000-A-like",0.875,48,42,0.002,71,0,46,1,1,1,1,1,6.1673000000000004e-05,0.0022165489999999999,0.00039503299999999998,0.00039503299999999998,SYNDROME_TRELLIS,0.02782388298205905,0.15612113418372645,93,46,47,46,1,46,48,73,1,1,65,294912,4180,294912,49,1
named_crc_linear,"CRC_n48_k42_CRC-6/CDMA2000-A-like",0.875,48,42,0.002,72,0,20,1,1,1,1,1,7.8096000000000006e-05,0.0022298109999999999,0.00042108400000000001,0.00042108400000000001,SYNDROME_TRELLIS,0.035023596170258381,0.18546418291837258,92,47,45,47,2,47,48,77,1,1,68,294912,4358,294912,50,2
named_crc_linear,"CRC_n48_k42_CRC-6/CDMA2000-A-like",0.875,48,42,0.002,73,0,16,1,1,1,1,1,7.9868000000000002e-05,0.0066413410000000003,0.00035597599999999998,0.00035597599999999998,SYNDROME_TRELLIS,0.012025884531452308,0.22436344023192575,94,48,46,48,2,48,48,197,1,1,181,294912,3533,294912,50,2
named_crc_linear,"CRC_n48_k42_CRC-6/CDMA2000-A-like",0.875,48,42,0.002,74,0,4,1,1,1,1,1,6.1465999999999997e-05,0.020379972999999999,0.00038684,0.00038684,SYNDROME_TRELLIS,0.0030160000702650585,0.15889256540171645,96,49,47,49,1,49,48,607,1,1,534,294912,4185,294912,49,1
named_crc_linear,"CRC_n48_k42_CRC-6/CDMA2000-A-like",0.875,48,42,0.002,75,0,2,1,1,1,1,1,8.4307000000000004e-05,0.026236775,0.00046521399999999998,0.00046521399999999998,SYNDROME_TRELLIS,0.0032133141363601282,0.18122197526299727,96,49,47,49,2,49,48,743,1,1,687,294912,4795,294912,50,2
named_crc_linear,"CRC_n48_k42_CRC-6/CDMA2000-A-like",0.875,48,42,0.002,76,0,42,1,1,1,1,1,6.2181999999999995e-05,0.025579884000000001,0.00041234699999999997,0.00041234699999999997,SYNDROME_TRELLIS,0.0024308945263395248,0.15080017558027584,96,49,47,49,1,49,48,735,1,1,677,294912,4409,294912,49,1
named_crc_linear,"CRC_n48_k42_CRC-6/CDMA2000-A-like",0.875,48,42,0.002,77,0,20,1,1,1,1,1,6.0985e-05,0.032600990000000003,0.00041239400000000001,0.00041239400000000001,SYNDROME_TRELLIS,0.0018706487134286412,0.14788042503043206,96,49,47,49,1,49,48,986,1,1,904,294912,4517,294912,49,1
named_crc_linear,"CRC_n48_k42_CRC-6/CDMA2000-A-like",0.875,48,42,0.002,78,0,9,1,1,1,1,1,8.1101999999999997e-05,0.0088560319999999998,0.00039920199999999998,0.00039920199999999998,SYNDROME_TRELLIS,0.0091578259879819771,0.20316030480809213,94,48,46,48,2,48,48,259,1,1,237,294912,4198,294912,50,1
named_crc_linear,"CRC_n48_k42_CRC-6/CDMA2000-A-like",0.875,48,42,0.002,79,0,32,1,1,1,1,1,6.0905e-05,0.0065335200000000001,0.00043294200000000002,0.00043294200000000002,SYNDROME_TRELLIS,0.0093219275367642553,0.14067704219040889,94,49,45,49,1,49,48,200,1,1,183,294912,4689,294912,49,1
named_crc_linear,"CRC_n48_k42_CRC-6/CDMA2000-A-like",0.875,48,42,0.0050000000000000001,0,0,18,1,1,1,1,1,8.0422999999999999e-05,0.005751043,0.00033800200000000001,0.00033800200000000001,SYNDROME_TRELLIS,0.013984072106572669,0.23793646191442652,93,47,46,47,2,47,48,171,1,1,138,294912,3536,294912,50,1
named_crc_linear,"CRC_n48_k42_CRC-6/CDMA2000-A-like",0.875,48,42,0.0050000000000000001,1,1,43,1,1,1,1,1,6.3162000000000003e-05,0.017384546000000001,0.00047070100000000002,0.00047070100000000002,SYNDROME_TRELLIS,0.0036332268901356412,0.13418709541726065,95,49,46,49,1,49,48,491,1,1,441,294912,4944,294912,49,1
named_crc_linear,"CRC_n48_k42_CRC-6/CDMA2000-A-like",0.875,48,42,0.0050000000000000001,2,0,40,1,1,1,1,1,8.0056999999999996e-05,0.001429357,0.00051117299999999997,0.00051117299999999997,SYNDROME_TRELLIS,0.056009100595582485,0.15661429692100326,92,48,44,48,2,48,48,51,1,1,44,294912,5081,294912,53,2
named_crc_linear,"CRC_n48_k42_CRC-6/CDMA2000-A-like",0.875,48,42,0.0050000000000000001,3,0,35,1,1,1,1,1,6.2583999999999996e-05,0.011319650000000001,0.00035427199999999999,0.00035427199999999999,SYNDROME_TRELLIS,0.0055287928513690788,0.17665522536356246,95,49,46,49,1,49,48,326,1,1,300,294912,3761,294912,49,1
named_crc_linear,"CRC_n48_k42_CRC-6/CDMA2000-A-like",0.875,48,42,0.0050000000000000001,4,0,30,1,1,1,1,1,0.00010113199999999999,0.0025616739999999999,0.00057046500000000003,0.00057046500000000003,SYNDROME_TRELLIS,0.039478872018843925,0.17727993829595154,90,44,46,44,3,44,48,83,1,1,72,294912,5859,294912,54,2
named_crc_linear,"CRC_n48_k42_CRC-6/CDMA2000-A-like",0.875,48,42,0.0050000000000000001,5,0,44,1,1,1,1,1,9.9387000000000002e-05,0.0098250939999999995,0.00052288499999999995,0.00052288499999999995,SYNDROME_TRELLIS,0.010115628410272717,0.19007429932011821,95,49,46,49,3,49,48,297,1,1,262,294912,5131,294912,51,3
named_crc_linear,"CRC_n48_k42_CRC-6/CDMA2000-A-like",0.875,48,42,0.0050000000000000001,6,0,41,1,1,1,1,1,9.2324999999999994e-05,0.010126346,0.00045612499999999999,0.00045612499999999999,SYNDROME_TRELLIS,0.0091173064795534338,0.2024116196218142,95,49,46,49,2,49,48,300,1,1,271,294912,4836,294912,51,2
named_crc_linear,"CRC_n48_k42_CRC-6/CDMA2000-A-like",0.875,48,42,0.0050000000000000001,7,0,16,1,1,1,1,1,0.000102118,0.0082370220000000001,0.00063405099999999995,0.00063405099999999995,SYNDROME_TRELLIS,0.012397441696768565,0.1610564449862866,94,48,46,48,3,48,48,235,1,1,218,294912,5899,294912,51,3
named_crc_linear,"CRC_n48_k42_CRC-6/CDMA2000-A-like",0.875,48,42,0.0050000000000000001,8,0,33,1,1,1,1,1,6.2634999999999999e-05,0.018766577999999999,0.00049013699999999997,0.00049013699999999997,SYNDROME_TRELLIS,0.0033375823764993278,0.12779080134737839,96,49,47,49,1,49,48,551,1,1,498,294912,5315,294912,49,1
named_crc_linear,"CRC_n48_k42_CRC-6/CDMA2000-A-like",0.875,48,42,0.0050000000000000001,9,0,15,1,1,1,1,1,8.3473000000000005e-05,0.025464779999999999,0.000360112,0.000360112,SYNDROME_TRELLIS,0.0032779784470943793,0.23179732971964279,96,49,47,49,2,49,48,749,1,1,672,294912,3533,294912,50,2
named_crc_linear,"CRC_n48_k42_CRC-6/CDMA2000-A-like",0.875,48,42,0.0050000000000000001,10,0,21,1,1,1,1,1,6.2337999999999998e-05,0.0018671130000000001,0.00041297600000000001,0.00041297600000000001,SYNDROME_TRELLIS,0.033387373983256502,0.1509482391228546,89,44,45,44,1,44,48,65,1,1,58,294912,4463,294912,49,1
named_crc_linear,"CRC_n48_k42_CRC-6/CDMA2000-A-like",0.875,48,42,0.0050000000000000001,11,0,20,1,1,1,1,1,6.2916999999999994e-05,0.010251122,0.000680947,0.000680947,SYNDROME_TRELLIS,0.0061375720628434622,0.092396324530396631,94,47,47,47,1,47,48,299,1,1,269,294912,7372,294912,49,1
named_crc_linear,"CRC_n48_k42_CRC-6/CDMA2000-A-like",0.875,48,42,0.0050000000000000001,12,0,18,1,1,1,1,1,6.3523999999999997e-05,0.016628648999999999,0.00036029999999999998,0.00036029999999999998,SYNDROME_TRELLIS,0.0038201540004843449,0.17630863169580904,95,49,46,49,1,49,48,463,1,1,419,294912,3784,294912,49,1
named_crc_linear,"CRC_n48_k42_CRC-6/CDMA2000-A-like",0.875,48,42,0.0050000000000000001,13,0,26,1,1,1,1,1,5.9648999999999998e-05,0.0019563319999999999,0.00046158899999999999,0.00046158899999999999,SYNDROME_TRELLIS,0.030490223540789601,0.12922534982419426,90,46,44,46,1,46,48,65,1,1,57,294912,4888,294912,50,1
named_crc_linear,"CRC_n48_k42_CRC-6/CDMA2000-A-like",0.875,48,42,0.0050000000000000001,14,0,28,1,1,1,1,1,0.000100573,0.0038219119999999998,0.00046983000000000002,0.00046983000000000002,SYNDROME_TRELLIS,0.026314839274164347,0.21406253325670987,92,46,46,46,3,46,48,121,1,1,109,294912,5195,294912,51,1
named_crc_linear,"CRC_n48_k42_CRC-6/CDMA2000-A-like",0.875,48,42,0.0050000000000000001,15,1,9,1,1,1,1,1,6.0791999999999997e-05,0.0021415639999999999,0.00055539300000000005,0.00055539300000000005,SYNDROME_TRELLIS,0.02838673044559957,0.10945762730174848,91,45,46,45,1,45,48,69,1,1,61,294912,5937,294912,49,1
named_crc_linear,"CRC_n48_k42_CRC-6/CDMA2000-A-like",0.875,48,42,0.0050000000000000001,16,2,45,1,1,1,1,1,6.3447000000000004e-05,0.03232691,0.00035796599999999998,0.00035796599999999998,SYNDROME_TRELLIS,0.0019626682537860875,0.17724309012587791,96,49,47,49,1,49,48,920,1,1,835,294912,3866,294912,49,1
named_crc_linear,"CRC_n48_k42_CRC-6/CDMA2000-A-like",0.875,48,42,0.0050000000000000001,17,0,10,1,1,1,1,1,5.9447000000000002e-05,0.0071037490000000003,0.00041064999999999998,0.00041064999999999998,SYNDROME_TRELLIS,0.0083683981514549571,0.14476318032387681,94,47,47,47,1,47,48,224,1,1,203,294912,4413,294912,49,1
named_crc_linear,"CRC_n48_k42_CRC-6/CDMA2000-A-like",0.875,48,42,0.0050000000000000001,18,1,23,1,1,1,1,1,0.002179753,0.068949615000000006,0.0030493730000000002,0.0030493730000000002,SYNDROME_TRELLIS,0.03161370806784055,0.71482006300967438,4602,2213,2389,2213,34,2213,48,1965,1,1,1790,294912,27516,294912,120,32
named_crc_linear,"CRC_n48_k42_CRC-6/CDMA2000-A-like",0.875,48,42,0.0050000000000000001,19,0,16,1,1,1,1,1,0.00010153,0.0063470460000000003,0.00063076799999999998,0.00063076799999999998,SYNDROME_TRELLIS,0.015996417861159348,0.16096250919513991,94,47,47,47,3,47,48,188,1,1,169,294912,5900,294912,52,3
named_crc_linear,"CRC_n48_k42_CRC-6/CDMA2000-A-like",0.875,48,42,0.0050000000000000001,20,0,28,1,1,1,1,1,6.2385999999999995e-05,0.0014128249999999999,0.00069715100000000002,0.00069715100000000002,SYNDROME_TRELLIS,0.04415691964680693,0.089487069515786388,81,42,39,42,1,42,48,52,1,1,45,294912,7467,294912,49,1
named_crc_linear,"CRC_n48_k42_CRC-6/CDMA2000-A-like",0.875,48,42,0.0050000000000000001,21,0,42,1,1,1,1,1,6.4628999999999994e-05,0.006042024,0.00030376399999999999,0.00030376399999999999,SYNDROME_TRELLIS,0.010696581145655826,0.21276056412214744,94,49,45,49,1,49,48,186,1,1,165,294912,3167,294912,49,1
named_crc_linear,"CRC_n48_k42_CRC-6/CDMA2000-A-like",0.875,48,42,0.0050000000000000001,22,0,38,1,1,1,1,1,8.2971000000000002e-05,0.018620924000000001,0.00038676900000000002,0.00038676900000000002,SYNDROME_TRELLIS,0.0044557939230083317,0.21452339768699144,95,48,47,48,2,48,48,521,1,1,475,294912,3999,294912,50,1
named_crc_linear,"CRC_n48_k42_CRC-6/CDMA2000-A-like",0.875,48,42,0.0050000000000000001,23,0,35,1,1,1,1,1,5.9721e-05,0.0038868050000000001,0.000348816,0.000348816,SYNDROME_TRELLIS,0.015365062049678335,0.17121060960506398,92,47,45,47,1,47,48,119,1,1,106,294912,3612,294912,49,1
named_crc_linear,"CRC_n48_k42_CRC-6/CDMA2000-A-like",0.875,48,42,0.0050000000000000001,24,0,23,1,1,1,1,1,8.0395999999999994e-05,0.02782778,0.000356879,0.000356879,SYNDROME_TRELLIS,0.0028890554690313057,0.22527523334239336,96,49,47,49,2,49,48,806,1,1,720,294912,3546,294912,50,2
named_crc_linear,"CRC_n48_k42_CRC-6/CDMA2000-A-like",0.875,48,42,0.0050000000000000001,25,0,25,1,1,1,1,1,8.0178000000000004e-05,0.0098707550000000002,0.00075232100000000002,0.00075232100000000002,SYNDROME_TRELLIS,0.0081227829076904456,0.10657418841159558,94,48,46,48,2,48,48,290,1,1,261,294912,7978,294912,50,2
named_crc_linear,"CRC_n48_k42_CRC-6/CDMA2000-A-like",0.875,48,42,0.0050000000000000001,26,1,42,1,1,1,1,1,0.000103571,0.022879529999999999,0.000475544,0.000475544,SYNDROME_TRELLIS,0.0045267975347395685,0.21779477819087192,95,48,47,48,3,48,48,623,1,1,572,294912,4490,294912,51,3
named_crc_linear,"CRC_n48_k42_CRC-6/CDMA2000-A-like",0.875,48,42,0.0050000000000000001,27,0,16,1,1,1,1,1,0.00010525499999999999,0.012130439999999999,0.00049160499999999999,0.00049160499999999999,SYNDROME_TRELLIS,0.0086769317518573114,0.21410481992656705,95,49,46,49,3,49,48,348,1,1,319,294912,4749,294912,52,3
named_crc_linear,"CRC_n48_k42_CRC-6/CDMA2000-A-like",0.875,48,42,0.0050000000000000001,28,0,44,1,1,1,1,1,7.9569999999999999e-05,0.0014313469999999999,0.00046511799999999999,0.00046511799999999999,SYNDROME_TRELLIS,0.055590992261135841,0.17107486702299202,90,49,41,49,2,49,48,50,1,1,43,294912,4763,294912,52,2
named_crc_linear,"CRC_n48_k42_CRC-6/CDMA2000-A-like",0.875,48,42,0.0050000000000000001,29,0,20,1,1,1,1,1,6.2130000000000003e-05,0.002313964,0.00030484099999999998,0.00030484099999999998,SYNDROME_TRELLIS,0.026850028781778803,0.20381116713303002,92,46,46,46,1,46,48,76,1,1,67,294912,3232,294912,49,1
named_crc_linear,"CRC_n48_k42_CRC-6/CDMA2000-A-like",0.875,48,42,0.0050000000000000001,30,1,7,1,1,1,1,1,6.2743999999999994e-05,0.012688467,0.00046674599999999998,0.00046674599999999998,SYNDROME_TRELLIS,0.0049449630124742405,0.13442857571355726,95,48,47,48,1,48,48,367,1,1,326,294912,5013,294912,49,1
named_crc_linear,"CRC_n48_k42_CRC-6/CDMA2000-A-like",0.875,48,42,0.0050000000000000001,31,0,45,1,1,1,1,1,8.3003000000000005e-05,0.0083929269999999997,0.000392252,0.000392252,SYNDROME_TRELLIS,0.0098896368334908669,0.21160631430814886,94,47,47,47,2,47,48,244,1,1,222,294912,4055,294912,52,2
named_crc_linear,"CRC_n48_k42_CRC-6/CDMA2000-A-like",0.875,48,42,0.0050000000000000001,32,1,11,1,1,1,1,1,6.2389000000000002e-05,0.015880633000000002,0.00054571399999999999,0.00054571399999999999,SYNDROME_TRELLIS,0.0039286217369295037,0.11432545252641495,95,49,46,49,1,49,48,459,1,1,411,294912,5711,294912,49,1
named_crc_linear,"CRC_n48_k42_CRC-6/CDMA2000-A-like",0.875,48,42,0.0050000000000000001,33,0,34,1,1,1,1,1,6.1550000000000005e-05,0.0019840639999999998,0.00074826700000000005,0.00074826700000000005,SYNDROME_TRELLIS,0.031022184768233287,0.082256734561326372,92,47,45,47,1,47,48,68,1,1,58,294912,5743,294912,49,1
named_crc_linear,"CRC_n48_k42_CRC-6/CDMA2000-A-like",0.875,48,42,0.0050000000000000001,34,1,14,1,1,1,1,1,0.002194976,0.067059403000000004,0.0028737340000000002,0.0028737340000000002,SYNDROME_TRELLIS,0.032731815402531991,0.76380625346674391,4601,2200,2401,2200,35,2200,48,1910,1,1,1764,294912,26065,294912,109,31
named_crc_linear,"CRC_n48_k42_CRC-6/CDMA2000-A-like",0.875,48,42,0.0050000000000000001,35,0,10,1,1,1,1,1,6.0127999999999998e-05,0.0025999679999999998,0.000470094,0.000470094,SYNDROME_TRELLIS,0.023126438479242822,0.12790633362689163,91,46,45,46,1,46,48,88,1,1,78,294912,5012,294912,49,1
named_crc_linear,"CRC_n48_k42_CRC-6/CDMA2000-A-like",0.875,48,42,0.0050000000000000001,36,0,0,1,1,1,1,1,8.2795999999999998e-05,0.0055955989999999997,0.00060411700000000004,0.00060411700000000004,SYNDROME_TRELLIS,0.014796628564698794,0.13705292186778387,94,47,47,47,2,47,48,170,1,1,152,294912,6229,294912,51,2
named_crc_linear,"CRC_n48_k42_CRC-6/CDMA2000-A-like",0.875,48,42,0.0050000000000000001,37,0,28,1,1,1,1,1,6.0098e-05,0.010422578,0.00045058199999999999,0.00045058199999999999,SYNDROME_TRELLIS,0.0057661357871344309,0.13337860811128718,95,49,46,49,1,49,48,317,1,1,284,294912,4831,294912,49,1
named_crc_linear,"CRC_n48_k42_CRC-6/CDMA2000-A-like",0.875,48,42,0.0050000000000000001,38,0,31,1,1,1,1,1,6.2446000000000005e-05,0.0090677880000000002,0.00043937000000000002,0.00043937000000000002,SYNDROME_TRELLIS,0.0068865747633270651,0.14212622618749574,94,48,46,48,1,48,48,276,1,1,250,294912,4673,294912,49,1
named_crc_linear,"CRC_n48_k42_CRC-6/CDMA2000-A-like",0.875,48,42,0.0050000000000000001,39,0,40,1,1,1,1,1,6.1259000000000004e-05,0.0086333550000000005,0.00039648299999999999,0.00039648299999999999,SYNDROME_TRELLIS,0.0070956192580983873,0.15450599395182141,94,48,46,48,1,48,48,254,1,1,228,294912,4290,294912,49,1
named_crc_linear,"CRC_n48_k42_CRC-6/CDMA2000-A-like",0.875,48,42,0.0050000000000000001,40,0,15,1,1,1,1,1,8.5131999999999997e-05,0.0053869319999999997,0.00043100199999999999,0.00043100199999999999,SYNDROME_TRELLIS,0.015803429484537768,0.19752112519199447,93,48,45,48,2,48,48,167,1,1,148,294912,4733,294912,50,1
named_crc_linear,"CRC_n48_k42_CRC-6/CDMA2000-A-like",0.875,48,42,0.0050000000000000001,41,1,22,1,1,1,1,1,0.002162714,0.061450472999999999,0.0027905320000000001,0.0027905320000000001,SYNDROME_TRELLIS,0.035194423971317522,0.7750185269332156,4596,2162,2434,2162,32,2162,48,1768,1,1,1627,294912,24053,294912,112,30
named_crc_linear,"CRC_n48_k42_CRC-6/CDMA2000-A-like",0.875,48,42,0.0050000000000000001,42,0,4,1,1,1,1,1,6.5080999999999996e-05,0.016086519000000001,0.00050141699999999999,0.00050141699999999999,SYNDROME_TRELLIS,0.0040456857073926308,0.12979416334109134,95,48,47,48,1,48,48,445,1,1,404,294912,5001,294912,49,1
named_crc_linear,"CRC_n48_k42_CRC-6/CDMA2000-A-like",0.875,48,42,0.0050000000000000001,43,0,17,1,1,1,1,1,9.8516000000000003e-05,0.0062470240000000003,0.00047341000000000001,0.00047341000000000001,SYNDROME_TRELLIS,0.01577006907609127,0.20809868824063707,94,49,45,49,3,49,48,189,1,1,173,294912,4661,294912,54,2
named_crc_linear,"CRC_n48_k42_CRC-6/CDMA2000-A-like",0.875,48,42,0.0050000000000000001,44,0,33,1,1,1,1,1,8.0933999999999995e-05,0.0093687639999999999,0.00040871800000000003,0.00040871800000000003,SYNDROME_TRELLIS,0.0086387062370233674,0.19801917214314024,95,48,47,48,2,48,48,271,1,1,242,294912,3951,294912,51,2
named_crc_linear,"CRC_n48_k42_CRC-6/CDMA2000-A-like",0.875,48,42,0.0050000000000000001,45,1,21,1,1,1,1,1,6.0606000000000002e-05,0.0079945120000000005,0.000352276,0.000352276,SYNDROME_TRELLIS,0.0075809505320649966,0.17204124039105703,94,49,45,49,1,49,48,229,1,1,208,294912,3383,294912,49,1
named_crc_linear,"CRC_n48_k42_CRC-6/CDMA2000-A-like",0.875,48,42,0.0050000000000000001,46,0,28,1,1,1,1,1,6.2359000000000004e-05,0.015897842999999998,0.00063099599999999999,0.00063099599999999999,SYNDROME_TRELLIS,0.0039224818108972402,0.098826300008240942,95,49,46,49,1,49,48,456,1,1,415,294912,6908,294912,49,1
named_crc_linear,"CRC_n48_k42_CRC-6/CDMA2000-A-like",0.875,48,42,0.0050000000000000001,47,0,2,1,1,1,1,1,8.3432999999999999e-05,0.016409488,0.00068515799999999995,0.00068515799999999995,SYNDROME_TRELLIS,0.0050844365162398732,0.12177191246398641,95,49,46,49,2,49,48,467,1,1,426,294912,7289,294912,50,1
named_crc_linear,"CRC_n48_k42_CRC-6/CDMA2000-A-like",0.875,48,42,0.0050000000000000001,48,0,0,1,1,1,1,1,6.1482000000000005e-05,0.0088978119999999997,0.000421951,0.000421951,SYNDROME_TRELLIS,0.0069097886087051523,0.14570886192946575,94,48,46,48,1,48,48,244,1,1,222,294912,4577,294912,49,1
named_crc_linear,"CRC_n48_k42_CRC-6/CDMA2000-A-like",0.875,48,42,0.0050000000000000001,49,0,3,1,1,1,1,1,0.000119611,0.0075315790000000001,0.00064573600000000005,0.00064573600000000005,SYNDROME_TRELLIS,0.015881264738775231,0.18523204529405204,94,49,45,49,4,49,48,227,1,1,199,294912,6304,294912,53,2
named_crc_linear,"CRC_n48_k42_CRC-6/CDMA2000-A-like",0.875,48,42,0.0050000000000000001,50,0,1,1,1,1,1,1,6.3476e-05,0.016627116000000001,0.00070066799999999999,0.00070066799999999999,SYNDROME_TRELLIS,0.0038176193634542515,0.090593547871459804,95,48,47,48,1,48,48,478,1,1,436,294912,6875,294912,49,1
named_crc_linear,"CRC_n48_k42_CRC-6/CDMA2000-A-like",0.875,48,42,0.0050000000000000001,51,1,3,1,1,1,1,1,0.0021483850000000001,0.064658559000000004,0.0029472420000000001,0.0029472420000000001,SYNDROME_TRELLIS,0.033226614283191805,0.72894760593124008,4601,2188,2413,2188,33,2188,48,1874,1,1,1704,294912,26682,294912,112,32
named_crc_linear,"CRC_n48_k42_CRC-6/CDMA2000-A-like",0.875,48,42,0.0050000000000000001,52,0,5,1,1,1,1,1,6.2175999999999996e-05,0.0038915260000000002,0.000435186,0.000435186,SYNDROME_TRELLIS,0.015977279863991656,0.14287224313282135,93,48,45,48,1,48,48,117,1,1,107,294912,4490,294912,49,1
named_crc_linear,"CRC_n48_k42_CRC-6/CDMA2000-A-like",0.875,48,42,0.0050000000000000001,53,0,44,1,1,1,1,1,8.1032000000000006e-05,0.0034997040000000002,0.00058767900000000002,0.00058767900000000002,SYNDROME_TRELLIS,0.023153958163318954,0.13788479765314057,94,47,47,47,2,47,48,116,1,1,99,294912,6117,294912,51,2
named_crc_linear,"CRC_n48_k42_CRC-6/CDMA2000-A-like",0.875,48,42,0.0050000000000000001,54,0,25,1,1,1,1,1,9.8318000000000003e-05,0.010414115999999999,0.00060352099999999998,0.00060352099999999998,SYNDROME_TRELLIS,0.0094408397217776337,0.16290733876700231,95,49,46,49,3,49,48,311,1,1,286,294912,6002,294912,52,3
named_crc_linear,"CRC_n48_k42_CRC-6/CDMA2000-A-like",0.875,48,42,0.0050000000000000001,55,0,20,1,1,1,1,1,6.5092000000000006e-05,0.013024735000000001,0.00051160599999999995,0.00051160599999999995,SYNDROME_TRELLIS,0.004997568088717352,0.12723072051539663,95,48,47,48,1,48,48,381,1,1,336,294912,5167,294912,49,1
named_crc_linear,"CRC_n48_k42_CRC-6/CDMA2000-A-like",0.875,48,42,0.0050000000000000001,56,0,37,1,1,1,1,1,0.00010106,0.0018049979999999999,0.00066810800000000005,0.00066810800000000005,SYNDROME_TRELLIS,0.055988981705242885,0.1512629694600274,92,47,45,47,3,47,48,62,1,1,51,294912,6865,294912,51,3
named_crc_linear,"CRC_n48_k42_CRC-6/CDMA2000-A-like",0.875,48,42,0.0050000000000000001,57,1,5,1,1,1,1,1,0.0022959149999999999,0.083198797000000005,0.0034199650000000001,0.0034199650000000001,SYNDROME_TRELLIS,0.027595531219039137,0.67132704574462021,4604,2233,2371,2233,39,2233,48,2288,1,1,2087,294912,27418,294912,122,38
named_crc_linear,"CRC_n48_k42_CRC-6/CDMA2000-A-like",0.875,48,42,0.0050000000000000001,58,0,21,1,1,1,1,1,8.3456999999999997e-05,0.0092518819999999995,0.00041803100000000002,0.00041803100000000002,SYNDROME_TRELLIS,0.009020543063562635,0.19964308867045744,95,48,47,48,2,48,48,279,1,1,254,294912,3980,294912,50,2
named_crc_linear,"CRC_n48_k42_CRC-6/CDMA2000-A-like",0.875,48,42,0.0050000000000000001,59,1,27,1,1,1,1,1,6.1950000000000001e-05,0.010748036000000001,0.00051455800000000003,0.00051455800000000003,SYNDROME_TRELLIS,0.0057638437385211586,0.12039459108594172,95,48,47,48,1,48,48,317,1,1,293,294912,5621,294912,49,1
named_crc_linear,"CRC_n48_k42_CRC-6/CDMA2000-A-like",0.875,48,42,0.0050000000000000001,60,1,12,1,1,1,1,1,0.0021963320000000001,0.065128082000000004,0.002809125,0.002809125,SYNDROME_TRELLIS,0.033723271629586757,0.78185627197080942,4600,2196,2404,2196,34,2196,48,1843,1,1,1694,294912,25497,294912,104,31
named_crc_linear,"CRC_n48_k42_CRC-6/CDMA2000-A-like",0.875,48,42,0.0050000000000000001,61,0,27,1,1,1,1,1,6.3278e-05,0.027673065,0.00048074499999999998,0.00048074499999999998,SYNDROME_TRELLIS,0.0022866278093879372,0.13162487389364425,96,49,47,49,1,49,48,759,1,1,689,294912,4729,294912,49,1
named_crc_linear,"CRC_n48_k42_CRC-6/CDMA2000-A-like",0.875,48,42,0.0050000000000000001,62,2,27,1,1,1,1,1,0.0022890219999999999,0.076660117,0.0027872140000000001,0.0027872140000000001,SYNDROME_TRELLIS,0.029859359593724596,0.82125807347408553,4598,2192,2406,2192,36,2192,48,2150,1,1,1958,294912,24528,294912,116,33
named_crc_linear,"CRC_n48_k42_CRC-6/CDMA2000-A-like",0.875,48,42,0.0050000000000000001,63,0,22,1,1,1,1,1,0.000113016,0.012791220000000001,0.00051499900000000003,0.00051499900000000003,SYNDROME_TRELLIS,0.0088354355565770891,0.21944896980382486,95,49,46,49,3,49,48,333,1,1,299,294912,4469,294912,51,2
named_crc_linear,"CRC_n48_k42_CRC-6/CDMA2000-A-like",0.875,48,42,0.0050000000000000001,64,1,23,1,1,1,1,1,0.0022205269999999999,0.097769925999999993,0.0031131829999999998,0.0031131829999999998,SYNDROME_TRELLIS,0.022711759033140724,0.71326581187164395,4604,2232,2372,2232,35,2232,48,2717,1,1,2444,294912,27677,294912,116,34
named_crc_linear,"CRC_n48_k42_CRC-6/CDMA2000-A-like",0.875,48,42,0.0050000000000000001,65,2,6,1,1,1,1,1,6.3324000000000006e-05,0.010706227,0.00035556900000000002,0.00035556900000000002,SYNDROME_TRELLIS,0.0059146887134001553,0.17809201589564894,95,48,47,48,1,48,48,307,1,1,277,294912,3661,294912,49,1
named_crc_linear,"CRC_n48_k42_CRC-6/CDMA2000-A-like",0.875,48,42,0.0050000000000000001,66,0,0,1,1,1,1,1,6.3619000000000002e-05,0.035321790999999998,0.00038133500000000001,0.00038133500000000001,SYNDROME_TRELLIS,0.0018011261093753713,0.16683231279583569,96,49,47,49,1,49,48,984,1,1,904,294912,4024,294912,49,1
named_crc_linear,"CRC_n48_k42_CRC-6/CDMA2000-A-like",0.875,48,42,0.0050000000000000001,67,0,47,1,1,1,1,1,6.2508999999999994e-05,0.0029554910000000002,0.00039091899999999999,0.00039091899999999999,SYNDROME_TRELLIS,0.021150123617361714,0.1599026908387671,92,45,47,45,1,45,48,94,1,1,83,294912,4172,294912,49,1
named_crc_linear,"CRC_n48_k42_CRC-6/CDMA2000-A-like",0.875,48,42,0.0050000000000000001,68,0,8,1,1,1,1,1,6.1476999999999994e-05,0.003395618,0.00046002,0.00046002,SYNDROME_TRELLIS,0.018104804486252575,0.13363984174601104,94,49,45,49,1,49,48,106,1,1,94,294912,4814,294912,49,1
named_crc_linear,"CRC_n48_k42_CRC-6/CDMA2000-A-like",0.875,48,42,0.0050000000000000001,69,0,10,1,1,1,1,1,0.000106939,0.0034316360000000001,0.00045246000000000001,0.00045246000000000001,SYNDROME_TRELLIS,0.031162687417896302,0.23635017460106969,92,46,46,46,3,46,48,104,1,1,95,294912,4917,294912,51,1
named_crc_linear,"CRC_n48_k42_CRC-6/CDMA2000-A-like",0.875,48,42,0.0050000000000000001,70,0,31,1,1,1,1,1,6.1913000000000002e-05,0.0093628280000000001,0.00030756400000000003,0.00030756400000000003,SYNDROME_TRELLIS,0.0066126388309173251,0.20130119259731308,94,47,47,47,1,47,48,264,1,1,241,294912,3113,294912,49,1
named_crc_linear,"CRC_n48_k42_CRC-6/CDMA2000-A-like",0.875,48,42,0.0050000000000000001,71,1,18,1,1,1,1,1,6.4639000000000002e-05,0.030988418,0.00044474599999999999,0.00044474599999999999,SYNDROME_TRELLIS,0.0020859083545342653,0.14533913739527732,96,49,47,49,1,49,48,889,1,1,797,294912,4781,294912,49,1
named_crc_linear,"CRC_n48_k42_CRC-6/CDMA2000-A-like",0.875,48,42,0.0050000000000000001,72,0,10,1,1,1,1,1,8.1230000000000007e-05,0.010713158,0.00039741599999999999,0.00039741599999999999,SYNDROME_TRELLIS,0.0075822647253032211,0.20439539424683456,95,49,46,49,2,49,48,320,1,1,286,294912,4134,294912,50,2
named_crc_linear,"CRC_n48_k42_CRC-6/CDMA2000-A-like",0.875,48,42,0.0050000000000000001,73,0,45,1,1,1,1,1,6.4145000000000003e-05,0.031060846,0.00042133999999999997,0.00042133999999999997,SYNDROME_TRELLIS,0.002065140144605205,0.15224047087862536,96,49,47,49,1,49,48,878,1,1,797,294912,4463,294912,49,1
named_crc_linear,"CRC_n48_k42_CRC-6/CDMA2000-A-like",0.875,48,42,0.0050000000000000001,74,0,11,1,1,1,1,1,6.7788999999999998e-05,0.027043865,0.00035270599999999999,0.00035270599999999999,SYNDROME_TRELLIS,0.0025066313561319729,0.19219690053472296,96,49,47,49,1,49,48,750,1,1,685,294912,3766,294912,49,1
named_crc_linear,"CRC_n48_k42_CRC-6/CDMA2000-A-like",0.875,48,42,0.0050000000000000001,75,0,4,1,1,1,1,1,6.5571e-05,0.0039041140000000002,0.00034405599999999997,0.00034405599999999997,SYNDROME_TRELLIS,0.016795359971558208,0.19058234705978097,93,46,47,46,1,46,48,116,1,1,106,294912,3665,294912,49,1
named_crc_linear,"CRC_n48_k42_CRC-6/CDMA2000-A-like",0.875,48,42,0.0050000000000000001,76,1,26,1,1,1,1,1,0.0021930919999999998,0.083436786999999998,0.0030489150000000001,0.0030489150000000001,SYNDROME_TRELLIS,0.026284473298330627,0.71930244037633051,4603,2223,2380,2223,33,2223,48,2337,1,1,2144,294912,27459,294912,114,33
named_crc_linear,"CRC_n48_k42_CRC-6/CDMA2000-A-like",0.875,48,42,0.0050000000000000001,77,0,5,1,1,1,1,1,6.3034000000000007e-05,0.0088653670000000007,0.000397747,0.000397747,SYNDROME_TRELLIS,0.0071101399411891237,0.15847762522407463,94,49,45,49,1,49,48,261,1,1,236,294912,4259,294912,49,1
named_crc_linear,"CRC_n48_k42_CRC-6/CDMA2000-A-like",0.875,48,42,0.0050000000000000001,78,1,38,1,1,1,1,1,0.0022165290000000001,0.087230780999999993,0.0030812650000000001,0.0030812650000000001,SYNDROME_TRELLIS,0.025409941016119073,0.71935682260370337,4603,2215,2388,2215,37,2215,48,2480,1,1,2309,294912,27290,294912,126,36
named_crc_linear,"CRC_n48_k42_CRC-6/CDMA2000-A-like",0.875,48,42,0.0050000000000000001,79,0,31,1,1,1,1,1,6.3124000000000001e-05,0.027792983,0.00060402199999999996,0.00060402199999999996,SYNDROME_TRELLIS,0.0022712207610100722,0.10450612726026537,96,49,47,49,1,49,48,797,1,1,725,294912,6439,294912,49,1
named_crc_linear,"CRC_n48_k42_CRC-6/CDMA2000-A-like",0.875,48,42,0.01,0,1,36,1,1,1,1,1,0.0021033750000000002,0.075836902999999997,0.0030027970000000002,0.0030027970000000002,SYNDROME_TRELLIS,0.027735507606369426,0.70047192667369795,4602,2212,2390,2212,36,2212,48,2296,1,1,2110,294912,27275,294912,120,34
named_crc_linear,"CRC_n48_k42_CRC-6/CDMA2000-A-like",0.875,48,42,0.01,1,0,47,1,1,1,1,1,7.7816000000000002e-05,0.0057107379999999999,0.00044135499999999999,0.00044135499999999999,SYNDROME_TRELLIS,0.013626259863436215,0.17631158591156779,93,48,45,48,2,48,48,176,1,1,158,294912,4442,294912,53,2
named_crc_linear,"CRC_n48_k42_CRC-6/CDMA2000-A-like",0.875,48,42,0.01,2,0,14,1,1,1,1,1,7.8543999999999999e-05,0.022425838999999999,0.000549075,0.000549075,SYNDROME_TRELLIS,0.0035023884725115524,0.14304785320766744,96,49,47,49,2,49,48,664,1,1,569,294912,5789,294912,50,2
named_crc_linear,"CRC_n48_k42_CRC-6/CDMA2000-A-like",0.875,48,42,0.01,3,0,46,1,1,1,1,1,8.5290999999999994e-05,0.011557929999999999,0.00047160799999999999,0.00047160799999999999,SYNDROME_TRELLIS,0.0073794355909752004,0.18085146986480297,95,49,46,49,2,49,48,347,1,1,311,294912,4761,294912,51,2
named_crc_linear,"CRC_n48_k42_CRC-6/CDMA2000-A-like",0.875,48,42,0.01,4,0,42,1,1,1,1,1,5.965e-05,0.0099753789999999995,0.00052420500000000003,0.00052420500000000003,SYNDROME_TRELLIS,0.0059797226751986069,0.11379136025028376,95,49,46,49,1,49,48,308,1,1,272,294912,5516,294912,49,1
named_crc_linear,"CRC_n48_k42_CRC-6/CDMA2000-A-like",0.875,48,42,0.01,5,0,26,1,1,1,1,1,7.8909e-05,0.010099702,0.00047703099999999999,0.00047703099999999999,SYNDROME_TRELLIS,0.0078130027994885391,0.16541692258993651,95,49,46,49,2,49,48,329,1,1,289,294912,5249,294912,50,1
named_crc_linear,"CRC_n48_k42_CRC-6/CDMA2000-A-like",0.875,48,42,0.01,6,0,45,1,1,1,1,1,5.8863000000000002e-05,0.0030866919999999998,0.00039503800000000001,0.00039503800000000001,SYNDROME_TRELLIS,0.019069929879625181,0.14900591841797498,92,49,43,49,1,49,48,102,1,1,89,294912,4118,294912,49,1
named_crc_linear,"CRC_n48_k42_CRC-6/CDMA2000-A-like",0.875,48,42,0.01,7,1,12,1,1,1,1,1,0.0021666459999999999,0.084234410999999995,0.0032281609999999998,0.0032281609999999998,SYNDROME_TRELLIS,0.025721625809195722,0.67117036603812519,4604,2219,2385,2219,38,2219,48,2530,1,1,2265,294912,28594,294912,120,36
named_crc_linear,"CRC_n48_k42_CRC-6/CDMA2000-A-like",0.875,48,42,0.01,8,0,5,1,1,1,1,1,6.0374000000000002e-05,0.023354150000000001,0.00036546400000000002,0.00036546400000000002,SYNDROME_TRELLIS,0.0025851508190193177,0.165198213777554,96,49,47,49,1,49,48,705,1,1,631,294912,3840,294912,49,1
named_crc_linear,"CRC_n48_k42_CRC-6/CDMA2000-A-like",0.875,48,42,0.01,9,0,29,1,1,1,1,1,5.9008000000000002e-05,0.0050988530000000004,0.00048532499999999999,0.00048532499999999999,SYNDROME_TRELLIS,0.011572798823578557,0.12158450522845517,94,49,45,49,1,49,48,163,1,1,145,294912,5166,294912,49,1
named_crc_linear,"CRC_n48_k42_CRC-6/CDMA2000-A-like",0.875,48,42,0.01,10,0,22,1,1,1,1,1,4.9654999999999998e-05,0.0011923280000000001,0.00037058300000000001,0.00037058300000000001,SYNDROME_TRELLIS,0.04164541971672224,0.13399157543654186,81,40,41,40,1,40,48,50,1,1,43,294912,3910,294912,49,1
named_crc_linear,"CRC_n48_k42_CRC-6/CDMA2000-A-like",0.875,48,42,0.01,11,0,23,1,1,1,1,1,5.7243000000000001e-05,0.0024898780000000001,0.00036283099999999998,0.00036283099999999998,SYNDROME_TRELLIS,0.022990283058045412,0.15776766593813649,93,48,45,48,1,48,48,85,1,1,75,294912,3856,294912,49,1
named_crc_linear,"CRC_n48_k42_CRC-6/CDMA2000-A-like",0.875,48,42,0.01,12,1,19,1,1,1,1,1,0.0020845680000000002,0.075263879000000006,0.0030489129999999999,0.0030489129999999999,SYNDROME_TRELLIS,0.027696791976400792,0.68370858728996209,4604,2225,2379,2225,35,2225,48,2279,1,1,2085,294912,27783,294912,111,34
named_crc_linear,"CRC_n48_k42_CRC-6/CDMA2000-A-like",0.875,48,42,0.01,13,1,27,1,1,1,1,1,0.0022008399999999999,0.092751636999999998,0.0031538709999999999,0.0031538709999999999,SYNDROME_TRELLIS,0.023728314358484045,0.69782181959883582,4604,2226,2378,2226,39,2226,48,2714,1,1,2438,294912,27941,294912,124,39
named_crc_linear,"CRC_n48_k42_CRC-6/CDMA2000-A-like",0.875,48,42,0.01,14,0,21,1,1,1,1,1,5.8631999999999997e-05,0.0084392549999999997,0.00036110500000000002,0.00036110500000000002,SYNDROME_TRELLIS,0.0069475326909780545,0.16236828623253621,94,49,45,49,1,49,48,258,1,1,233,294912,3594,294912,49,1
named_crc_linear,"CRC_n48_k42_CRC-6/CDMA2000-A-like",0.875,48,42,0.01,15,1,30,1,1,1,1,1,5.8993000000000003e-05,0.019256154000000001,0.00036296499999999998,0.00036296499999999998,SYNDROME_TRELLIS,0.0030635920340063754,0.16253082253109805,96,49,47,49,1,49,48,581,1,1,520,294912,3797,294912,49,1
named_crc_linear,"CRC_n48_k42_CRC-6/CDMA2000-A-like",0.875,48,42,0.01,16,1,28,1,1,1,1,1,0.0021404369999999998,0.066572839999999994,0.003201443,0.003201443,SYNDROME_TRELLIS,0.032151805450991729,0.66858507241890608,4602,2198,2404,2198,39,2198,48,1977,1,1,1796,294912,26943,294912,123,39
named_crc_linear,"CRC_n48_k42_CRC-6/CDMA2000-A-like",0.875,48,42,0.01,17,0,22,1,1,1,1,1,9.7324999999999994e-05,0.002252212,0.00057603099999999996,0.00057603099999999996,SYNDROME_TRELLIS,0.043213072304028217,0.16895792066746407,92,47,45,47,3,47,48,80,1,1,70,294912,6074,294912,53,2
named_crc_linear,"CRC_n48_k42_CRC-6/CDMA2000-A-like",0.875,48,42,0.01,18,3,3,1,1,1,1,1,5.8950999999999999e-05,0.0086511290000000005,0.00032775000000000002,0.00032775000000000002,SYNDROME_TRELLIS,0.0068142551105179446,0.17986575133485888,95,48,47,48,1,48,48,268,1,1,238,294912,3417,294912,49,1
named_crc_linear,"CRC_n48_k42_CRC-6/CDMA2000-A-like",0.875,48,42,0.01,19,1,36,1,1,1,1,1,6.0924000000000001e-05,0.012655515000000001,0.00060036300000000003,0.00060036300000000003,SYNDROME_TRELLIS,0.0048140277183504583,0.10147860544370656,95,48,47,48,1,48,48,401,1,1,357,294912,6332,294912,49,1
named_crc_linear,"CRC_n48_k42_CRC-6/CDMA2000-A-like",0.875,48,42,0.01,20,0,27,1,1,1,1,1,6.0454000000000001e-05,0.026019001,0.000370878,0.000370878,SYNDROME_TRELLIS,0.0023234558467483055,0.1630023889257384,96,49,47,49,1,49,48,863,1,1,782,294912,3969,294912,49,1
named_crc_linear,"CRC_n48_k42_CRC-6/CDMA2000-A-like",0.875,48,42,0.01,21,0,17,1,1,1,1,1,5.7426999999999998e-05,0.0070652349999999996,0.00040623200000000002,0.00040623200000000002,SYNDROME_TRELLIS,0.0081281089730207128,0.14136503278914511,94,47,47,47,1,47,48,225,1,1,201,294912,4301,294912,49,1
named_crc_linear,"CRC_n48_k42_CRC-6/CDMA2000-A-like",0.875,48,42,0.01,22,0,47,1,1,1,1,1,7.9719e-05,0.0056411090000000001,0.00045686700000000002,0.00045686700000000002,SYNDROME_TRELLIS,0.014131795716055122,0.17449060667546573,93,47,46,47,2,47,48,179,1,1,159,294912,4903,294912,50,1
named_crc_linear,"CRC_n48_k42_CRC-6/CDMA2000-A-like",0.875,48,42,0.01,23,0,18,1,1,1,1,1,5.8940999999999997e-05,0.007374406,0.00065692300000000001,0.00065692300000000001,SYNDROME_TRELLIS,0.0079926437464929376,0.089722844229841239,94,47,47,47,1,47,48,219,1,1,200,294912,7172,294912,49,1
named_crc_linear,"CRC_n48_k42_CRC-6/CDMA2000-A-like",0.875,48,42,0.01,24,0,45,1,1,1,1,1,7.9128000000000005e-05,0.002248094,0.00068406599999999999,0.00068406599999999999,SYNDROME_TRELLIS,0.035197816461411312,0.11567304909175431,91,49,42,49,2,49,48,78,1,1,69,294912,7174,294912,50,2
named_crc_linear,"CRC_n48_k42_CRC-6/CDMA2000-A-like",0.875,48,42,0.01,25,0,35,1,1,1,1,1,7.3862000000000005e-05,0.0072792619999999999,0.00030494300000000001,0.00030494300000000001,SYNDROME_TRELLIS,0.010146907749714188,0.2422157583548401,94,47,47,47,1,47,48,229,1,1,208,294912,3274,294912,49,1
named_crc_linear,"CRC_n48_k42_CRC-6/CDMA2000-A-like",0.875,48,42,0.01,26,1,10,1,1,1,1,1,0.0020769,0.062929487000000006,0.0028986979999999999,0.0028986979999999999,SYNDROME_TRELLIS,0.03300360608374258,0.71649409493503635,4601,2213,2388,2213,34,2213,48,1856,1,1,1768,294912,25399,294912,109,34
named_crc_linear,"CRC_n48_k42_CRC-6/CDMA2000-A-like",0.875,48,42,0.01,27,0,23,1,1,1,1,1,5.5612000000000002e-05,0.0026221320000000001,0.00047203399999999997,0.00047203399999999997,SYNDROME_TRELLIS,0.02120869582461905,0.11781354732921782,91,45,46,45,1,45,48,93,1,1,83,294912,5107,294912,49,1
named_crc_linear,"CRC_n48_k42_CRC-6/CDMA2000-A-like",0.875,48,42,0.01,28,1,33,1,1,1,1,1,5.9626000000000001e-05,0.017440636999999998,0.00039173499999999999,0.00039173499999999999,SYNDROME_TRELLIS,0.003418797145998739,0.15221003995047674,95,49,46,49,1,49,48,504,1,1,462,294912,3971,294912,49,1
named_crc_linear,"CRC_n48_k42_CRC-6/CDMA2000-A-like",0.875,48,42,0.01,29,1,35,1,1,1,1,1,0.0019510230000000001,0.057668423000000003,0.0029326780000000002,0.0029326780000000002,SYNDROME_TRELLIS,0.033831738384800289,0.66527010466201875,4599,2164,2435,2164,30,2164,48,1845,1,1,1694,294912,25448,294912,109,27
named_crc_linear,"CRC_n48_k42_CRC-6/CDMA2000-A-like",0.875,48,42,0.01,30,1,20,1,1,1,1,1,8.5204000000000006e-05,0.014248212999999999,0.000495792,0.000495792,SYNDROME_TRELLIS,0.00597997798039656,0.17185432600768066,95,49,46,49,2,49,48,423,1,1,391,294912,5113,294912,50,2
named_crc_linear,"CRC_n48_k42_CRC-6/CDMA2000-A-like",0.875,48,42,0.01,31,0,1,1,1,1,1,1,6.0671999999999998e-05,0.033017021000000001,0.00046011000000000001,0.00046011000000000001,SYNDROME_TRELLIS,0.0018375976439546134,0.13186411944969681,96,49,47,49,1,49,48,922,1,1,815,294912,4807,294912,49,1
named_crc_linear,"CRC_n48_k42_CRC-6/CDMA2000-A-like",0.875,48,42,0.01,32,0,44,1,1,1,1,1,6.1369000000000001e-05,0.033408792,0.00079007299999999997,0.00079007299999999997,SYNDROME_TRELLIS,0.0018369116728315111,0.077675100908397077,96,49,47,49,1,49,48,931,1,1,846,294912,6634,294912,49,1
named_crc_linear,"CRC_n48_k42_CRC-6/CDMA2000-A-like",0.875,48,42,0.01,33,0,5,1,1,1,1,1,6.0919999999999999e-05,0.002729277,0.00043931100000000001,0.00043931100000000001,SYNDROME_TRELLIS,0.022320929682109952,0.13867169271882562,91,46,45,46,1,46,48,86,1,1,78,294912,4696,294912,49,1
named_crc_linear,"CRC_n48_k42_CRC-6/CDMA2000-A-like",0.875,48,42,0.01,34,0,43,1,1,1,1,1,6.0260999999999998e-05,0.0071149550000000001,0.00055787299999999996,0.00055787299999999996,SYNDROME_TRELLIS,0.0084696248957301899,0.10801920867294169,94,47,47,47,1,47,48,222,1,1,206,294912,6074,294912,49,1
named_crc_linear,"CRC_n48_k42_CRC-6/CDMA2000-A-like",0.875,48,42,0.01,35,2,30,1,1,1,1,1,0.0021622780000000001,0.071867723999999994,0.003156552,0.003156552,SYNDROME_TRELLIS,0.030086913563590802,0.68501263403865997,4604,2232,2372,2232,37,2232,48,2108,1,1,1939,294912,28398,294912,120,36
named_crc_linear,"CRC_n48_k42_CRC-6/CDMA2000-A-like",0.875,48,42,0.01,36,0,26,1,1,1,1,1,9.4029000000000004e-05,0.0066140790000000001,0.00037604700000000001,0.00037604700000000001,SYNDROME_TRELLIS,0.014216491819949535,0.25004587192558375,93,47,46,47,2,47,48,199,1,1,183,294912,3849,294912,50,1
named_crc_linear,"CRC_n48_k42_CRC-6/CDMA2000-A-like",0.875,48,42,0.01,37,1,32,1,1,1,1,1,6.5770000000000002e-05,0.010075964,0.00035915399999999998,0.00035915399999999998,SYNDROME_TRELLIS,0.0065274151436031337,0.18312478769552895,95,48,47,48,1,48,48,308,1,1,278,294912,3567,294912,49,1
named_crc_linear,"CRC_n48_k42_CRC-6/CDMA2000-A-like",0.875,48,42,0.01,38,0,15,1,1,1,1,1,6.0361e-05,0.023256957000000002,0.00045895300000000001,0.00045895300000000001,SYNDROME_TRELLIS,0.0025953954337190372,0.13151891370140298,96,49,47,49,1,49,48,688,1,1,610,294912,4827,294912,49,1
named_crc_linear,"CRC_n48_k42_CRC-6/CDMA2000-A-like",0.875,48,42,0.01,39,0,2,1,1,1,1,1,9.6546999999999996e-05,0.016328816999999999,0.00048716900000000002,0.00048716900000000002,SYNDROME_TRELLIS,0.0059126757314997159,0.1981796871311598,96,49,47,49,3,49,48,498,1,1,453,294912,4739,294912,51,3
named_crc_linear,"CRC_n48_k42_CRC-6/CDMA2000-A-like",0.875,48,42,0.01,40,0,4,1,1,1,1,1,7.7262999999999995e-05,0.0036635069999999999,0.00035381200000000001,0.00035381200000000001,SYNDROME_TRELLIS,0.021089901015611544,0.21837303426678573,92,47,45,47,2,47,48,115,1,1,103,294912,3618,294912,50,1
named_crc_linear,"CRC_n48_k42_CRC-6/CDMA2000-A-like",0.875,48,42,0.01,41,0,25,1,1,1,1,1,0.000114733,0.001914313,0.00088254399999999997,0.00088254399999999997,SYNDROME_TRELLIS,0.059934294966392646,0.13000258344059901,92,48,44,48,4,48,48,66,1,1,56,294912,9378,294912,57,3
named_crc_linear,"CRC_n48_k42_CRC-6/CDMA2000-A-like",0.875,48,42,0.01,42,1,22,1,1,1,1,1,0.002104121,0.067523789000000001,0.0029059509999999999,0.0029059509999999999,SYNDROME_TRELLIS,0.031161180839540861,0.72407311754396408,4600,2200,2400,2200,34,2200,48,1980,1,1,1841,294912,26375,294912,110,32
named_crc_linear,"CRC_n48_k42_CRC-6/CDMA2000-A-like",0.875,48,42,0.01,43,0,20,1,1,1,1,1,8.0006000000000006e-05,0.028334051999999998,0.00047548700000000002,0.00047548700000000002,SYNDROME_TRELLIS,0.0028236695549228191,0.168261172229735,96,49,47,49,2,49,48,810,1,1,738,294912,4928,294912,50,2
named_crc_linear,"CRC_n48_k42_CRC-6/CDMA2000-A-like",0.875,48,42,0.01,44,0,27,1,1,1,1,1,7.9614e-05,0.010402274,0.00058311400000000003,0.00058311400000000003,SYNDROME_TRELLIS,0.0076535188363621269,0.13653247906927291,95,48,47,48,2,48,48,325,1,1,290,294912,6184,294912,51,2
named_crc_linear,"CRC_n48_k42_CRC-6/CDMA2000-A-like",0.875,48,42,0.01,45,0,7,1,1,1,1,1,7.6812999999999998e-05,0.0031908240000000001,0.00047987300000000002,0.00047987300000000002,SYNDROME_TRELLIS,0.024073092091572584,0.16006943503802046,92,47,45,47,2,47,48,108,1,1,99,294912,5195,294912,50,1
named_crc_linear,"CRC_n48_k42_CRC-6/CDMA2000-A-like",0.875,48,42,0.01,46,0,6,1,1,1,1,1,5.8807000000000001e-05,0.0078715450000000006,0.00043041800000000001,0.00043041800000000001,SYNDROME_TRELLIS,0.0074708332354067718,0.13662765033060886,94,49,45,49,1,49,48,238,1,1,211,294912,4528,294912,49,1
named_crc_linear,"CRC_n48_k42_CRC-6/CDMA2000-A-like",0.875,48,42,0.01,47,0,45,1,1,1,1,1,9.9170000000000001e-05,0.0091244859999999994,0.00069735399999999996,0.00069735399999999996,SYNDROME_TRELLIS,0.010868557417919212,0.14220897851019712,94,47,47,47,3,47,48,277,1,1,248,294912,7298,294912,53,3
named_crc_linear,"CRC_n48_k42_CRC-6/CDMA2000-A-like",0.875,48,42,0.01,48,0,14,1,1,1,1,1,9.6347000000000004e-05,0.010785525000000001,0.00078861800000000004,0.00078861800000000004,SYNDROME_TRELLIS,0.008932991208123851,0.12217195143909979,95,48,47,48,3,48,48,326,1,1,291,294912,8444,294912,51,2
named_crc_linear,"CRC_n48_k42_CRC-6/CDMA2000-A-like",0.875,48,42,0.01,49,1,1,1,1,1,1,1,5.8310000000000002e-05,0.0039550840000000002,0.00036714499999999998,0.00036714499999999998,SYNDROME_TRELLIS,0.014743049705139006,0.15882008470767681,92,47,45,47,1,47,48,125,1,1,113,294912,3997,294912,49,1
named_crc_linear,"CRC_n48_k42_CRC-6/CDMA2000-A-like",0.875,48,42,0.01,50,0,23,1,1,1,1,1,5.6969999999999998e-05,0.001911619,0.00043807999999999998,0.00043807999999999998,SYNDROME_TRELLIS,0.029801963675816154,0.13004474068663258,91,45,46,45,1,45,48,67,1,1,59,294912,4665,294912,49,1
named_crc_linear,"CRC_n48_k42_CRC-6/CDMA2000-A-like",0.875,48,42,0.01,51,1,25,1,1,1,1,1,6.0930000000000001e-05,0.014126626999999999,0.00031321000000000002,0.00031321000000000002,SYNDROME_TRELLIS,0.0043131315069053645,0.19453401870949202,95,49,46,49,1,49,48,424,1,1,381,294912,3277,294912,49,1
named_crc_linear,"CRC_n48_k42_CRC-6/CDMA2000-A-like",0.875,48,42,0.01,52,0,9,1,1,1,1,1,8.7832999999999997e-05,0.011169587999999999,0.000402092,0.000402092,SYNDROME_TRELLIS,0.0078635845834242046,0.21844005849407597,95,48,47,48,2,48,48,336,1,1,303,294912,4179,294912,50,1
named_crc_linear,"CRC_n48_k42_CRC-6/CDMA2000-A-like",0.875,48,42,0.01,53,0,14,1,1,1,1,1,7.6551000000000006e-05,0.0029223959999999998,0.00041012999999999998,0.00041012999999999998,SYNDROME_TRELLIS,0.026194601963594261,0.18665057420817793,93,47,46,47,2,47,48,100,1,1,87,294912,4082,294912,50,2
named_crc_linear,"CRC_n48_k42_CRC-6/CDMA2000-A-like",0.875,48,42,0.01,54,2,6,1,1,1,1,1,5.8805999999999999e-05,0.0013957819999999999,0.00036808700000000001,0.00036808700000000001,SYNDROME_TRELLIS,0.04213122106460751,0.15976114342533151,90,46,44,46,1,46,48,50,1,1,43,294912,3878,294912,49,1
named_crc_linear,"CRC_n48_k42_CRC-6/CDMA2000-A-like",0.875,48,42,0.01,55,0,28,1,1,1,1,1,0.000116341,0.0069356820000000003,0.00063477599999999998,0.00063477599999999998,SYNDROME_TRELLIS,0.01677426963923663,0.18327882591654379,94,48,46,48,4,48,48,208,1,1,180,294912,6338,294912,54,3
named_crc_linear,"CRC_n48_k42_CRC-6/CDMA2000-A-like",0.875,48,42,0.01,56,3,7,1,1,1,1,1,0.0021010590000000002,0.102673663,0.0029416640000000001,0.0029416640000000001,SYNDROME_TRELLIS,0.020463465884138176,0.71424166730122818,4604,2209,2395,2209,34,2209,48,3133,1,1,2731,294912,26763,294912,100,33
named_crc_linear,"CRC_n48_k42_CRC-6/CDMA2000-A-like",0.875,48,42,0.01,57,1,44,1,1,1,1,1,6.0721999999999999e-05,0.033628849000000002,0.00042478299999999997,0.00042478299999999997,SYNDROME_TRELLIS,0.0018056520459561372,0.14294828182860425,96,49,47,49,1,49,48,925,1,1,838,294912,4566,294912,49,1
named_crc_linear,"CRC_n48_k42_CRC-6/CDMA2000-A-like",0.875,48,42,0.01,58,1,7,1,1,1,1,1,0.002068912,0.062409564000000001,0.0029159799999999999,0.0029159799999999999,SYNDROME_TRELLIS,0.033150560064800327,0.70950829566732287,4601,2210,2391,2210,35,2210,48,1830,1,1,1733,294912,26149,294912,107,34
named_crc_linear,"CRC_n48_k42_CRC-6/CDMA2000-A-like",0.875,48,42,0.01,59,0,45,1,1,1,1,1,9.8898000000000001e-05,0.0090319460000000008,0.00071180799999999997,0.00071180799999999997,SYNDROME_TRELLIS,0.010949799744152588,0.13893915213091171,95,48,47,48,3,48,48,274,1,1,248,294912,7268,294912,52,3
named_crc_linear,"CRC_n48_k42_CRC-6/CDMA2000-A-like",0.875,48,42,0.01,60,0,15,1,1,1,1,1,5.6651999999999999e-05,0.0070868399999999996,0.000420915,0.000420915,SYNDROME_TRELLIS,0.0079939719254279763,0.13459249492177755,94,47,47,47,1,47,48,231,1,1,206,294912,4596,294912,49,1
named_crc_linear,"CRC_n48_k42_CRC-6/CDMA2000-A-like",0.875,48,42,0.01,61,0,44,1,1,1,1,1,7.9867e-05,0.025032008000000001,0.00034630799999999998,0.00034630799999999998,SYNDROME_TRELLIS,0.0031905950173873386,0.2306241842521686,96,49,47,49,2,49,48,771,1,1,702,294912,3607,294912,50,2
named_crc_linear,"CRC_n48_k42_CRC-6/CDMA2000-A-like",0.875,48,42,0.01,62,0,2,1,1,1,1,1,8.0506999999999993e-05,0.028699526,0.00043681999999999998,0.00043681999999999998,SYNDROME_TRELLIS,0.0028051682804796146,0.18430245867863193,96,49,47,49,2,49,48,783,1,1,660,294912,4386,294912,50,2
named_crc_linear,"CRC_n48_k42_CRC-6/CDMA2000-A-like",0.875,48,42,0.01,63,1,11,1,1,1,1,1,0.0021040709999999999,0.087126180999999997,0.003033245,0.003033245,SYNDROME_TRELLIS,0.024149698470084441,0.69366998049943207,4603,2218,2385,2218,35,2218,48,2473,1,1,2221,294912,27004,294912,118,34
named_crc_linear,"CRC_n48_k42_CRC-6/CDMA2000-A-like",0.875,48,42,0.01,64,0,10,1,1,1,1,1,7.9729999999999997e-05,0.012337503999999999,0.000435234,0.000435234,SYNDROME_TRELLIS,0.006462409252309057,0.18318881337395515,95,49,46,49,2,49,48,363,1,1,332,294912,4219,294912,51,2
named_crc_linear,"CRC_n48_k42_CRC-6/CDMA2000-A-like",0.875,48,42,0.01,65,1,9,1,1,1,1,1,0.0021229719999999999,0.104124208,0.0030869420000000001,0.0030869420000000001,SYNDROME_TRELLIS,0.020388841757144505,0.68772655916437686,4604,2231,2373,2231,35,2231,48,2987,1,1,2603,294912,27890,294912,120,34
named_crc_linear,"CRC_n48_k42_CRC-6/CDMA2000-A-like",0.875,48,42,0.01,66,0,18,1,1,1,1,1,7.6939000000000003e-05,0.023880173000000001,0.00042679399999999998,0.00042679399999999998,SYNDROME_TRELLIS,0.0032218778314545712,0.18027198133057168,96,49,47,49,2,49,48,712,1,1,652,294912,4353,294912,50,2
named_crc_linear,"CRC_n48_k42_CRC-6/CDMA2000-A-like",0.875,48,42,0.01,67,0,36,1,1,1,1,1,5.8714000000000001e-05,0.025845768000000002,0.000410121,0.000410121,SYNDROME_TRELLIS,0.0022717065323808521,0.1431626276147771,96,49,47,49,1,49,48,744,1,1,666,294912,4304,294912,49,1
named_crc_linear,"CRC_n48_k42_CRC-6/CDMA2000-A-like",0.875,48,42,0.01,68,0,30,1,1,1,1,1,5.893e-05,0.0054807830000000004,0.00042475999999999999,0.00042475999999999999,SYNDROME_TRELLIS,0.010752113338550348,0.13873716922497412,93,49,44,49,1,49,48,171,1,1,155,294912,4495,294912,49,1
named_crc_linear,"CRC_n48_k42_CRC-6/CDMA2000-A-like",0.875,48,42,0.01,69,0,34,1,1,1,1,1,7.4908999999999997e-05,0.002018134,0.00036303399999999998,0.00036303399999999998,SYNDROME_TRELLIS,0.037117951533446242,0.2063415547855022,90,46,44,46,2,46,48,71,1,1,61,294912,3945,294912,50,1
named_crc_linear,"CRC_n48_k42_CRC-6/CDMA2000-A-like",0.875,48,42,0.01,70,2,44,1,1,1,1,1,6.1159000000000002e-05,0.010305521999999999,0.00033329300000000002,0.00033329300000000002,SYNDROME_TRELLIS,0.0059345853611296939,0.18349920340361184,95,49,46,49,1,49,48,299,1,1,271,294912,3584,294912,49,1
named_crc_linear,"CRC_n48_k42_CRC-6/CDMA2000-A-like",0.875,48,42,0.01,71,0,30,1,1,1,1,1,9.7911000000000005e-05,0.019055968,0.00044215500000000001,0.00044215500000000001,SYNDROME_TRELLIS,0.0051380753787999651,0.22144044509278421,95,48,47,48,3,48,48,531,1,1,478,294912,4403,294912,51,3
named_crc_linear,"CRC_n48_k42_CRC-6/CDMA2000-A-like",0.875,48,42,0.01,72,2,47,1,1,1,1,1,5.9506000000000003e-05,0.014843630999999999,0.00039912999999999998,0.00039912999999999998,SYNDROME_TRELLIS,0.0040088574015347059,0.14908926916042395,95,48,47,48,1,48,48,424,1,1,381,294912,4125,294912,49,1
named_crc_linear,"CRC_n48_k42_CRC-6/CDMA2000-A-like",0.875,48,42,0.01,73,1,20,1,1,1,1,1,8.1699000000000005e-05,0.035224600000000002,0.000449412,0.000449412,SYNDROME_TRELLIS,0.0023193733924586793,0.18179087340791969,96,49,47,49,2,49,48,998,1,1,904,294912,4598,294912,50,2
named_crc_linear,"CRC_n48_k42_CRC-6/CDMA2000-A-like",0.875,48,42,0.01,74,0,21,1,1,1,1,1,5.6918e-05,0.0040280450000000001,0.00053547100000000004,0.00053547100000000004,SYNDROME_TRELLIS,0.014130428036429582,0.10629520552933772,93,47,46,47,1,47,48,127,1,1,115,294912,5698,294912,49,1
named_crc_linear,"CRC_n48_k42_CRC-6/CDMA2000-A-like",0.875,48,42,0.01,75,0,27,1,1,1,1,1,5.9307e-05,0.015275789,0.00041199699999999999,0.00041199699999999999,SYNDROME_TRELLIS,0.0038824181192866698,0.14395007730638815,95,48,47,48,1,48,48,451,1,1,404,294912,3838,294912,49,1
named_crc_linear,"CRC_n48_k42_CRC-6/CDMA2000-A-like",0.875,48,42,0.01,76,1,6,1,1,1,1,1,0.0020962720000000002,0.065572191000000002,0.0028932979999999999,0.0028932979999999999,SYNDROME_TRELLIS,0.031968918043321137,0.7245268202584042,4602,2215,2387,2215,36,2215,48,1958,1,1,1722,294912,25629,294912,125,35
named_crc_linear,"CRC_n48_k42_CRC-6/CDMA2000-A-like",0.875,48,42,0.01,77,1,28,1,1,1,1,1,0.0021964329999999998,0.062493699999999999,0.0028426160000000001,0.0028426160000000001,SYNDROME_TRELLIS,0.035146470764253035,0.77268016503108394,4599,2221,2378,2221,40,2221,48,1746,1,1,1658,294912,24928,294912,121,35
named_crc_linear,"CRC_n48_k42_CRC-6/CDMA2000-A-like",0.875,48,42,0.01,78,2,19,1,1,1,1,1,9.9376000000000005e-05,0.0039356160000000003,0.00054033100000000001,0.00054033100000000001,SYNDROME_TRELLIS,0.025250430936351514,0.18391689538449579,93,49,44,49,3,49,48,122,1,1,107,294912,4871,294912,51,2
named_crc_linear,"CRC_n48_k42_CRC-6/CDMA2000-A-like",0.875,48,42,0.01,79,0,31,1,1,1,1,1,9.7862999999999995e-05,0.001635664,0.000631038,0.000631038,SYNDROME_TRELLIS,0.059830747635211137,0.1550825782282525,90,46,44,46,3,46,48,60,1,1,52,294912,5353,294912,51,3
