family,code_name,rate,n,k,p,trial,error_weight,deleted_position,agreement,fiber_certified,prefix_certified,trellis_available,trellis_certified,fiber_wall,prefix_wall,trellis_wall,best_baseline_wall,best_baseline_name,fiber_over_prefix_wall,fiber_over_best_wall,fiber_histories,fiber_candidates,fiber_duplicates,fiber_membership,fiber_exact_scores,fiber_peak_seen,fiber_peak_frontier,prefix_nodes,prefix_membership,prefix_exact_scores,prefix_peak_frontier,trellis_estimated_updates,trellis_nodes,trellis_updates,trellis_terminals,trellis_exact_scores
random_linear,"RLC_n64_k48",0.75,64,48,0.002,0,0,47,1,1,1,0,0,7.3825000000000006e-05,0.026260809999999999,0,0.026260809999999999,PREFIX_ASTAR,0.0028112232638673371,0.0028112232638673371,127,64,63,64,1,64,64,607,1,1,539,536870912,0,0,0,0
random_linear,"RLC_n64_k48",0.75,64,48,0.002,1,1,28,1,1,1,0,0,0.0026632750000000001,0.41461508699999999,0,0.41461508699999999,PREFIX_ASTAR,0.0064234879132606193,0.0064234879132606193,8190,3944,4246,3944,1,3944,64,9405,1,1,8396,536870912,0,0,0,0
random_linear,"RLC_n64_k48",0.75,64,48,0.002,2,0,42,1,1,1,0,0,9.4644999999999999e-05,0.023013747000000001,0,0.023013747000000001,PREFIX_ASTAR,0.0041125419515561715,0.0041125419515561715,127,65,62,65,1,65,64,539,1,1,475,536870912,0,0,0,0
random_linear,"RLC_n64_k48",0.75,64,48,0.002,3,0,5,1,1,1,0,0,8.2564000000000004e-05,0.0066486920000000003,0,0.0066486920000000003,PREFIX_ASTAR,0.012418081631695378,0.012418081631695378,124,63,61,63,1,63,64,172,1,1,143,536870912,0,0,0,0
random_linear,"RLC_n64_k48",0.75,64,48,0.002,4,0,28,1,1,1,0,0,8.0037999999999995e-05,0.006884088,0,0.006884088,PREFIX_ASTAR,0.011626521915466507,0.011626521915466507,125,64,61,64,1,64,64,182,1,1,159,536870912,0,0,0,0
random_linear,"RLC_n64_k48",0.75,64,48,0.002,5,2,58,1,1,1,0,0,0.083701231000000001,17.717133027999999,0,17.717133027999999,PREFIX_ASTAR,0.0047243101278135304,0.0047243101278135304,258176,119328,138848,119328,3,119328,64,369553,1,1,309527,536870912,0,0,0,0
random_linear,"RLC_n64_k48",0.75,64,48,0.002,6,0,62,1,1,1,0,0,8.4155999999999999e-05,0.030231733,0,0.030231733,PREFIX_ASTAR,0.0027836975141319223,0.0027836975141319223,127,65,62,65,1,65,64,647,1,1,585,536870912,0,0,0,0
random_linear,"RLC_n64_k48",0.75,64,48,0.002,7,0,22,1,1,1,0,0,7.9526999999999999e-05,0.025863892999999999,0,0.025863892999999999,PREFIX_ASTAR,0.0030748271344920889,0.0030748271344920889,127,65,62,65,1,65,64,552,1,1,503,536870912,0,0,0,0
random_linear,"RLC_n64_k48",0.75,64,48,0.002,8,0,16,1,1,1,0,0,7.4307000000000005e-05,0.017257270000000002,0,0.017257270000000002,PREFIX_ASTAR,0.0043058374818264996,0.0043058374818264996,127,65,62,65,1,65,64,403,1,1,362,536870912,0,0,0,0
random_linear,"RLC_n64_k48",0.75,64,48,0.002,9,1,1,1,1,1,0,0,0.0024722759999999998,1.0245418719999999,0,1.0245418719999999,PREFIX_ASTAR,0.0024130551103527763,0.0024130551103527763,8191,3986,4205,3986,1,3986,64,21409,1,1,18259,536870912,0,0,0,0
random_linear,"RLC_n64_k48",0.75,64,48,0.002,10,0,45,1,1,1,0,0,9.3552000000000001e-05,0.0088964449999999994,0,0.0088964449999999994,PREFIX_ASTAR,0.010515661030894926,0.010515661030894926,126,64,62,64,1,64,64,218,1,1,185,536870912,0,0,0,0
random_linear,"RLC_n64_k48",0.75,64,48,0.002,11,1,54,1,1,1,0,0,0.0024876989999999999,0.330742749,0,0.330742749,PREFIX_ASTAR,0.0075215526493673784,0.0075215526493673784,8189,3990,4199,3990,2,3990,64,7366,1,1,6568,536870912,0,0,0,0
random_linear,"RLC_n64_k48",0.75,64,48,0.002,12,0,45,1,1,1,0,0,7.3093e-05,0.0029454189999999999,0,0.0029454189999999999,PREFIX_ASTAR,0.024815824166273117,0.024815824166273117,123,61,62,61,1,61,64,82,1,1,64,536870912,0,0,0,0
random_linear,"RLC_n64_k48",0.75,64,48,0.002,13,0,55,1,1,1,0,0,7.7699000000000003e-05,0.040391101999999998,0,0.040391101999999998,PREFIX_ASTAR,0.0019236662569889775,0.0019236662569889775,128,65,63,65,1,65,64,953,1,1,869,536870912,0,0,0,0
random_linear,"RLC_n64_k48",0.75,64,48,0.002,14,0,31,1,1,1,0,0,8.3932999999999998e-05,0.022162749999999998,0,0.022162749999999998,PREFIX_ASTAR,0.0037871202806510928,0.0037871202806510928,127,65,62,65,1,65,64,520,1,1,464,536870912,0,0,0,0
random_linear,"RLC_n64_k48",0.75,64,48,0.002,15,0,52,1,1,1,0,0,7.7525000000000001e-05,0.025849591000000002,0,0.025849591000000002,PREFIX_ASTAR,0.0029990803336114678,0.0029990803336114678,127,64,63,64,1,64,64,594,1,1,540,536870912,0,0,0,0
random_linear,"RLC_n64_k48",0.75,64,48,0.002,16,0,6,1,1,1,0,0,7.6088999999999996e-05,0.022050500000000001,0,0.022050500000000001,PREFIX_ASTAR,0.0034506700528332689,0.0034506700528332689,127,64,63,64,1,64,64,510,1,1,454,536870912,0,0,0,0
random_linear,"RLC_n64_k48",0.75,64,48,0.002,17,0,51,1,1,1,0,0,7.6559999999999999e-05,0.0039244320000000003,0,0.0039244320000000003,PREFIX_ASTAR,0.019508555633018992,0.019508555633018992,123,64,59,64,1,64,64,108,1,1,89,536870912,0,0,0,0
random_linear,"RLC_n64_k48",0.75,64,48,0.002,18,0,49,1,1,1,0,0,9.0589999999999998e-05,0.020653866,0,0.020653866,PREFIX_ASTAR,0.004386103792868609,0.004386103792868609,127,65,62,65,1,65,64,440,1,1,398,536870912,0,0,0,0
random_linear,"RLC_n64_k48",0.75,64,48,0.002,19,0,31,1,1,1,0,0,8.8959e-05,0.0094146460000000005,0,0.0094146460000000005,PREFIX_ASTAR,0.0094490010564390846,0.0094490010564390846,126,64,62,64,1,64,64,203,1,1,167,536870912,0,0,0,0
random_linear,"RLC_n64_k48",0.75,64,48,0.002,20,0,59,1,1,1,0,0,8.2962999999999998e-05,0.011749156,0,0.011749156,PREFIX_ASTAR,0.0070611880546994181,0.0070611880546994181,126,64,62,64,1,64,64,262,1,1,228,536870912,0,0,0,0
random_linear,"RLC_n64_k48",0.75,64,48,0.002,21,0,25,1,1,1,0,0,8.2633999999999995e-05,0.048356979000000001,0,0.048356979000000001,PREFIX_ASTAR,0.0017088329690736056,0.0017088329690736056,128,65,63,65,1,65,64,1043,1,1,954,536870912,0,0,0,0
random_linear,"RLC_n64_k48",0.75,64,48,0.002,22,0,27,1,1,1,0,0,7.6736000000000005e-05,0.037481762000000002,0,0.037481762000000002,PREFIX_ASTAR,0.0020472890255266015,0.0020472890255266015,128,65,63,65,1,65,64,828,1,1,754,536870912,0,0,0,0
random_linear,"RLC_n64_k48",0.75,64,48,0.002,23,0,12,1,1,1,0,0,7.9407999999999996e-05,0.003738262,0,0.003738262,PREFIX_ASTAR,0.021241956823786025,0.021241956823786025,124,64,60,64,1,64,64,101,1,1,83,536870912,0,0,0,0
random_linear,"RLC_n64_k48",0.75,64,48,0.002,24,0,45,1,1,1,0,0,7.7393999999999998e-05,0.031646001999999999,0,0.031646001999999999,PREFIX_ASTAR,0.0024456169850460099,0.0024456169850460099,127,65,62,65,1,65,64,664,1,1,599,536870912,0,0,0,0
random_linear,"RLC_n64_k48",0.75,64,48,0.002,25,0,6,1,1,1,0,0,7.7830999999999994e-05,0.039159718000000003,0,0.039159718000000003,PREFIX_ASTAR,0.0019875270807619195,0.0019875270807619195,128,65,63,65,1,65,64,877,1,1,791,536870912,0,0,0,0
random_linear,"RLC_n64_k48",0.75,64,48,0.002,26,1,14,1,1,1,0,0,0.00238623,0.463829149,0,0.463829149,PREFIX_ASTAR,0.0051446313909865983,0.0051446313909865983,8190,3996,4194,3996,1,3996,64,10241,1,1,8692,536870912,0,0,0,0
random_linear,"RLC_n64_k48",0.75,64,48,0.002,27,0,22,1,1,1,0,0,9.1607999999999994e-05,0.055507579000000001,0,0.055507579000000001,PREFIX_ASTAR,0.0016503692225524732,0.0016503692225524732,128,65,63,65,1,65,64,1150,1,1,1046,536870912,0,0,0,0
random_linear,"RLC_n64_k48",0.75,64,48,0.002,28,0,0,1,1,1,0,0,8.4171000000000004e-05,0.025524043,0,0.025524043,PREFIX_ASTAR,0.0032977142375132341,0.0032977142375132341,127,64,63,64,1,64,64,563,1,1,503,536870912,0,0,0,0
random_linear,"RLC_n64_k48",0.75,64,48,0.002,29,0,60,1,1,1,0,0,7.9388999999999995e-05,0.023913770000000001,0,0.023913770000000001,PREFIX_ASTAR,0.0033198027747193349,0.0033198027747193349,127,64,63,64,1,64,64,508,1,1,464,536870912,0,0,0,0
random_linear,"RLC_n64_k48",0.75,64,48,0.002,30,0,62,1,1,1,0,0,8.0630000000000006e-05,0.0022970769999999998,0,0.0022970769999999998,PREFIX_ASTAR,0.035101130697839045,0.035101130697839045,121,65,56,65,1,65,64,66,1,1,49,536870912,0,0,0,0
random_linear,"RLC_n64_k48",0.75,64,48,0.002,31,0,2,1,1,1,0,0,8.0828999999999995e-05,0.004442746,0,0.004442746,PREFIX_ASTAR,0.018193477637479163,0.018193477637479163,122,63,59,63,1,63,64,111,1,1,88,536870912,0,0,0,0
random_linear,"RLC_n64_k48",0.75,64,48,0.002,32,0,46,1,1,1,0,0,8.1542e-05,0.019300603999999999,0,0.019300603999999999,PREFIX_ASTAR,0.0042248418754148838,0.0042248418754148838,127,64,63,64,1,64,64,419,1,1,372,536870912,0,0,0,0
random_linear,"RLC_n64_k48",0.75,64,48,0.002,33,0,22,1,1,1,0,0,8.0740000000000003e-05,0.020711472000000002,0,0.020711472000000002,PREFIX_ASTAR,0.0038983226300863599,0.0038983226300863599,127,65,62,65,1,65,64,465,1,1,418,536870912,0,0,0,0
random_linear,"RLC_n64_k48",0.75,64,48,0.002,34,1,13,1,1,1,0,0,0.002571799,0.72717881100000004,0,0.72717881100000004,PREFIX_ASTAR,0.0035366803337728166,0.0035366803337728166,8191,4003,4188,4003,1,4003,64,15566,1,1,13762,536870912,0,0,0,0
random_linear,"RLC_n64_k48",0.75,64,48,0.002,35,0,59,1,1,1,0,0,8.5616000000000002e-05,0.038812873999999997,0,0.038812873999999997,PREFIX_ASTAR,0.002205866022701643,0.002205866022701643,128,65,63,65,1,65,64,877,1,1,796,536870912,0,0,0,0
random_linear,"RLC_n64_k48",0.75,64,48,0.002,36,0,13,1,1,1,0,0,7.3287000000000005e-05,0.015919005999999999,0,0.015919005999999999,PREFIX_ASTAR,0.0046037422185782207,0.0046037422185782207,127,64,63,64,1,64,64,385,1,1,343,536870912,0,0,0,0
random_linear,"RLC_n64_k48",0.75,64,48,0.002,37,0,61,1,1,1,0,0,7.9364999999999997e-05,0.049981926000000003,0,0.049981926000000003,PREFIX_ASTAR,0.0015878739846879849,0.0015878739846879849,128,65,63,65,1,65,64,1132,1,1,1025,536870912,0,0,0,0
random_linear,"RLC_n64_k48",0.75,64,48,0.002,38,0,55,1,1,1,0,0,7.6148000000000003e-05,0.027752420999999999,0,0.027752420999999999,PREFIX_ASTAR,0.0027438326912091744,0.0027438326912091744,127,64,63,64,1,64,64,627,1,1,575,536870912,0,0,0,0
random_linear,"RLC_n64_k48",0.75,64,48,0.002,39,0,58,1,1,1,0,0,7.9542999999999994e-05,0.0057797090000000001,0,0.0057797090000000001,PREFIX_ASTAR,0.013762457590857946,0.013762457590857946,124,63,61,63,1,63,64,152,1,1,124,536870912,0,0,0,0
random_linear,"RLC_n64_k48",0.75,64,48,0.002,40,0,26,1,1,1,0,0,7.6567000000000001e-05,0.017217105999999999,0,0.017217105999999999,PREFIX_ASTAR,0.004447146924692222,0.004447146924692222,127,65,62,65,1,65,64,403,1,1,357,536870912,0,0,0,0
random_linear,"RLC_n64_k48",0.75,64,48,0.002,41,0,41,1,1,1,0,0,7.3895999999999999e-05,0.002425394,0,0.002425394,PREFIX_ASTAR,0.030467627115429493,0.030467627115429493,122,60,62,60,1,60,64,73,1,1,55,536870912,0,0,0,0
random_linear,"RLC_n64_k48",0.75,64,48,0.002,42,0,1,1,1,1,0,0,7.4938000000000007e-05,0.057218268000000003,0,0.057218268000000003,PREFIX_ASTAR,0.0013096866196648945,0.0013096866196648945,128,65,63,65,1,65,64,1281,1,1,1149,536870912,0,0,0,0
random_linear,"RLC_n64_k48",0.75,64,48,0.002,43,0,20,1,1,1,0,0,8.2309000000000001e-05,0.040338435999999998,0,0.040338435999999998,PREFIX_ASTAR,0.0020404608646701129,0.0020404608646701129,128,65,63,65,1,65,64,924,1,1,838,536870912,0,0,0,0
random_linear,"RLC_n64_k48",0.75,64,48,0.002,44,0,20,1,1,1,0,0,7.9368000000000003e-05,0.016335880000000001,0,0.016335880000000001,PREFIX_ASTAR,0.0048585077755223475,0.0048585077755223475,126,64,62,64,1,64,64,382,1,1,344,536870912,0,0,0,0
random_linear,"RLC_n64_k48",0.75,64,48,0.002,45,0,46,1,1,1,0,0,7.3971e-05,0.014709458,0,0.014709458,PREFIX_ASTAR,0.0050288052761699306,0.0050288052761699306,126,65,61,65,1,65,64,352,1,1,315,536870912,0,0,0,0
random_linear,"RLC_n64_k48",0.75,64,48,0.002,46,0,39,1,1,1,0,0,7.6458000000000006e-05,0.011390707,0,0.011390707,PREFIX_ASTAR,0.0067123138186242527,0.0067123138186242527,126,64,62,64,1,64,64,284,1,1,250,536870912,0,0,0,0
random_linear,"RLC_n64_k48",0.75,64,48,0.002,47,0,47,1,1,1,0,0,8.0573000000000003e-05,0.010076586,0,0.010076586,PREFIX_ASTAR,0.0079960613644343426,0.0079960613644343426,126,63,63,63,1,63,64,249,1,1,216,536870912,0,0,0,0
random_linear,"RLC_n64_k48",0.75,64,48,0.002,48,0,5,1,1,1,0,0,8.2738000000000006e-05,0.019222146999999998,0,0.019222146999999998,PREFIX_ASTAR,0.0043043058613587764,0.0043043058613587764,127,64,63,64,1,64,64,473,1,1,429,536870912,0,0,0,0
random_linear,"RLC_n64_k48",0.75,64,48,0.002,49,0,14,1,1,1,0,0,7.4264000000000006e-05,0.034620670999999999,0,0.034620670999999999,PREFIX_ASTAR,0.0021450768530742806,0.0021450768530742806,128,65,63,65,1,65,64,820,1,1,689,536870912,0,0,0,0
random_linear,"RLC_n64_k48",0.75,64,48,0.002,50,0,8,1,1,1,0,0,7.7805999999999993e-05,0.051240508999999997,0,0.051240508999999997,PREFIX_ASTAR,0.0015184470552390493,0.0015184470552390493,128,65,63,65,1,65,64,1166,1,1,1073,536870912,0,0,0,0
random_linear,"RLC_n64_k48",0.75,64,48,0.002,51,0,30,1,1,1,0,0,7.9103000000000005e-05,0.042071856999999997,0,0.042071856999999997,PREFIX_ASTAR,0.001880187984095877,0.001880187984095877,128,65,63,65,1,65,64,963,1,1,884,536870912,0,0,0,0
random_linear,"RLC_n64_k48",0.75,64,48,0.002,52,0,5,1,1,1,0,0,7.6712999999999995e-05,0.0077754460000000001,0,0.0077754460000000001,PREFIX_ASTAR,0.0098660578441416725,0.0098660578441416725,124,64,60,64,1,64,64,198,1,1,171,536870912,0,0,0,0
random_linear,"RLC_n64_k48",0.75,64,48,0.002,53,0,27,1,1,1,0,0,7.2627999999999996e-05,0.0078951560000000004,0,0.0078951560000000004,PREFIX_ASTAR,0.0091990582580002214,0.0091990582580002214,125,65,60,65,1,65,64,200,1,1,173,536870912,0,0,0,0
random_linear,"RLC_n64_k48",0.75,64,48,0.002,54,0,27,1,1,1,0,0,7.4655999999999998e-05,0.055963806999999997,0,0.055963806999999997,PREFIX_ASTAR,0.0013340050293576347,0.0013340050293576347,128,65,63,65,1,65,64,1230,1,1,1107,536870912,0,0,0,0
random_linear,"RLC_n64_k48",0.75,64,48,0.002,55,0,38,1,1,1,0,0,8.3276999999999996e-05,0.036010645000000001,0,0.036010645000000001,PREFIX_ASTAR,0.0023125661870260863,0.0023125661870260863,128,65,63,65,1,65,64,763,1,1,679,536870912,0,0,0,0
random_linear,"RLC_n64_k48",0.75,64,48,0.002,56,0,42,1,1,1,0,0,8.2855999999999994e-05,0.041526711000000001,0,0.041526711000000001,PREFIX_ASTAR,0.0019952459032934245,0.0019952459032934245,128,65,63,65,1,65,64,896,1,1,807,536870912,0,0,0,0
random_linear,"RLC_n64_k48",0.75,64,48,0.002,57,1,11,1,1,1,0,0,0.002612591,0.67241607299999995,0,0.67241607299999995,PREFIX_ASTAR,0.0038853785697653903,0.0038853785697653903,8191,3951,4240,3951,1,3951,64,14476,1,1,12929,536870912,0,0,0,0
random_linear,"RLC_n64_k48",0.75,64,48,0.002,58,0,61,1,1,1,0,0,8.4536999999999994e-05,0.016457882,0,0.016457882,PREFIX_ASTAR,0.0051365661754045871,0.0051365661754045871,126,65,61,65,1,65,64,359,1,1,321,536870912,0,0,0,0
random_linear,"RLC_n64_k48",0.75,64,48,0.002,59,0,40,1,1,1,0,0,7.9889999999999996e-05,0.0030625990000000001,0,0.0030625990000000001,PREFIX_ASTAR,0.026085687352474154,0.026085687352474154,124,64,60,64,1,64,64,85,1,1,66,536870912,0,0,0,0
random_linear,"RLC_n64_k48",0.75,64,48,0.002,60,0,54,1,1,1,0,0,8.4029000000000005e-05,0.060807238999999999,0,0.060807238999999999,PREFIX_ASTAR,0.0013818913896090563,0.0013818913896090563,128,65,63,65,1,65,64,1270,1,1,1163,536870912,0,0,0,0
random_linear,"RLC_n64_k48",0.75,64,48,0.002,61,0,37,1,1,1,0,0,8.153e-05,0.025689120999999999,0,0.025689120999999999,PREFIX_ASTAR,0.0031737169987248689,0.0031737169987248689,127,64,63,64,1,64,64,557,1,1,504,536870912,0,0,0,0
random_linear,"RLC_n64_k48",0.75,64,48,0.002,62,0,56,1,1,1,0,0,8.2677999999999997e-05,0.027451573,0,0.027451573,PREFIX_ASTAR,0.0030117764107725265,0.0030117764107725265,128,65,63,65,1,65,64,667,1,1,613,536870912,0,0,0,0
random_linear,"RLC_n64_k48",0.75,64,48,0.002,63,0,41,1,1,1,0,0,7.6295000000000001e-05,0.016030831999999998,0,0.016030831999999998,PREFIX_ASTAR,0.0047592663936594191,0.0047592663936594191,127,64,63,64,1,64,64,385,1,1,337,536870912,0,0,0,0
random_linear,"RLC_n64_k48",0.75,64,48,0.002,64,0,9,1,1,1,0,0,7.6979999999999998e-05,0.017799740000000001,0,0.017799740000000001,PREFIX_ASTAR,0.0043247822721006034,0.0043247822721006034,127,65,62,65,1,65,64,418,1,1,373,536870912,0,0,0,0
random_linear,"RLC_n64_k48",0.75,64,48,0.002,65,0,5,1,1,1,0,0,7.8195999999999995e-05,0.023817066000000001,0,0.023817066000000001,PREFIX_ASTAR,0.0032831919767111529,0.0032831919767111529,127,64,63,64,1,64,64,553,1,1,496,536870912,0,0,0,0
random_linear,"RLC_n64_k48",0.75,64,48,0.002,66,2,57,1,1,1,0,0,0.078880561000000002,5.6619602960000002,0,5.6619602960000002,PREFIX_ASTAR,0.013931669753270202,0.013931669753270202,258174,120472,137702,120472,2,120472,64,121240,1,1,103442,536870912,0,0,0,0
random_linear,"RLC_n64_k48",0.75,64,48,0.002,67,0,38,1,1,1,0,0,7.5714e-05,0.041298726000000001,0,0.041298726000000001,PREFIX_ASTAR,0.0018333253185582529,0.0018333253185582529,128,65,63,65,1,65,64,925,1,1,830,536870912,0,0,0,0
random_linear,"RLC_n64_k48",0.75,64,48,0.002,68,0,16,1,1,1,0,0,8.1442999999999999e-05,0.036891619,0,0.036891619,PREFIX_ASTAR,0.0022076287841962155,0.0022076287841962155,128,65,63,65,1,65,64,845,1,1,731,536870912,0,0,0,0
random_linear,"RLC_n64_k48",0.75,64,48,0.002,69,0,16,1,1,1,0,0,7.5312e-05,0.019026528000000001,0,0.019026528000000001,PREFIX_ASTAR,0.0039582629053498356,0.0039582629053498356,127,64,63,64,1,64,64,450,1,1,410,536870912,0,0,0,0
random_linear,"RLC_n64_k48",0.75,64,48,0.002,70,0,15,1,1,1,0,0,7.4649999999999998e-05,0.019787882999999999,0,0.019787882999999999,PREFIX_ASTAR,0.0037725106824211567,0.0037725106824211567,127,64,63,64,1,64,64,430,1,1,378,536870912,0,0,0,0
random_linear,"RLC_n64_k48",0.75,64,48,0.002,71,0,9,1,1,1,0,0,9.2924999999999995e-05,0.014017669999999999,0,0.014017669999999999,PREFIX_ASTAR,0.006629133087025162,0.006629133087025162,126,65,61,65,1,65,64,303,1,1,272,536870912,0,0,0,0
random_linear,"RLC_n64_k48",0.75,64,48,0.002,72,0,61,1,1,1,0,0,8.3005999999999998e-05,0.054541052,0,0.054541052,PREFIX_ASTAR,0.001521899504248653,0.001521899504248653,128,65,63,65,1,65,64,1160,1,1,1059,536870912,0,0,0,0
random_linear,"RLC_n64_k48",0.75,64,48,0.002,73,0,54,1,1,1,0,0,8.2383e-05,0.045556513,0,0.045556513,PREFIX_ASTAR,0.0018083693104430534,0.0018083693104430534,128,65,63,65,1,65,64,1001,1,1,913,536870912,0,0,0,0
random_linear,"RLC_n64_k48",0.75,64,48,0.002,74,0,42,1,1,1,0,0,7.9833000000000006e-05,0.003832378,0,0.003832378,PREFIX_ASTAR,0.020831191495202198,0.020831191495202198,124,64,60,64,1,64,64,101,1,1,76,536870912,0,0,0,0
random_linear,"RLC_n64_k48",0.75,64,48,0.002,75,0,38,1,1,1,0,0,8.2210000000000001e-05,0.0063055480000000002,0,0.0063055480000000002,PREFIX_ASTAR,0.013037724873397204,0.013037724873397204,125,64,61,64,1,64,64,147,1,1,126,536870912,0,0,0,0
random_linear,"RLC_n64_k48",0.75,64,48,0.002,76,1,8,1,1,1,0,0,8.1156999999999996e-05,0.017153267,0,0.017153267,PREFIX_ASTAR,0.0047312852997624302,0.0047312852997624302,126,64,62,64,1,64,64,393,1,1,350,536870912,0,0,0,0
random_linear,"RLC_n64_k48",0.75,64,48,0.002,77,0,25,1,1,1,0,0,8.3207000000000005e-05,0.024885141,0,0.024885141,PREFIX_ASTAR,0.0033436418945747589,0.0033436418945747589,127,65,62,65,1,65,64,544,1,1,486,536870912,0,0,0,0
random_linear,"RLC_n64_k48",0.75,64,48,0.002,78,0,49,1,1,1,0,0,8.2027000000000006e-05,0.0091359130000000007,0,0.0091359130000000007,PREFIX_ASTAR,0.0089785224530925366,0.0089785224530925366,125,64,61,64,1,64,64,215,1,1,189,536870912,0,0,0,0
random_linear,"RLC_n64_k48",0.75,64,48,0.002,79,0,40,1,1,1,0,0,8.0399000000000001e-05,0.0042317379999999996,0,0.0042317379999999996,PREFIX_ASTAR,0.01899904956308732,0.01899904956308732,124,62,62,62,1,62,64,107,1,1,86,536870912,0,0,0,0
random_linear,"RLC_n64_k48",0.75,64,48,0.002,80,0,10,1,1,1,0,0,8.5007999999999997e-05,0.014893958000000001,0,0.014893958000000001,PREFIX_ASTAR,0.0057075493297349166,0.0057075493297349166,126,65,61,65,1,65,64,333,1,1,287,536870912,0,0,0,0
random_linear,"RLC_n64_k48",0.75,64,48,0.002,81,0,59,1,1,1,0,0,8.3189999999999995e-05,0.024521609,0,0.024521609,PREFIX_ASTAR,0.0033925180032028076,0.0033925180032028076,127,65,62,65,1,65,64,524,1,1,475,536870912,0,0,0,0
random_linear,"RLC_n64_k48",0.75,64,48,0.002,82,0,57,1,1,1,0,0,8.2589999999999994e-05,0.0067465980000000004,0,0.0067465980000000004,PREFIX_ASTAR,0.012241725385149669,0.012241725385149669,125,64,61,64,1,64,64,164,1,1,137,536870912,0,0,0,0
random_linear,"RLC_n64_k48",0.75,64,48,0.002,83,0,4,1,1,1,0,0,8.0451000000000006e-05,0.018999565,0,0.018999565,PREFIX_ASTAR,0.004234360102454978,0.004234360102454978,127,64,63,64,1,64,64,434,1,1,386,536870912,0,0,0,0
random_linear,"RLC_n64_k48",0.75,64,48,0.002,84,0,54,1,1,1,0,0,7.3491000000000005e-05,0.011032893,0,0.011032893,PREFIX_ASTAR,0.006661081549508366,0.006661081549508366,126,65,61,65,1,65,64,273,1,1,240,536870912,0,0,0,0
random_linear,"RLC_n64_k48",0.75,64,48,0.002,85,0,16,1,1,1,0,0,7.3313999999999996e-05,0.010750923000000001,0,0.010750923000000001,PREFIX_ASTAR,0.0068193214666312828,0.0068193214666312828,126,63,63,63,1,63,64,262,1,1,224,536870912,0,0,0,0
random_linear,"RLC_n64_k48",0.75,64,48,0.002,86,0,44,1,1,1,0,0,7.1614999999999998e-05,0.0050654680000000001,0,0.0050654680000000001,PREFIX_ASTAR,0.014137884199446131,0.014137884199446131,125,63,62,63,1,63,64,141,1,1,111,536870912,0,0,0,0
random_linear,"RLC_n64_k48",0.75,64,48,0.002,87,0,2,1,1,1,0,0,7.5085000000000004e-05,0.025496781,0,0.025496781,PREFIX_ASTAR,0.0029448815519104157,0.0029448815519104157,127,64,63,64,1,64,64,592,1,1,526,536870912,0,0,0,0
random_linear,"RLC_n64_k48",0.75,64,48,0.002,88,0,60,1,1,1,0,0,7.7002999999999994e-05,0.042642645999999999,0,0.042642645999999999,PREFIX_ASTAR,0.0018057744352918436,0.0018057744352918436,128,65,63,65,1,65,64,979,1,1,902,536870912,0,0,0,0
random_linear,"RLC_n64_k48",0.75,64,48,0.002,89,0,27,1,1,1,0,0,7.4802000000000007e-05,0.011262273,0,0.011262273,PREFIX_ASTAR,0.0066418208828715134,0.0066418208828715134,126,64,62,64,1,64,64,265,1,1,229,536870912,0,0,0,0
random_linear,"RLC_n64_k48",0.75,64,48,0.002,90,0,52,1,1,1,0,0,8.1516999999999999e-05,0.020862799000000001,0,0.020862799000000001,PREFIX_ASTAR,0.0039072897169742174,0.0039072897169742174,127,65,62,65,1,65,64,494,1,1,436,536870912,0,0,0,0
random_linear,"RLC_n64_k48",0.75,64,48,0.002,91,0,51,1,1,1,0,0,7.2905999999999996e-05,0.0062461410000000002,0,0.0062461410000000002,PREFIX_ASTAR,0.011672166862707709,0.011672166862707709,125,65,60,65,1,65,64,157,1,1,136,536870912,0,0,0,0
random_linear,"RLC_n64_k48",0.75,64,48,0.002,92,0,29,1,1,1,0,0,7.3061999999999999e-05,0.0048537959999999996,0,0.0048537959999999996,PREFIX_ASTAR,0.015052548561991482,0.015052548561991482,123,64,59,64,1,64,64,126,1,1,102,536870912,0,0,0,0
random_linear,"RLC_n64_k48",0.75,64,48,0.002,93,1,58,1,1,1,0,0,7.7879000000000004e-05,0.027483206999999999,0,0.027483206999999999,PREFIX_ASTAR,0.0028336940445123455,0.0028336940445123455,128,65,63,65,1,65,64,650,1,1,587,536870912,0,0,0,0
random_linear,"RLC_n64_k48",0.75,64,48,0.002,94,0,28,1,1,1,0,0,7.8567999999999997e-05,0.028466521000000002,0,0.028466521000000002,PREFIX_ASTAR,0.0027600141232572814,0.0027600141232572814,127,65,62,65,1,65,64,652,1,1,582,536870912,0,0,0,0
random_linear,"RLC_n64_k48",0.75,64,48,0.002,95,0,56,1,1,1,0,0,7.9585000000000005e-05,0.002868336,0,0.002868336,PREFIX_ASTAR,0.027746052066424578,0.027746052066424578,125,64,61,64,1,64,64,85,1,1,65,536870912,0,0,0,0
random_linear,"RLC_n64_k48",0.75,64,48,0.002,96,0,52,1,1,1,0,0,7.2893999999999997e-05,0.018298438,0,0.018298438,PREFIX_ASTAR,0.0039836187110615668,0.0039836187110615668,127,65,62,65,1,65,64,426,1,1,388,536870912,0,0,0,0
random_linear,"RLC_n64_k48",0.75,64,48,0.002,97,0,5,1,1,1,0,0,7.6530000000000001e-05,0.025797344,0,0.025797344,PREFIX_ASTAR,0.0029665844669900902,0.0029665844669900902,127,64,63,64,1,64,64,581,1,1,519,536870912,0,0,0,0
random_linear,"RLC_n64_k48",0.75,64,48,0.002,98,0,58,1,1,1,0,0,7.5821999999999993e-05,0.0049677560000000003,0,0.0049677560000000003,PREFIX_ASTAR,0.015262826918230282,0.015262826918230282,123,61,62,61,1,61,64,130,1,1,103,536870912,0,0,0,0
random_linear,"RLC_n64_k48",0.75,64,48,0.002,99,0,47,1,1,1,0,0,7.6985999999999998e-05,0.0098833989999999993,0,0.0098833989999999993,PREFIX_ASTAR,0.0077894254800398126,0.0077894254800398126,125,64,61,64,1,64,64,257,1,1,225,536870912,0,0,0,0
random_linear,"RLC_n64_k48",0.75,64,48,0.002,100,0,11,1,1,1,0,0,7.3553000000000005e-05,0.013114183,0,0.013114183,PREFIX_ASTAR,0.0056086604861316945,0.0056086604861316945,126,64,62,64,1,64,64,309,1,1,279,536870912,0,0,0,0
random_linear,"RLC_n64_k48",0.75,64,48,0.002,101,0,43,1,1,1,0,0,7.6281999999999999e-05,0.056436189999999997,0,0.056436189999999997,PREFIX_ASTAR,0.0013516504214760069,0.0013516504214760069,128,65,63,65,1,65,64,1252,1,1,1147,536870912,0,0,0,0
random_linear,"RLC_n64_k48",0.75,64,48,0.002,102,0,34,1,1,1,0,0,7.6663999999999996e-05,0.011998346,0,0.011998346,PREFIX_ASTAR,0.0063895473592776872,0.0063895473592776872,126,64,62,64,1,64,64,292,1,1,250,536870912,0,0,0,0
random_linear,"RLC_n64_k48",0.75,64,48,0.002,103,0,58,1,1,1,0,0,7.7347000000000003e-05,0.015699877000000001,0,0.015699877000000001,PREFIX_ASTAR,0.0049265991064770765,0.0049265991064770765,127,64,63,64,1,64,64,372,1,1,327,536870912,0,0,0,0
random_linear,"RLC_n64_k48",0.75,64,48,0.002,104,0,57,1,1,1,0,0,7.4880000000000001e-05,0.017656687000000001,0,0.017656687000000001,PREFIX_ASTAR,0.0042408861866328603,0.0042408861866328603,127,64,63,64,1,64,64,433,1,1,387,536870912,0,0,0,0
random_linear,"RLC_n64_k48",0.75,64,48,0.002,105,0,55,1,1,1,0,0,7.4559000000000002e-05,0.015203581000000001,0,0.015203581000000001,PREFIX_ASTAR,0.0049040420148384776,0.0049040420148384776,126,64,62,64,1,64,64,344,1,1,314,536870912,0,0,0,0
random_linear,"RLC_n64_k48",0.75,64,48,0.002,106,0,21,1,1,1,0,0,7.1891000000000007e-05,0.0030889329999999999,0,0.0030889329999999999,PREFIX_ASTAR,0.023273732385908016,0.023273732385908016,118,58,60,58,1,58,64,90,1,1,72,536870912,0,0,0,0
random_linear,"RLC_n64_k48",0.75,64,48,0.002,107,0,34,1,1,1,0,0,7.2830000000000006e-05,0.0037407880000000001,0,0.0037407880000000001,PREFIX_ASTAR,0.019469159973780927,0.019469159973780927,123,63,60,63,1,63,64,104,1,1,85,536870912,0,0,0,0
random_linear,"RLC_n64_k48",0.75,64,48,0.002,108,0,62,1,1,1,0,0,7.5752000000000002e-05,0.024581355999999999,0,0.024581355999999999,PREFIX_ASTAR,0.003081685160086368,0.003081685160086368,127,65,62,65,1,65,64,567,1,1,503,536870912,0,0,0,0
random_linear,"RLC_n64_k48",0.75,64,48,0.002,109,1,62,1,1,1,0,0,7.4778999999999997e-05,0.043246621999999998,0,0.043246621999999998,PREFIX_ASTAR,0.0017291292716457715,0.0017291292716457715,128,65,63,65,1,65,64,907,1,1,810,536870912,0,0,0,0
random_linear,"RLC_n64_k48",0.75,64,48,0.002,110,0,51,1,1,1,0,0,8.0927999999999995e-05,0.016087707999999999,0,0.016087707999999999,PREFIX_ASTAR,0.0050304244706579704,0.0050304244706579704,127,65,62,65,1,65,64,354,1,1,320,536870912,0,0,0,0
random_linear,"RLC_n64_k48",0.75,64,48,0.002,111,1,53,1,1,1,0,0,0.0026442810000000001,1.470698976,0,1.470698976,PREFIX_ASTAR,0.0017979756858143077,0.0017979756858143077,8192,3971,4221,3971,1,3971,64,31088,1,1,27333,536870912,0,0,0,0
random_linear,"RLC_n64_k48",0.75,64,48,0.002,112,0,33,1,1,1,0,0,9.056e-05,0.015951429,0,0.015951429,PREFIX_ASTAR,0.0056772343092270916,0.0056772343092270916,127,64,63,64,1,64,64,365,1,1,322,536870912,0,0,0,0
random_linear,"RLC_n64_k48",0.75,64,48,0.002,113,0,11,1,1,1,0,0,8.0218999999999999e-05,0.0038521559999999998,0,0.0038521559999999998,PREFIX_ASTAR,0.020824442208467155,0.020824442208467155,122,62,60,62,1,62,64,100,1,1,82,536870912,0,0,0,0
random_linear,"RLC_n64_k48",0.75,64,48,0.002,114,0,57,1,1,1,0,0,7.4487999999999996e-05,0.039402812000000002,0,0.039402812000000002,PREFIX_ASTAR,0.0018904234550569637,0.0018904234550569637,128,65,63,65,1,65,64,829,1,1,758,536870912,0,0,0,0
random_linear,"RLC_n64_k48",0.75,64,48,0.002,115,0,52,1,1,1,0,0,8.5920000000000004e-05,0.013796605999999999,0,0.013796605999999999,PREFIX_ASTAR,0.0062276185896734315,0.0062276185896734315,127,65,62,65,1,65,64,349,1,1,309,536870912,0,0,0,0
random_linear,"RLC_n64_k48",0.75,64,48,0.002,116,0,13,1,1,1,0,0,8.2057000000000004e-05,0.013026977,0,0.013026977,PREFIX_ASTAR,0.0062990055175502343,0.0062990055175502343,126,65,61,65,1,65,64,317,1,1,280,536870912,0,0,0,0
random_linear,"RLC_n64_k48",0.75,64,48,0.002,117,0,3,1,1,1,0,0,7.7086e-05,0.025032303999999998,0,0.025032303999999998,PREFIX_ASTAR,0.0030794608438759774,0.0030794608438759774,127,64,63,64,1,64,64,573,1,1,517,536870912,0,0,0,0
random_linear,"RLC_n64_k48",0.75,64,48,0.002,118,0,9,1,1,1,0,0,7.5859999999999995e-05,0.010672951,0,0.010672951,PREFIX_ASTAR,0.0071076874615090052,0.0071076874615090052,126,63,63,63,1,63,64,266,1,1,235,536870912,0,0,0,0
random_linear,"RLC_n64_k48",0.75,64,48,0.002,119,0,61,1,1,1,0,0,7.5882000000000003e-05,0.013844558999999999,0,0.013844558999999999,PREFIX_ASTAR,0.005480997986284721,0.005480997986284721,126,65,61,65,1,65,64,328,1,1,286,536870912,0,0,0,0
random_linear,"RLC_n64_k48",0.75,64,48,0.002,120,0,52,1,1,1,0,0,8.2748000000000001e-05,0.018463503999999999,0,0.018463503999999999,PREFIX_ASTAR,0.004481706181015262,0.004481706181015262,127,64,63,64,1,64,64,453,1,1,398,536870912,0,0,0,0
random_linear,"RLC_n64_k48",0.75,64,48,0.002,121,0,45,1,1,1,0,0,7.6984999999999996e-05,0.031530820000000001,0,0.031530820000000001,PREFIX_ASTAR,0.0024415793816970188,0.0024415793816970188,128,65,63,65,1,65,64,736,1,1,671,536870912,0,0,0,0
random_linear,"RLC_n64_k48",0.75,64,48,0.002,122,0,49,1,1,1,0,0,7.7335000000000004e-05,0.018408175999999998,0,0.018408175999999998,PREFIX_ASTAR,0.0042011223708421745,0.0042011223708421745,127,65,62,65,1,65,64,429,1,1,391,536870912,0,0,0,0
random_linear,"RLC_n64_k48",0.75,64,48,0.002,123,0,2,1,1,1,0,0,7.6945000000000003e-05,0.0081014339999999994,0,0.0081014339999999994,PREFIX_ASTAR,0.0094977012711576752,0.0094977012711576752,125,63,62,63,1,63,64,202,1,1,169,536870912,0,0,0,0
random_linear,"RLC_n64_k48",0.75,64,48,0.002,124,0,59,1,1,1,0,0,8.4629999999999994e-05,0.012240958,0,0.012240958,PREFIX_ASTAR,0.0069136745669742513,0.0069136745669742513,126,64,62,64,1,64,64,300,1,1,251,536870912,0,0,0,0
random_linear,"RLC_n64_k48",0.75,64,48,0.002,125,1,62,1,1,1,0,0,0.0023974449999999998,0.34360255200000001,0,0.34360255200000001,PREFIX_ASTAR,0.006977378328668524,0.006977378328668524,8189,3979,4210,3979,1,3979,64,7694,1,1,6805,536870912,0,0,0,0
random_linear,"RLC_n64_k48",0.75,64,48,0.002,126,1,22,1,1,1,0,0,0.0025042520000000002,0.28477393200000001,0,0.28477393200000001,PREFIX_ASTAR,0.0087938245695887655,0.0087938245695887655,8189,3986,4203,3986,2,3986,64,6228,1,1,5368,536870912,0,0,0,0
random_linear,"RLC_n64_k48",0.75,64,48,0.002,127,0,31,1,1,1,0,0,7.4709999999999995e-05,0.025808732000000001,0,0.025808732000000001,PREFIX_ASTAR,0.002894756704823778,0.002894756704823778,127,64,63,64,1,64,64,585,1,1,533,536870912,0,0,0,0
random_linear,"RLC_n64_k48",0.75,64,48,0.002,128,0,35,1,1,1,0,0,7.7614000000000006e-05,0.021374483999999999,0,0.021374483999999999,PREFIX_ASTAR,0.0036311519847683814,0.0036311519847683814,127,64,63,64,1,64,64,516,1,1,456,536870912,0,0,0,0
random_linear,"RLC_n64_k48",0.75,64,48,0.002,129,0,28,1,1,1,0,0,7.7521999999999994e-05,0.017338254000000001,0,0.017338254000000001,PREFIX_ASTAR,0.0044711537851504536,0.0044711537851504536,127,65,62,65,1,65,64,416,1,1,367,536870912,0,0,0,0
random_linear,"RLC_n64_k48",0.75,64,48,0.002,130,1,48,1,1,1,0,0,0.0024154889999999998,0.393137556,0,0.393137556,PREFIX_ASTAR,0.0061441319027785782,0.0061441319027785782,8190,3959,4231,3959,1,3959,64,8279,1,1,7314,536870912,0,0,0,0
random_linear,"RLC_n64_k48",0.75,64,48,0.002,131,0,63,1,1,1,0,0,9.0062000000000006e-05,0.0030902239999999999,0,0.0030902239999999999,PREFIX_ASTAR,0.029144165600940259,0.029144165600940259,124,61,63,61,1,61,64,87,1,1,65,536870912,0,0,0,0
random_linear,"RLC_n64_k48",0.75,64,48,0.002,132,0,51,1,1,1,0,0,7.5358999999999995e-05,0.002218406,0,0.002218406,PREFIX_ASTAR,0.033969886486062514,0.033969886486062514,115,61,54,61,1,61,64,66,1,1,49,536870912,0,0,0,0
random_linear,"RLC_n64_k48",0.75,64,48,0.002,133,0,6,1,1,1,0,0,8.7033000000000005e-05,0.011110170000000001,0,0.011110170000000001,PREFIX_ASTAR,0.0078336335087581914,0.0078336335087581914,125,62,63,62,1,62,64,249,1,1,221,536870912,0,0,0,0
random_linear,"RLC_n64_k48",0.75,64,48,0.002,134,0,44,1,1,1,0,0,8.2224000000000004e-05,0.028936694999999998,0,0.028936694999999998,PREFIX_ASTAR,0.0028415131721158896,0.0028415131721158896,127,65,62,65,1,65,64,629,1,1,564,536870912,0,0,0,0
random_linear,"RLC_n64_k48",0.75,64,48,0.002,135,0,0,1,1,1,0,0,7.5951000000000005e-05,0.051503933000000002,0,0.051503933000000002,PREFIX_ASTAR,0.0014746640805081818,0.0014746640805081818,128,65,63,65,1,65,64,1097,1,1,1001,536870912,0,0,0,0
random_linear,"RLC_n64_k48",0.75,64,48,0.002,136,0,58,1,1,1,0,0,7.4604999999999995e-05,0.033548461000000002,0,0.033548461000000002,PREFIX_ASTAR,0.0022237979858450137,0.0022237979858450137,128,65,63,65,1,65,64,767,1,1,686,536870912,0,0,0,0
random_linear,"RLC_n64_k48",0.75,64,48,0.002,137,0,59,1,1,1,0,0,7.4301000000000006e-05,0.017011002000000001,0,0.017011002000000001,PREFIX_ASTAR,0.0043678203082922456,0.0043678203082922456,126,64,62,64,1,64,64,402,1,1,359,536870912,0,0,0,0
random_linear,"RLC_n64_k48",0.75,64,48,0.002,138,0,39,1,1,1,0,0,7.8565000000000004e-05,0.0024323249999999999,0,0.0024323249999999999,PREFIX_ASTAR,0.032300371044165561,0.032300371044165561,124,62,62,62,1,62,64,75,1,1,57,536870912,0,0,0,0
random_linear,"RLC_n64_k48",0.75,64,48,0.002,139,1,43,1,1,1,0,0,0.002397485,1.2190779949999999,0,1.2190779949999999,PREFIX_ASTAR,0.0019666379098246295,0.0019666379098246295,8192,3968,4224,3968,1,3968,64,26243,1,1,22950,536870912,0,0,0,0
random_linear,"RLC_n64_k48",0.75,64,48,0.002,140,0,8,1,1,1,0,0,8.3231000000000003e-05,0.044046042000000001,0,0.044046042000000001,PREFIX_ASTAR,0.0018896363037568733,0.0018896363037568733,128,65,63,65,1,65,64,934,1,1,841,536870912,0,0,0,0
random_linear,"RLC_n64_k48",0.75,64,48,0.002,141,0,55,1,1,1,0,0,7.6379999999999997e-05,0.056461397000000003,0,0.056461397000000003,PREFIX_ASTAR,0.0013527826808819483,0.0013527826808819483,128,65,63,65,1,65,64,1174,1,1,1078,536870912,0,0,0,0
random_linear,"RLC_n64_k48",0.75,64,48,0.002,142,0,3,1,1,1,0,0,7.6417999999999999e-05,0.013140628,0,0.013140628,PREFIX_ASTAR,0.0058153993857827796,0.0058153993857827796,126,64,62,64,1,64,64,306,1,1,276,536870912,0,0,0,0
random_linear,"RLC_n64_k48",0.75,64,48,0.002,143,0,18,1,1,1,0,0,7.9217999999999999e-05,0.0062417169999999999,0,0.0062417169999999999,PREFIX_ASTAR,0.012691700056250548,0.012691700056250548,125,65,60,65,1,65,64,158,1,1,132,536870912,0,0,0,0
random_linear,"RLC_n64_k48",0.75,64,48,0.002,144,0,52,1,1,1,0,0,7.7099000000000002e-05,0.0033779420000000001,0,0.0033779420000000001,PREFIX_ASTAR,0.022824252163003392,0.022824252163003392,124,64,60,64,1,64,64,93,1,1,75,536870912,0,0,0,0
random_linear,"RLC_n64_k48",0.75,64,48,0.002,145,0,54,1,1,1,0,0,7.7254000000000003e-05,0.014196439,0,0.014196439,PREFIX_ASTAR,0.0054417871974795935,0.0054417871974795935,126,63,63,63,1,63,64,338,1,1,299,536870912,0,0,0,0
random_linear,"RLC_n64_k48",0.75,64,48,0.002,146,0,20,1,1,1,0,0,8.1100999999999995e-05,0.0074585500000000004,0,0.0074585500000000004,PREFIX_ASTAR,0.010873561214981464,0.010873561214981464,126,64,62,64,1,64,64,194,1,1,166,536870912,0,0,0,0
random_linear,"RLC_n64_k48",0.75,64,48,0.002,147,1,32,1,1,1,0,0,0.00253659,0.51105341800000004,0,0.51105341800000004,PREFIX_ASTAR,0.0049634537421291642,0.0049634537421291642,8190,3964,4226,3964,1,3964,64,11190,1,1,9990,536870912,0,0,0,0
random_linear,"RLC_n64_k48",0.75,64,48,0.002,148,0,56,1,1,1,0,0,8.0456000000000004e-05,0.0037246890000000002,0,0.0037246890000000002,PREFIX_ASTAR,0.021600729617962736,0.021600729617962736,122,62,60,62,1,62,64,100,1,1,81,536870912,0,0,0,0
random_linear,"RLC_n64_k48",0.75,64,48,0.002,149,0,19,1,1,1,0,0,8.2979999999999995e-05,0.019361064000000001,0,0.019361064000000001,PREFIX_ASTAR,0.0042859214762163891,0.0042859214762163891,126,65,61,65,1,65,64,417,1,1,379,536870912,0,0,0,0
random_linear,"RLC_n64_k48",0.75,64,48,0.002,150,0,15,1,1,1,0,0,7.9536000000000006e-05,0.015293466,0,0.015293466,PREFIX_ASTAR,0.0052006523570261969,0.0052006523570261969,127,65,62,65,1,65,64,354,1,1,317,536870912,0,0,0,0
random_linear,"RLC_n64_k48",0.75,64,48,0.002,151,0,4,1,1,1,0,0,8.2607000000000004e-05,0.012745883,0,0.012745883,PREFIX_ASTAR,0.0064810731433828485,0.0064810731433828485,126,64,62,64,1,64,64,282,1,1,253,536870912,0,0,0,0
random_linear,"RLC_n64_k48",0.75,64,48,0.002,152,0,43,1,1,1,0,0,8.0772000000000005e-05,0.020219312999999999,0,0.020219312999999999,PREFIX_ASTAR,0.0039947944818896674,0.0039947944818896674,127,64,63,64,1,64,64,453,1,1,405,536870912,0,0,0,0
random_linear,"RLC_n64_k48",0.75,64,48,0.002,153,0,22,1,1,1,0,0,7.6655000000000004e-05,0.015696996000000001,0,0.015696996000000001,PREFIX_ASTAR,0.0048834184579011168,0.0048834184579011168,126,63,63,63,1,63,64,364,1,1,314,536870912,0,0,0,0
random_linear,"RLC_n64_k48",0.75,64,48,0.002,154,0,20,1,1,1,0,0,7.6068000000000004e-05,0.011438343,0,0.011438343,PREFIX_ASTAR,0.0066502639412019731,0.0066502639412019731,126,63,63,63,1,63,64,281,1,1,248,536870912,0,0,0,0
random_linear,"RLC_n64_k48",0.75,64,48,0.002,155,0,13,1,1,1,0,0,7.4939999999999997e-05,0.051199985000000003,0,0.051199985000000003,PREFIX_ASTAR,0.001463672303810245,0.001463672303810245,128,65,63,65,1,65,64,1194,1,1,1091,536870912,0,0,0,0
random_linear,"RLC_n64_k48",0.75,64,48,0.002,156,0,22,1,1,1,0,0,7.5538999999999996e-05,0.0043412049999999999,0,0.0043412049999999999,PREFIX_ASTAR,0.017400468303155461,0.017400468303155461,122,61,61,61,1,61,64,117,1,1,96,536870912,0,0,0,0
random_linear,"RLC_n64_k48",0.75,64,48,0.002,157,0,26,1,1,1,0,0,7.5135999999999993e-05,0.022374208999999999,0,0.022374208999999999,PREFIX_ASTAR,0.0033581522368008629,0.0033581522368008629,127,65,62,65,1,65,64,528,1,1,475,536870912,0,0,0,0
random_linear,"RLC_n64_k48",0.75,64,48,0.002,158,0,36,1,1,1,0,0,7.7066999999999999e-05,0.0076127460000000001,0,0.0076127460000000001,PREFIX_ASTAR,0.010123416701411028,0.010123416701411028,125,63,62,63,1,63,64,197,1,1,166,536870912,0,0,0,0
random_linear,"RLC_n64_k48",0.75,64,48,0.002,159,0,31,1,1,1,0,0,7.2634999999999998e-05,0.00255347,0,0.00255347,PREFIX_ASTAR,0.028445605391878501,0.028445605391878501,122,62,60,62,1,62,64,78,1,1,60,536870912,0,0,0,0
random_linear,"RLC_n64_k48",0.75,64,48,0.002,160,0,56,1,1,1,0,0,7.2626999999999994e-05,0.0045139170000000001,0,0.0045139170000000001,PREFIX_ASTAR,0.016089573645239819,0.016089573645239819,125,64,61,64,1,64,64,123,1,1,100,536870912,0,0,0,0
random_linear,"RLC_n64_k48",0.75,64,48,0.002,161,0,33,1,1,1,0,0,7.5333000000000005e-05,0.013190092,0,0.013190092,PREFIX_ASTAR,0.0057113324152704929,0.0057113324152704929,126,65,61,65,1,65,64,323,1,1,288,536870912,0,0,0,0
random_linear,"RLC_n64_k48",0.75,64,48,0.002,162,0,24,1,1,1,0,0,7.4363999999999995e-05,0.036940199999999999,0,0.036940199999999999,PREFIX_ASTAR,0.0020130914288498708,0.0020130914288498708,128,65,63,65,1,65,64,852,1,1,688,536870912,0,0,0,0
random_linear,"RLC_n64_k48",0.75,64,48,0.002,163,0,7,1,1,1,0,0,7.3019e-05,0.014587714999999999,0,0.014587714999999999,PREFIX_ASTAR,0.0050055132006623379,0.0050055132006623379,126,64,62,64,1,64,64,367,1,1,329,536870912,0,0,0,0
random_linear,"RLC_n64_k48",0.75,64,48,0.002,164,0,23,1,1,1,0,0,7.4610999999999994e-05,0.020372703999999998,0,0.020372703999999998,PREFIX_ASTAR,0.003662302264834359,0.003662302264834359,127,65,62,65,1,65,64,466,1,1,425,536870912,0,0,0,0
random_linear,"RLC_n64_k48",0.75,64,48,0.002,165,0,44,1,1,1,0,0,7.5777000000000003e-05,0.019278218999999999,0,0.019278218999999999,PREFIX_ASTAR,0.0039307054246037979,0.0039307054246037979,127,64,63,64,1,64,64,461,1,1,410,536870912,0,0,0,0
random_linear,"RLC_n64_k48",0.75,64,48,0.002,166,0,44,1,1,1,0,0,7.4155999999999999e-05,0.024724933000000001,0,0.024724933000000001,PREFIX_ASTAR,0.0029992396743805127,0.0029992396743805127,127,64,63,64,1,64,64,576,1,1,521,536870912,0,0,0,0
random_linear,"RLC_n64_k48",0.75,64,48,0.002,167,0,15,1,1,1,0,0,7.5284999999999995e-05,0.030371869999999999,0,0.030371869999999999,PREFIX_ASTAR,0.00247877394444267,0.00247877394444267,127,64,63,64,1,64,64,681,1,1,629,536870912,0,0,0,0
random_linear,"RLC_n64_k48",0.75,64,48,0.002,168,0,51,1,1,1,0,0,8.2250999999999996e-05,0.025570503000000001,0,0.025570503000000001,PREFIX_ASTAR,0.0032166359809191079,0.0032166359809191079,127,64,63,64,1,64,64,593,1,1,532,536870912,0,0,0,0
random_linear,"RLC_n64_k48",0.75,64,48,0.002,169,0,17,1,1,1,0,0,8.0690000000000002e-05,0.022445311999999999,0,0.022445311999999999,PREFIX_ASTAR,0.0035949600522371889,0.0035949600522371889,127,64,63,64,1,64,64,519,1,1,464,536870912,0,0,0,0
random_linear,"RLC_n64_k48",0.75,64,48,0.002,170,1,59,1,1,1,0,0,0.0024453840000000001,0.63235468399999994,0,0.63235468399999994,PREFIX_ASTAR,0.0038671082256109299,0.0038671082256109299,8191,3950,4241,3950,1,3950,64,14197,1,1,12547,536870912,0,0,0,0
random_linear,"RLC_n64_k48",0.75,64,48,0.002,171,0,41,1,1,1,0,0,7.5418000000000002e-05,0.013594256000000001,0,0.013594256000000001,PREFIX_ASTAR,0.0055477842994864886,0.0055477842994864886,126,65,61,65,1,65,64,309,1,1,277,536870912,0,0,0,0
random_linear,"RLC_n64_k48",0.75,64,48,0.002,172,0,42,1,1,1,0,0,7.2163999999999996e-05,0.017414744999999999,0,0.017414744999999999,PREFIX_ASTAR,0.0041438447706239742,0.0041438447706239742,127,64,63,64,1,64,64,429,1,1,378,536870912,0,0,0,0
random_linear,"RLC_n64_k48",0.75,64,48,0.002,173,1,21,1,1,1,0,0,0.0023910910000000001,0.60491061400000001,0,0.60491061400000001,PREFIX_ASTAR,0.0039528005372377216,0.0039528005372377216,8191,3955,4236,3955,2,3955,64,13756,1,1,12075,536870912,0,0,0,0
random_linear,"RLC_n64_k48",0.75,64,48,0.002,174,0,13,1,1,1,0,0,8.2359000000000002e-05,0.0059856839999999998,0,0.0059856839999999998,PREFIX_ASTAR,0.013759329760809291,0.013759329760809291,125,64,61,64,1,64,64,155,1,1,130,536870912,0,0,0,0
random_linear,"RLC_n64_k48",0.75,64,48,0.002,175,0,7,1,1,1,0,0,7.4139000000000003e-05,0.0045791820000000002,0,0.0045791820000000002,PREFIX_ASTAR,0.016190446241271913,0.016190446241271913,124,65,59,65,1,65,64,118,1,1,97,536870912,0,0,0,0
random_linear,"RLC_n64_k48",0.75,64,48,0.002,176,0,50,1,1,1,0,0,7.3780000000000002e-05,0.019638442999999998,0,0.019638442999999998,PREFIX_ASTAR,0.0037569169816568456,0.0037569169816568456,127,64,63,64,1,64,64,465,1,1,423,536870912,0,0,0,0
random_linear,"RLC_n64_k48",0.75,64,48,0.002,177,0,45,1,1,1,0,0,7.4382999999999996e-05,0.022335658000000001,0,0.022335658000000001,PREFIX_ASTAR,0.0033302354468357277,0.0033302354468357277,127,64,63,64,1,64,64,535,1,1,483,536870912,0,0,0,0
random_linear,"RLC_n64_k48",0.75,64,48,0.002,178,0,53,1,1,1,0,0,7.3738000000000004e-05,0.0039516220000000001,0,0.0039516220000000001,PREFIX_ASTAR,0.018660185614919646,0.018660185614919646,125,63,62,63,1,63,64,106,1,1,87,536870912,0,0,0,0
random_linear,"RLC_n64_k48",0.75,64,48,0.002,179,0,16,1,1,1,0,0,7.8887000000000006e-05,0.024338347,0,0.024338347,PREFIX_ASTAR,0.0032412636733299928,0.0032412636733299928,127,64,63,64,1,64,64,568,1,1,501,536870912,0,0,0,0
random_linear,"RLC_n64_k48",0.75,64,48,0.002,180,0,16,1,1,1,0,0,7.8158999999999995e-05,0.046394241000000003,0,0.046394241000000003,PREFIX_ASTAR,0.0016846703020747767,0.0016846703020747767,128,65,63,65,1,65,64,1084,1,1,981,536870912,0,0,0,0
random_linear,"RLC_n64_k48",0.75,64,48,0.002,181,0,11,1,1,1,0,0,7.5409999999999998e-05,0.0040992390000000002,0,0.0040992390000000002,PREFIX_ASTAR,0.018396097421984909,0.018396097421984909,124,64,60,64,1,64,64,116,1,1,91,536870912,0,0,0,0
random_linear,"RLC_n64_k48",0.75,64,48,0.002,182,1,54,1,1,1,0,0,0.002395753,0.33707472700000002,0,0.33707472700000002,PREFIX_ASTAR,0.0071074833207533826,0.0071074833207533826,8189,3998,4191,3998,1,3998,64,7044,1,1,6361,536870912,0,0,0,0
random_linear,"RLC_n64_k48",0.75,64,48,0.002,183,0,5,1,1,1,0,0,7.9190000000000006e-05,0.023644496000000001,0,0.023644496000000001,PREFIX_ASTAR,0.003349193825066096,0.003349193825066096,127,65,62,65,1,65,64,556,1,1,491,536870912,0,0,0,0
random_linear,"RLC_n64_k48",0.75,64,48,0.002,184,0,4,1,1,1,0,0,8.1600000000000005e-05,0.051874021999999999,0,0.051874021999999999,PREFIX_ASTAR,0.0015730417047669836,0.0015730417047669836,128,65,63,65,1,65,64,1154,1,1,1026,536870912,0,0,0,0
random_linear,"RLC_n64_k48",0.75,64,48,0.002,185,0,51,1,1,1,0,0,7.2438e-05,0.0021672610000000002,0,0.0021672610000000002,PREFIX_ASTAR,0.033423754683907472,0.033423754683907472,123,63,60,63,1,63,64,68,1,1,51,536870912,0,0,0,0
random_linear,"RLC_n64_k48",0.75,64,48,0.002,186,1,19,1,1,1,0,0,0.0024732130000000001,0.83101403299999999,0,0.83101403299999999,PREFIX_ASTAR,0.0029761386712948566,0.0029761386712948566,8191,3981,4210,3981,1,3981,64,17795,1,1,15614,536870912,0,0,0,0
random_linear,"RLC_n64_k48",0.75,64,48,0.002,187,0,52,1,1,1,0,0,7.8695000000000005e-05,0.052881888000000002,0,0.052881888000000002,PREFIX_ASTAR,0.0014881276553514883,0.0014881276553514883,128,65,63,65,1,65,64,1188,1,1,1076,536870912,0,0,0,0
random_linear,"RLC_n64_k48",0.75,64,48,0.002,188,0,56,1,1,1,0,0,7.6619000000000006e-05,0.0051959570000000002,0,0.0051959570000000002,PREFIX_ASTAR,0.014745888004846846,0.014745888004846846,124,64,60,64,1,64,64,135,1,1,115,536870912,0,0,0,0
random_linear,"RLC_n64_k48",0.75,64,48,0.002,189,0,61,1,1,1,0,0,7.8906000000000007e-05,0.025758494,0,0.025758494,PREFIX_ASTAR,0.003063300206914271,0.003063300206914271,127,64,63,64,1,64,64,602,1,1,542,536870912,0,0,0,0
random_linear,"RLC_n64_k48",0.75,64,48,0.002,190,0,55,1,1,1,0,0,8.5360999999999998e-05,0.031175575000000001,0,0.031175575000000001,PREFIX_ASTAR,0.002738072994644044,0.002738072994644044,128,65,63,65,1,65,64,725,1,1,642,536870912,0,0,0,0
random_linear,"RLC_n64_k48",0.75,64,48,0.002,191,0,21,1,1,1,0,0,7.4509000000000001e-05,0.015166928999999999,0,0.015166928999999999,PREFIX_ASTAR,0.0049125963469598896,0.0049125963469598896,126,64,62,64,1,64,64,361,1,1,316,536870912,0,0,0,0
random_linear,"RLC_n64_k48",0.75,64,48,0.002,192,0,6,1,1,1,0,0,7.4561999999999995e-05,0.042570657999999997,0,0.042570657999999997,PREFIX_ASTAR,0.0017514880789486504,0.0017514880789486504,128,65,63,65,1,65,64,1017,1,1,903,536870912,0,0,0,0
random_linear,"RLC_n64_k48",0.75,64,48,0.002,193,1,30,1,1,1,0,0,0.002435848,0.36842714700000001,0,0.36842714700000001,PREFIX_ASTAR,0.0066114780624458164,0.0066114780624458164,8190,3990,4200,3990,1,3990,64,7862,1,1,6940,536870912,0,0,0,0
random_linear,"RLC_n64_k48",0.75,64,48,0.002,194,0,42,1,1,1,0,0,7.9066999999999994e-05,0.0023198310000000001,0,0.0023198310000000001,PREFIX_ASTAR,0.034083086224815512,0.034083086224815512,123,63,60,63,1,63,64,73,1,1,51,536870912,0,0,0,0
random_linear,"RLC_n64_k48",0.75,64,48,0.002,195,0,20,1,1,1,0,0,7.5161999999999996e-05,0.048779853999999997,0,0.048779853999999997,PREFIX_ASTAR,0.0015408410201473747,0.0015408410201473747,128,65,63,65,1,65,64,1070,1,1,907,536870912,0,0,0,0
random_linear,"RLC_n64_k48",0.75,64,48,0.002,196,1,61,1,1,1,0,0,0.0023933309999999998,0.85012626499999999,0,0.85012626499999999,PREFIX_ASTAR,0.0028152653300271813,0.0028152653300271813,8191,3997,4194,3997,1,3997,64,18399,1,1,16182,536870912,0,0,0,0
random_linear,"RLC_n64_k48",0.75,64,48,0.002,197,1,9,1,1,1,0,0,0.0024570939999999999,1.282381148,0,1.282381148,PREFIX_ASTAR,0.0019160403315598336,0.0019160403315598336,8192,3971,4221,3971,1,3971,64,26641,1,1,23645,536870912,0,0,0,0
random_linear,"RLC_n64_k48",0.75,64,48,0.002,198,0,34,1,1,1,0,0,8.5288000000000001e-05,0.0029477280000000002,0,0.0029477280000000002,PREFIX_ASTAR,0.028933470116645769,0.028933470116645769,123,63,60,63,1,63,64,89,1,1,67,536870912,0,0,0,0
random_linear,"RLC_n64_k48",0.75,64,48,0.002,199,0,47,1,1,1,0,0,7.6670999999999998e-05,0.005000188,0,0.005000188,PREFIX_ASTAR,0.015333623455758063,0.015333623455758063,125,63,62,63,1,63,64,141,1,1,114,536870912,0,0,0,0
random_linear,"RLC_n64_k48",0.75,64,48,0.002,200,1,32,1,1,1,0,0,0.0023782199999999999,0.118067082,0,0.118067082,PREFIX_ASTAR,0.020142955680059915,0.020142955680059915,8184,3951,4233,3951,1,3951,64,2876,1,1,2569,536870912,0,0,0,0
random_linear,"RLC_n64_k48",0.75,64,48,0.002,201,0,24,1,1,1,0,0,8.3127000000000006e-05,0.0062456530000000003,0,0.0062456530000000003,PREFIX_ASTAR,0.013309577077048629,0.013309577077048629,125,63,62,63,1,63,64,163,1,1,132,536870912,0,0,0,0
random_linear,"RLC_n64_k48",0.75,64,48,0.002,202,1,27,1,1,1,0,0,0.002421023,1.2994862519999999,0,1.2994862519999999,PREFIX_ASTAR,0.0018630616493817284,0.0018630616493817284,8192,3956,4236,3956,1,3956,64,28706,1,1,24915,536870912,0,0,0,0
random_linear,"RLC_n64_k48",0.75,64,48,0.002,203,0,50,1,1,1,0,0,7.6939000000000003e-05,0.0040898410000000003,0,0.0040898410000000003,PREFIX_ASTAR,0.018812222773452562,0.018812222773452562,124,64,60,64,1,64,64,111,1,1,91,536870912,0,0,0,0
random_linear,"RLC_n64_k48",0.75,64,48,0.002,204,0,0,1,1,1,0,0,7.6786999999999995e-05,0.055480056999999999,0,0.055480056999999999,PREFIX_ASTAR,0.0013840468837297698,0.0013840468837297698,128,65,63,65,1,65,64,1300,1,1,1177,536870912,0,0,0,0
random_linear,"RLC_n64_k48",0.75,64,48,0.002,205,0,11,1,1,1,0,0,7.6407000000000002e-05,0.04846226,0,0.04846226,PREFIX_ASTAR,0.0015766289066997702,0.0015766289066997702,128,65,63,65,1,65,64,1079,1,1,977,536870912,0,0,0,0
random_linear,"RLC_n64_k48",0.75,64,48,0.002,206,0,54,1,1,1,0,0,7.6135000000000002e-05,0.0074329349999999999,0,0.0074329349999999999,PREFIX_ASTAR,0.010242925573814381,0.010242925573814381,125,64,61,64,1,64,64,188,1,1,163,536870912,0,0,0,0
random_linear,"RLC_n64_k48",0.75,64,48,0.002,207,0,28,1,1,1,0,0,7.7744000000000006e-05,0.013769092,0,0.013769092,PREFIX_ASTAR,0.0056462691948023884,0.0056462691948023884,126,65,61,65,1,65,64,328,1,1,293,536870912,0,0,0,0
random_linear,"RLC_n64_k48",0.75,64,48,0.002,208,0,2,1,1,1,0,0,7.8333999999999999e-05,0.041330062000000001,0,0.041330062000000001,PREFIX_ASTAR,0.001895327425349616,0.001895327425349616,128,65,63,65,1,65,64,949,1,1,859,536870912,0,0,0,0
random_linear,"RLC_n64_k48",0.75,64,48,0.002,209,1,0,1,1,1,0,0,0.0026526449999999999,0.41161459299999997,0,0.41161459299999997,PREFIX_ASTAR,0.0064444872584971738,0.0064444872584971738,8190,3970,4220,3970,2,3970,64,9043,1,1,7908,536870912,0,0,0,0
random_linear,"RLC_n64_k48",0.75,64,48,0.002,210,0,43,1,1,1,0,0,8.3034999999999994e-05,0.015027601999999999,0,0.015027601999999999,PREFIX_ASTAR,0.0055254990117518414,0.0055254990117518414,126,64,62,64,1,64,64,332,1,1,290,536870912,0,0,0,0
random_linear,"RLC_n64_k48",0.75,64,48,0.002,211,1,61,1,1,1,0,0,0.0024447739999999998,1.604903357,0,1.604903357,PREFIX_ASTAR,0.0015233154004799057,0.0015233154004799057,8192,3982,4210,3982,1,3982,64,33984,1,1,29937,536870912,0,0,0,0
random_linear,"RLC_n64_k48",0.75,64,48,0.002,212,0,2,1,1,1,0,0,7.6794999999999999e-05,0.0074748200000000001,0,0.0074748200000000001,PREFIX_ASTAR,0.010273825991796458,0.010273825991796458,125,64,61,64,1,64,64,191,1,1,155,536870912,0,0,0,0
random_linear,"RLC_n64_k48",0.75,64,48,0.002,213,0,8,1,1,1,0,0,7.5418000000000002e-05,0.042824256999999998,0,0.042824256999999998,PREFIX_ASTAR,0.0017611046935385245,0.0017611046935385245,127,64,63,64,1,64,64,845,1,1,779,536870912,0,0,0,0
random_linear,"RLC_n64_k48",0.75,64,48,0.002,214,0,30,1,1,1,0,0,8.1094999999999995e-05,0.0032588309999999998,0,0.0032588309999999998,PREFIX_ASTAR,0.024884690246287703,0.024884690246287703,124,64,60,64,1,64,64,87,1,1,67,536870912,0,0,0,0
random_linear,"RLC_n64_k48",0.75,64,48,0.002,215,0,10,1,1,1,0,0,8.3914999999999999e-05,0.021544074,0,0.021544074,PREFIX_ASTAR,0.0038950386078324831,0.0038950386078324831,127,64,63,64,1,64,64,468,1,1,423,536870912,0,0,0,0
random_linear,"RLC_n64_k48",0.75,64,48,0.002,216,0,33,1,1,1,0,0,8.8237000000000002e-05,0.002730849,0,0.002730849,PREFIX_ASTAR,0.032311196994048372,0.032311196994048372,122,61,61,61,1,61,64,78,1,1,60,536870912,0,0,0,0
random_linear,"RLC_n64_k48",0.75,64,48,0.002,217,0,62,1,1,1,0,0,8.4023000000000005e-05,0.035344622999999999,0,0.035344622999999999,PREFIX_ASTAR,0.0023772498577789331,0.0023772498577789331,128,65,63,65,1,65,64,752,1,1,687,536870912,0,0,0,0
random_linear,"RLC_n64_k48",0.75,64,48,0.002,218,1,45,1,1,1,0,0,0.002645788,0.36961707999999999,0,0.36961707999999999,PREFIX_ASTAR,0.0071581865210341477,0.0071581865210341477,8190,3974,4216,3974,2,3974,64,8442,1,1,7398,536870912,0,0,0,0
random_linear,"RLC_n64_k48",0.75,64,48,0.002,219,0,13,1,1,1,0,0,7.5475999999999994e-05,0.036193799999999998,0,0.036193799999999998,PREFIX_ASTAR,0.0020853295315772314,0.0020853295315772314,128,65,63,65,1,65,64,859,1,1,711,536870912,0,0,0,0
random_linear,"RLC_n64_k48",0.75,64,48,0.002,220,0,0,1,1,1,0,0,7.7126000000000007e-05,0.010551253999999999,0,0.010551253999999999,PREFIX_ASTAR,0.0073096524830129203,0.0073096524830129203,125,64,61,64,1,64,64,264,1,1,228,536870912,0,0,0,0
random_linear,"RLC_n64_k48",0.75,64,48,0.002,221,0,36,1,1,1,0,0,7.4583000000000001e-05,0.0024501129999999999,0,0.0024501129999999999,PREFIX_ASTAR,0.030440636819607913,0.030440636819607913,121,60,61,60,1,60,64,76,1,1,57,536870912,0,0,0,0
random_linear,"RLC_n64_k48",0.75,64,48,0.002,222,1,47,1,1,1,0,0,0.0026412129999999999,0.96354174800000003,0,0.96354174800000003,PREFIX_ASTAR,0.0027411505578064477,0.0027411505578064477,8192,3960,4232,3960,1,3960,64,20876,1,1,18380,536870912,0,0,0,0
random_linear,"RLC_n64_k48",0.75,64,48,0.002,223,0,2,1,1,1,0,0,9.2862999999999995e-05,0.015486985999999999,0,0.015486985999999999,PREFIX_ASTAR,0.0059961957736644174,0.0059961957736644174,126,64,62,64,1,64,64,343,1,1,298,536870912,0,0,0,0
random_linear,"RLC_n64_k48",0.75,64,48,0.002,224,0,49,1,1,1,0,0,8.3818000000000003e-05,0.057576995999999998,0,0.057576995999999998,PREFIX_ASTAR,0.0014557550032655404,0.0014557550032655404,128,65,63,65,1,65,64,1205,1,1,1097,536870912,0,0,0,0
random_linear,"RLC_n64_k48",0.75,64,48,0.002,225,0,32,1,1,1,0,0,7.4813000000000004e-05,0.040316234999999999,0,0.040316234999999999,PREFIX_ASTAR,0.001855654428048651,0.001855654428048651,128,65,63,65,1,65,64,896,1,1,828,536870912,0,0,0,0
random_linear,"RLC_n64_k48",0.75,64,48,0.002,226,0,62,1,1,1,0,0,8.4430000000000003e-05,0.033991209000000001,0,0.033991209000000001,PREFIX_ASTAR,0.0024838775225676734,0.0024838775225676734,127,65,62,65,1,65,64,778,1,1,690,536870912,0,0,0,0
random_linear,"RLC_n64_k48",0.75,64,48,0.002,227,0,46,1,1,1,0,0,7.5561000000000004e-05,0.036545268999999998,0,0.036545268999999998,PREFIX_ASTAR,0.0020676000496808494,0.0020676000496808494,128,65,63,65,1,65,64,835,1,1,756,536870912,0,0,0,0
random_linear,"RLC_n64_k48",0.75,64,48,0.002,228,0,6,1,1,1,0,0,8.0457999999999994e-05,0.0040591999999999998,0,0.0040591999999999998,PREFIX_ASTAR,0.019821147024044146,0.019821147024044146,123,63,60,63,1,63,64,109,1,1,90,536870912,0,0,0,0
random_linear,"RLC_n64_k48",0.75,64,48,0.002,229,0,43,1,1,1,0,0,7.4155999999999999e-05,0.0067486819999999998,0,0.0067486819999999998,PREFIX_ASTAR,0.010988219625698766,0.010988219625698766,125,62,63,62,1,62,64,172,1,1,150,536870912,0,0,0,0
random_linear,"RLC_n64_k48",0.75,64,48,0.002,230,0,60,1,1,1,0,0,7.6211999999999995e-05,0.017086069999999998,0,0.017086069999999998,PREFIX_ASTAR,0.004460475697454125,0.004460475697454125,126,64,62,64,1,64,64,400,1,1,360,536870912,0,0,0,0
random_linear,"RLC_n64_k48",0.75,64,48,0.002,231,0,33,1,1,1,0,0,7.6631999999999994e-05,0.015197507000000001,0,0.015197507000000001,PREFIX_ASTAR,0.0050424059682946673,0.0050424059682946673,126,65,61,65,1,65,64,377,1,1,336,536870912,0,0,0,0
random_linear,"RLC_n64_k48",0.75,64,48,0.002,232,0,58,1,1,1,0,0,7.8955999999999994e-05,0.015758204000000001,0,0.015758204000000001,PREFIX_ASTAR,0.0050104694672057802,0.0050104694672057802,126,64,62,64,1,64,64,373,1,1,328,536870912,0,0,0,0
random_linear,"RLC_n64_k48",0.75,64,48,0.002,233,0,54,1,1,1,0,0,7.6247000000000004e-05,0.012991314,0,0.012991314,PREFIX_ASTAR,0.0058690752913831508,0.0058690752913831508,126,63,63,63,1,63,64,312,1,1,275,536870912,0,0,0,0
random_linear,"RLC_n64_k48",0.75,64,48,0.002,234,0,63,1,1,1,0,0,7.5244e-05,0.046893458999999998,0,0.046893458999999998,PREFIX_ASTAR,0.0016045734651393493,0.0016045734651393493,128,65,63,65,1,65,64,1029,1,1,946,536870912,0,0,0,0
random_linear,"RLC_n64_k48",0.75,64,48,0.002,235,0,63,1,1,1,0,0,7.4543999999999996e-05,0.025921748000000001,0,0.025921748000000001,PREFIX_ASTAR,0.0028757319915308178,0.0028757319915308178,127,65,62,65,1,65,64,600,1,1,546,536870912,0,0,0,0
random_linear,"RLC_n64_k48",0.75,64,48,0.002,236,0,31,1,1,1,0,0,7.4345999999999996e-05,0.018171515999999999,0,0.018171515999999999,PREFIX_ASTAR,0.0040913482397396013,0.0040913482397396013,127,64,63,64,1,64,64,412,1,1,374,536870912,0,0,0,0
random_linear,"RLC_n64_k48",0.75,64,48,0.002,237,0,42,1,1,1,0,0,7.7193000000000004e-05,0.0023582130000000001,0,0.0023582130000000001,PREFIX_ASTAR,0.032733684361845178,0.032733684361845178,117,62,55,62,1,62,64,69,1,1,51,536870912,0,0,0,0
random_linear,"RLC_n64_k48",0.75,64,48,0.002,238,0,46,1,1,1,0,0,8.2841000000000002e-05,0.025650167000000001,0,0.025650167000000001,PREFIX_ASTAR,0.0032296475886492279,0.0032296475886492279,127,65,62,65,1,65,64,565,1,1,509,536870912,0,0,0,0
random_linear,"RLC_n64_k48",0.75,64,48,0.002,239,0,56,1,1,1,0,0,7.3739000000000007e-05,0.0089623259999999996,0,0.0089623259999999996,PREFIX_ASTAR,0.0082276632204630815,0.0082276632204630815,126,65,61,65,1,65,64,216,1,1,183,536870912,0,0,0,0
random_linear,"RLC_n64_k48",0.75,64,48,0.002,240,0,42,1,1,1,0,0,7.2799000000000006e-05,0.032949553999999999,0,0.032949553999999999,PREFIX_ASTAR,0.0022094077510123509,0.0022094077510123509,128,65,63,65,1,65,64,767,1,1,688,536870912,0,0,0,0
random_linear,"RLC_n64_k48",0.75,64,48,0.002,241,0,5,1,1,1,0,0,7.6625999999999994e-05,0.051078112000000002,0,0.051078112000000002,PREFIX_ASTAR,0.0015001729116377676,0.0015001729116377676,128,65,63,65,1,65,64,1153,1,1,1049,536870912,0,0,0,0
random_linear,"RLC_n64_k48",0.75,64,48,0.002,242,0,51,1,1,1,0,0,7.1413000000000002e-05,0.00212517,0,0.00212517,PREFIX_ASTAR,0.033603429372709007,0.033603429372709007,119,60,59,60,1,60,64,66,1,1,49,536870912,0,0,0,0
random_linear,"RLC_n64_k48",0.75,64,48,0.002,243,1,34,1,1,1,0,0,0.0024889589999999998,0.34450619500000002,0,0.34450619500000002,PREFIX_ASTAR,0.0072247147834308169,0.0072247147834308169,8190,3988,4202,3988,1,3988,64,7328,1,1,6379,536870912,0,0,0,0
random_linear,"RLC_n64_k48",0.75,64,48,0.002,244,0,50,1,1,1,0,0,7.4532999999999999e-05,0.0088337369999999995,0,0.0088337369999999995,PREFIX_ASTAR,0.0084373125439437466,0.0084373125439437466,126,64,62,64,1,64,64,213,1,1,187,536870912,0,0,0,0
random_linear,"RLC_n64_k48",0.75,64,48,0.002,245,0,0,1,1,1,0,0,7.3150000000000003e-05,0.0096085479999999997,0,0.0096085479999999997,PREFIX_ASTAR,0.0076130129130853076,0.0076130129130853076,125,64,61,64,1,64,64,233,1,1,204,536870912,0,0,0,0
random_linear,"RLC_n64_k48",0.75,64,48,0.002,246,0,41,1,1,1,0,0,7.4882999999999994e-05,0.0073611070000000004,0,0.0073611070000000004,PREFIX_ASTAR,0.010172790587067949,0.010172790587067949,125,64,61,64,1,64,64,187,1,1,162,536870912,0,0,0,0
random_linear,"RLC_n64_k48",0.75,64,48,0.002,247,0,21,1,1,1,0,0,8.0772999999999994e-05,0.035180711000000003,0,0.035180711000000003,PREFIX_ASTAR,0.0022959456390747755,0.0022959456390747755,127,64,63,64,1,64,64,781,1,1,711,536870912,0,0,0,0
random_linear,"RLC_n64_k48",0.75,64,48,0.002,248,0,9,1,1,1,0,0,8.2825999999999996e-05,0.033648516000000003,0,0.033648516000000003,PREFIX_ASTAR,0.002461505285998348,0.002461505285998348,127,65,62,65,1,65,64,761,1,1,685,536870912,0,0,0,0
random_linear,"RLC_n64_k48",0.75,64,48,0.002,249,0,39,1,1,1,0,0,7.7318999999999996e-05,0.026785955,0,0.026785955,PREFIX_ASTAR,0.0028865500595367981,0.0028865500595367981,127,64,63,64,1,64,64,608,1,1,545,536870912,0,0,0,0
random_linear,"RLC_n64_k48",0.75,64,48,0.002,250,0,20,1,1,1,0,0,7.9194000000000001e-05,0.042876982000000001,0,0.042876982000000001,PREFIX_ASTAR,0.0018470049967602663,0.0018470049967602663,128,65,63,65,1,65,64,971,1,1,889,536870912,0,0,0,0
random_linear,"RLC_n64_k48",0.75,64,48,0.002,251,0,30,1,1,1,0,0,7.6526999999999994e-05,0.0059133550000000003,0,0.0059133550000000003,PREFIX_ASTAR,0.012941384374859956,0.012941384374859956,126,64,62,64,1,64,64,157,1,1,132,536870912,0,0,0,0
random_linear,"RLC_n64_k48",0.75,64,48,0.002,252,1,58,1,1,1,0,0,0.0024500379999999999,0.39841185299999998,0,0.39841185299999998,PREFIX_ASTAR,0.0061495108178922578,0.0061495108178922578,8190,3990,4200,3990,1,3990,64,8455,1,1,7409,536870912,0,0,0,0
random_linear,"RLC_n64_k48",0.75,64,48,0.002,253,0,48,1,1,1,0,0,8.4215000000000006e-05,0.039895238999999999,0,0.039895238999999999,PREFIX_ASTAR,0.0021109035090628235,0.0021109035090628235,128,65,63,65,1,65,64,873,1,1,789,536870912,0,0,0,0
random_linear,"RLC_n64_k48",0.75,64,48,0.002,254,0,19,1,1,1,0,0,8.2081000000000002e-05,0.023587601999999999,0,0.023587601999999999,PREFIX_ASTAR,0.0034798365683802873,0.0034798365683802873,127,65,62,65,1,65,64,515,1,1,457,536870912,0,0,0,0
random_linear,"RLC_n64_k48",0.75,64,48,0.002,255,0,25,1,1,1,0,0,8.1988000000000002e-05,0.013718348,0,0.013718348,PREFIX_ASTAR,0.0059765213712321633,0.0059765213712321633,126,64,62,64,1,64,64,313,1,1,276,536870912,0,0,0,0
random_linear,"RLC_n64_k48",0.75,64,48,0.002,256,0,38,1,1,1,0,0,7.9160999999999996e-05,0.0032612840000000001,0,0.0032612840000000001,PREFIX_ASTAR,0.024272955069230398,0.024272955069230398,124,64,60,64,1,64,64,90,1,1,71,536870912,0,0,0,0
random_linear,"RLC_n64_k48",0.75,64,48,0.002,257,0,32,1,1,1,0,0,8.4142999999999997e-05,0.051904270000000002,0,0.051904270000000002,PREFIX_ASTAR,0.0016211190331739565,0.0016211190331739565,128,65,63,65,1,65,64,1098,1,1,1002,536870912,0,0,0,0
random_linear,"RLC_n64_k48",0.75,64,48,0.002,258,0,30,1,1,1,0,0,8.1358000000000003e-05,0.006196165,0,0.006196165,PREFIX_ASTAR,0.013130379839787999,0.013130379839787999,125,63,62,63,1,63,64,156,1,1,124,536870912,0,0,0,0
random_linear,"RLC_n64_k48",0.75,64,48,0.002,259,0,24,1,1,1,0,0,8.0766000000000006e-05,0.040699643000000001,0,0.040699643000000001,PREFIX_ASTAR,0.0019844400109357225,0.0019844400109357225,128,65,63,65,1,65,64,890,1,1,781,536870912,0,0,0,0
random_linear,"RLC_n64_k48",0.75,64,48,0.002,260,0,32,1,1,1,0,0,7.7191e-05,0.041450869000000001,0,0.041450869000000001,PREFIX_ASTAR,0.0018622287508616526,0.0018622287508616526,128,65,63,65,1,65,64,930,1,1,853,536870912,0,0,0,0
random_linear,"RLC_n64_k48",0.75,64,48,0.002,261,0,48,1,1,1,0,0,7.4192999999999999e-05,0.012864621999999999,0,0.012864621999999999,PREFIX_ASTAR,0.0057672118154734747,0.0057672118154734747,127,65,62,65,1,65,64,318,1,1,284,536870912,0,0,0,0
random_linear,"RLC_n64_k48",0.75,64,48,0.002,262,0,2,1,1,1,0,0,7.4839000000000006e-05,0.017509976999999999,0,0.017509976999999999,PREFIX_ASTAR,0.0042740775730316502,0.0042740775730316502,127,65,62,65,1,65,64,427,1,1,380,536870912,0,0,0,0
random_linear,"RLC_n64_k48",0.75,64,48,0.002,263,0,5,1,1,1,0,0,7.6668999999999994e-05,0.048136418,0,0.048136418,PREFIX_ASTAR,0.0015927441879867337,0.0015927441879867337,128,65,63,65,1,65,64,1098,1,1,1009,536870912,0,0,0,0
random_linear,"RLC_n64_k48",0.75,64,48,0.002,264,0,38,1,1,1,0,0,7.9980000000000003e-05,0.057363299,0,0.057363299,PREFIX_ASTAR,0.0013942712743909656,0.0013942712743909656,128,65,63,65,1,65,64,1280,1,1,1177,536870912,0,0,0,0
random_linear,"RLC_n64_k48",0.75,64,48,0.002,265,0,48,1,1,1,0,0,7.5881000000000001e-05,0.003128006,0,0.003128006,PREFIX_ASTAR,0.024258585181741978,0.024258585181741978,122,64,58,64,1,64,64,88,1,1,70,536870912,0,0,0,0
random_linear,"RLC_n64_k48",0.75,64,48,0.002,266,0,28,1,1,1,0,0,7.9363999999999994e-05,0.040528445000000003,0,0.040528445000000003,PREFIX_ASTAR,0.0019582295841846383,0.0019582295841846383,128,65,63,65,1,65,64,939,1,1,855,536870912,0,0,0,0
random_linear,"RLC_n64_k48",0.75,64,48,0.002,267,0,8,1,1,1,0,0,7.3131000000000002e-05,0.008605026,0,0.008605026,PREFIX_ASTAR,0.0084986378890662267,0.0084986378890662267,125,65,60,65,1,65,64,207,1,1,184,536870912,0,0,0,0
random_linear,"RLC_n64_k48",0.75,64,48,0.002,268,1,21,1,1,1,0,0,0.002674587,1.633070327,0,1.633070327,PREFIX_ASTAR,0.0016377659649926392,0.0016377659649926392,8192,3992,4200,3992,1,3992,64,33726,1,1,29491,536870912,0,0,0,0
random_linear,"RLC_n64_k48",0.75,64,48,0.002,269,0,22,1,1,1,0,0,7.6070999999999997e-05,0.054725333000000001,0,0.054725333000000001,PREFIX_ASTAR,0.001390050929429703,0.001390050929429703,128,65,63,65,1,65,64,1137,1,1,1041,536870912,0,0,0,0
random_linear,"RLC_n64_k48",0.75,64,48,0.002,270,0,32,1,1,1,0,0,7.2829000000000004e-05,0.0098816749999999995,0,0.0098816749999999995,PREFIX_ASTAR,0.007370106788575824,0.007370106788575824,126,64,62,64,1,64,64,258,1,1,220,536870912,0,0,0,0
random_linear,"RLC_n64_k48",0.75,64,48,0.002,271,0,1,1,1,1,0,0,7.6667000000000003e-05,0.01160744,0,0.01160744,PREFIX_ASTAR,0.0066049878353883372,0.0066049878353883372,126,65,61,65,1,65,64,281,1,1,251,536870912,0,0,0,0
random_linear,"RLC_n64_k48",0.75,64,48,0.002,272,0,60,1,1,1,0,0,8.3851999999999996e-05,0.054119643000000002,0,0.054119643000000002,PREFIX_ASTAR,0.0015493819868693515,0.0015493819868693515,128,65,63,65,1,65,64,1230,1,1,1131,536870912,0,0,0,0
random_linear,"RLC_n64_k48",0.75,64,48,0.002,273,1,27,1,1,1,0,0,0.002538027,0.51884755500000002,0,0.51884755500000002,PREFIX_ASTAR,0.004891662253279771,0.004891662253279771,8190,3984,4206,3984,1,3984,64,11133,1,1,9653,536870912,0,0,0,0
random_linear,"RLC_n64_k48",0.75,64,48,0.002,274,0,39,1,1,1,0,0,0.00010169,0.034764670999999997,0,0.034764670999999997,PREFIX_ASTAR,0.0029250959976005529,0.0029250959976005529,128,65,63,65,1,65,64,759,1,1,669,536870912,0,0,0,0
random_linear,"RLC_n64_k48",0.75,64,48,0.002,275,1,20,1,1,1,0,0,0.0026445370000000002,0.54620885399999997,0,0.54620885399999997,PREFIX_ASTAR,0.0048416223586152272,0.0048416223586152272,8190,3953,4237,3953,1,3953,64,12147,1,1,10714,536870912,0,0,0,0
random_linear,"RLC_n64_k48",0.75,64,48,0.002,276,0,6,1,1,1,0,0,8.3702000000000006e-05,0.047191637000000002,0,0.047191637000000002,PREFIX_ASTAR,0.0017736617189185449,0.0017736617189185449,128,65,63,65,1,65,64,970,1,1,888,536870912,0,0,0,0
random_linear,"RLC_n64_k48",0.75,64,48,0.002,277,0,36,1,1,1,0,0,8.4874000000000001e-05,0.026752438,0,0.026752438,PREFIX_ASTAR,0.0031725706644007549,0.0031725706644007549,127,64,63,64,1,64,64,567,1,1,514,536870912,0,0,0,0
random_linear,"RLC_n64_k48",0.75,64,48,0.002,278,0,17,1,1,1,0,0,8.1823999999999995e-05,0.0097417440000000001,0,0.0097417440000000001,PREFIX_ASTAR,0.0083993174117488606,0.0083993174117488606,125,62,63,62,1,62,64,226,1,1,196,536870912,0,0,0,0
random_linear,"RLC_n64_k48",0.75,64,48,0.002,279,0,27,1,1,1,0,0,9.3925000000000006e-05,0.042145994999999999,0,0.042145994999999999,PREFIX_ASTAR,0.0022285628800553887,0.0022285628800553887,128,65,63,65,1,65,64,920,1,1,851,536870912,0,0,0,0
random_linear,"RLC_n64_k48",0.75,64,48,0.002,280,0,31,1,1,1,0,0,8.3535000000000006e-05,0.042327312999999998,0,0.042327312999999998,PREFIX_ASTAR,0.0019735483799786678,0.0019735483799786678,128,65,63,65,1,65,64,906,1,1,822,536870912,0,0,0,0
random_linear,"RLC_n64_k48",0.75,64,48,0.002,281,0,7,1,1,1,0,0,8.1676999999999997e-05,0.015228709,0,0.015228709,PREFIX_ASTAR,0.0053633568019455886,0.0053633568019455886,126,64,62,64,1,64,64,328,1,1,294,536870912,0,0,0,0
random_linear,"RLC_n64_k48",0.75,64,48,0.002,282,0,17,1,1,1,0,0,8.2596000000000007e-05,0.028090898,0,0.028090898,PREFIX_ASTAR,0.0029403118405114713,0.0029403118405114713,127,64,63,64,1,64,64,637,1,1,573,536870912,0,0,0,0
random_linear,"RLC_n64_k48",0.75,64,48,0.002,283,0,63,1,1,1,0,0,7.7965000000000003e-05,0.055579191999999999,0,0.055579191999999999,PREFIX_ASTAR,0.0014027731817331927,0.0014027731817331927,128,65,63,65,1,65,64,1232,1,1,1131,536870912,0,0,0,0
random_linear,"RLC_n64_k48",0.75,64,48,0.002,284,1,37,1,1,1,0,0,0.002630276,1.3011374849999999,0,1.3011374849999999,PREFIX_ASTAR,0.0020215204237237082,0.0020215204237237082,8192,3994,4198,3994,1,3994,64,27257,1,1,23790,536870912,0,0,0,0
random_linear,"RLC_n64_k48",0.75,64,48,0.002,285,0,22,1,1,1,0,0,7.9997e-05,0.0061886969999999999,0,0.0061886969999999999,PREFIX_ASTAR,0.012926307427880215,0.012926307427880215,124,62,62,62,1,62,64,158,1,1,130,536870912,0,0,0,0
random_linear,"RLC_n64_k48",0.75,64,48,0.002,286,0,58,1,1,1,0,0,8.2763999999999996e-05,0.019166741000000001,0,0.019166741000000001,PREFIX_ASTAR,0.0043181049923928117,0.0043181049923928117,127,65,62,65,1,65,64,442,1,1,398,536870912,0,0,0,0
random_linear,"RLC_n64_k48",0.75,64,48,0.002,287,0,5,1,1,1,0,0,7.9840999999999997e-05,0.012571975000000001,0,0.012571975000000001,PREFIX_ASTAR,0.0063507125968672376,0.0063507125968672376,126,65,61,65,1,65,64,318,1,1,284,536870912,0,0,0,0
random_linear,"RLC_n64_k48",0.75,64,48,0.002,288,1,24,1,1,1,0,0,0.0026502890000000001,0.683976362,0,0.683976362,PREFIX_ASTAR,0.0038748254285430996,0.0038748254285430996,8191,3985,4206,3985,1,3985,64,14980,1,1,13147,536870912,0,0,0,0
random_linear,"RLC_n64_k48",0.75,64,48,0.002,289,0,49,1,1,1,0,0,8.5418000000000001e-05,0.027634190999999999,0,0.027634190999999999,PREFIX_ASTAR,0.0030910258961443816,0.0030910258961443816,127,64,63,64,1,64,64,585,1,1,530,536870912,0,0,0,0
random_linear,"RLC_n64_k48",0.75,64,48,0.002,290,0,62,1,1,1,0,0,7.9948000000000001e-05,0.057202580000000003,0,0.057202580000000003,PREFIX_ASTAR,0.0013976292677707893,0.0013976292677707893,128,65,63,65,1,65,64,1198,1,1,1088,536870912,0,0,0,0
random_linear,"RLC_n64_k48",0.75,64,48,0.002,291,0,57,1,1,1,0,0,7.7096999999999997e-05,0.026755039000000001,0,0.026755039000000001,PREFIX_ASTAR,0.0028815880253435623,0.0028815880253435623,127,64,63,64,1,64,64,583,1,1,526,536870912,0,0,0,0
random_linear,"RLC_n64_k48",0.75,64,48,0.002,292,0,27,1,1,1,0,0,8.1730000000000005e-05,0.017996323000000002,0,0.017996323000000002,PREFIX_ASTAR,0.004541483279667741,0.004541483279667741,127,65,62,65,1,65,64,408,1,1,366,536870912,0,0,0,0
random_linear,"RLC_n64_k48",0.75,64,48,0.002,293,0,15,1,1,1,0,0,8.4427999999999999e-05,0.019191161000000002,0,0.019191161000000002,PREFIX_ASTAR,0.004399316956384243,0.004399316956384243,127,65,62,65,1,65,64,414,1,1,374,536870912,0,0,0,0
random_linear,"RLC_n64_k48",0.75,64,48,0.002,294,0,3,1,1,1,0,0,8.4009000000000002e-05,0.026310946000000002,0,0.026310946000000002,PREFIX_ASTAR,0.0031929296650907192,0.0031929296650907192,127,65,62,65,1,65,64,567,1,1,511,536870912,0,0,0,0
random_linear,"RLC_n64_k48",0.75,64,48,0.002,295,0,48,1,1,1,0,0,8.4085999999999994e-05,0.013482335999999999,0,0.013482335999999999,PREFIX_ASTAR,0.0062367530374558234,0.0062367530374558234,126,64,62,64,1,64,64,302,1,1,268,536870912,0,0,0,0
random_linear,"RLC_n64_k48",0.75,64,48,0.002,296,0,7,1,1,1,0,0,8.1520999999999994e-05,0.0090422450000000008,0,0.0090422450000000008,PREFIX_ASTAR,0.009015570801277779,0.009015570801277779,125,64,61,64,1,64,64,209,1,1,184,536870912,0,0,0,0
random_linear,"RLC_n64_k48",0.75,64,48,0.002,297,0,24,1,1,1,0,0,9.1614999999999996e-05,0.052518835999999999,0,0.052518835999999999,PREFIX_ASTAR,0.0017444217537494547,0.0017444217537494547,128,65,63,65,1,65,64,1119,1,1,1014,536870912,0,0,0,0
random_linear,"RLC_n64_k48",0.75,64,48,0.002,298,1,32,1,1,1,0,0,0.002435169,0.49297235099999998,0,0.49297235099999998,PREFIX_ASTAR,0.0049397679100262569,0.0049397679100262569,8191,3889,4302,3889,1,3889,64,10491,1,1,9385,536870912,0,0,0,0
random_linear,"RLC_n64_k48",0.75,64,48,0.002,299,0,47,1,1,1,0,0,8.8911000000000003e-05,0.0038346610000000001,0,0.0038346610000000001,PREFIX_ASTAR,0.023186143442666771,0.023186143442666771,123,64,59,64,1,64,64,104,1,1,82,536870912,0,0,0,0
random_linear,"RLC_n64_k48",0.75,64,48,0.002,300,0,1,1,1,1,0,0,7.9350000000000004e-05,0.055897785999999998,0,0.055897785999999998,PREFIX_ASTAR,0.0014195553290786867,0.0014195553290786867,128,65,63,65,1,65,64,1288,1,1,1142,536870912,0,0,0,0
random_linear,"RLC_n64_k48",0.75,64,48,0.002,301,0,36,1,1,1,0,0,8.1602999999999998e-05,0.017765425000000001,0,0.017765425000000001,PREFIX_ASTAR,0.0045933604177777901,0.0045933604177777901,127,65,62,65,1,65,64,419,1,1,372,536870912,0,0,0,0
random_linear,"RLC_n64_k48",0.75,64,48,0.002,302,0,51,1,1,1,0,0,8.1905999999999998e-05,0.025242783000000001,0,0.025242783000000001,PREFIX_ASTAR,0.0032447293945362518,0.0032447293945362518,127,65,62,65,1,65,64,573,1,1,522,536870912,0,0,0,0
random_linear,"RLC_n64_k48",0.75,64,48,0.002,303,0,54,1,1,1,0,0,7.8349999999999994e-05,0.024517760999999999,0,0.024517760999999999,PREFIX_ASTAR,0.0031956425384846517,0.0031956425384846517,127,65,62,65,1,65,64,571,1,1,504,536870912,0,0,0,0
random_linear,"RLC_n64_k48",0.75,64,48,0.002,304,0,15,1,1,1,0,0,7.7311999999999994e-05,0.048013832999999999,0,0.048013832999999999,PREFIX_ASTAR,0.0016102026263972718,0.0016102026263972718,128,65,63,65,1,65,64,1082,1,1,982,536870912,0,0,0,0
random_linear,"RLC_n64_k48",0.75,64,48,0.002,305,0,11,1,1,1,0,0,7.4525999999999998e-05,0.042959425000000002,0,0.042959425000000002,PREFIX_ASTAR,0.0017347997558160985,0.0017347997558160985,128,65,63,65,1,65,64,997,1,1,883,536870912,0,0,0,0
random_linear,"RLC_n64_k48",0.75,64,48,0.002,306,0,34,1,1,1,0,0,8.1545000000000006e-05,0.021507036,0,0.021507036,PREFIX_ASTAR,0.0037915498909287179,0.0037915498909287179,127,64,63,64,1,64,64,511,1,1,457,536870912,0,0,0,0
random_linear,"RLC_n64_k48",0.75,64,48,0.002,307,0,33,1,1,1,0,0,8.2960000000000005e-05,0.028598715,0,0.028598715,PREFIX_ASTAR,0.0029008296351776645,0.0029008296351776645,127,65,62,65,1,65,64,650,1,1,594,536870912,0,0,0,0
random_linear,"RLC_n64_k48",0.75,64,48,0.002,308,0,35,1,1,1,0,0,7.8897e-05,0.050226640000000003,0,0.050226640000000003,PREFIX_ASTAR,0.0015708197880646604,0.0015708197880646604,128,65,63,65,1,65,64,1169,1,1,1061,536870912,0,0,0,0
random_linear,"RLC_n64_k48",0.75,64,48,0.002,309,0,63,1,1,1,0,0,7.9331000000000003e-05,0.058619177000000001,0,0.058619177000000001,PREFIX_ASTAR,0.0013533284508583257,0.0013533284508583257,128,65,63,65,1,65,64,1278,1,1,1177,536870912,0,0,0,0
random_linear,"RLC_n64_k48",0.75,64,48,0.002,310,0,44,1,1,1,0,0,8.2226999999999997e-05,0.0073245489999999996,0,0.0073245489999999996,PREFIX_ASTAR,0.011226220208233981,0.011226220208233981,125,63,62,63,1,63,64,182,1,1,156,536870912,0,0,0,0
random_linear,"RLC_n64_k48",0.75,64,48,0.002,311,1,41,1,1,1,0,0,0.0025285049999999999,0.35350233800000003,0,0.35350233800000003,PREFIX_ASTAR,0.0071527249700962369,0.0071527249700962369,8189,3960,4229,3960,1,3960,64,7801,1,1,6878,536870912,0,0,0,0
random_linear,"RLC_n64_k48",0.75,64,48,0.002,312,0,58,1,1,1,0,0,7.7737999999999993e-05,0.021610470999999999,0,0.021610470999999999,PREFIX_ASTAR,0.0035972376539132348,0.0035972376539132348,127,65,62,65,1,65,64,500,1,1,449,536870912,0,0,0,0
random_linear,"RLC_n64_k48",0.75,64,48,0.002,313,0,41,1,1,1,0,0,7.5660000000000004e-05,0.0061199829999999998,0,0.0061199829999999998,PREFIX_ASTAR,0.012362779439093214,0.012362779439093214,125,63,62,63,1,63,64,158,1,1,126,536870912,0,0,0,0
random_linear,"RLC_n64_k48",0.75,64,48,0.002,314,0,52,1,1,1,0,0,7.4212e-05,0.017182889,0,0.017182889,PREFIX_ASTAR,0.0043189477625095521,0.0043189477625095521,127,65,62,65,1,65,64,418,1,1,372,536870912,0,0,0,0
random_linear,"RLC_n64_k48",0.75,64,48,0.002,315,1,51,1,1,1,0,0,0.0024526940000000001,0.99766943100000005,0,0.99766943100000005,PREFIX_ASTAR,0.0024584235256577686,0.0024584235256577686,8191,3990,4201,3990,1,3990,64,21023,1,1,18426,536870912,0,0,0,0
random_linear,"RLC_n64_k48",0.75,64,48,0.002,316,1,5,1,1,1,0,0,0.0027081240000000001,0.17495260500000001,0,0.17495260500000001,PREFIX_ASTAR,0.015479186491678704,0.015479186491678704,8188,3984,4204,3984,1,3984,64,3742,1,1,3389,536870912,0,0,0,0
random_linear,"RLC_n64_k48",0.75,64,48,0.002,317,0,14,1,1,1,0,0,7.6005000000000002e-05,0.056522889999999999,0,0.056522889999999999,PREFIX_ASTAR,0.0013446764664722557,0.0013446764664722557,128,65,63,65,1,65,64,1218,1,1,1113,536870912,0,0,0,0
random_linear,"RLC_n64_k48",0.75,64,48,0.002,318,0,52,1,1,1,0,0,7.4525999999999998e-05,0.0084409120000000001,0,0.0084409120000000001,PREFIX_ASTAR,0.0088291407373989918,0.0088291407373989918,126,65,61,65,1,65,64,204,1,1,180,536870912,0,0,0,0
random_linear,"RLC_n64_k48",0.75,64,48,0.002,319,1,23,1,1,1,0,0,0.0023899500000000001,0.71061165900000001,0,0.71061165900000001,PREFIX_ASTAR,0.0033632293668854653,0.0033632293668854653,8191,3966,4225,3966,1,3966,64,15251,1,1,13481,536870912,0,0,0,0
random_linear,"RLC_n64_k48",0.75,64,48,0.002,320,0,26,1,1,1,0,0,7.3683000000000006e-05,0.0054630570000000003,0,0.0054630570000000003,PREFIX_ASTAR,0.013487503425280023,0.013487503425280023,125,63,62,63,1,63,64,140,1,1,120,536870912,0,0,0,0
random_linear,"RLC_n64_k48",0.75,64,48,0.002,321,0,43,1,1,1,0,0,7.6880999999999998e-05,0.0023418029999999999,0,0.0023418029999999999,PREFIX_ASTAR,0.032829832398369972,0.032829832398369972,120,60,60,60,1,60,64,73,1,1,52,536870912,0,0,0,0
random_linear,"RLC_n64_k48",0.75,64,48,0.002,322,0,58,1,1,1,0,0,7.8233999999999997e-05,0.040758058,0,0.040758058,PREFIX_ASTAR,0.0019194731996308558,0.0019194731996308558,128,65,63,65,1,65,64,932,1,1,835,536870912,0,0,0,0
random_linear,"RLC_n64_k48",0.75,64,48,0.002,323,1,12,1,1,1,0,0,0.0025045100000000002,0.123550218,0,0.123550218,PREFIX_ASTAR,0.020271190456337358,0.020271190456337358,8183,3930,4253,3930,2,3930,64,3059,1,1,2802,536870912,0,0,0,0
random_linear,"RLC_n64_k48",0.75,64,48,0.002,324,1,10,1,1,1,0,0,0.0024892270000000001,0.74508486799999996,0,0.74508486799999996,PREFIX_ASTAR,0.0033408637148701296,0.0033408637148701296,8191,3953,4238,3953,1,3953,64,16252,1,1,14438,536870912,0,0,0,0
random_linear,"RLC_n64_k48",0.75,64,48,0.002,325,1,41,1,1,1,0,0,0.0024557619999999998,0.337458918,0,0.337458918,PREFIX_ASTAR,0.0072772176671294844,0.0072772176671294844,8189,3990,4199,3990,1,3990,64,7209,1,1,6412,536870912,0,0,0,0
random_linear,"RLC_n64_k48",0.75,64,48,0.002,326,1,25,1,1,1,0,0,0.0025032090000000002,1.6042845400000001,0,1.6042845400000001,PREFIX_ASTAR,0.0015603273219849142,0.0015603273219849142,8192,3970,4222,3970,1,3970,64,33721,1,1,29600,536870912,0,0,0,0
random_linear,"RLC_n64_k48",0.75,64,48,0.002,327,0,48,1,1,1,0,0,7.6641e-05,0.019290809999999999,0,0.019290809999999999,PREFIX_ASTAR,0.0039729280419018177,0.0039729280419018177,127,64,63,64,1,64,64,449,1,1,397,536870912,0,0,0,0
random_linear,"RLC_n64_k48",0.75,64,48,0.002,328,1,11,1,1,1,0,0,0.0025717869999999999,0.19118523400000001,0,0.19118523400000001,PREFIX_ASTAR,0.013451807685106057,0.013451807685106057,8188,3949,4239,3949,1,3949,64,4432,1,1,3977,536870912,0,0,0,0
random_linear,"RLC_n64_k48",0.75,64,48,0.002,329,0,56,1,1,1,0,0,8.3709999999999996e-05,0.0048990079999999998,0,0.0048990079999999998,PREFIX_ASTAR,0.017087132741975517,0.017087132741975517,124,62,62,62,1,62,64,125,1,1,104,536870912,0,0,0,0
random_linear,"RLC_n64_k48",0.75,64,48,0.002,330,0,43,1,1,1,0,0,8.2575000000000001e-05,0.027020354,0,0.027020354,PREFIX_ASTAR,0.0030560295398054369,0.0030560295398054369,127,64,63,64,1,64,64,575,1,1,514,536870912,0,0,0,0
random_linear,"RLC_n64_k48",0.75,64,48,0.002,331,0,1,1,1,1,0,0,8.2930999999999996e-05,0.030289150000000001,0,0.030289150000000001,PREFIX_ASTAR,0.0027379771304245908,0.0027379771304245908,127,65,62,65,1,65,64,644,1,1,585,536870912,0,0,0,0
random_linear,"RLC_n64_k48",0.75,64,48,0.002,332,0,53,1,1,1,0,0,8.2819999999999996e-05,0.011685866,0,0.011685866,PREFIX_ASTAR,0.0070871940513437346,0.0070871940513437346,126,63,63,63,1,63,64,260,1,1,224,536870912,0,0,0,0
random_linear,"RLC_n64_k48",0.75,64,48,0.002,333,0,2,1,1,1,0,0,8.3350000000000007e-05,0.015725995999999999,0,0.015725995999999999,PREFIX_ASTAR,0.005300141243836003,0.005300141243836003,126,65,61,65,1,65,64,352,1,1,318,536870912,0,0,0,0
random_linear,"RLC_n64_k48",0.75,64,48,0.002,334,0,59,1,1,1,0,0,8.5687999999999997e-05,0.035786381999999999,0,0.035786381999999999,PREFIX_ASTAR,0.0023944303729837792,0.0023944303729837792,128,65,63,65,1,65,64,794,1,1,713,536870912,0,0,0,0
random_linear,"RLC_n64_k48",0.75,64,48,0.002,335,0,29,1,1,1,0,0,8.195e-05,0.013294065000000001,0,0.013294065000000001,PREFIX_ASTAR,0.0061644049431080709,0.0061644049431080709,126,65,61,65,1,65,64,296,1,1,263,536870912,0,0,0,0
random_linear,"RLC_n64_k48",0.75,64,48,0.002,336,0,58,1,1,1,0,0,8.1718999999999995e-05,0.0024814500000000001,0,0.0024814500000000001,PREFIX_ASTAR,0.032931955106893146,0.032931955106893146,124,62,62,62,1,62,64,70,1,1,52,536870912,0,0,0,0
random_linear,"RLC_n64_k48",0.75,64,48,0.002,337,0,22,1,1,1,0,0,8.3724e-05,0.040460131000000003,0,0.040460131000000003,PREFIX_ASTAR,0.0020692963154271544,0.0020692963154271544,128,65,63,65,1,65,64,865,1,1,768,536870912,0,0,0,0
random_linear,"RLC_n64_k48",0.75,64,48,0.002,338,0,17,1,1,1,0,0,8.2807999999999997e-05,0.042429293999999999,0,0.042429293999999999,PREFIX_ASTAR,0.0019516704661642495,0.0019516704661642495,128,65,63,65,1,65,64,895,1,1,766,536870912,0,0,0,0
random_linear,"RLC_n64_k48",0.75,64,48,0.002,339,0,41,1,1,1,0,0,8.2678999999999999e-05,0.016311435999999999,0,0.016311435999999999,PREFIX_ASTAR,0.005068775060638438,0.005068775060638438,127,64,63,64,1,64,64,374,1,1,336,536870912,0,0,0,0
random_linear,"RLC_n64_k48",0.75,64,48,0.002,340,0,37,1,1,1,0,0,7.6829000000000006e-05,0.056266653999999999,0,0.056266653999999999,PREFIX_ASTAR,0.0013654446201830307,0.0013654446201830307,128,65,63,65,1,65,64,1244,1,1,1149,536870912,0,0,0,0
random_linear,"RLC_n64_k48",0.75,64,48,0.002,341,0,46,1,1,1,0,0,7.4454000000000002e-05,0.0020475319999999999,0,0.0020475319999999999,PREFIX_ASTAR,0.036362801655847141,0.036362801655847141,120,61,59,61,1,61,64,66,1,1,49,536870912,0,0,0,0
random_linear,"RLC_n64_k48",0.75,64,48,0.002,342,0,43,1,1,1,0,0,8.2446000000000003e-05,0.014577278000000001,0,0.014577278000000001,PREFIX_ASTAR,0.0056557884126240852,0.0056557884126240852,127,64,63,64,1,64,64,376,1,1,326,536870912,0,0,0,0
random_linear,"RLC_n64_k48",0.75,64,48,0.002,343,0,30,1,1,1,0,0,7.5964999999999995e-05,0.028284621999999999,0,0.028284621999999999,PREFIX_ASTAR,0.0026857350259091319,0.0026857350259091319,127,65,62,65,1,65,64,648,1,1,588,536870912,0,0,0,0
random_linear,"RLC_n64_k48",0.75,64,48,0.002,344,1,51,1,1,1,0,0,0.0023909869999999998,0.108708428,0,0.108708428,PREFIX_ASTAR,0.021994495219818649,0.021994495219818649,8186,3980,4206,3980,1,3980,64,2572,1,1,2356,536870912,0,0,0,0
random_linear,"RLC_n64_k48",0.75,64,48,0.002,345,0,25,1,1,1,0,0,8.3906000000000006e-05,0.036552318,0,0.036552318,PREFIX_ASTAR,0.002295504213987195,0.002295504213987195,128,65,63,65,1,65,64,846,1,1,694,536870912,0,0,0,0
random_linear,"RLC_n64_k48",0.75,64,48,0.002,346,0,38,1,1,1,0,0,6.9538999999999999e-05,0.0024498269999999999,0,0.0024498269999999999,PREFIX_ASTAR,0.028385269653734734,0.028385269653734734,119,62,57,62,1,62,64,74,1,1,56,536870912,0,0,0,0
random_linear,"RLC_n64_k48",0.75,64,48,0.002,347,0,62,1,1,1,0,0,7.6062999999999993e-05,0.055387499,0,0.055387499,PREFIX_ASTAR,0.0013732882215894962,0.0013732882215894962,128,65,63,65,1,65,64,1241,1,1,1114,536870912,0,0,0,0
random_linear,"RLC_n64_k48",0.75,64,48,0.002,348,0,1,1,1,1,0,0,7.5865000000000006e-05,0.012037025999999999,0,0.012037025999999999,PREFIX_ASTAR,0.0063026365482636666,0.0063026365482636666,126,63,63,63,1,63,64,292,1,1,257,536870912,0,0,0,0
random_linear,"RLC_n64_k48",0.75,64,48,0.002,349,0,16,1,1,1,0,0,7.5611999999999994e-05,0.0058837179999999996,0,0.0058837179999999996,PREFIX_ASTAR,0.012851057783530753,0.012851057783530753,124,64,60,64,1,64,64,150,1,1,130,536870912,0,0,0,0
random_linear,"RLC_n64_k48",0.75,64,48,0.002,350,0,14,1,1,1,0,0,7.4177999999999994e-05,0.021339783000000001,0,0.021339783000000001,PREFIX_ASTAR,0.0034760428444844068,0.0034760428444844068,127,65,62,65,1,65,64,510,1,1,456,536870912,0,0,0,0
random_linear,"RLC_n64_k48",0.75,64,48,0.002,351,0,32,1,1,1,0,0,7.7062000000000002e-05,0.019532372999999999,0,0.019532372999999999,PREFIX_ASTAR,0.0039453475519845953,0.0039453475519845953,127,65,62,65,1,65,64,455,1,1,406,536870912,0,0,0,0
random_linear,"RLC_n64_k48",0.75,64,48,0.002,352,0,8,1,1,1,0,0,7.5431000000000003e-05,0.0093092369999999997,0,0.0093092369999999997,PREFIX_ASTAR,0.0081028122927797423,0.0081028122927797423,125,64,61,64,1,64,64,235,1,1,202,536870912,0,0,0,0
random_linear,"RLC_n64_k48",0.75,64,48,0.002,353,0,31,1,1,1,0,0,8.3344999999999996e-05,0.024114512000000001,0,0.024114512000000001,PREFIX_ASTAR,0.0034562175672474731,0.0034562175672474731,127,65,62,65,1,65,64,556,1,1,499,536870912,0,0,0,0
random_linear,"RLC_n64_k48",0.75,64,48,0.002,354,0,0,1,1,1,0,0,8.0288000000000001e-05,0.036724627000000003,0,0.036724627000000003,PREFIX_ASTAR,0.0021862168947284336,0.0021862168947284336,127,65,62,65,1,65,64,802,1,1,736,536870912,0,0,0,0
random_linear,"RLC_n64_k48",0.75,64,48,0.002,355,0,44,1,1,1,0,0,7.5439999999999996e-05,0.033006173,0,0.033006173,PREFIX_ASTAR,0.0022856330541562633,0.0022856330541562633,127,65,62,65,1,65,64,733,1,1,653,536870912,0,0,0,0
random_linear,"RLC_n64_k48",0.75,64,48,0.002,356,0,28,1,1,1,0,0,8.3855000000000003e-05,0.051465880999999998,0,0.051465880999999998,PREFIX_ASTAR,0.0016293318674560338,0.0016293318674560338,128,65,63,65,1,65,64,1114,1,1,1008,536870912,0,0,0,0
random_linear,"RLC_n64_k48",0.75,64,48,0.002,357,0,52,1,1,1,0,0,8.4449000000000004e-05,0.061570919000000002,0,0.061570919000000002,PREFIX_ASTAR,0.0013715728361956073,0.0013715728361956073,128,65,63,65,1,65,64,1277,1,1,1177,536870912,0,0,0,0
random_linear,"RLC_n64_k48",0.75,64,48,0.002,358,0,44,1,1,1,0,0,8.5661000000000005e-05,0.048872818999999998,0,0.048872818999999998,PREFIX_ASTAR,0.0017527329454844831,0.0017527329454844831,128,65,63,65,1,65,64,1010,1,1,909,536870912,0,0,0,0
random_linear,"RLC_n64_k48",0.75,64,48,0.002,359,0,5,1,1,1,0,0,8.4017999999999994e-05,0.035299373000000002,0,0.035299373000000002,PREFIX_ASTAR,0.002380155590865594,0.002380155590865594,128,65,63,65,1,65,64,815,1,1,683,536870912,0,0,0,0
random_linear,"RLC_n64_k48",0.75,64,48,0.002,360,0,41,1,1,1,0,0,7.9950999999999994e-05,0.017417222,0,0.017417222,PREFIX_ASTAR,0.0045903416744645037,0.0045903416744645037,127,64,63,64,1,64,64,408,1,1,355,536870912,0,0,0,0
random_linear,"RLC_n64_k48",0.75,64,48,0.002,361,0,37,1,1,1,0,0,8.2917000000000006e-05,0.002519608,0,0.002519608,PREFIX_ASTAR,0.03290869055821382,0.03290869055821382,124,63,61,63,1,63,64,76,1,1,56,536870912,0,0,0,0
random_linear,"RLC_n64_k48",0.75,64,48,0.002,362,0,23,1,1,1,0,0,7.5394000000000004e-05,0.012366877,0,0.012366877,PREFIX_ASTAR,0.0060964461763467048,0.0060964461763467048,126,65,61,65,1,65,64,290,1,1,254,536870912,0,0,0,0
random_linear,"RLC_n64_k48",0.75,64,48,0.002,363,0,56,1,1,1,0,0,7.1433000000000005e-05,0.0038724300000000001,0,0.0038724300000000001,PREFIX_ASTAR,0.018446556813163827,0.018446556813163827,122,63,59,63,1,63,64,108,1,1,86,536870912,0,0,0,0
random_linear,"RLC_n64_k48",0.75,64,48,0.002,364,0,10,1,1,1,0,0,7.7310000000000004e-05,0.013993312000000001,0,0.013993312000000001,PREFIX_ASTAR,0.0055247821244891844,0.0055247821244891844,126,64,62,64,1,64,64,337,1,1,296,536870912,0,0,0,0
random_linear,"RLC_n64_k48",0.75,64,48,0.002,365,1,17,1,1,1,0,0,0.0024406440000000001,1.633070746,0,1.633070746,PREFIX_ASTAR,0.001494512106090963,0.001494512106090963,8192,3981,4211,3981,1,3981,64,34400,1,1,30245,536870912,0,0,0,0
random_linear,"RLC_n64_k48",0.75,64,48,0.002,366,0,55,1,1,1,0,0,7.8387999999999996e-05,0.016793625,0,0.016793625,PREFIX_ASTAR,0.0046677236153599951,0.0046677236153599951,126,64,62,64,1,64,64,400,1,1,353,536870912,0,0,0,0
random_linear,"RLC_n64_k48",0.75,64,48,0.002,367,0,17,1,1,1,0,0,7.4334999999999999e-05,0.022536955000000001,0,0.022536955000000001,PREFIX_ASTAR,0.0032983604040563597,0.0032983604040563597,127,65,62,65,1,65,64,514,1,1,455,536870912,0,0,0,0
random_linear,"RLC_n64_k48",0.75,64,48,0.002,368,0,2,1,1,1,0,0,7.6066e-05,0.0097810210000000009,0,0.0097810210000000009,PREFIX_ASTAR,0.0077768977287749402,0.0077768977287749402,125,64,61,64,1,64,64,227,1,1,201,536870912,0,0,0,0
random_linear,"RLC_n64_k48",0.75,64,48,0.002,369,0,13,1,1,1,0,0,8.1667000000000003e-05,0.01497189,0,0.01497189,PREFIX_ASTAR,0.005454688753390521,0.005454688753390521,126,65,61,65,1,65,64,353,1,1,313,536870912,0,0,0,0
random_linear,"RLC_n64_k48",0.75,64,48,0.002,370,0,11,1,1,1,0,0,8.2169000000000006e-05,0.0036779989999999999,0,0.0036779989999999999,PREFIX_ASTAR,0.022340680353637943,0.022340680353637943,121,61,60,61,1,61,64,100,1,1,81,536870912,0,0,0,0
random_linear,"RLC_n64_k48",0.75,64,48,0.002,371,0,9,1,1,1,0,0,7.5193999999999999e-05,0.0041741510000000001,0,0.0041741510000000001,PREFIX_ASTAR,0.018014202169495064,0.018014202169495064,124,63,61,63,1,63,64,111,1,1,91,536870912,0,0,0,0
random_linear,"RLC_n64_k48",0.75,64,48,0.002,372,0,9,1,1,1,0,0,8.4964999999999997e-05,0.047423396999999999,0,0.047423396999999999,PREFIX_ASTAR,0.0017916261882294092,0.0017916261882294092,128,65,63,65,1,65,64,1060,1,1,959,536870912,0,0,0,0
random_linear,"RLC_n64_k48",0.75,64,48,0.002,373,0,54,1,1,1,0,0,8.3642999999999999e-05,0.0097609670000000006,0,0.0097609670000000006,PREFIX_ASTAR,0.008569130497009159,0.008569130497009159,126,64,62,64,1,64,64,234,1,1,204,536870912,0,0,0,0
random_linear,"RLC_n64_k48",0.75,64,48,0.002,374,0,45,1,1,1,0,0,7.9394999999999995e-05,0.0065687669999999997,0,0.0065687669999999997,PREFIX_ASTAR,0.012086743219846282,0.012086743219846282,125,62,63,62,1,62,64,170,1,1,136,536870912,0,0,0,0
random_linear,"RLC_n64_k48",0.75,64,48,0.002,375,0,4,1,1,1,0,0,8.2788999999999996e-05,0.013134542000000001,0,0.013134542000000001,PREFIX_ASTAR,0.0063031508826116656,0.0063031508826116656,126,64,62,64,1,64,64,317,1,1,273,536870912,0,0,0,0
random_linear,"RLC_n64_k48",0.75,64,48,0.002,376,0,54,1,1,1,0,0,8.3162000000000001e-05,0.058156670000000001,0,0.058156670000000001,PREFIX_ASTAR,0.0014299649550086001,0.0014299649550086001,128,65,63,65,1,65,64,1247,1,1,1131,536870912,0,0,0,0
random_linear,"RLC_n64_k48",0.75,64,48,0.002,377,0,29,1,1,1,0,0,8.2461999999999998e-05,0.035643346999999999,0,0.035643346999999999,PREFIX_ASTAR,0.0023135313302648035,0.0023135313302648035,128,65,63,65,1,65,64,785,1,1,711,536870912,0,0,0,0
random_linear,"RLC_n64_k48",0.75,64,48,0.002,378,0,36,1,1,1,0,0,7.6631000000000005e-05,0.0025826640000000001,0,0.0025826640000000001,PREFIX_ASTAR,0.02967130064150815,0.02967130064150815,120,61,59,61,1,61,64,76,1,1,58,536870912,0,0,0,0
random_linear,"RLC_n64_k48",0.75,64,48,0.002,379,0,49,1,1,1,0,0,8.1537000000000002e-05,0.015585158,0,0.015585158,PREFIX_ASTAR,0.0052317082701375242,0.0052317082701375242,127,64,63,64,1,64,64,350,1,1,302,536870912,0,0,0,0
random_linear,"RLC_n64_k48",0.75,64,48,0.002,380,0,39,1,1,1,0,0,8.4196999999999994e-05,0.019737626000000001,0,0.019737626000000001,PREFIX_ASTAR,0.0042658119066598986,0.0042658119066598986,127,64,63,64,1,64,64,439,1,1,394,536870912,0,0,0,0
random_linear,"RLC_n64_k48",0.75,64,48,0.002,381,0,17,1,1,1,0,0,8.2688999999999994e-05,0.027556481000000001,0,0.027556481000000001,PREFIX_ASTAR,0.0030007097060034621,0.0030007097060034621,127,65,62,65,1,65,64,603,1,1,527,536870912,0,0,0,0
random_linear,"RLC_n64_k48",0.75,64,48,0.002,382,0,58,1,1,1,0,0,8.4400999999999994e-05,0.018469900000000001,0,0.018469900000000001,PREFIX_ASTAR,0.004569651162161137,0.004569651162161137,127,65,62,65,1,65,64,408,1,1,360,536870912,0,0,0,0
random_linear,"RLC_n64_k48",0.75,64,48,0.002,383,0,61,1,1,1,0,0,7.8739000000000006e-05,0.017824560999999999,0,0.017824560999999999,PREFIX_ASTAR,0.0044174439976389888,0.0044174439976389888,126,64,62,64,1,64,64,396,1,1,340,536870912,0,0,0,0
random_linear,"RLC_n64_k48",0.75,64,48,0.002,384,0,27,1,1,1,0,0,7.6212999999999997e-05,0.027141288,0,0.027141288,PREFIX_ASTAR,0.0028080097009397639,0.0028080097009397639,127,64,63,64,1,64,64,592,1,1,535,536870912,0,0,0,0
random_linear,"RLC_n64_k48",0.75,64,48,0.002,385,0,20,1,1,1,0,0,8.1555000000000001e-05,0.013446006999999999,0,0.013446006999999999,PREFIX_ASTAR,0.0060653694438802539,0.0060653694438802539,126,63,63,63,1,63,64,317,1,1,274,536870912,0,0,0,0
random_linear,"RLC_n64_k48",0.75,64,48,0.002,386,1,33,1,1,1,0,0,0.002659401,0.114007415,0,0.114007415,PREFIX_ASTAR,0.023326561697763256,0.023326561697763256,8185,3948,4237,3948,1,3948,64,2777,1,1,2505,536870912,0,0,0,0
random_linear,"RLC_n64_k48",0.75,64,48,0.002,387,0,3,1,1,1,0,0,8.5321999999999994e-05,0.023259645999999998,0,0.023259645999999998,PREFIX_ASTAR,0.0036682415544931337,0.0036682415544931337,127,64,63,64,1,64,64,524,1,1,478,536870912,0,0,0,0
random_linear,"RLC_n64_k48",0.75,64,48,0.002,388,0,18,1,1,1,0,0,7.7576000000000004e-05,0.045288229999999999,0,0.045288229999999999,PREFIX_ASTAR,0.0017129395430115068,0.0017129395430115068,128,65,63,65,1,65,64,999,1,1,929,536870912,0,0,0,0
random_linear,"RLC_n64_k48",0.75,64,48,0.002,389,0,20,1,1,1,0,0,8.0613999999999998e-05,0.019829933000000001,0,0.019829933000000001,PREFIX_ASTAR,0.0040652684000495615,0.0040652684000495615,127,64,63,64,1,64,64,464,1,1,412,536870912,0,0,0,0
random_linear,"RLC_n64_k48",0.75,64,48,0.002,390,0,4,1,1,1,0,0,7.7324999999999996e-05,0.034863711999999998,0,0.034863711999999998,PREFIX_ASTAR,0.0022179221765026053,0.0022179221765026053,128,65,63,65,1,65,64,824,1,1,669,536870912,0,0,0,0
random_linear,"RLC_n64_k48",0.75,64,48,0.002,391,0,43,1,1,1,0,0,7.4292e-05,0.031762266999999997,0,0.031762266999999997,PREFIX_ASTAR,0.0023390018099148906,0.0023390018099148906,128,65,63,65,1,65,64,780,1,1,701,536870912,0,0,0,0
random_linear,"RLC_n64_k48",0.75,64,48,0.002,392,0,40,1,1,1,0,0,7.6106999999999995e-05,0.016007408000000001,0,0.016007408000000001,PREFIX_ASTAR,0.0047544861729019458,0.0047544861729019458,127,65,62,65,1,65,64,391,1,1,343,536870912,0,0,0,0
random_linear,"RLC_n64_k48",0.75,64,48,0.002,393,1,49,1,1,1,0,0,0.0025094560000000002,0.63221793900000001,0,0.63221793900000001,PREFIX_ASTAR,0.0039692894573179777,0.0039692894573179777,8191,3962,4229,3962,1,3962,64,13807,1,1,12146,536870912,0,0,0,0
random_linear,"RLC_n64_k48",0.75,64,48,0.002,394,0,12,1,1,1,0,0,7.6629000000000001e-05,0.052681269000000003,0,0.052681269000000003,PREFIX_ASTAR,0.0014545777171768583,0.0014545777171768583,128,65,63,65,1,65,64,1192,1,1,1088,536870912,0,0,0,0
random_linear,"RLC_n64_k48",0.75,64,48,0.002,395,1,35,1,1,1,0,0,0.0024580679999999999,0.14567070900000001,0,0.14567070900000001,PREFIX_ASTAR,0.016874140428601879,0.016874140428601879,8188,3974,4214,3974,1,3974,64,3487,1,1,3076,536870912,0,0,0,0
random_linear,"RLC_n64_k48",0.75,64,48,0.002,396,0,55,1,1,1,0,0,8.4826000000000004e-05,0.030356511999999999,0,0.030356511999999999,PREFIX_ASTAR,0.002794326304682172,0.002794326304682172,128,65,63,65,1,65,64,648,1,1,585,536870912,0,0,0,0
random_linear,"RLC_n64_k48",0.75,64,48,0.002,397,0,27,1,1,1,0,0,8.4519999999999997e-05,0.053746778000000002,0,0.053746778000000002,PREFIX_ASTAR,0.0015725593820712378,0.0015725593820712378,128,65,63,65,1,65,64,1124,1,1,1016,536870912,0,0,0,0
random_linear,"RLC_n64_k48",0.75,64,48,0.002,398,1,23,1,1,1,0,0,0.0026229999999999999,1.317881863,0,1.317881863,PREFIX_ASTAR,0.0019903149695292529,0.0019903149695292529,8192,3969,4223,3969,1,3969,64,27900,1,1,24253,536870912,0,0,0,0
random_linear,"RLC_n64_k48",0.75,64,48,0.002,399,0,10,1,1,1,0,0,8.3349000000000004e-05,0.040627686000000003,0,0.040627686000000003,PREFIX_ASTAR,0.0020515320513208651,0.0020515320513208651,128,65,63,65,1,65,64,890,1,1,748,536870912,0,0,0,0
random_linear,"RLC_n64_k48",0.75,64,48,0.002,400,0,22,1,1,1,0,0,8.2458000000000002e-05,0.0034518439999999999,0,0.0034518439999999999,PREFIX_ASTAR,0.023888101548042148,0.023888101548042148,123,63,60,63,1,63,64,90,1,1,70,536870912,0,0,0,0
random_linear,"RLC_n64_k48",0.75,64,48,0.002,401,0,61,1,1,1,0,0,8.2233999999999999e-05,0.0097874469999999995,0,0.0097874469999999995,PREFIX_ASTAR,0.0084019867489448473,0.0084019867489448473,125,62,63,62,1,62,64,224,1,1,192,536870912,0,0,0,0
random_linear,"RLC_n64_k48",0.75,64,48,0.002,402,1,15,1,1,1,0,0,0.002636696,0.63072637600000003,0,0.63072637600000003,PREFIX_ASTAR,0.0041804118240966028,0.0041804118240966028,8191,3971,4220,3971,1,3971,64,13702,1,1,11928,536870912,0,0,0,0
random_linear,"RLC_n64_k48",0.75,64,48,0.002,403,0,13,1,1,1,0,0,8.4009000000000002e-05,0.050383873000000003,0,0.050383873000000003,PREFIX_ASTAR,0.0016673787662175156,0.0016673787662175156,128,65,63,65,1,65,64,1062,1,1,948,536870912,0,0,0,0
random_linear,"RLC_n64_k48",0.75,64,48,0.002,404,0,35,1,1,1,0,0,8.0332000000000003e-05,0.0028357489999999998,0,0.0028357489999999998,PREFIX_ASTAR,0.028328318197414513,0.028328318197414513,123,63,60,63,1,63,64,79,1,1,61,536870912,0,0,0,0
random_linear,"RLC_n64_k48",0.75,64,48,0.002,405,0,28,1,1,1,0,0,8.1175999999999997e-05,0.0077718400000000003,0,0.0077718400000000003,PREFIX_ASTAR,0.01044488821180055,0.01044488821180055,125,64,61,64,1,64,64,189,1,1,155,536870912,0,0,0,0
random_linear,"RLC_n64_k48",0.75,64,48,0.002,406,0,15,1,1,1,0,0,7.7317999999999994e-05,0.011113560999999999,0,0.011113560999999999,PREFIX_ASTAR,0.0069570860321007824,0.0069570860321007824,126,65,61,65,1,65,64,248,1,1,220,536870912,0,0,0,0
random_linear,"RLC_n64_k48",0.75,64,48,0.002,407,0,34,1,1,1,0,0,8.2095000000000006e-05,0.0045109089999999996,0,0.0045109089999999996,PREFIX_ASTAR,0.018199214393373932,0.018199214393373932,124,62,62,62,1,62,64,113,1,1,90,536870912,0,0,0,0
random_linear,"RLC_n64_k48",0.75,64,48,0.002,408,0,50,1,1,1,0,0,8.2421000000000003e-05,0.036034760999999998,0,0.036034760999999998,PREFIX_ASTAR,0.0022872636785352899,0.0022872636785352899,128,65,63,65,1,65,64,786,1,1,713,536870912,0,0,0,0
random_linear,"RLC_n64_k48",0.75,64,48,0.002,409,0,45,1,1,1,0,0,8.1093000000000004e-05,0.01443729,0,0.01443729,PREFIX_ASTAR,0.005616912869381996,0.005616912869381996,126,64,62,64,1,64,64,342,1,1,297,536870912,0,0,0,0
random_linear,"RLC_n64_k48",0.75,64,48,0.002,410,0,11,1,1,1,0,0,8.4240999999999995e-05,0.025350199,0,0.025350199,PREFIX_ASTAR,0.0033230902842222264,0.0033230902842222264,127,65,62,65,1,65,64,577,1,1,525,536870912,0,0,0,0
random_linear,"RLC_n64_k48",0.75,64,48,0.002,411,0,62,1,1,1,0,0,7.8631e-05,0.033229284999999997,0,0.033229284999999997,PREFIX_ASTAR,0.0023663163381336676,0.0023663163381336676,127,65,62,65,1,65,64,747,1,1,672,536870912,0,0,0,0
random_linear,"RLC_n64_k48",0.75,64,48,0.002,412,0,18,1,1,1,0,0,7.7009999999999996e-05,0.032120665999999999,0,0.032120665999999999,PREFIX_ASTAR,0.002397521894471304,0.002397521894471304,127,65,62,65,1,65,64,722,1,1,653,536870912,0,0,0,0
random_linear,"RLC_n64_k48",0.75,64,48,0.002,413,0,31,1,1,1,0,0,7.3504999999999995e-05,0.035830055,0,0.035830055,PREFIX_ASTAR,0.0020514900130630554,0.0020514900130630554,128,65,63,65,1,65,64,866,1,1,770,536870912,0,0,0,0
random_linear,"RLC_n64_k48",0.75,64,48,0.002,414,0,46,1,1,1,0,0,7.8225000000000004e-05,0.024475797000000001,0,0.024475797000000001,PREFIX_ASTAR,0.0031960144137492233,0.0031960144137492233,127,65,62,65,1,65,64,573,1,1,505,536870912,0,0,0,0
random_linear,"RLC_n64_k48",0.75,64,48,0.002,415,0,40,1,1,1,0,0,8.0572e-05,0.038163806000000002,0,0.038163806000000002,PREFIX_ASTAR,0.0021112150082724978,0.0021112150082724978,128,65,63,65,1,65,64,888,1,1,803,536870912,0,0,0,0
random_linear,"RLC_n64_k48",0.75,64,48,0.002,416,0,26,1,1,1,0,0,7.7175000000000006e-05,0.0040505139999999999,0,0.0040505139999999999,PREFIX_ASTAR,0.019053137453666377,0.019053137453666377,125,63,62,63,1,63,64,110,1,1,88,536870912,0,0,0,0
random_linear,"RLC_n64_k48",0.75,64,48,0.002,417,0,31,1,1,1,0,0,8.2825999999999996e-05,0.014310945,0,0.014310945,PREFIX_ASTAR,0.0057875982333801153,0.0057875982333801153,126,63,63,63,1,63,64,343,1,1,300,536870912,0,0,0,0
random_linear,"RLC_n64_k48",0.75,64,48,0.002,418,0,58,1,1,1,0,0,8.1166000000000002e-05,0.006863002,0,0.006863002,PREFIX_ASTAR,0.011826602993850212,0.011826602993850212,126,63,63,63,1,63,64,172,1,1,148,536870912,0,0,0,0
random_linear,"RLC_n64_k48",0.75,64,48,0.002,419,0,49,1,1,1,0,0,7.6923999999999997e-05,0.0092660829999999996,0,0.0092660829999999996,PREFIX_ASTAR,0.0083016739651479484,0.0083016739651479484,125,63,62,63,1,63,64,221,1,1,195,536870912,0,0,0,0
random_linear,"RLC_n64_k48",0.75,64,48,0.002,420,0,4,1,1,1,0,0,8.3286000000000002e-05,0.0050166059999999998,0,0.0050166059999999998,PREFIX_ASTAR,0.016602061234228881,0.016602061234228881,125,64,61,64,1,64,64,131,1,1,107,536870912,0,0,0,0
random_linear,"RLC_n64_k48",0.75,64,48,0.002,421,1,28,1,1,1,0,0,0.0026253240000000001,0.42857503600000002,0,0.42857503600000002,PREFIX_ASTAR,0.0061257044379038443,0.0061257044379038443,8190,3965,4225,3965,1,3965,64,9482,1,1,8401,536870912,0,0,0,0
random_linear,"RLC_n64_k48",0.75,64,48,0.002,422,0,26,1,1,1,0,0,7.9030999999999996e-05,0.038227997999999999,0,0.038227997999999999,PREFIX_ASTAR,0.0020673591120309257,0.0020673591120309257,128,65,63,65,1,65,64,831,1,1,725,536870912,0,0,0,0
random_linear,"RLC_n64_k48",0.75,64,48,0.002,423,0,14,1,1,1,0,0,7.6892999999999997e-05,0.024973348999999999,0,0.024973348999999999,PREFIX_ASTAR,0.003079002339654165,0.003079002339654165,127,64,63,64,1,64,64,580,1,1,511,536870912,0,0,0,0
random_linear,"RLC_n64_k48",0.75,64,48,0.002,424,0,28,1,1,1,0,0,7.5974000000000001e-05,0.0087205819999999993,0,0.0087205819999999993,PREFIX_ASTAR,0.0087120332106274574,0.0087120332106274574,126,65,61,65,1,65,64,215,1,1,186,536870912,0,0,0,0
random_linear,"RLC_n64_k48",0.75,64,48,0.002,425,0,12,1,1,1,0,0,7.5375000000000003e-05,0.048959034999999998,0,0.048959034999999998,PREFIX_ASTAR,0.0015395524033510874,0.0015395524033510874,128,65,63,65,1,65,64,1082,1,1,959,536870912,0,0,0,0
random_linear,"RLC_n64_k48",0.75,64,48,0.002,426,0,0,1,1,1,0,0,7.5648000000000005e-05,0.0096010729999999999,0,0.0096010729999999999,PREFIX_ASTAR,0.007879119344264959,0.007879119344264959,125,62,63,62,1,62,64,237,1,1,206,536870912,0,0,0,0
random_linear,"RLC_n64_k48",0.75,64,48,0.002,427,0,60,1,1,1,0,0,8.5901000000000003e-05,0.045867614000000001,0,0.045867614000000001,PREFIX_ASTAR,0.0018728028887659166,0.0018728028887659166,128,65,63,65,1,65,64,1039,1,1,940,536870912,0,0,0,0
random_linear,"RLC_n64_k48",0.75,64,48,0.002,428,0,63,1,1,1,0,0,7.5647000000000003e-05,0.054015753999999999,0,0.054015753999999999,PREFIX_ASTAR,0.0014004617986078654,0.0014004617986078654,128,65,63,65,1,65,64,1202,1,1,1090,536870912,0,0,0,0
random_linear,"RLC_n64_k48",0.75,64,48,0.002,429,0,1,1,1,1,0,0,7.2899999999999997e-05,0.0049443129999999997,0,0.0049443129999999997,PREFIX_ASTAR,0.014744212188831896,0.014744212188831896,123,64,59,64,1,64,64,131,1,1,110,536870912,0,0,0,0
random_linear,"RLC_n64_k48",0.75,64,48,0.002,430,1,55,1,1,1,0,0,0.002465343,0.95886925199999995,0,0.95886925199999995,PREFIX_ASTAR,0.0025710940202304036,0.0025710940202304036,8191,3998,4193,3998,1,3998,64,20548,1,1,18033,536870912,0,0,0,0
random_linear,"RLC_n64_k48",0.75,64,48,0.002,431,0,24,1,1,1,0,0,8.3014000000000002e-05,0.0090620360000000007,0,0.0090620360000000007,PREFIX_ASTAR,0.0091606345417299152,0.0091606345417299152,125,63,62,63,1,63,64,233,1,1,207,536870912,0,0,0,0
random_linear,"RLC_n64_k48",0.75,64,48,0.002,432,0,46,1,1,1,0,0,9.0708e-05,0.044424891000000001,0,0.044424891000000001,PREFIX_ASTAR,0.0020418283074684416,0.0020418283074684416,128,65,63,65,1,65,64,926,1,1,844,536870912,0,0,0,0
random_linear,"RLC_n64_k48",0.75,64,48,0.002,433,0,14,1,1,1,0,0,8.0333000000000005e-05,0.0037613099999999999,0,0.0037613099999999999,PREFIX_ASTAR,0.02135771845447464,0.02135771845447464,123,62,61,62,1,62,64,96,1,1,77,536870912,0,0,0,0
random_linear,"RLC_n64_k48",0.75,64,48,0.002,434,0,54,1,1,1,0,0,7.8362999999999995e-05,0.018293426000000002,0,0.018293426000000002,PREFIX_ASTAR,0.0042836699916133803,0.0042836699916133803,127,65,62,65,1,65,64,407,1,1,363,536870912,0,0,0,0
random_linear,"RLC_n64_k48",0.75,64,48,0.002,435,0,42,1,1,1,0,0,7.7724000000000003e-05,0.030064843000000001,0,0.030064843000000001,PREFIX_ASTAR,0.002585212236099154,0.002585212236099154,127,64,63,64,1,64,64,652,1,1,578,536870912,0,0,0,0
random_linear,"RLC_n64_k48",0.75,64,48,0.002,436,1,57,1,1,1,0,0,0.002469022,0.33785226499999998,0,0.33785226499999998,PREFIX_ASTAR,0.0073079930365421708,0.0073079930365421708,8189,3995,4194,3995,1,3995,64,7333,1,1,6636,536870912,0,0,0,0
random_linear,"RLC_n64_k48",0.75,64,48,0.002,437,0,53,1,1,1,0,0,7.5770000000000001e-05,0.058024428000000003,0,0.058024428000000003,PREFIX_ASTAR,0.001305829331053466,0.001305829331053466,128,65,63,65,1,65,64,1303,1,1,1177,536870912,0,0,0,0
random_linear,"RLC_n64_k48",0.75,64,48,0.002,438,0,19,1,1,1,0,0,7.3164000000000006e-05,0.018233525,0,0.018233525,PREFIX_ASTAR,0.0040126086425965359,0.0040126086425965359,127,65,62,65,1,65,64,430,1,1,384,536870912,0,0,0,0
random_linear,"RLC_n64_k48",0.75,64,48,0.002,439,0,34,1,1,1,0,0,7.3237000000000004e-05,0.012125143999999999,0,0.012125143999999999,PREFIX_ASTAR,0.0060400932145630607,0.0060400932145630607,127,64,63,64,1,64,64,301,1,1,266,536870912,0,0,0,0
random_linear,"RLC_n64_k48",0.75,64,48,0.002,440,0,46,1,1,1,0,0,7.3577000000000004e-05,0.025444516,0,0.025444516,PREFIX_ASTAR,0.0028916643570661752,0.0028916643570661752,127,64,63,64,1,64,64,583,1,1,523,536870912,0,0,0,0
random_linear,"RLC_n64_k48",0.75,64,48,0.002,441,0,46,1,1,1,0,0,7.8096000000000006e-05,0.029283110000000001,0,0.029283110000000001,PREFIX_ASTAR,0.0026669298445417856,0.0026669298445417856,127,64,63,64,1,64,64,662,1,1,598,536870912,0,0,0,0
random_linear,"RLC_n64_k48",0.75,64,48,0.002,442,0,46,1,1,1,0,0,7.2873000000000005e-05,0.017657567999999998,0,0.017657567999999998,PREFIX_ASTAR,0.0041270122816460348,0.0041270122816460348,126,64,62,64,1,64,64,413,1,1,373,536870912,0,0,0,0
random_linear,"RLC_n64_k48",0.75,64,48,0.002,443,0,32,1,1,1,0,0,7.3153999999999998e-05,0.0048311589999999998,0,0.0048311589999999998,PREFIX_ASTAR,0.015142122211254071,0.015142122211254071,125,63,62,63,1,63,64,123,1,1,103,536870912,0,0,0,0
random_linear,"RLC_n64_k48",0.75,64,48,0.002,444,0,49,1,1,1,0,0,7.4275000000000003e-05,0.017197621,0,0.017197621,PREFIX_ASTAR,0.0043189113191876944,0.0043189113191876944,127,65,62,65,1,65,64,410,1,1,371,536870912,0,0,0,0
random_linear,"RLC_n64_k48",0.75,64,48,0.002,445,1,27,1,1,1,0,0,0.0024278239999999999,0.110377822,0,0.110377822,PREFIX_ASTAR,0.021995578060962282,0.021995578060962282,8186,3974,4212,3974,1,3974,64,2520,1,1,2314,536870912,0,0,0,0
random_linear,"RLC_n64_k48",0.75,64,48,0.002,446,0,6,1,1,1,0,0,8.3134999999999996e-05,0.043064105999999998,0,0.043064105999999998,PREFIX_ASTAR,0.001930494040675081,0.001930494040675081,128,65,63,65,1,65,64,950,1,1,850,536870912,0,0,0,0
random_linear,"RLC_n64_k48",0.75,64,48,0.002,447,0,59,1,1,1,0,0,8.2731999999999993e-05,0.0048326139999999998,0,0.0048326139999999998,PREFIX_ASTAR,0.017119513373093732,0.017119513373093732,125,64,61,64,1,64,64,120,1,1,98,536870912,0,0,0,0
random_linear,"RLC_n64_k48",0.75,64,48,0.002,448,0,19,1,1,1,0,0,8.0914999999999994e-05,0.010238641,0,0.010238641,PREFIX_ASTAR,0.0079029043014595384,0.0079029043014595384,126,64,62,64,1,64,64,237,1,1,207,536870912,0,0,0,0
random_linear,"RLC_n64_k48",0.75,64,48,0.002,449,0,43,1,1,1,0,0,8.2091999999999999e-05,0.0085438330000000007,0,0.0085438330000000007,PREFIX_ASTAR,0.0096083338707580075,0.0096083338707580075,125,64,61,64,1,64,64,204,1,1,179,536870912,0,0,0,0
random_linear,"RLC_n64_k48",0.75,64,48,0.002,450,0,24,1,1,1,0,0,7.5834000000000006e-05,0.0072831110000000001,0,0.0072831110000000001,PREFIX_ASTAR,0.010412308696105278,0.010412308696105278,125,64,61,64,1,64,64,172,1,1,147,536870912,0,0,0,0
random_linear,"RLC_n64_k48",0.75,64,48,0.002,451,0,28,1,1,1,0,0,7.9783999999999994e-05,0.034883010999999998,0,0.034883010999999998,PREFIX_ASTAR,0.0022871878806562883,0.0022871878806562883,128,65,63,65,1,65,64,760,1,1,665,536870912,0,0,0,0
random_linear,"RLC_n64_k48",0.75,64,48,0.002,452,0,51,1,1,1,0,0,8.3679999999999998e-05,0.021838801000000001,0,0.021838801000000001,PREFIX_ASTAR,0.0038317121896939304,0.0038317121896939304,127,65,62,65,1,65,64,486,1,1,439,536870912,0,0,0,0
random_linear,"RLC_n64_k48",0.75,64,48,0.002,453,0,41,1,1,1,0,0,7.9521e-05,0.0025457280000000001,0,0.0025457280000000001,PREFIX_ASTAR,0.031237037106870803,0.031237037106870803,123,64,59,64,1,64,64,74,1,1,51,536870912,0,0,0,0
random_linear,"RLC_n64_k48",0.75,64,48,0.002,454,0,0,1,1,1,0,0,8.3227999999999997e-05,0.060728508,0,0.060728508,PREFIX_ASTAR,0.001370493080449136,0.001370493080449136,128,65,63,65,1,65,64,1292,1,1,1177,536870912,0,0,0,0
random_linear,"RLC_n64_k48",0.75,64,48,0.002,455,1,15,1,1,1,0,0,0.0026091980000000001,1.4816618029999999,0,1.4816618029999999,PREFIX_ASTAR,0.0017609943070119086,0.0017609943070119086,8192,3982,4210,3982,1,3982,64,31587,1,1,27813,536870912,0,0,0,0
random_linear,"RLC_n64_k48",0.75,64,48,0.002,456,0,34,1,1,1,0,0,7.4647000000000005e-05,0.026919518999999999,0,0.026919518999999999,PREFIX_ASTAR,0.0027729693089984264,0.0027729693089984264,128,65,63,65,1,65,64,668,1,1,596,536870912,0,0,0,0
random_linear,"RLC_n64_k48",0.75,64,48,0.002,457,1,7,1,1,1,0,0,0.0026834889999999998,0.972796404,0,0.972796404,PREFIX_ASTAR,0.0027585309618393694,0.0027585309618393694,8191,3968,4223,3968,1,3968,64,20473,1,1,17764,536870912,0,0,0,0
random_linear,"RLC_n64_k48",0.75,64,48,0.002,458,0,36,1,1,1,0,0,9.4949000000000002e-05,0.026592784000000001,0,0.026592784000000001,PREFIX_ASTAR,0.0035704798715320667,0.0035704798715320667,127,65,62,65,1,65,64,560,1,1,500,536870912,0,0,0,0
random_linear,"RLC_n64_k48",0.75,64,48,0.002,459,0,4,1,1,1,0,0,8.2515000000000005e-05,0.0099025480000000006,0,0.0099025480000000006,PREFIX_ASTAR,0.0083327038657121377,0.0083327038657121377,125,64,61,64,1,64,64,226,1,1,199,536870912,0,0,0,0
random_linear,"RLC_n64_k48",0.75,64,48,0.002,460,0,24,1,1,1,0,0,8.2508000000000004e-05,0.0048545200000000002,0,0.0048545200000000002,PREFIX_ASTAR,0.016996119080774207,0.016996119080774207,124,65,59,65,1,65,64,117,1,1,98,536870912,0,0,0,0
random_linear,"RLC_n64_k48",0.75,64,48,0.002,461,0,0,1,1,1,0,0,8.4525999999999997e-05,0.062262114,0,0.062262114,PREFIX_ASTAR,0.0013575832005961121,0.0013575832005961121,128,65,63,65,1,65,64,1306,1,1,1177,536870912,0,0,0,0
random_linear,"RLC_n64_k48",0.75,64,48,0.002,462,0,36,1,1,1,0,0,8.3460000000000004e-05,0.059713210000000003,0,0.059713210000000003,PREFIX_ASTAR,0.0013976806807069993,0.0013976806807069993,128,65,63,65,1,65,64,1268,1,1,1167,536870912,0,0,0,0
random_linear,"RLC_n64_k48",0.75,64,48,0.002,463,0,10,1,1,1,0,0,8.1057999999999995e-05,0.015013181,0,0.015013181,PREFIX_ASTAR,0.0053991222779502888,0.0053991222779502888,127,64,63,64,1,64,64,341,1,1,305,536870912,0,0,0,0
random_linear,"RLC_n64_k48",0.75,64,48,0.002,464,0,3,1,1,1,0,0,7.8277999999999998e-05,0.018410427,0,0.018410427,PREFIX_ASTAR,0.004251829683255038,0.004251829683255038,126,65,61,65,1,65,64,424,1,1,383,536870912,0,0,0,0
random_linear,"RLC_n64_k48",0.75,64,48,0.002,465,0,59,1,1,1,0,0,7.8446000000000001e-05,0.056765313999999997,0,0.056765313999999997,PREFIX_ASTAR,0.0013819354544572766,0.0013819354544572766,128,65,63,65,1,65,64,1161,1,1,1061,536870912,0,0,0,0
random_linear,"RLC_n64_k48",0.75,64,48,0.002,466,1,57,1,1,1,0,0,0.0026654650000000001,0.132283858,0,0.132283858,PREFIX_ASTAR,0.020149586202724751,0.020149586202724751,8188,3977,4211,3977,1,3977,64,3116,1,1,2796,536870912,0,0,0,0
random_linear,"RLC_n64_k48",0.75,64,48,0.002,467,0,27,1,1,1,0,0,8.3861000000000002e-05,0.026623262000000002,0,0.026623262000000002,PREFIX_ASTAR,0.0031499145371442459,0.0031499145371442459,128,65,63,65,1,65,64,668,1,1,592,536870912,0,0,0,0
random_linear,"RLC_n64_k48",0.75,64,48,0.002,468,0,2,1,1,1,0,0,7.8048999999999998e-05,0.029392061000000001,0,0.029392061000000001,PREFIX_ASTAR,0.0026554449516146554,0.0026554449516146554,127,65,62,65,1,65,64,664,1,1,600,536870912,0,0,0,0
random_linear,"RLC_n64_k48",0.75,64,48,0.002,469,0,18,1,1,1,0,0,8.2263999999999997e-05,0.020262987999999999,0,0.020262987999999999,PREFIX_ASTAR,0.0040598158573651628,0.0040598158573651628,127,65,62,65,1,65,64,480,1,1,426,536870912,0,0,0,0
random_linear,"RLC_n64_k48",0.75,64,48,0.002,470,0,54,1,1,1,0,0,8.0649000000000007e-05,0.013671048,0,0.013671048,PREFIX_ASTAR,0.0058992551266003898,0.0058992551266003898,127,64,63,64,1,64,64,326,1,1,296,536870912,0,0,0,0
random_linear,"RLC_n64_k48",0.75,64,48,0.002,471,1,16,1,1,1,0,0,0.0024932050000000001,0.80377879799999996,0,0.80377879799999996,PREFIX_ASTAR,0.0031018546473279831,0.0031018546473279831,8191,3984,4207,3984,1,3984,64,17055,1,1,14742,536870912,0,0,0,0
random_linear,"RLC_n64_k48",0.75,64,48,0.002,472,0,49,1,1,1,0,0,7.5313000000000002e-05,0.038976854999999998,0,0.038976854999999998,PREFIX_ASTAR,0.0019322492797328057,0.0019322492797328057,128,65,63,65,1,65,64,891,1,1,807,536870912,0,0,0,0
random_linear,"RLC_n64_k48",0.75,64,48,0.002,473,0,58,1,1,1,0,0,7.2886000000000007e-05,0.0064075959999999998,0,0.0064075959999999998,PREFIX_ASTAR,0.011374936871800283,0.011374936871800283,125,63,62,63,1,63,64,176,1,1,150,536870912,0,0,0,0
random_linear,"RLC_n64_k48",0.75,64,48,0.002,474,0,13,1,1,1,0,0,7.2772000000000001e-05,0.0062215669999999999,0,0.0062215669999999999,PREFIX_ASTAR,0.011696731707622855,0.011696731707622855,124,63,61,63,1,63,64,156,1,1,135,536870912,0,0,0,0
random_linear,"RLC_n64_k48",0.75,64,48,0.002,475,0,34,1,1,1,0,0,8.2421000000000003e-05,0.032478615000000002,0,0.032478615000000002,PREFIX_ASTAR,0.0025377005762099152,0.0025377005762099152,128,65,63,65,1,65,64,758,1,1,662,536870912,0,0,0,0
random_linear,"RLC_n64_k48",0.75,64,48,0.002,476,0,58,1,1,1,0,0,9.2638000000000003e-05,0.022955290999999999,0,0.022955290999999999,PREFIX_ASTAR,0.0040355837789205111,0.0040355837789205111,127,65,62,65,1,65,64,494,1,1,437,536870912,0,0,0,0
random_linear,"RLC_n64_k48",0.75,64,48,0.002,477,0,45,1,1,1,0,0,9.1598e-05,0.014824507000000001,0,0.014824507000000001,PREFIX_ASTAR,0.0061788226751823853,0.0061788226751823853,126,64,62,64,1,64,64,337,1,1,299,536870912,0,0,0,0
random_linear,"RLC_n64_k48",0.75,64,48,0.002,478,0,45,1,1,1,0,0,8.7619000000000003e-05,0.0209488,0,0.0209488,PREFIX_ASTAR,0.0041825307416176582,0.0041825307416176582,127,64,63,64,1,64,64,459,1,1,400,536870912,0,0,0,0
random_linear,"RLC_n64_k48",0.75,64,48,0.002,479,0,35,1,1,1,0,0,7.4635999999999995e-05,0.0039224669999999998,0,0.0039224669999999998,PREFIX_ASTAR,0.019027821011623553,0.019027821011623553,123,62,61,62,1,62,64,102,1,1,83,536870912,0,0,0,0
random_linear,"RLC_n64_k48",0.75,64,48,0.002,480,0,5,1,1,1,0,0,8.2723000000000001e-05,0.030422438999999999,0,0.030422438999999999,PREFIX_ASTAR,0.0027191442474418306,0.0027191442474418306,127,65,62,65,1,65,64,643,1,1,585,536870912,0,0,0,0
random_linear,"RLC_n64_k48",0.75,64,48,0.002,481,0,7,1,1,1,0,0,7.9754999999999998e-05,0.005997329,0,0.005997329,PREFIX_ASTAR,0.013298420013309258,0.013298420013309258,124,61,63,61,1,61,64,143,1,1,124,536870912,0,0,0,0
random_linear,"RLC_n64_k48",0.75,64,48,0.002,482,0,11,1,1,1,0,0,8.0714e-05,0.024257618000000002,0,0.024257618000000002,PREFIX_ASTAR,0.0033273670976268154,0.0033273670976268154,127,64,63,64,1,64,64,539,1,1,487,536870912,0,0,0,0
random_linear,"RLC_n64_k48",0.75,64,48,0.002,483,0,7,1,1,1,0,0,8.2434000000000004e-05,0.050922312999999997,0,0.050922312999999997,PREFIX_ASTAR,0.0016188188466615806,0.0016188188466615806,128,65,63,65,1,65,64,1095,1,1,974,536870912,0,0,0,0
random_linear,"RLC_n64_k48",0.75,64,48,0.002,484,0,14,1,1,1,0,0,7.5079000000000004e-05,0.021730354,0,0.021730354,PREFIX_ASTAR,0.0034550288504273793,0.0034550288504273793,127,65,62,65,1,65,64,471,1,1,432,536870912,0,0,0,0
random_linear,"RLC_n64_k48",0.75,64,48,0.002,485,0,55,1,1,1,0,0,7.7552999999999994e-05,0.0080341719999999991,0,0.0080341719999999991,PREFIX_ASTAR,0.0096528926689645189,0.0096528926689645189,126,64,62,64,1,64,64,195,1,1,165,536870912,0,0,0,0
random_linear,"RLC_n64_k48",0.75,64,48,0.002,486,0,9,1,1,1,0,0,7.4271999999999996e-05,0.0095211859999999992,0,0.0095211859999999992,PREFIX_ASTAR,0.0078007088612700145,0.0078007088612700145,126,63,63,63,1,63,64,236,1,1,205,536870912,0,0,0,0
random_linear,"RLC_n64_k48",0.75,64,48,0.002,487,0,34,1,1,1,0,0,7.8065000000000006e-05,0.035528227000000003,0,0.035528227000000003,PREFIX_ASTAR,0.0021972669787321502,0.0021972669787321502,128,65,63,65,1,65,64,819,1,1,739,536870912,0,0,0,0
random_linear,"RLC_n64_k48",0.75,64,48,0.002,488,0,35,1,1,1,0,0,8.3378e-05,0.030212121000000002,0,0.030212121000000002,PREFIX_ASTAR,0.00275975327915574,0.00275975327915574,127,65,62,65,1,65,64,671,1,1,609,536870912,0,0,0,0
random_linear,"RLC_n64_k48",0.75,64,48,0.002,489,0,37,1,1,1,0,0,7.3607000000000002e-05,0.013923244,0,0.013923244,PREFIX_ASTAR,0.0052866271682087884,0.0052866271682087884,127,65,62,65,1,65,64,333,1,1,300,536870912,0,0,0,0
random_linear,"RLC_n64_k48",0.75,64,48,0.002,490,0,28,1,1,1,0,0,8.4287000000000001e-05,0.030603394999999999,0,0.030603394999999999,PREFIX_ASTAR,0.0027541715551493554,0.0027541715551493554,127,64,63,64,1,64,64,688,1,1,628,536870912,0,0,0,0
random_linear,"RLC_n64_k48",0.75,64,48,0.002,491,0,36,1,1,1,0,0,7.6142000000000004e-05,0.040623128000000001,0,0.040623128000000001,PREFIX_ASTAR,0.0018743509854780263,0.0018743509854780263,128,65,63,65,1,65,64,953,1,1,863,536870912,0,0,0,0
random_linear,"RLC_n64_k48",0.75,64,48,0.002,492,1,29,1,1,1,0,0,0.0024078350000000001,0.97444530299999998,0,0.97444530299999998,PREFIX_ASTAR,0.0024709801490007286,0.0024709801490007286,8191,3982,4209,3982,1,3982,64,20239,1,1,17930,536870912,0,0,0,0
random_linear,"RLC_n64_k48",0.75,64,48,0.002,493,0,17,1,1,1,0,0,9.0835999999999996e-05,0.0077003690000000003,0,0.0077003690000000003,PREFIX_ASTAR,0.011796317812821696,0.011796317812821696,124,62,62,62,1,62,64,191,1,1,166,536870912,0,0,0,0
random_linear,"RLC_n64_k48",0.75,64,48,0.002,494,0,32,1,1,1,0,0,7.5199999999999998e-05,0.002799911,0,0.002799911,PREFIX_ASTAR,0.026857996557747729,0.026857996557747729,122,61,61,61,1,61,64,82,1,1,64,536870912,0,0,0,0
random_linear,"RLC_n64_k48",0.75,64,48,0.002,495,0,35,1,1,1,0,0,7.3899000000000005e-05,0.0037300020000000001,0,0.0037300020000000001,PREFIX_ASTAR,0.019812053720078434,0.019812053720078434,123,62,61,62,1,62,64,102,1,1,82,536870912,0,0,0,0
random_linear,"RLC_n64_k48",0.75,64,48,0.002,496,0,59,1,1,1,0,0,8.2439000000000001e-05,0.01555223,0,0.01555223,PREFIX_ASTAR,0.0053007832317294688,0.0053007832317294688,126,64,62,64,1,64,64,342,1,1,306,536870912,0,0,0,0
random_linear,"RLC_n64_k48",0.75,64,48,0.002,497,0,22,1,1,1,0,0,8.3762000000000002e-05,0.050264639999999999,0,0.050264639999999999,PREFIX_ASTAR,0.0016664199723702389,0.0016664199723702389,128,65,63,65,1,65,64,1015,1,1,921,536870912,0,0,0,0
random_linear,"RLC_n64_k48",0.75,64,48,0.002,498,0,35,1,1,1,0,0,8.2740999999999999e-05,0.053280568,0,0.053280568,PREFIX_ASTAR,0.001552930141435429,0.001552930141435429,128,65,63,65,1,65,64,1110,1,1,1009,536870912,0,0,0,0
random_linear,"RLC_n64_k48",0.75,64,48,0.002,499,1,15,1,1,1,0,0,0.0024817559999999999,1.0261759939999999,0,1.0261759939999999,PREFIX_ASTAR,0.002418450650288746,0.002418450650288746,8191,3985,4206,3985,1,3985,64,21566,1,1,19155,536870912,0,0,0,0
random_linear,"RLC_n64_k48",0.75,64,48,0.002,500,0,56,1,1,1,0,0,7.5285999999999997e-05,0.016196743,0,0.016196743,PREFIX_ASTAR,0.0046482184720718234,0.0046482184720718234,127,64,63,64,1,64,64,381,1,1,338,536870912,0,0,0,0
random_linear,"RLC_n64_k48",0.75,64,48,0.002,501,1,43,1,1,1,0,0,0.002914893,0.21633355700000001,0,0.21633355700000001,PREFIX_ASTAR,0.013474067733282821,0.013474067733282821,8189,4000,4189,4000,2,4000,64,4804,1,1,4353,536870912,0,0,0,0
random_linear,"RLC_n64_k48",0.75,64,48,0.002,502,0,57,1,1,1,0,0,7.9993000000000005e-05,0.056524796000000002,0,0.056524796000000002,PREFIX_ASTAR,0.0014151842317131052,0.0014151842317131052,128,65,63,65,1,65,64,1196,1,1,1089,536870912,0,0,0,0
random_linear,"RLC_n64_k48",0.75,64,48,0.002,503,0,21,1,1,1,0,0,7.4765999999999995e-05,0.0036423499999999999,0,0.0036423499999999999,PREFIX_ASTAR,0.020526857660576277,0.020526857660576277,122,63,59,63,1,63,64,93,1,1,75,536870912,0,0,0,0
random_linear,"RLC_n64_k48",0.75,64,48,0.002,504,0,24,1,1,1,0,0,8.0977999999999996e-05,0.015077403,0,0.015077403,PREFIX_ASTAR,0.0053708188339861972,0.0053708188339861972,126,65,61,65,1,65,64,329,1,1,295,536870912,0,0,0,0
random_linear,"RLC_n64_k48",0.75,64,48,0.002,505,0,39,1,1,1,0,0,8.0616000000000002e-05,0.0031246630000000002,0,0.0031246630000000002,PREFIX_ASTAR,0.025799902261459874,0.025799902261459874,124,63,61,63,1,63,64,85,1,1,66,536870912,0,0,0,0
random_linear,"RLC_n64_k48",0.75,64,48,0.002,506,0,25,1,1,1,0,0,7.8077000000000005e-05,0.0031653079999999999,0,0.0031653079999999999,PREFIX_ASTAR,0.024666477954120105,0.024666477954120105,121,58,63,58,1,58,64,85,1,1,67,536870912,0,0,0,0
random_linear,"RLC_n64_k48",0.75,64,48,0.002,507,0,47,1,1,1,0,0,7.9604000000000006e-05,0.0022761959999999999,0,0.0022761959999999999,PREFIX_ASTAR,0.034972383749026892,0.034972383749026892,122,65,57,65,1,65,64,66,1,1,49,536870912,0,0,0,0
random_linear,"RLC_n64_k48",0.75,64,48,0.002,508,0,8,1,1,1,0,0,8.3461000000000006e-05,0.055417078000000002,0,0.055417078000000002,PREFIX_ASTAR,0.0015060519791389941,0.0015060519791389941,128,65,63,65,1,65,64,1182,1,1,1088,536870912,0,0,0,0
random_linear,"RLC_n64_k48",0.75,64,48,0.002,509,0,36,1,1,1,0,0,7.6448999999999999e-05,0.011332249000000001,0,0.011332249000000001,PREFIX_ASTAR,0.0067461454473864806,0.0067461454473864806,126,64,62,64,1,64,64,258,1,1,223,536870912,0,0,0,0
random_linear,"RLC_n64_k48",0.75,64,48,0.002,510,0,11,1,1,1,0,0,8.1413000000000001e-05,0.0046847870000000002,0,0.0046847870000000002,PREFIX_ASTAR,0.017378164684968601,0.017378164684968601,123,63,60,63,1,63,64,117,1,1,98,536870912,0,0,0,0
random_linear,"RLC_n64_k48",0.75,64,48,0.002,511,0,47,1,1,1,0,0,7.5340999999999996e-05,0.053712177,0,0.053712177,PREFIX_ASTAR,0.0014026800663842019,0.0014026800663842019,128,65,63,65,1,65,64,1145,1,1,1043,536870912,0,0,0,0
random_linear,"RLC_n64_k48",0.75,64,48,0.002,512,0,50,1,1,1,0,0,6.8681000000000002e-05,0.002064537,0,0.002064537,PREFIX_ASTAR,0.033267023066188693,0.033267023066188693,116,56,60,56,1,56,64,66,1,1,49,536870912,0,0,0,0
random_linear,"RLC_n64_k48",0.75,64,48,0.002,513,0,54,1,1,1,0,0,7.5172000000000005e-05,0.033258687000000002,0,0.033258687000000002,PREFIX_ASTAR,0.0022602215174639937,0.0022602215174639937,127,65,62,65,1,65,64,738,1,1,676,536870912,0,0,0,0
random_linear,"RLC_n64_k48",0.75,64,48,0.002,514,0,17,1,1,1,0,0,7.4678000000000006e-05,0.027585542000000001,0,0.027585542000000001,PREFIX_ASTAR,0.0027071427489081057,0.0027071427489081057,127,65,62,65,1,65,64,629,1,1,566,536870912,0,0,0,0
random_linear,"RLC_n64_k48",0.75,64,48,0.002,515,0,3,1,1,1,0,0,7.3028000000000006e-05,0.005015818,0,0.005015818,PREFIX_ASTAR,0.014559539441024377,0.014559539441024377,120,63,57,63,1,63,64,138,1,1,113,536870912,0,0,0,0
random_linear,"RLC_n64_k48",0.75,64,48,0.002,516,0,26,1,1,1,0,0,8.2978000000000004e-05,0.020288212,0,0.020288212,PREFIX_ASTAR,0.0040899612050583857,0.0040899612050583857,127,65,62,65,1,65,64,494,1,1,426,536870912,0,0,0,0
random_linear,"RLC_n64_k48",0.75,64,48,0.002,517,0,18,1,1,1,0,0,8.2324000000000007e-05,0.0094365660000000004,0,0.0094365660000000004,PREFIX_ASTAR,0.0087239362284966798,0.0087239362284966798,126,63,63,63,1,63,64,219,1,1,194,536870912,0,0,0,0
random_linear,"RLC_n64_k48",0.75,64,48,0.002,518,0,48,1,1,1,0,0,7.6557000000000006e-05,0.0022322190000000001,0,0.0022322190000000001,PREFIX_ASTAR,0.034296366082360197,0.034296366082360197,124,63,61,63,1,63,64,70,1,1,53,536870912,0,0,0,0
random_linear,"RLC_n64_k48",0.75,64,48,0.002,519,0,40,1,1,1,0,0,9.4703000000000005e-05,0.0023868579999999999,0,0.0023868579999999999,PREFIX_ASTAR,0.039676847135439147,0.039676847135439147,123,62,61,62,1,62,64,74,1,1,53,536870912,0,0,0,0
random_linear,"RLC_n64_k48",0.75,64,48,0.002,520,0,2,1,1,1,0,0,7.4772999999999997e-05,0.010586096,0,0.010586096,PREFIX_ASTAR,0.0070633215493228095,0.0070633215493228095,126,64,62,64,1,64,64,255,1,1,220,536870912,0,0,0,0
random_linear,"RLC_n64_k48",0.75,64,48,0.002,521,0,33,1,1,1,0,0,7.7970000000000001e-05,0.045320847999999997,0,0.045320847999999997,PREFIX_ASTAR,0.0017204002890678482,0.0017204002890678482,128,65,63,65,1,65,64,1024,1,1,938,536870912,0,0,0,0
random_linear,"RLC_n64_k48",0.75,64,48,0.002,522,0,28,1,1,1,0,0,7.3182999999999994e-05,0.018123428,0,0.018123428,PREFIX_ASTAR,0.0040380329813984412,0.0040380329813984412,127,65,62,65,1,65,64,439,1,1,385,536870912,0,0,0,0
random_linear,"RLC_n64_k48",0.75,64,48,0.002,523,0,19,1,1,1,0,0,7.1192000000000005e-05,0.0035554100000000002,0,0.0035554100000000002,PREFIX_ASTAR,0.020023569714885205,0.020023569714885205,122,63,59,63,1,63,64,95,1,1,77,536870912,0,0,0,0
random_linear,"RLC_n64_k48",0.75,64,48,0.002,524,0,23,1,1,1,0,0,7.8019e-05,0.0036188639999999998,0,0.0036188639999999998,PREFIX_ASTAR,0.021558975413278864,0.021558975413278864,123,62,61,62,1,62,64,101,1,1,80,536870912,0,0,0,0
random_linear,"RLC_n64_k48",0.75,64,48,0.002,525,0,48,1,1,1,0,0,8.1123000000000002e-05,0.011192166,0,0.011192166,PREFIX_ASTAR,0.007248194853435877,0.007248194853435877,126,64,62,64,1,64,64,269,1,1,232,536870912,0,0,0,0
random_linear,"RLC_n64_k48",0.75,64,48,0.002,526,0,19,1,1,1,0,0,7.5239000000000002e-05,0.010991732000000001,0,0.010991732000000001,PREFIX_ASTAR,0.0068450540824685317,0.0068450540824685317,125,64,61,64,1,64,64,256,1,1,225,536870912,0,0,0,0
random_linear,"RLC_n64_k48",0.75,64,48,0.002,527,2,23,1,1,1,0,0,0.085999180999999994,30.957796950999999,0,30.957796950999999,PREFIX_ASTAR,0.00277794899734369,0.00277794899734369,258176,119196,138980,119196,1,119196,64,637693,1,1,531378,536870912,0,0,0,0
random_linear,"RLC_n64_k48",0.75,64,48,0.002,528,1,44,1,1,1,0,0,0.002635784,0.29548668500000003,0,0.29548668500000003,PREFIX_ASTAR,0.0089201447435778691,0.0089201447435778691,8190,3989,4201,3989,1,3989,64,6891,1,1,6038,536870912,0,0,0,0
random_linear,"RLC_n64_k48",0.75,64,48,0.002,529,0,21,1,1,1,0,0,8.1402000000000004e-05,0.036062363,0,0.036062363,PREFIX_ASTAR,0.0022572564088493038,0.0022572564088493038,128,65,63,65,1,65,64,836,1,1,751,536870912,0,0,0,0
random_linear,"RLC_n64_k48",0.75,64,48,0.002,530,0,2,1,1,1,0,0,7.5834999999999995e-05,0.003939746,0,0.003939746,PREFIX_ASTAR,0.019248702835157391,0.019248702835157391,121,63,58,63,1,63,64,105,1,1,87,536870912,0,0,0,0
random_linear,"RLC_n64_k48",0.75,64,48,0.002,531,0,34,1,1,1,0,0,7.5631999999999997e-05,0.0084318440000000008,0,0.0084318440000000008,PREFIX_ASTAR,0.0089698054186011962,0.0089698054186011962,125,64,61,64,1,64,64,207,1,1,179,536870912,0,0,0,0
random_linear,"RLC_n64_k48",0.75,64,48,0.002,532,0,17,1,1,1,0,0,8.1411999999999999e-05,0.034554847,0,0.034554847,PREFIX_ASTAR,0.0023560225863538046,0.0023560225863538046,128,65,63,65,1,65,64,791,1,1,704,536870912,0,0,0,0
random_linear,"RLC_n64_k48",0.75,64,48,0.002,533,1,13,1,1,1,0,0,0.0024345,0.83172787999999997,0,0.83172787999999997,PREFIX_ASTAR,0.0029270390695572213,0.0029270390695572213,8191,3987,4204,3987,1,3987,64,17826,1,1,15615,536870912,0,0,0,0
random_linear,"RLC_n64_k48",0.75,64,48,0.002,534,0,3,1,1,1,0,0,7.4674999999999999e-05,0.032035572999999998,0,0.032035572999999998,PREFIX_ASTAR,0.0023310024765282019,0.0023310024765282019,128,65,63,65,1,65,64,778,1,1,643,536870912,0,0,0,0
random_linear,"RLC_n64_k48",0.75,64,48,0.002,535,1,32,1,1,1,0,0,7.5341999999999998e-05,0.0081533079999999997,0,0.0081533079999999997,PREFIX_ASTAR,0.009240666487761777,0.009240666487761777,125,62,63,62,1,62,64,200,1,1,174,536870912,0,0,0,0
random_linear,"RLC_n64_k48",0.75,64,48,0.002,536,0,35,1,1,1,0,0,7.4501999999999999e-05,0.002872412,0,0.002872412,PREFIX_ASTAR,0.025937087019550119,0.025937087019550119,124,63,61,63,1,63,64,84,1,1,61,536870912,0,0,0,0
random_linear,"RLC_n64_k48",0.75,64,48,0.002,537,0,32,1,1,1,0,0,7.4499000000000006e-05,0.048285772999999997,0,0.048285772999999997,PREFIX_ASTAR,0.0015428768221231544,0.0015428768221231544,128,65,63,65,1,65,64,1041,1,1,936,536870912,0,0,0,0
random_linear,"RLC_n64_k48",0.75,64,48,0.002,538,0,60,1,1,1,0,0,8.2773000000000002e-05,0.021210085,0,0.021210085,PREFIX_ASTAR,0.0039025303293221125,0.0039025303293221125,127,64,63,64,1,64,64,470,1,1,413,536870912,0,0,0,0
random_linear,"RLC_n64_k48",0.75,64,48,0.002,539,1,42,1,1,1,0,0,0.0026253700000000001,0.112114769,0,0.112114769,PREFIX_ASTAR,0.023416807824845984,0.023416807824845984,8180,3919,4261,3919,1,3919,64,2604,1,1,2319,536870912,0,0,0,0
random_linear,"RLC_n64_k48",0.75,64,48,0.002,540,0,52,1,1,1,0,0,8.2374999999999997e-05,0.014804538000000001,0,0.014804538000000001,PREFIX_ASTAR,0.0055641722828500282,0.0055641722828500282,127,64,63,64,1,64,64,331,1,1,290,536870912,0,0,0,0
random_linear,"RLC_n64_k48",0.75,64,48,0.002,541,0,21,1,1,1,0,0,7.7919999999999999e-05,0.041388459000000002,0,0.041388459000000002,PREFIX_ASTAR,0.0018826504267771844,0.0018826504267771844,128,65,63,65,1,65,64,945,1,1,840,536870912,0,0,0,0
random_linear,"RLC_n64_k48",0.75,64,48,0.002,542,0,2,1,1,1,0,0,7.3598999999999998e-05,0.015520567000000001,0,0.015520567000000001,PREFIX_ASTAR,0.00474203036525663,0.00474203036525663,126,64,62,64,1,64,64,373,1,1,331,536870912,0,0,0,0
random_linear,"RLC_n64_k48",0.75,64,48,0.002,543,0,51,1,1,1,0,0,7.1580000000000002e-05,0.003847273,0,0.003847273,PREFIX_ASTAR,0.01860538620472215,0.01860538620472215,123,62,61,62,1,62,64,107,1,1,88,536870912,0,0,0,0
random_linear,"RLC_n64_k48",0.75,64,48,0.002,544,0,41,1,1,1,0,0,7.2064000000000007e-05,0.0033976100000000001,0,0.0033976100000000001,PREFIX_ASTAR,0.021210203643149156,0.021210203643149156,124,62,62,62,1,62,64,94,1,1,72,536870912,0,0,0,0
random_linear,"RLC_n64_k48",0.75,64,48,0.002,545,0,9,1,1,1,0,0,7.6569999999999994e-05,0.003749671,0,0.003749671,PREFIX_ASTAR,0.020420458221534633,0.020420458221534633,122,61,61,61,1,61,64,102,1,1,83,536870912,0,0,0,0
random_linear,"RLC_n64_k48",0.75,64,48,0.002,546,0,55,1,1,1,0,0,7.6069000000000006e-05,0.018932094,0,0.018932094,PREFIX_ASTAR,0.004017991881933399,0.004017991881933399,127,65,62,65,1,65,64,449,1,1,403,536870912,0,0,0,0
random_linear,"RLC_n64_k48",0.75,64,48,0.002,547,0,27,1,1,1,0,0,7.1884000000000005e-05,0.0034594500000000002,0,0.0034594500000000002,PREFIX_ASTAR,0.020779025567648036,0.020779025567648036,123,63,60,63,1,63,64,95,1,1,75,536870912,0,0,0,0
random_linear,"RLC_n64_k48",0.75,64,48,0.002,548,0,28,1,1,1,0,0,7.4622000000000005e-05,0.027154323000000001,0,0.027154323000000001,PREFIX_ASTAR,0.0027480707215569323,0.0027480707215569323,127,64,63,64,1,64,64,621,1,1,553,536870912,0,0,0,0
random_linear,"RLC_n64_k48",0.75,64,48,0.002,549,0,44,1,1,1,0,0,7.5475999999999994e-05,0.0020854419999999999,0,0.0020854419999999999,PREFIX_ASTAR,0.036191848059068533,0.036191848059068533,121,61,60,61,1,61,64,66,1,1,49,536870912,0,0,0,0
random_linear,"RLC_n64_k48",0.75,64,48,0.002,550,1,49,1,1,1,0,0,0.0024341580000000001,0.16708245499999999,0,0.16708245499999999,PREFIX_ASTAR,0.014568603268368304,0.014568603268368304,8188,3992,4196,3992,1,3992,64,3815,1,1,3480,536870912,0,0,0,0
random_linear,"RLC_n64_k48",0.75,64,48,0.002,551,0,4,1,1,1,0,0,7.5383999999999995e-05,0.0040189070000000004,0,0.0040189070000000004,PREFIX_ASTAR,0.018757338749067841,0.018757338749067841,122,61,61,61,1,61,64,108,1,1,90,536870912,0,0,0,0
random_linear,"RLC_n64_k48",0.75,64,48,0.002,552,0,10,1,1,1,0,0,7.5110000000000004e-05,0.025394045000000001,0,0.025394045000000001,PREFIX_ASTAR,0.002957780062215374,0.002957780062215374,127,64,63,64,1,64,64,581,1,1,525,536870912,0,0,0,0
random_linear,"RLC_n64_k48",0.75,64,48,0.002,553,1,15,1,1,1,0,0,0.0025129699999999998,0.82125094799999998,0,0.82125094799999998,PREFIX_ASTAR,0.0030599294967267421,0.0030599294967267421,8191,3982,4209,3982,1,3982,64,17531,1,1,15330,536870912,0,0,0,0
random_linear,"RLC_n64_k48",0.75,64,48,0.002,554,0,18,1,1,1,0,0,7.2315000000000001e-05,0.0032855079999999999,0,0.0032855079999999999,PREFIX_ASTAR,0.022010294907210699,0.022010294907210699,119,60,59,60,1,60,64,93,1,1,74,536870912,0,0,0,0
random_linear,"RLC_n64_k48",0.75,64,48,0.002,555,0,25,1,1,1,0,0,7.3411999999999994e-05,0.010896545000000001,0,0.010896545000000001,PREFIX_ASTAR,0.0067371813726277447,0.0067371813726277447,126,65,61,65,1,65,64,268,1,1,234,536870912,0,0,0,0
random_linear,"RLC_n64_k48",0.75,64,48,0.002,556,0,58,1,1,1,0,0,8.4791999999999997e-05,0.021639670999999999,0,0.021639670999999999,PREFIX_ASTAR,0.0039183590175654705,0.0039183590175654705,127,65,62,65,1,65,64,503,1,1,453,536870912,0,0,0,0
random_linear,"RLC_n64_k48",0.75,64,48,0.002,557,0,55,1,1,1,0,0,8.3794000000000004e-05,0.025522381,0,0.025522381,PREFIX_ASTAR,0.0032831576332944799,0.0032831576332944799,127,65,62,65,1,65,64,542,1,1,490,536870912,0,0,0,0
random_linear,"RLC_n64_k48",0.75,64,48,0.002,558,0,31,1,1,1,0,0,8.4402999999999998e-05,0.055395115000000002,0,0.055395115000000002,PREFIX_ASTAR,0.0015236542066931352,0.0015236542066931352,128,65,63,65,1,65,64,1148,1,1,1036,536870912,0,0,0,0
random_linear,"RLC_n64_k48",0.75,64,48,0.002,559,0,56,1,1,1,0,0,8.2029999999999999e-05,0.043876542999999997,0,0.043876542999999997,PREFIX_ASTAR,0.001869563880636631,0.001869563880636631,128,65,63,65,1,65,64,919,1,1,845,536870912,0,0,0,0
random_linear,"RLC_n64_k48",0.75,64,48,0.002,560,1,22,1,1,1,0,0,0.0024474359999999999,0.36503370099999999,0,0.36503370099999999,PREFIX_ASTAR,0.0067046850559148779,0.0067046850559148779,8189,3982,4207,3982,2,3982,64,8146,1,1,7260,536870912,0,0,0,0
random_linear,"RLC_n64_k48",0.75,64,48,0.002,561,0,51,1,1,1,0,0,7.7395e-05,0.010258559,0,0.010258559,PREFIX_ASTAR,0.0075444319226511247,0.0075444319226511247,126,65,61,65,1,65,64,252,1,1,222,536870912,0,0,0,0
random_linear,"RLC_n64_k48",0.75,64,48,0.002,562,0,62,1,1,1,0,0,7.7529999999999998e-05,0.026468444000000001,0,0.026468444000000001,PREFIX_ASTAR,0.0029291483851487453,0.0029291483851487453,127,64,63,64,1,64,64,611,1,1,555,536870912,0,0,0,0
random_linear,"RLC_n64_k48",0.75,64,48,0.002,563,1,50,1,1,1,0,0,0.0024436000000000002,0.49546842499999999,0,0.49546842499999999,PREFIX_ASTAR,0.0049318985362185293,0.0049318985362185293,8190,3982,4208,3982,1,3982,64,10965,1,1,9602,536870912,0,0,0,0
random_linear,"RLC_n64_k48",0.75,64,48,0.002,564,0,56,1,1,1,0,0,7.5414999999999995e-05,0.04324178,0,0.04324178,PREFIX_ASTAR,0.0017440308886451945,0.0017440308886451945,128,65,63,65,1,65,64,965,1,1,883,536870912,0,0,0,0
random_linear,"RLC_n64_k48",0.75,64,48,0.002,565,0,46,1,1,1,0,0,7.3780000000000002e-05,0.0021170170000000001,0,0.0021170170000000001,PREFIX_ASTAR,0.034850924673727232,0.034850924673727232,120,61,59,61,1,61,64,66,1,1,49,536870912,0,0,0,0
random_linear,"RLC_n64_k48",0.75,64,48,0.002,566,0,58,1,1,1,0,0,7.4472000000000001e-05,0.007636192,0,0.007636192,PREFIX_ASTAR,0.0097525049134437689,0.0097525049134437689,126,63,63,63,1,63,64,183,1,1,162,536870912,0,0,0,0
random_linear,"RLC_n64_k48",0.75,64,48,0.002,567,0,14,1,1,1,0,0,7.4040000000000003e-05,0.024001238000000001,0,0.024001238000000001,PREFIX_ASTAR,0.0030848408736249356,0.0030848408736249356,127,64,63,64,1,64,64,551,1,1,487,536870912,0,0,0,0
random_linear,"RLC_n64_k48",0.75,64,48,0.002,568,0,16,1,1,1,0,0,7.4857999999999994e-05,0.011546051,0,0.011546051,PREFIX_ASTAR,0.0064834288364047582,0.0064834288364047582,126,64,62,64,1,64,64,284,1,1,247,536870912,0,0,0,0
random_linear,"RLC_n64_k48",0.75,64,48,0.002,569,0,35,1,1,1,0,0,7.1198999999999994e-05,0.013757983,0,0.013757983,PREFIX_ASTAR,0.0051751045193179843,0.0051751045193179843,127,65,62,65,1,65,64,338,1,1,292,536870912,0,0,0,0
random_linear,"RLC_n64_k48",0.75,64,48,0.002,570,2,8,1,1,1,0,0,0.0024878180000000001,0.44272355200000002,0,0.44272355200000002,PREFIX_ASTAR,0.0056193486629778399,0.0056193486629778399,8190,3984,4206,3984,1,3984,64,9516,1,1,8460,536870912,0,0,0,0
random_linear,"RLC_n64_k48",0.75,64,48,0.002,571,0,18,1,1,1,0,0,7.8098999999999999e-05,0.010609956,0,0.010609956,PREFIX_ASTAR,0.0073609164825942722,0.0073609164825942722,126,64,62,64,1,64,64,257,1,1,219,536870912,0,0,0,0
random_linear,"RLC_n64_k48",0.75,64,48,0.002,572,0,30,1,1,1,0,0,7.3560999999999996e-05,0.0057983440000000004,0,0.0057983440000000004,PREFIX_ASTAR,0.012686553264173355,0.012686553264173355,126,64,62,64,1,64,64,155,1,1,126,536870912,0,0,0,0
random_linear,"RLC_n64_k48",0.75,64,48,0.002,573,1,6,1,1,1,0,0,0.0025899759999999999,0.53864618900000005,0,0.53864618900000005,PREFIX_ASTAR,0.0048083065524111594,0.0048083065524111594,8191,3971,4220,3971,1,3971,64,11982,1,1,10277,536870912,0,0,0,0
random_linear,"RLC_n64_k48",0.75,64,48,0.002,574,0,16,1,1,1,0,0,8.8362999999999994e-05,0.0037300039999999999,0,0.0037300039999999999,PREFIX_ASTAR,0.023689786927842436,0.023689786927842436,122,62,60,62,1,62,64,98,1,1,78,536870912,0,0,0,0
random_linear,"RLC_n64_k48",0.75,64,48,0.002,575,0,15,1,1,1,0,0,8.3533000000000001e-05,0.060817119000000003,0,0.060817119000000003,PREFIX_ASTAR,0.0013735112970412163,0.0013735112970412163,128,65,63,65,1,65,64,1284,1,1,1169,536870912,0,0,0,0
random_linear,"RLC_n64_k48",0.75,64,48,0.002,576,0,5,1,1,1,0,0,8.3714000000000005e-05,0.046337271999999999,0,0.046337271999999999,PREFIX_ASTAR,0.0018066234024307691,0.0018066234024307691,128,65,63,65,1,65,64,988,1,1,899,536870912,0,0,0,0
random_linear,"RLC_n64_k48",0.75,64,48,0.002,577,1,49,1,1,1,0,0,0.0026253460000000002,0.70612578599999998,0,0.70612578599999998,PREFIX_ASTAR,0.0037179579786652916,0.0037179579786652916,8191,3983,4208,3983,1,3983,64,15272,1,1,13631,536870912,0,0,0,0
random_linear,"RLC_n64_k48",0.75,64,48,0.002,578,0,5,1,1,1,0,0,7.8248e-05,0.017979176999999999,0,0.017979176999999999,PREFIX_ASTAR,0.0043521458184654395,0.0043521458184654395,127,64,63,64,1,64,64,429,1,1,378,536870912,0,0,0,0
random_linear,"RLC_n64_k48",0.75,64,48,0.002,579,0,20,1,1,1,0,0,7.8825999999999994e-05,0.042267718000000003,0,0.042267718000000003,PREFIX_ASTAR,0.001864922066528408,0.001864922066528408,128,65,63,65,1,65,64,959,1,1,865,536870912,0,0,0,0
random_linear,"RLC_n64_k48",0.75,64,48,0.002,580,0,54,1,1,1,0,0,7.9470999999999999e-05,0.021723992000000001,0,0.021723992000000001,PREFIX_ASTAR,0.0036582134627926579,0.0036582134627926579,127,64,63,64,1,64,64,499,1,1,455,536870912,0,0,0,0
random_linear,"RLC_n64_k48",0.75,64,48,0.002,581,0,42,1,1,1,0,0,7.6539999999999996e-05,0.024490238000000001,0,0.024490238000000001,PREFIX_ASTAR,0.0031253269159736215,0.0031253269159736215,127,65,62,65,1,65,64,559,1,1,507,536870912,0,0,0,0
random_linear,"RLC_n64_k48",0.75,64,48,0.002,582,0,6,1,1,1,0,0,7.3368000000000006e-05,0.012807766999999999,0,0.012807766999999999,PREFIX_ASTAR,0.0057283990253726514,0.0057283990253726514,127,65,62,65,1,65,64,338,1,1,296,536870912,0,0,0,0
random_linear,"RLC_n64_k48",0.75,64,48,0.002,583,0,59,1,1,1,0,0,7.6222000000000003e-05,0.0075597040000000004,0,0.0075597040000000004,PREFIX_ASTAR,0.010082669903477701,0.010082669903477701,125,64,61,64,1,64,64,194,1,1,171,536870912,0,0,0,0
random_linear,"RLC_n64_k48",0.75,64,48,0.002,584,0,45,1,1,1,0,0,8.3980999999999994e-05,0.033847545,0,0.033847545,PREFIX_ASTAR,0.0024811548370790256,0.0024811548370790256,128,65,63,65,1,65,64,773,1,1,703,536870912,0,0,0,0
random_linear,"RLC_n64_k48",0.75,64,48,0.002,585,1,6,1,1,1,0,0,0.002536146,1.3087224399999999,0,1.3087224399999999,PREFIX_ASTAR,0.0019378792037828892,0.0019378792037828892,8192,3992,4200,3992,1,3992,64,27300,1,1,22908,536870912,0,0,0,0
random_linear,"RLC_n64_k48",0.75,64,48,0.002,586,0,11,1,1,1,0,0,7.3008000000000003e-05,0.003680099,0,0.003680099,PREFIX_ASTAR,0.019838596733403095,0.019838596733403095,122,61,61,61,1,61,64,103,1,1,84,536870912,0,0,0,0
random_linear,"RLC_n64_k48",0.75,64,48,0.002,587,0,15,1,1,1,0,0,7.5943000000000001e-05,0.012707774999999999,0,0.012707774999999999,PREFIX_ASTAR,0.005976105179702978,0.005976105179702978,127,65,62,65,1,65,64,318,1,1,281,536870912,0,0,0,0
random_linear,"RLC_n64_k48",0.75,64,48,0.002,588,1,5,1,1,1,0,0,0.0024275529999999998,0.22219539999999999,0,0.22219539999999999,PREFIX_ASTAR,0.010925307184577179,0.010925307184577179,8188,3976,4212,3976,1,3976,64,5025,1,1,4312,536870912,0,0,0,0
random_linear,"RLC_n64_k48",0.75,64,48,0.002,589,0,45,1,1,1,0,0,8.4838000000000003e-05,0.046582986,0,0.046582986,PREFIX_ASTAR,0.0018212228816761554,0.0018212228816761554,128,65,63,65,1,65,64,1072,1,1,975,536870912,0,0,0,0
random_linear,"RLC_n64_k48",0.75,64,48,0.002,590,0,18,1,1,1,0,0,7.8036999999999998e-05,0.010215358000000001,0,0.010215358000000001,PREFIX_ASTAR,0.0076391840599223243,0.0076391840599223243,126,64,62,64,1,64,64,236,1,1,209,536870912,0,0,0,0
random_linear,"RLC_n64_k48",0.75,64,48,0.002,591,0,24,1,1,1,0,0,7.4868000000000002e-05,0.0080306519999999992,0,0.0080306519999999992,PREFIX_ASTAR,0.0093227797693138745,0.0093227797693138745,125,63,62,63,1,63,64,198,1,1,175,536870912,0,0,0,0
random_linear,"RLC_n64_k48",0.75,64,48,0.002,592,0,37,1,1,1,0,0,7.2327000000000001e-05,0.002726249,0,0.002726249,PREFIX_ASTAR,0.026529858424523951,0.026529858424523951,122,64,58,64,1,64,64,76,1,1,58,536870912,0,0,0,0
random_linear,"RLC_n64_k48",0.75,64,48,0.002,593,0,13,1,1,1,0,0,8.2927000000000001e-05,0.012355176000000001,0,0.012355176000000001,PREFIX_ASTAR,0.0067119238123358174,0.0067119238123358174,126,64,62,64,1,64,64,287,1,1,256,536870912,0,0,0,0
random_linear,"RLC_n64_k48",0.75,64,48,0.002,594,0,30,1,1,1,0,0,8.1229000000000004e-05,0.027223145000000001,0,0.027223145000000001,PREFIX_ASTAR,0.0029838213035268337,0.0029838213035268337,127,65,62,65,1,65,64,579,1,1,516,536870912,0,0,0,0
random_linear,"RLC_n64_k48",0.75,64,48,0.002,595,0,60,1,1,1,0,0,8.3017999999999997e-05,0.015412749,0,0.015412749,PREFIX_ASTAR,0.0053863201171964843,0.0053863201171964843,126,64,62,64,1,64,64,337,1,1,289,536870912,0,0,0,0
random_linear,"RLC_n64_k48",0.75,64,48,0.002,596,0,2,1,1,1,0,0,8.4474000000000005e-05,0.026225874,0,0.026225874,PREFIX_ASTAR,0.0032210175340581597,0.0032210175340581597,127,65,62,65,1,65,64,555,1,1,508,536870912,0,0,0,0
random_linear,"RLC_n64_k48",0.75,64,48,0.002,597,0,41,1,1,1,0,0,8.4733000000000003e-05,0.059514760999999999,0,0.059514760999999999,PREFIX_ASTAR,0.0014237308287266752,0.0014237308287266752,128,65,63,65,1,65,64,1158,1,1,1055,536870912,0,0,0,0
random_linear,"RLC_n64_k48",0.75,64,48,0.002,598,1,24,1,1,1,0,0,0.0023945960000000001,0.155836051,0,0.155836051,PREFIX_ASTAR,0.015366123465230776,0.015366123465230776,8185,3925,4260,3925,1,3925,64,3483,1,1,3170,536870912,0,0,0,0
random_linear,"RLC_n64_k48",0.75,64,48,0.002,599,0,63,1,1,1,0,0,7.9692999999999997e-05,0.058309292999999998,0,0.058309292999999998,PREFIX_ASTAR,0.0013667289706290899,0.0013667289706290899,128,65,63,65,1,65,64,1315,1,1,1177,536870912,0,0,0,0
random_linear,"RLC_n64_k48",0.75,64,48,0.0050000000000000001,0,1,62,1,1,1,0,0,0.0024500720000000002,0.109599107,0,0.109599107,PREFIX_ASTAR,0.022354853675951941,0.022354853675951941,8185,3973,4212,3973,1,3973,64,2511,1,1,2296,536870912,0,0,0,0
random_linear,"RLC_n64_k48",0.75,64,48,0.0050000000000000001,1,0,30,1,1,1,0,0,0.00010834,0.015631575000000002,0,0.015631575000000002,PREFIX_ASTAR,0.0069308435010547549,0.0069308435010547549,126,65,61,65,1,65,64,368,1,1,327,536870912,0,0,0,0
random_linear,"RLC_n64_k48",0.75,64,48,0.0050000000000000001,2,0,30,1,1,1,0,0,7.8559000000000005e-05,0.046765164999999997,0,0.046765164999999997,PREFIX_ASTAR,0.0016798614951962644,0.0016798614951962644,128,65,63,65,1,65,64,1022,1,1,940,536870912,0,0,0,0
random_linear,"RLC_n64_k48",0.75,64,48,0.0050000000000000001,3,0,45,1,1,1,0,0,8.5358000000000005e-05,0.041969281999999997,0,0.041969281999999997,PREFIX_ASTAR,0.0020338208311497922,0.0020338208311497922,128,65,63,65,1,65,64,871,1,1,797,536870912,0,0,0,0
random_linear,"RLC_n64_k48",0.75,64,48,0.0050000000000000001,4,0,40,1,1,1,0,0,8.1620999999999997e-05,0.0023486729999999999,0,0.0023486729999999999,PREFIX_ASTAR,0.034751964194249266,0.034751964194249266,120,61,59,61,1,61,64,66,1,1,49,536870912,0,0,0,0
random_linear,"RLC_n64_k48",0.75,64,48,0.0050000000000000001,5,0,56,1,1,1,0,0,8.3101000000000003e-05,0.028224613999999999,0,0.028224613999999999,PREFIX_ASTAR,0.0029442741006130324,0.0029442741006130324,128,65,63,65,1,65,64,627,1,1,562,536870912,0,0,0,0
random_linear,"RLC_n64_k48",0.75,64,48,0.0050000000000000001,6,0,14,1,1,1,0,0,8.3028000000000005e-05,0.014877549,0,0.014877549,PREFIX_ASTAR,0.0055807579595268013,0.0055807579595268013,126,64,62,64,1,64,64,324,1,1,283,536870912,0,0,0,0
random_linear,"RLC_n64_k48",0.75,64,48,0.0050000000000000001,7,0,24,1,1,1,0,0,8.2987999999999999e-05,0.045701599000000002,0,0.045701599000000002,PREFIX_ASTAR,0.0018158664426599165,0.0018158664426599165,128,65,63,65,1,65,64,929,1,1,845,536870912,0,0,0,0
random_linear,"RLC_n64_k48",0.75,64,48,0.0050000000000000001,8,1,31,1,1,1,0,0,0.0026915300000000001,0.41979400100000003,0,0.41979400100000003,PREFIX_ASTAR,0.0064115494589928644,0.0064115494589928644,8190,3942,4248,3942,1,3942,64,9185,1,1,8094,536870912,0,0,0,0
random_linear,"RLC_n64_k48",0.75,64,48,0.0050000000000000001,9,0,30,1,1,1,0,0,9.3041000000000006e-05,0.0047197769999999997,0,0.0047197769999999997,PREFIX_ASTAR,0.019713007627267139,0.019713007627267139,123,64,59,64,1,64,64,116,1,1,93,536870912,0,0,0,0
random_linear,"RLC_n64_k48",0.75,64,48,0.0050000000000000001,10,0,54,1,1,1,0,0,8.3652999999999993e-05,0.0095621979999999992,0,0.0095621979999999992,PREFIX_ASTAR,0.0087483024300479863,0.0087483024300479863,126,65,61,65,1,65,64,225,1,1,195,536870912,0,0,0,0
random_linear,"RLC_n64_k48",0.75,64,48,0.0050000000000000001,11,0,45,1,1,1,0,0,8.7127999999999997e-05,0.034387241999999998,0,0.034387241999999998,PREFIX_ASTAR,0.0025337303875664118,0.0025337303875664118,127,64,63,64,1,64,64,704,1,1,633,536870912,0,0,0,0
random_linear,"RLC_n64_k48",0.75,64,48,0.0050000000000000001,12,0,5,1,1,1,0,0,8.4278999999999997e-05,0.006169267,0,0.006169267,PREFIX_ASTAR,0.013661104309474691,0.013661104309474691,125,65,60,65,1,65,64,144,1,1,121,536870912,0,0,0,0
random_linear,"RLC_n64_k48",0.75,64,48,0.0050000000000000001,13,0,4,1,1,1,0,0,8.4726000000000002e-05,0.012319129,0,0.012319129,PREFIX_ASTAR,0.0068775966222936703,0.0068775966222936703,126,63,63,63,1,63,64,267,1,1,234,536870912,0,0,0,0
random_linear,"RLC_n64_k48",0.75,64,48,0.0050000000000000001,14,0,44,1,1,1,0,0,8.5006000000000006e-05,0.034042645000000003,0,0.034042645000000003,PREFIX_ASTAR,0.0024970445157830715,0.0024970445157830715,127,65,62,65,1,65,64,697,1,1,629,536870912,0,0,0,0
random_linear,"RLC_n64_k48",0.75,64,48,0.0050000000000000001,15,1,24,1,1,1,0,0,0.0027107020000000002,0.68349079199999996,0,0.68349079199999996,PREFIX_ASTAR,0.0039659671084493562,0.0039659671084493562,8191,3992,4199,3992,1,3992,64,14469,1,1,12838,536870912,0,0,0,0
random_linear,"RLC_n64_k48",0.75,64,48,0.0050000000000000001,16,0,36,1,1,1,0,0,9.1073e-05,0.039560861000000003,0,0.039560861000000003,PREFIX_ASTAR,0.0023020985311720085,0.0023020985311720085,128,65,63,65,1,65,64,811,1,1,734,536870912,0,0,0,0
random_linear,"RLC_n64_k48",0.75,64,48,0.0050000000000000001,17,0,44,1,1,1,0,0,8.6108999999999998e-05,0.0024436509999999998,0,0.0024436509999999998,PREFIX_ASTAR,0.035237846975693342,0.035237846975693342,122,62,60,62,1,62,64,69,1,1,50,536870912,0,0,0,0
random_linear,"RLC_n64_k48",0.75,64,48,0.0050000000000000001,18,0,41,1,1,1,0,0,8.3622999999999995e-05,0.058285502000000003,0,0.058285502000000003,PREFIX_ASTAR,0.0014347135587851674,0.0014347135587851674,128,65,63,65,1,65,64,1247,1,1,1131,536870912,0,0,0,0
random_linear,"RLC_n64_k48",0.75,64,48,0.0050000000000000001,19,0,22,1,1,1,0,0,8.7793000000000005e-05,0.010209676000000001,0,0.010209676000000001,PREFIX_ASTAR,0.0085989996156587145,0.0085989996156587145,124,64,60,64,1,64,64,240,1,1,210,536870912,0,0,0,0
random_linear,"RLC_n64_k48",0.75,64,48,0.0050000000000000001,20,0,35,1,1,1,0,0,8.3826999999999995e-05,0.056336755000000002,0,0.056336755000000002,PREFIX_ASTAR,0.0014879628761010461,0.0014879628761010461,128,65,63,65,1,65,64,1174,1,1,1065,536870912,0,0,0,0
random_linear,"RLC_n64_k48",0.75,64,48,0.0050000000000000001,21,0,20,1,1,1,0,0,8.2819999999999996e-05,0.0036780070000000001,0,0.0036780070000000001,PREFIX_ASTAR,0.022517629792439219,0.022517629792439219,123,64,59,64,1,64,64,92,1,1,74,536870912,0,0,0,0
random_linear,"RLC_n64_k48",0.75,64,48,0.0050000000000000001,22,0,1,1,1,1,0,0,8.5267999999999997e-05,0.033088401000000003,0,0.033088401000000003,PREFIX_ASTAR,0.0025769755389509451,0.0025769755389509451,127,65,62,65,1,65,64,692,1,1,621,536870912,0,0,0,0
random_linear,"RLC_n64_k48",0.75,64,48,0.0050000000000000001,23,0,23,1,1,1,0,0,8.1006000000000003e-05,0.053911255999999998,0,0.053911255999999998,PREFIX_ASTAR,0.0015025804629741886,0.0015025804629741886,128,65,63,65,1,65,64,1158,1,1,1062,536870912,0,0,0,0
random_linear,"RLC_n64_k48",0.75,64,48,0.0050000000000000001,24,0,38,1,1,1,0,0,7.6849999999999998e-05,0.010814417999999999,0,0.010814417999999999,PREFIX_ASTAR,0.0071062538917951949,0.0071062538917951949,126,63,63,63,1,63,64,258,1,1,225,536870912,0,0,0,0
random_linear,"RLC_n64_k48",0.75,64,48,0.0050000000000000001,25,0,39,1,1,1,0,0,7.8844999999999995e-05,0.0084404300000000005,0,0.0084404300000000005,PREFIX_ASTAR,0.0093413487227546454,0.0093413487227546454,126,64,62,64,1,64,64,210,1,1,172,536870912,0,0,0,0
random_linear,"RLC_n64_k48",0.75,64,48,0.0050000000000000001,26,0,43,1,1,1,0,0,7.6619000000000006e-05,0.031928442000000001,0,0.031928442000000001,PREFIX_ASTAR,0.0023997099513969394,0.0023997099513969394,127,65,62,65,1,65,64,717,1,1,628,536870912,0,0,0,0
random_linear,"RLC_n64_k48",0.75,64,48,0.0050000000000000001,27,0,43,1,1,1,0,0,8.5623000000000003e-05,0.003991886,0,0.003991886,PREFIX_ASTAR,0.021449259823552076,0.021449259823552076,124,63,61,63,1,63,64,106,1,1,85,536870912,0,0,0,0
random_linear,"RLC_n64_k48",0.75,64,48,0.0050000000000000001,28,1,14,1,1,1,0,0,0.0024840959999999999,0.39252559199999998,0,0.39252559199999998,PREFIX_ASTAR,0.0063284943724127929,0.0063284943724127929,8190,3949,4241,3949,1,3949,64,8561,1,1,7627,536870912,0,0,0,0
random_linear,"RLC_n64_k48",0.75,64,48,0.0050000000000000001,29,1,15,1,1,1,0,0,0.0025180160000000001,0.58034809700000001,0,0.58034809700000001,PREFIX_ASTAR,0.0043388028891908296,0.0043388028891908296,8191,3967,4224,3967,1,3967,64,12650,1,1,11124,536870912,0,0,0,0
random_linear,"RLC_n64_k48",0.75,64,48,0.0050000000000000001,30,1,34,1,1,1,0,0,0.0025034390000000001,0.31808168999999997,0,0.31808168999999997,PREFIX_ASTAR,0.0078704278765621503,0.0078704278765621503,8189,3983,4206,3983,1,3983,64,6623,1,1,5881,536870912,0,0,0,0
random_linear,"RLC_n64_k48",0.75,64,48,0.0050000000000000001,31,0,56,1,1,1,0,0,8.9027e-05,0.01074309,0,0.01074309,PREFIX_ASTAR,0.0082869081428155206,0.0082869081428155206,125,63,62,63,1,63,64,278,1,1,244,536870912,0,0,0,0
random_linear,"RLC_n64_k48",0.75,64,48,0.0050000000000000001,32,0,52,1,1,1,0,0,7.9518000000000007e-05,0.031550863999999998,0,0.031550863999999998,PREFIX_ASTAR,0.0025203113296675492,0.0025203113296675492,128,65,63,65,1,65,64,699,1,1,641,536870912,0,0,0,0
random_linear,"RLC_n64_k48",0.75,64,48,0.0050000000000000001,33,0,11,1,1,1,0,0,8.0358000000000005e-05,0.0082309070000000008,0,0.0082309070000000008,PREFIX_ASTAR,0.0097629580798325143,0.0097629580798325143,125,64,61,64,1,64,64,212,1,1,184,536870912,0,0,0,0
random_linear,"RLC_n64_k48",0.75,64,48,0.0050000000000000001,34,0,10,1,1,1,0,0,8.4568999999999996e-05,0.017002877,0,0.017002877,PREFIX_ASTAR,0.0049738053154180905,0.0049738053154180905,126,65,61,65,1,65,64,382,1,1,340,536870912,0,0,0,0
random_linear,"RLC_n64_k48",0.75,64,48,0.0050000000000000001,35,2,47,1,1,1,0,0,0.079215827000000003,4.2845029300000004,0,4.2845029300000004,PREFIX_ASTAR,0.018488918853417611,0.018488918853417611,258172,117719,140453,117719,3,117719,64,91458,1,1,77014,536870912,0,0,0,0
random_linear,"RLC_n64_k48",0.75,64,48,0.0050000000000000001,36,0,47,1,1,1,0,0,7.9198999999999998e-05,0.043059216999999997,0,0.043059216999999997,PREFIX_ASTAR,0.0018393042307295092,0.0018393042307295092,128,65,63,65,1,65,64,944,1,1,859,536870912,0,0,0,0
random_linear,"RLC_n64_k48",0.75,64,48,0.0050000000000000001,37,1,33,1,1,1,0,0,0.0025798290000000001,0.17485340899999999,0,0.17485340899999999,PREFIX_ASTAR,0.014754239078061098,0.014754239078061098,8188,3984,4204,3984,1,3984,64,3729,1,1,3352,536870912,0,0,0,0
random_linear,"RLC_n64_k48",0.75,64,48,0.0050000000000000001,38,1,60,1,1,1,0,0,0.0026592920000000002,0.17457238,0,0.17457238,PREFIX_ASTAR,0.015233177207070214,0.015233177207070214,8187,3967,4220,3967,1,3967,64,3929,1,1,3560,536870912,0,0,0,0
random_linear,"RLC_n64_k48",0.75,64,48,0.0050000000000000001,39,0,55,1,1,1,0,0,8.0068000000000007e-05,0.012691668999999999,0,0.012691668999999999,PREFIX_ASTAR,0.0063087053404875283,0.0063087053404875283,127,64,63,64,1,64,64,317,1,1,284,536870912,0,0,0,0
random_linear,"RLC_n64_k48",0.75,64,48,0.0050000000000000001,40,0,4,1,1,1,0,0,7.8912999999999995e-05,0.046207000999999998,0,0.046207000999999998,PREFIX_ASTAR,0.001707814796290285,0.001707814796290285,128,65,63,65,1,65,64,1022,1,1,938,536870912,0,0,0,0
random_linear,"RLC_n64_k48",0.75,64,48,0.0050000000000000001,41,1,27,1,1,1,0,0,0.0024615050000000001,1.2236507329999999,0,1.2236507329999999,PREFIX_ASTAR,0.0020116075066331858,0.0020116075066331858,8192,3952,4240,3952,1,3952,64,25577,1,1,22096,536870912,0,0,0,0
random_linear,"RLC_n64_k48",0.75,64,48,0.0050000000000000001,42,0,62,1,1,1,0,0,7.7496999999999993e-05,0.015429284,0,0.015429284,PREFIX_ASTAR,0.0050227217283705453,0.0050227217283705453,127,65,62,65,1,65,64,379,1,1,333,536870912,0,0,0,0
random_linear,"RLC_n64_k48",0.75,64,48,0.0050000000000000001,43,0,56,1,1,1,0,0,7.7830999999999994e-05,0.00249424,0,0.00249424,PREFIX_ASTAR,0.031204294694977226,0.031204294694977226,123,62,61,62,1,62,64,74,1,1,54,536870912,0,0,0,0
random_linear,"RLC_n64_k48",0.75,64,48,0.0050000000000000001,44,1,59,1,1,1,0,0,0.002621408,1.553049439,0,1.553049439,PREFIX_ASTAR,0.0016879102069589686,0.0016879102069589686,8192,3974,4218,3974,1,3974,64,31731,1,1,27835,536870912,0,0,0,0
random_linear,"RLC_n64_k48",0.75,64,48,0.0050000000000000001,45,0,6,1,1,1,0,0,7.9802999999999995e-05,0.045847221000000001,0,0.045847221000000001,PREFIX_ASTAR,0.0017406289467359426,0.0017406289467359426,128,65,63,65,1,65,64,1015,1,1,914,536870912,0,0,0,0
random_linear,"RLC_n64_k48",0.75,64,48,0.0050000000000000001,46,1,56,1,1,1,0,0,0.0027087190000000001,0.42122294100000002,0,0.42122294100000002,PREFIX_ASTAR,0.0064306065419167183,0.0064306065419167183,8190,3989,4201,3989,1,3989,64,8803,1,1,7781,536870912,0,0,0,0
random_linear,"RLC_n64_k48",0.75,64,48,0.0050000000000000001,47,0,19,1,1,1,0,0,7.9048999999999995e-05,0.036122873,0,0.036122873,PREFIX_ASTAR,0.0021883364592843986,0.0021883364592843986,128,65,63,65,1,65,64,803,1,1,717,536870912,0,0,0,0
random_linear,"RLC_n64_k48",0.75,64,48,0.0050000000000000001,48,1,47,1,1,1,0,0,0.002462957,0.26555259399999998,0,0.26555259399999998,PREFIX_ASTAR,0.0092748369085786462,0.0092748369085786462,8189,3986,4203,3986,1,3986,64,5786,1,1,5149,536870912,0,0,0,0
random_linear,"RLC_n64_k48",0.75,64,48,0.0050000000000000001,49,1,54,1,1,1,0,0,0.002462948,0.79566714100000002,0,0.79566714100000002,PREFIX_ASTAR,0.0030954501864995324,0.0030954501864995324,8191,3965,4226,3965,1,3965,64,16677,1,1,14797,536870912,0,0,0,0
random_linear,"RLC_n64_k48",0.75,64,48,0.0050000000000000001,50,1,44,1,1,1,0,0,0.0026698429999999999,0.17202358300000001,0,0.17202358300000001,PREFIX_ASTAR,0.015520215039353063,0.015520215039353063,8188,3954,4234,3954,1,3954,64,3858,1,1,3490,536870912,0,0,0,0
random_linear,"RLC_n64_k48",0.75,64,48,0.0050000000000000001,51,1,24,1,1,1,0,0,0.0024853050000000002,0.77373692299999997,0,0.77373692299999997,PREFIX_ASTAR,0.0032120801348910167,0.0032120801348910167,8191,3994,4197,3994,1,3994,64,16533,1,1,14492,536870912,0,0,0,0
random_linear,"RLC_n64_k48",0.75,64,48,0.0050000000000000001,52,1,40,1,1,1,0,0,0.0024520420000000002,0.37942536500000001,0,0.37942536500000001,PREFIX_ASTAR,0.0064625147029904028,0.0064625147029904028,8190,3982,4208,3982,1,3982,64,8292,1,1,7377,536870912,0,0,0,0
random_linear,"RLC_n64_k48",0.75,64,48,0.0050000000000000001,53,0,57,1,1,1,0,0,8.2212999999999994e-05,0.0037557509999999999,0,0.0037557509999999999,PREFIX_ASTAR,0.021889896321667757,0.021889896321667757,123,64,59,64,1,64,64,99,1,1,80,536870912,0,0,0,0
random_linear,"RLC_n64_k48",0.75,64,48,0.0050000000000000001,54,1,53,1,1,1,0,0,0.0024961530000000001,1.764456359,0,1.764456359,PREFIX_ASTAR,0.001414686731846792,0.001414686731846792,8192,3994,4198,3994,1,3994,64,35541,1,1,31311,536870912,0,0,0,0
random_linear,"RLC_n64_k48",0.75,64,48,0.0050000000000000001,55,2,38,1,1,1,0,0,0.080378600999999994,7.5314097289999999,0,7.5314097289999999,PREFIX_ASTAR,0.010672450961006531,0.010672450961006531,258174,120393,137781,120393,4,120393,64,154117,1,1,131459,536870912,0,0,0,0
random_linear,"RLC_n64_k48",0.75,64,48,0.0050000000000000001,56,0,0,1,1,1,0,0,8.0340999999999995e-05,0.0095308670000000002,0,0.0095308670000000002,PREFIX_ASTAR,0.008429558402189433,0.008429558402189433,125,63,62,63,1,63,64,208,1,1,178,536870912,0,0,0,0
random_linear,"RLC_n64_k48",0.75,64,48,0.0050000000000000001,57,0,11,1,1,1,0,0,7.7097999999999999e-05,0.036636309999999998,0,0.036636309999999998,PREFIX_ASTAR,0.0021044149915752978,0.0021044149915752978,127,65,62,65,1,65,64,790,1,1,711,536870912,0,0,0,0
random_linear,"RLC_n64_k48",0.75,64,48,0.0050000000000000001,58,1,54,1,1,1,0,0,0.0024992819999999998,0.60789117199999998,0,0.60789117199999998,PREFIX_ASTAR,0.0041113970972422673,0.0041113970972422673,8190,3991,4199,3991,1,3991,64,12903,1,1,11540,536870912,0,0,0,0
random_linear,"RLC_n64_k48",0.75,64,48,0.0050000000000000001,59,1,31,1,1,1,0,0,8.0314000000000004e-05,0.034570166999999999,0,0.034570166999999999,PREFIX_ASTAR,0.0023232170096256694,0.0023232170096256694,128,65,63,65,1,65,64,787,1,1,708,536870912,0,0,0,0
random_linear,"RLC_n64_k48",0.75,64,48,0.0050000000000000001,60,0,7,1,1,1,0,0,7.9614e-05,0.0054356939999999996,0,0.0054356939999999996,PREFIX_ASTAR,0.01464651983720938,0.01464651983720938,124,64,60,64,1,64,64,143,1,1,120,536870912,0,0,0,0
random_linear,"RLC_n64_k48",0.75,64,48,0.0050000000000000001,61,0,22,1,1,1,0,0,7.8381999999999996e-05,0.021419491999999998,0,0.021419491999999998,PREFIX_ASTAR,0.0036593771691690916,0.0036593771691690916,127,65,62,65,1,65,64,500,1,1,439,536870912,0,0,0,0
random_linear,"RLC_n64_k48",0.75,64,48,0.0050000000000000001,62,0,55,1,1,1,0,0,8.0679000000000005e-05,0.053830792000000002,0,0.053830792000000002,PREFIX_ASTAR,0.0014987518667754322,0.0014987518667754322,128,65,63,65,1,65,64,1137,1,1,1045,536870912,0,0,0,0
random_linear,"RLC_n64_k48",0.75,64,48,0.0050000000000000001,63,1,54,1,1,1,0,0,0.0026181339999999998,1.69175275,0,1.69175275,PREFIX_ASTAR,0.0015475866671415192,0.0015475866671415192,8192,3977,4215,3977,1,3977,64,34330,1,1,30190,536870912,0,0,0,0
random_linear,"RLC_n64_k48",0.75,64,48,0.0050000000000000001,64,1,33,1,1,1,0,0,0.0025963430000000001,0.192639531,0,0.192639531,PREFIX_ASTAR,0.013477726957298292,0.013477726957298292,8188,3981,4207,3981,1,3981,64,4340,1,1,3836,536870912,0,0,0,0
random_linear,"RLC_n64_k48",0.75,64,48,0.0050000000000000001,65,0,10,1,1,1,0,0,7.6266999999999993e-05,0.0074889320000000002,0,0.0074889320000000002,PREFIX_ASTAR,0.010183962145737201,0.010183962145737201,125,63,62,63,1,63,64,181,1,1,157,536870912,0,0,0,0
random_linear,"RLC_n64_k48",0.75,64,48,0.0050000000000000001,66,0,26,1,1,1,0,0,8.8585000000000007e-05,0.049524994000000003,0,0.049524994000000003,PREFIX_ASTAR,0.001788692796207103,0.001788692796207103,128,65,63,65,1,65,64,1107,1,1,996,536870912,0,0,0,0
random_linear,"RLC_n64_k48",0.75,64,48,0.0050000000000000001,67,0,39,1,1,1,0,0,8.2169000000000006e-05,0.020858583999999999,0,0.020858583999999999,PREFIX_ASTAR,0.0039393373970160201,0.0039393373970160201,127,65,62,65,1,65,64,474,1,1,427,536870912,0,0,0,0
random_linear,"RLC_n64_k48",0.75,64,48,0.0050000000000000001,68,0,59,1,1,1,0,0,8.0989000000000007e-05,0.04205358,0,0.04205358,PREFIX_ASTAR,0.0019258526860257796,0.0019258526860257796,128,65,63,65,1,65,64,965,1,1,872,536870912,0,0,0,0
random_linear,"RLC_n64_k48",0.75,64,48,0.0050000000000000001,69,2,36,1,1,1,0,0,0.078672332999999997,10.938336379000001,0,10.938336379000001,PREFIX_ASTAR,0.0071923490258572883,0.0071923490258572883,258175,119671,138504,119671,2,119671,64,224893,1,1,189378,536870912,0,0,0,0
random_linear,"RLC_n64_k48",0.75,64,48,0.0050000000000000001,70,0,5,1,1,1,0,0,7.8813999999999995e-05,0.038670485999999997,0,0.038670485999999997,PREFIX_ASTAR,0.0020380917891748246,0.0020380917891748246,128,65,63,65,1,65,64,854,1,1,657,536870912,0,0,0,0
random_linear,"RLC_n64_k48",0.75,64,48,0.0050000000000000001,71,0,33,1,1,1,0,0,8.3164999999999994e-05,0.007170956,0,0.007170956,PREFIX_ASTAR,0.011597477379585093,0.011597477379585093,125,65,60,65,1,65,64,175,1,1,147,536870912,0,0,0,0
random_linear,"RLC_n64_k48",0.75,64,48,0.0050000000000000001,72,1,23,1,1,1,0,0,0.0026744999999999998,0.81136864600000003,0,0.81136864600000003,PREFIX_ASTAR,0.0032962821686358334,0.0032962821686358334,8191,3971,4220,3971,1,3971,64,17108,1,1,15039,536870912,0,0,0,0
random_linear,"RLC_n64_k48",0.75,64,48,0.0050000000000000001,73,1,18,1,1,1,0,0,0.00245401,0.610197773,0,0.610197773,PREFIX_ASTAR,0.0040216633173454728,0.0040216633173454728,8191,3942,4249,3942,1,3942,64,13294,1,1,11575,536870912,0,0,0,0
random_linear,"RLC_n64_k48",0.75,64,48,0.0050000000000000001,74,0,63,1,1,1,0,0,8.6662999999999993e-05,0.061831589999999999,0,0.061831589999999999,PREFIX_ASTAR,0.0014015974682197239,0.0014015974682197239,128,65,63,65,1,65,64,1254,1,1,1131,536870912,0,0,0,0
random_linear,"RLC_n64_k48",0.75,64,48,0.0050000000000000001,75,1,17,1,1,1,0,0,0.0025314270000000002,0.33103446800000003,0,0.33103446800000003,PREFIX_ASTAR,0.0076470194034296149,0.0076470194034296149,8189,3962,4227,3962,1,3962,64,7286,1,1,6491,536870912,0,0,0,0
random_linear,"RLC_n64_k48",0.75,64,48,0.0050000000000000001,76,1,13,1,1,1,0,0,0.0025173130000000002,0.387849267,0,0.387849267,PREFIX_ASTAR,0.0064904415559975783,0.0064904415559975783,8190,3868,4322,3868,1,3868,64,7949,1,1,7027,536870912,0,0,0,0
random_linear,"RLC_n64_k48",0.75,64,48,0.0050000000000000001,77,0,4,1,1,1,0,0,8.5412000000000001e-05,0.047556332,0,0.047556332,PREFIX_ASTAR,0.0017960174052111505,0.0017960174052111505,128,65,63,65,1,65,64,1010,1,1,928,536870912,0,0,0,0
random_linear,"RLC_n64_k48",0.75,64,48,0.0050000000000000001,78,0,20,1,1,1,0,0,8.0785000000000007e-05,0.0036070669999999998,0,0.0036070669999999998,PREFIX_ASTAR,0.022396312571959436,0.022396312571959436,122,64,58,64,1,64,64,94,1,1,75,536870912,0,0,0,0
random_linear,"RLC_n64_k48",0.75,64,48,0.0050000000000000001,79,1,11,1,1,1,0,0,0.0026257910000000001,0.77118376899999996,0,0.77118376899999996,PREFIX_ASTAR,0.0034048836419429363,0.0034048836419429363,8191,3954,4237,3954,1,3954,64,16131,1,1,14042,536870912,0,0,0,0
random_linear,"RLC_n64_k48",0.75,64,48,0.0050000000000000001,80,0,17,1,1,1,0,0,7.8254e-05,0.032433402,0,0.032433402,PREFIX_ASTAR,0.0024127595372203017,0.0024127595372203017,128,65,63,65,1,65,64,779,1,1,710,536870912,0,0,0,0
random_linear,"RLC_n64_k48",0.75,64,48,0.0050000000000000001,81,1,55,1,1,1,0,0,0.0025072800000000002,0.64082990900000003,0,0.64082990900000003,PREFIX_ASTAR,0.0039125514661332702,0.0039125514661332702,8191,3984,4207,3984,1,3984,64,13705,1,1,12111,536870912,0,0,0,0
random_linear,"RLC_n64_k48",0.75,64,48,0.0050000000000000001,82,0,45,1,1,1,0,0,7.6446999999999995e-05,0.048137314,0,0.048137314,PREFIX_ASTAR,0.0015881027346062557,0.0015881027346062557,128,65,63,65,1,65,64,1036,1,1,946,536870912,0,0,0,0
random_linear,"RLC_n64_k48",0.75,64,48,0.0050000000000000001,83,0,55,1,1,1,0,0,8.4099999999999998e-05,0.022642273000000001,0,0.022642273000000001,PREFIX_ASTAR,0.003714291405284266,0.003714291405284266,127,65,62,65,1,65,64,515,1,1,462,536870912,0,0,0,0
random_linear,"RLC_n64_k48",0.75,64,48,0.0050000000000000001,84,0,21,1,1,1,0,0,8.8774000000000001e-05,0.044371939999999999,0,0.044371939999999999,PREFIX_ASTAR,0.0020006788073724069,0.0020006788073724069,128,65,63,65,1,65,64,984,1,1,898,536870912,0,0,0,0
random_linear,"RLC_n64_k48",0.75,64,48,0.0050000000000000001,85,0,25,1,1,1,0,0,8.5222000000000005e-05,0.004253377,0,0.004253377,PREFIX_ASTAR,0.02003631467419888,0.02003631467419888,123,65,58,65,1,65,64,115,1,1,93,536870912,0,0,0,0
random_linear,"RLC_n64_k48",0.75,64,48,0.0050000000000000001,86,0,28,1,1,1,0,0,7.6247000000000004e-05,0.026434695000000001,0,0.026434695000000001,PREFIX_ASTAR,0.0028843533091643388,0.0028843533091643388,127,65,62,65,1,65,64,589,1,1,524,536870912,0,0,0,0
random_linear,"RLC_n64_k48",0.75,64,48,0.0050000000000000001,87,0,11,1,1,1,0,0,8.3165999999999996e-05,0.016797103000000001,0,0.016797103000000001,PREFIX_ASTAR,0.004951210932027981,0.004951210932027981,126,64,62,64,1,64,64,398,1,1,356,536870912,0,0,0,0
random_linear,"RLC_n64_k48",0.75,64,48,0.0050000000000000001,88,1,34,1,1,1,0,0,0.0026856879999999999,1.076792508,0,1.076792508,PREFIX_ASTAR,0.0024941555406884385,0.0024941555406884385,8192,3921,4271,3921,1,3921,64,22524,1,1,20016,536870912,0,0,0,0
random_linear,"RLC_n64_k48",0.75,64,48,0.0050000000000000001,89,1,6,1,1,1,0,0,0.0025426450000000001,1.062240812,0,1.062240812,PREFIX_ASTAR,0.002393661560802467,0.002393661560802467,8191,3974,4217,3974,1,3974,64,21783,1,1,19304,536870912,0,0,0,0
random_linear,"RLC_n64_k48",0.75,64,48,0.0050000000000000001,90,0,18,1,1,1,0,0,7.6525000000000003e-05,0.0040704850000000004,0,0.0040704850000000004,PREFIX_ASTAR,0.018799971010825488,0.018799971010825488,125,64,61,64,1,64,64,108,1,1,84,536870912,0,0,0,0
random_linear,"RLC_n64_k48",0.75,64,48,0.0050000000000000001,91,0,17,1,1,1,0,0,7.6024000000000003e-05,0.0087783689999999994,0,0.0087783689999999994,PREFIX_ASTAR,0.0086603787104415422,0.0086603787104415422,126,64,62,64,1,64,64,207,1,1,181,536870912,0,0,0,0
random_linear,"RLC_n64_k48",0.75,64,48,0.0050000000000000001,92,0,33,1,1,1,0,0,7.8856000000000005e-05,0.023306044000000001,0,0.023306044000000001,PREFIX_ASTAR,0.0033835000054063227,0.0033835000054063227,127,64,63,64,1,64,64,534,1,1,467,536870912,0,0,0,0
random_linear,"RLC_n64_k48",0.75,64,48,0.0050000000000000001,93,1,21,1,1,1,0,0,0.0025169490000000001,1.280366128,0,1.280366128,PREFIX_ASTAR,0.0019658041125561548,0.0019658041125561548,8192,3955,4237,3955,1,3955,64,26129,1,1,22509,536870912,0,0,0,0
random_linear,"RLC_n64_k48",0.75,64,48,0.0050000000000000001,94,0,18,1,1,1,0,0,8.6341999999999994e-05,0.043912886999999998,0,0.043912886999999998,PREFIX_ASTAR,0.0019662109667260091,0.0019662109667260091,128,65,63,65,1,65,64,912,1,1,805,536870912,0,0,0,0
random_linear,"RLC_n64_k48",0.75,64,48,0.0050000000000000001,95,0,45,1,1,1,0,0,8.2701999999999995e-05,0.01758268,0,0.01758268,PREFIX_ASTAR,0.0047036060486797234,0.0047036060486797234,126,63,63,63,1,63,64,377,1,1,336,536870912,0,0,0,0
random_linear,"RLC_n64_k48",0.75,64,48,0.0050000000000000001,96,0,52,1,1,1,0,0,8.2892000000000005e-05,0.020900994999999999,0,0.020900994999999999,PREFIX_ASTAR,0.0039659355930184194,0.0039659355930184194,127,64,63,64,1,64,64,437,1,1,400,536870912,0,0,0,0
random_linear,"RLC_n64_k48",0.75,64,48,0.0050000000000000001,97,0,11,1,1,1,0,0,8.3016000000000006e-05,0.035322234000000001,0,0.035322234000000001,PREFIX_ASTAR,0.0023502477221570982,0.0023502477221570982,128,65,63,65,1,65,64,810,1,1,725,536870912,0,0,0,0
random_linear,"RLC_n64_k48",0.75,64,48,0.0050000000000000001,98,0,4,1,1,1,0,0,8.3838000000000006e-05,0.0054234549999999998,0,0.0054234549999999998,PREFIX_ASTAR,0.015458411658251061,0.015458411658251061,123,62,61,62,1,62,64,127,1,1,108,536870912,0,0,0,0
random_linear,"RLC_n64_k48",0.75,64,48,0.0050000000000000001,99,0,58,1,1,1,0,0,8.4571000000000001e-05,0.019931937,0,0.019931937,PREFIX_ASTAR,0.0042429895298184018,0.0042429895298184018,127,65,62,65,1,65,64,441,1,1,399,536870912,0,0,0,0
random_linear,"RLC_n64_k48",0.75,64,48,0.0050000000000000001,100,2,13,1,1,1,0,0,0.080925179,3.7600840830000002,0,3.7600840830000002,PREFIX_ASTAR,0.021522172699774703,0.021522172699774703,258172,120699,137473,120699,4,120699,64,78400,1,1,68471,536870912,0,0,0,0
random_linear,"RLC_n64_k48",0.75,64,48,0.0050000000000000001,101,0,52,1,1,1,0,0,8.0081999999999997e-05,0.011076674,0,0.011076674,PREFIX_ASTAR,0.0072297875698066043,0.0072297875698066043,126,64,62,64,1,64,64,264,1,1,229,536870912,0,0,0,0
random_linear,"RLC_n64_k48",0.75,64,48,0.0050000000000000001,102,1,3,1,1,1,0,0,0.0025241119999999998,0.85943109600000001,0,0.85943109600000001,PREFIX_ASTAR,0.0029369567982213199,0.0029369567982213199,8191,3973,4218,3973,1,3973,64,17442,1,1,15343,536870912,0,0,0,0
random_linear,"RLC_n64_k48",0.75,64,48,0.0050000000000000001,103,0,60,1,1,1,0,0,9.5995000000000005e-05,0.013180021,0,0.013180021,PREFIX_ASTAR,0.0072833723102565624,0.0072833723102565624,126,64,62,64,1,64,64,321,1,1,276,536870912,0,0,0,0
random_linear,"RLC_n64_k48",0.75,64,48,0.0050000000000000001,104,0,47,1,1,1,0,0,7.4400999999999995e-05,0.0021968679999999998,0,0.0021968679999999998,PREFIX_ASTAR,0.033866850443449496,0.033866850443449496,123,63,60,63,1,63,64,66,1,1,49,536870912,0,0,0,0
random_linear,"RLC_n64_k48",0.75,64,48,0.0050000000000000001,105,1,8,1,1,1,0,0,0.0025317600000000001,0.69841725700000001,0,0.69841725700000001,PREFIX_ASTAR,0.0036249963394017338,0.0036249963394017338,8191,3984,4207,3984,1,3984,64,14693,1,1,12707,536870912,0,0,0,0
random_linear,"RLC_n64_k48",0.75,64,48,0.0050000000000000001,106,0,37,1,1,1,0,0,7.6094999999999996e-05,0.0078719150000000002,0,0.0078719150000000002,PREFIX_ASTAR,0.0096666440122892584,0.0096666440122892584,125,63,62,63,1,63,64,198,1,1,172,536870912,0,0,0,0
random_linear,"RLC_n64_k48",0.75,64,48,0.0050000000000000001,107,1,39,1,1,1,0,0,0.0026557690000000001,0.94882844300000002,0,0.94882844300000002,PREFIX_ASTAR,0.0027989980903217926,0.0027989980903217926,8191,3991,4200,3991,1,3991,64,19442,1,1,17100,536870912,0,0,0,0
random_linear,"RLC_n64_k48",0.75,64,48,0.0050000000000000001,108,2,22,1,1,1,0,0,0.082490712999999993,7.7131621409999997,0,7.7131621409999997,PREFIX_ASTAR,0.010694798254209291,0.010694798254209291,258174,120578,137596,120578,3,120578,64,159580,1,1,134660,536870912,0,0,0,0
random_linear,"RLC_n64_k48",0.75,64,48,0.0050000000000000001,109,0,35,1,1,1,0,0,8.2065999999999997e-05,0.019597395,0,0.019597395,PREFIX_ASTAR,0.0041875973822030933,0.0041875973822030933,127,64,63,64,1,64,64,433,1,1,389,536870912,0,0,0,0
random_linear,"RLC_n64_k48",0.75,64,48,0.0050000000000000001,110,0,11,1,1,1,0,0,8.1605000000000002e-05,0.0097303419999999995,0,0.0097303419999999995,PREFIX_ASTAR,0.0083866528021317235,0.0083866528021317235,125,64,61,64,1,64,64,226,1,1,202,536870912,0,0,0,0
random_linear,"RLC_n64_k48",0.75,64,48,0.0050000000000000001,111,1,40,1,1,1,0,0,0.0025935450000000001,0.155610203,0,0.155610203,PREFIX_ASTAR,0.016666934108427324,0.016666934108427324,8187,3983,4204,3983,2,3983,64,3497,1,1,3162,536870912,0,0,0,0
random_linear,"RLC_n64_k48",0.75,64,48,0.0050000000000000001,112,0,5,1,1,1,0,0,7.4969000000000007e-05,0.0061246219999999997,0,0.0061246219999999997,PREFIX_ASTAR,0.012240592154095389,0.012240592154095389,125,63,62,63,1,63,64,157,1,1,134,536870912,0,0,0,0
random_linear,"RLC_n64_k48",0.75,64,48,0.0050000000000000001,113,1,33,1,1,1,0,0,0.002440027,0.32928892100000001,0,0.32928892100000001,PREFIX_ASTAR,0.0074099881422976877,0.0074099881422976877,8189,3983,4206,3983,1,3983,64,6741,1,1,6038,536870912,0,0,0,0
random_linear,"RLC_n64_k48",0.75,64,48,0.0050000000000000001,114,1,3,1,1,1,0,0,0.0025338299999999999,0.27248010299999997,0,0.27248010299999997,PREFIX_ASTAR,0.0092991377062126256,0.0092991377062126256,8189,3974,4215,3974,1,3974,64,5947,1,1,4732,536870912,0,0,0,0
random_linear,"RLC_n64_k48",0.75,64,48,0.0050000000000000001,115,2,6,1,1,1,0,0,0.087359649999999997,4.9309201229999999,0,4.9309201229999999,PREFIX_ASTAR,0.017716703540281622,0.017716703540281622,258173,120206,137967,120206,2,120206,64,101178,1,1,84220,536870912,0,0,0,0
random_linear,"RLC_n64_k48",0.75,64,48,0.0050000000000000001,116,0,31,1,1,1,0,0,8.7977000000000001e-05,0.029381783000000002,0,0.029381783000000002,PREFIX_ASTAR,0.0029942702932630057,0.0029942702932630057,127,65,62,65,1,65,64,612,1,1,553,536870912,0,0,0,0
random_linear,"RLC_n64_k48",0.75,64,48,0.0050000000000000001,117,0,12,1,1,1,0,0,8.2985000000000006e-05,0.046633527000000001,0,0.046633527000000001,PREFIX_ASTAR,0.0017795136962297535,0.0017795136962297535,128,65,63,65,1,65,64,1029,1,1,901,536870912,0,0,0,0
random_linear,"RLC_n64_k48",0.75,64,48,0.0050000000000000001,118,2,48,1,1,1,0,0,0.080070740000000001,19.284684110000001,0,19.284684110000001,PREFIX_ASTAR,0.0041520379355594224,0.0041520379355594224,258175,120416,137759,120416,3,120416,64,387024,1,1,322652,536870912,0,0,0,0
random_linear,"RLC_n64_k48",0.75,64,48,0.0050000000000000001,119,0,47,1,1,1,0,0,8.6409000000000006e-05,0.0084766800000000003,0,0.0084766800000000003,PREFIX_ASTAR,0.010193731508090432,0.010193731508090432,124,65,59,65,1,65,64,214,1,1,186,536870912,0,0,0,0
random_linear,"RLC_n64_k48",0.75,64,48,0.0050000000000000001,120,0,47,1,1,1,0,0,8.4231e-05,0.020379153000000001,0,0.020379153000000001,PREFIX_ASTAR,0.0041331943481655005,0.0041331943481655005,127,64,63,64,1,64,64,443,1,1,400,536870912,0,0,0,0
random_linear,"RLC_n64_k48",0.75,64,48,0.0050000000000000001,121,0,38,1,1,1,0,0,8.5785999999999995e-05,0.056590066000000001,0,0.056590066000000001,PREFIX_ASTAR,0.0015159197729156207,0.0015159197729156207,128,65,63,65,1,65,64,1211,1,1,1091,536870912,0,0,0,0
random_linear,"RLC_n64_k48",0.75,64,48,0.0050000000000000001,122,0,26,1,1,1,0,0,7.8602000000000004e-05,0.015106771999999999,0,0.015106771999999999,PREFIX_ASTAR,0.005203096995175409,0.005203096995175409,127,64,63,64,1,64,64,348,1,1,308,536870912,0,0,0,0
random_linear,"RLC_n64_k48",0.75,64,48,0.0050000000000000001,123,0,11,1,1,1,0,0,8.2621999999999996e-05,0.049789153000000003,0,0.049789153000000003,PREFIX_ASTAR,0.001659437749423052,0.001659437749423052,128,65,63,65,1,65,64,1093,1,1,943,536870912,0,0,0,0
random_linear,"RLC_n64_k48",0.75,64,48,0.0050000000000000001,124,1,4,1,1,1,0,0,0.0024123059999999999,0.57015695,0,0.57015695,PREFIX_ASTAR,0.0042309507934613442,0.0042309507934613442,8190,4000,4190,4000,1,4000,64,11490,1,1,9953,536870912,0,0,0,0
random_linear,"RLC_n64_k48",0.75,64,48,0.0050000000000000001,125,1,25,1,1,1,0,0,0.0024944440000000002,1.4952193789999999,0,1.4952193789999999,PREFIX_ASTAR,0.001668279608353043,0.001668279608353043,8192,3980,4212,3980,1,3980,64,31082,1,1,26981,536870912,0,0,0,0
random_linear,"RLC_n64_k48",0.75,64,48,0.0050000000000000001,126,0,11,1,1,1,0,0,7.9257000000000004e-05,0.022388637999999999,0,0.022388637999999999,PREFIX_ASTAR,0.0035400545580307301,0.0035400545580307301,127,65,62,65,1,65,64,510,1,1,451,536870912,0,0,0,0
random_linear,"RLC_n64_k48",0.75,64,48,0.0050000000000000001,127,0,56,1,1,1,0,0,8.0303999999999996e-05,0.021925714999999998,0,0.021925714999999998,PREFIX_ASTAR,0.0036625487469849902,0.0036625487469849902,127,65,62,65,1,65,64,511,1,1,462,536870912,0,0,0,0
random_linear,"RLC_n64_k48",0.75,64,48,0.0050000000000000001,128,1,50,1,1,1,0,0,0.0025029520000000001,0.233294841,0,0.233294841,PREFIX_ASTAR,0.010728707027001939,0.010728707027001939,8189,3966,4223,3966,1,3966,64,4842,1,1,4314,536870912,0,0,0,0
random_linear,"RLC_n64_k48",0.75,64,48,0.0050000000000000001,129,1,28,1,1,1,0,0,0.0026883789999999999,1.315827163,0,1.315827163,PREFIX_ASTAR,0.0020431095174161563,0.0020431095174161563,8192,3971,4221,3971,1,3971,64,27422,1,1,23862,536870912,0,0,0,0
random_linear,"RLC_n64_k48",0.75,64,48,0.0050000000000000001,130,0,47,1,1,1,0,0,8.6283e-05,0.025317642000000001,0,0.025317642000000001,PREFIX_ASTAR,0.0034080188036468796,0.0034080188036468796,127,64,63,64,1,64,64,542,1,1,483,536870912,0,0,0,0
random_linear,"RLC_n64_k48",0.75,64,48,0.0050000000000000001,131,0,25,1,1,1,0,0,9.0540999999999999e-05,0.025828001,0,0.025828001,PREFIX_ASTAR,0.0035055364911903172,0.0035055364911903172,127,64,63,64,1,64,64,556,1,1,498,536870912,0,0,0,0
random_linear,"RLC_n64_k48",0.75,64,48,0.0050000000000000001,132,0,18,1,1,1,0,0,8.2008000000000005e-05,0.0041146660000000003,0,0.0041146660000000003,PREFIX_ASTAR,0.019930657798227121,0.019930657798227121,124,65,59,65,1,65,64,103,1,1,85,536870912,0,0,0,0
random_linear,"RLC_n64_k48",0.75,64,48,0.0050000000000000001,133,0,26,1,1,1,0,0,8.3517999999999996e-05,0.010993622,0,0.010993622,PREFIX_ASTAR,0.0075969503044583482,0.0075969503044583482,126,63,63,63,1,63,64,240,1,1,208,536870912,0,0,0,0
random_linear,"RLC_n64_k48",0.75,64,48,0.0050000000000000001,134,0,39,1,1,1,0,0,8.2013000000000002e-05,0.034555888999999999,0,0.034555888999999999,PREFIX_ASTAR,0.0023733436578639317,0.0023733436578639317,127,64,63,64,1,64,64,751,1,1,675,536870912,0,0,0,0
random_linear,"RLC_n64_k48",0.75,64,48,0.0050000000000000001,135,0,51,1,1,1,0,0,7.7859000000000001e-05,0.0041960160000000003,0,0.0041960160000000003,PREFIX_ASTAR,0.018555458320463982,0.018555458320463982,124,63,61,63,1,63,64,107,1,1,89,536870912,0,0,0,0
random_linear,"RLC_n64_k48",0.75,64,48,0.0050000000000000001,136,0,24,1,1,1,0,0,7.5909999999999997e-05,0.035975628000000003,0,0.035975628000000003,PREFIX_ASTAR,0.0021100396079256766,0.0021100396079256766,128,65,63,65,1,65,64,824,1,1,735,536870912,0,0,0,0
random_linear,"RLC_n64_k48",0.75,64,48,0.0050000000000000001,137,0,27,1,1,1,0,0,7.9895999999999995e-05,0.028359731999999999,0,0.028359731999999999,PREFIX_ASTAR,0.002817233956935841,0.002817233956935841,127,65,62,65,1,65,64,634,1,1,570,536870912,0,0,0,0
random_linear,"RLC_n64_k48",0.75,64,48,0.0050000000000000001,138,0,2,1,1,1,0,0,7.7371000000000002e-05,0.026507004000000001,0,0.026507004000000001,PREFIX_ASTAR,0.0029188889095123688,0.0029188889095123688,127,65,62,65,1,65,64,603,1,1,537,536870912,0,0,0,0
random_linear,"RLC_n64_k48",0.75,64,48,0.0050000000000000001,139,0,1,1,1,1,0,0,7.8421e-05,0.062016933000000003,0,0.062016933000000003,PREFIX_ASTAR,0.0012645094848531126,0.0012645094848531126,128,65,63,65,1,65,64,1286,1,1,1141,536870912,0,0,0,0
random_linear,"RLC_n64_k48",0.75,64,48,0.0050000000000000001,140,0,62,1,1,1,0,0,8.2306999999999996e-05,0.01334397,0,0.01334397,PREFIX_ASTAR,0.0061681043947191122,0.0061681043947191122,126,64,62,64,1,64,64,315,1,1,277,536870912,0,0,0,0
random_linear,"RLC_n64_k48",0.75,64,48,0.0050000000000000001,141,2,31,1,1,1,0,0,0.079037837,3.2738376969999998,0,3.2738376969999998,PREFIX_ASTAR,0.024142258815220675,0.024142258815220675,258171,119572,138599,119572,4,119572,64,68742,1,1,59555,536870912,0,0,0,0
random_linear,"RLC_n64_k48",0.75,64,48,0.0050000000000000001,142,0,34,1,1,1,0,0,8.3199000000000001e-05,0.0073571249999999999,0,0.0073571249999999999,PREFIX_ASTAR,0.011308629389877161,0.011308629389877161,125,63,62,63,1,63,64,182,1,1,153,536870912,0,0,0,0
random_linear,"RLC_n64_k48",0.75,64,48,0.0050000000000000001,143,1,45,1,1,1,0,0,0.002704078,0.24707966100000001,0,0.24707966100000001,PREFIX_ASTAR,0.010944154565599796,0.010944154565599796,8188,3964,4224,3964,1,3964,64,5278,1,1,4653,536870912,0,0,0,0
random_linear,"RLC_n64_k48",0.75,64,48,0.0050000000000000001,144,0,58,1,1,1,0,0,9.3646000000000004e-05,0.011877957999999999,0,0.011877957999999999,PREFIX_ASTAR,0.0078840150807066335,0.0078840150807066335,125,64,61,64,1,64,64,287,1,1,254,536870912,0,0,0,0
random_linear,"RLC_n64_k48",0.75,64,48,0.0050000000000000001,145,0,48,1,1,1,0,0,8.7633000000000006e-05,0.031438828000000002,0,0.031438828000000002,PREFIX_ASTAR,0.0027874130676881466,0.0027874130676881466,127,64,63,64,1,64,64,650,1,1,593,536870912,0,0,0,0
random_linear,"RLC_n64_k48",0.75,64,48,0.0050000000000000001,146,2,24,1,1,1,0,0,0.085577949,18.027896429999998,0,18.027896429999998,PREFIX_ASTAR,0.0047469736323529571,0.0047469736323529571,258176,115851,142325,115851,2,115851,64,369269,1,1,310668,536870912,0,0,0,0
random_linear,"RLC_n64_k48",0.75,64,48,0.0050000000000000001,147,0,28,1,1,1,0,0,8.6525000000000003e-05,0.036739083999999998,0,0.036739083999999998,PREFIX_ASTAR,0.0023551213198456447,0.0023551213198456447,128,65,63,65,1,65,64,805,1,1,727,536870912,0,0,0,0
random_linear,"RLC_n64_k48",0.75,64,48,0.0050000000000000001,148,0,0,1,1,1,0,0,7.8431999999999997e-05,0.058216761999999998,0,0.058216761999999998,PREFIX_ASTAR,0.0013472408513548039,0.0013472408513548039,128,65,63,65,1,65,64,1297,1,1,1177,536870912,0,0,0,0
random_linear,"RLC_n64_k48",0.75,64,48,0.0050000000000000001,149,0,51,1,1,1,0,0,7.7219999999999996e-05,0.045187428000000002,0,0.045187428000000002,PREFIX_ASTAR,0.0017088823909163406,0.0017088823909163406,128,65,63,65,1,65,64,999,1,1,913,536870912,0,0,0,0
random_linear,"RLC_n64_k48",0.75,64,48,0.0050000000000000001,150,0,7,1,1,1,0,0,7.9022000000000003e-05,0.019704118999999999,0,0.019704118999999999,PREFIX_ASTAR,0.0040104305094787549,0.0040104305094787549,127,64,63,64,1,64,64,452,1,1,406,536870912,0,0,0,0
random_linear,"RLC_n64_k48",0.75,64,48,0.0050000000000000001,151,0,44,1,1,1,0,0,7.7334000000000002e-05,0.002246554,0,0.002246554,PREFIX_ASTAR,0.034423387997795735,0.034423387997795735,122,63,59,63,1,63,64,68,1,1,50,536870912,0,0,0,0
random_linear,"RLC_n64_k48",0.75,64,48,0.0050000000000000001,152,0,6,1,1,1,0,0,7.9394000000000006e-05,0.050252847000000003,0,0.050252847000000003,PREFIX_ASTAR,0.0015798905880894669,0.0015798905880894669,128,65,63,65,1,65,64,1062,1,1,950,536870912,0,0,0,0
random_linear,"RLC_n64_k48",0.75,64,48,0.0050000000000000001,153,0,2,1,1,1,0,0,7.5751e-05,0.0082555070000000005,0,0.0082555070000000005,PREFIX_ASTAR,0.0091758143988007034,0.0091758143988007034,124,63,61,63,1,63,64,194,1,1,172,536870912,0,0,0,0
random_linear,"RLC_n64_k48",0.75,64,48,0.0050000000000000001,154,0,1,1,1,1,0,0,7.7142000000000001e-05,0.059632499999999998,0,0.059632499999999998,PREFIX_ASTAR,0.0012936234435920011,0.0012936234435920011,128,65,63,65,1,65,64,1301,1,1,1144,536870912,0,0,0,0
random_linear,"RLC_n64_k48",0.75,64,48,0.0050000000000000001,155,0,38,1,1,1,0,0,7.6718000000000006e-05,0.029249170000000001,0,0.029249170000000001,PREFIX_ASTAR,0.0026229120347688499,0.0026229120347688499,127,64,63,64,1,64,64,648,1,1,581,536870912,0,0,0,0
random_linear,"RLC_n64_k48",0.75,64,48,0.0050000000000000001,156,0,58,1,1,1,0,0,7.6814e-05,0.051585565999999999,0,0.051585565999999999,PREFIX_ASTAR,0.0014890599436284174,0.0014890599436284174,128,65,63,65,1,65,64,1127,1,1,1022,536870912,0,0,0,0
random_linear,"RLC_n64_k48",0.75,64,48,0.0050000000000000001,157,0,34,1,1,1,0,0,7.6179000000000004e-05,0.012671223000000001,0,0.012671223000000001,PREFIX_ASTAR,0.0060119690104104397,0.0060119690104104397,126,65,61,65,1,65,64,284,1,1,248,536870912,0,0,0,0
random_linear,"RLC_n64_k48",0.75,64,48,0.0050000000000000001,158,0,62,1,1,1,0,0,8.0209000000000004e-05,0.029708439,0,0.029708439,PREFIX_ASTAR,0.0026998725850254199,0.0026998725850254199,127,65,62,65,1,65,64,658,1,1,595,536870912,0,0,0,0
random_linear,"RLC_n64_k48",0.75,64,48,0.0050000000000000001,159,0,53,1,1,1,0,0,8.6988000000000001e-05,0.0026659790000000002,0,0.0026659790000000002,PREFIX_ASTAR,0.032628914181244487,0.032628914181244487,120,59,61,59,1,59,64,66,1,1,49,536870912,0,0,0,0
random_linear,"RLC_n64_k48",0.75,64,48,0.0050000000000000001,160,0,39,1,1,1,0,0,9.1509999999999996e-05,0.02881618,0,0.02881618,PREFIX_ASTAR,0.0031756464597319975,0.0031756464597319975,127,65,62,65,1,65,64,603,1,1,534,536870912,0,0,0,0
random_linear,"RLC_n64_k48",0.75,64,48,0.0050000000000000001,161,0,48,1,1,1,0,0,8.1495999999999994e-05,0.053447738000000002,0,0.053447738000000002,PREFIX_ASTAR,0.001524779215165289,0.001524779215165289,128,65,63,65,1,65,64,1085,1,1,971,536870912,0,0,0,0
random_linear,"RLC_n64_k48",0.75,64,48,0.0050000000000000001,162,0,45,1,1,1,0,0,7.9212e-05,0.053104881999999999,0,0.053104881999999999,PREFIX_ASTAR,0.001491614273806314,0.001491614273806314,128,65,63,65,1,65,64,1089,1,1,985,536870912,0,0,0,0
random_linear,"RLC_n64_k48",0.75,64,48,0.0050000000000000001,163,0,28,1,1,1,0,0,8.0710000000000005e-05,0.0029152900000000001,0,0.0029152900000000001,PREFIX_ASTAR,0.027685067351790046,0.027685067351790046,120,59,61,59,1,59,64,78,1,1,60,536870912,0,0,0,0
random_linear,"RLC_n64_k48",0.75,64,48,0.0050000000000000001,164,1,32,1,1,1,0,0,0.0027053889999999999,0.36264501399999999,0,0.36264501399999999,PREFIX_ASTAR,0.007460157717761976,0.007460157717761976,8190,3939,4251,3939,1,3939,64,7902,1,1,7050,536870912,0,0,0,0
random_linear,"RLC_n64_k48",0.75,64,48,0.0050000000000000001,165,0,41,1,1,1,0,0,7.6812999999999998e-05,0.036693719999999999,0,0.036693719999999999,PREFIX_ASTAR,0.0020933554842627023,0.0020933554842627023,128,65,63,65,1,65,64,828,1,1,734,536870912,0,0,0,0
random_linear,"RLC_n64_k48",0.75,64,48,0.0050000000000000001,166,1,35,1,1,1,0,0,0.002505172,0.62371530600000002,0,0.62371530600000002,PREFIX_ASTAR,0.0040165312216981245,0.0040165312216981245,8190,3988,4202,3988,1,3988,64,12869,1,1,11452,536870912,0,0,0,0
random_linear,"RLC_n64_k48",0.75,64,48,0.0050000000000000001,167,0,48,1,1,1,0,0,0.00012517,0.029272247000000001,0,0.029272247000000001,PREFIX_ASTAR,0.0042760639454839247,0.0042760639454839247,127,65,62,65,1,65,64,647,1,1,583,536870912,0,0,0,0
random_linear,"RLC_n64_k48",0.75,64,48,0.0050000000000000001,168,0,43,1,1,1,0,0,8.5128000000000002e-05,0.015650302000000001,0,0.015650302000000001,PREFIX_ASTAR,0.005439383853423403,0.005439383853423403,126,64,62,64,1,64,64,359,1,1,317,536870912,0,0,0,0
random_linear,"RLC_n64_k48",0.75,64,48,0.0050000000000000001,169,0,40,1,1,1,0,0,8.6623000000000001e-05,0.049431633000000003,0,0.049431633000000003,PREFIX_ASTAR,0.001752379898110993,0.001752379898110993,128,65,63,65,1,65,64,1106,1,1,1008,536870912,0,0,0,0
random_linear,"RLC_n64_k48",0.75,64,48,0.0050000000000000001,170,0,15,1,1,1,0,0,8.0747999999999993e-05,0.0066977640000000001,0,0.0066977640000000001,PREFIX_ASTAR,0.012055963751484823,0.012055963751484823,124,64,60,64,1,64,64,166,1,1,140,536870912,0,0,0,0
random_linear,"RLC_n64_k48",0.75,64,48,0.0050000000000000001,171,0,45,1,1,1,0,0,8.0112999999999997e-05,0.034810318,0,0.034810318,PREFIX_ASTAR,0.0023014153447262387,0.0023014153447262387,128,65,63,65,1,65,64,761,1,1,688,536870912,0,0,0,0
random_linear,"RLC_n64_k48",0.75,64,48,0.0050000000000000001,172,1,23,1,1,1,0,0,0.0024314699999999998,0.35386980800000001,0,0.35386980800000001,PREFIX_ASTAR,0.0068710863290151044,0.0068710863290151044,8189,3977,4212,3977,1,3977,64,7260,1,1,6417,536870912,0,0,0,0
random_linear,"RLC_n64_k48",0.75,64,48,0.0050000000000000001,173,0,31,1,1,1,0,0,7.8156000000000002e-05,0.044944287999999999,0,0.044944287999999999,PREFIX_ASTAR,0.0017389529009782067,0.0017389529009782067,128,65,63,65,1,65,64,1000,1,1,902,536870912,0,0,0,0
random_linear,"RLC_n64_k48",0.75,64,48,0.0050000000000000001,174,1,34,1,1,1,0,0,0.0031249429999999998,0.33662092599999999,0,0.33662092599999999,PREFIX_ASTAR,0.0092832701672266212,0.0092832701672266212,8190,3961,4229,3961,3,3961,64,7623,1,1,6647,536870912,0,0,0,0
random_linear,"RLC_n64_k48",0.75,64,48,0.0050000000000000001,175,1,29,1,1,1,0,0,0.0028353810000000001,1.553253024,0,1.553253024,PREFIX_ASTAR,0.0018254469530651306,0.0018254469530651306,8192,3999,4193,3999,1,3999,64,31247,1,1,27572,536870912,0,0,0,0
random_linear,"RLC_n64_k48",0.75,64,48,0.0050000000000000001,176,1,31,1,1,1,0,0,0.0025809269999999998,0.46415214300000002,0,0.46415214300000002,PREFIX_ASTAR,0.00556051940925758,0.00556051940925758,8190,3999,4191,3999,2,3999,64,9842,1,1,8618,536870912,0,0,0,0
random_linear,"RLC_n64_k48",0.75,64,48,0.0050000000000000001,177,0,61,1,1,1,0,0,8.4643999999999998e-05,0.0071930529999999996,0,0.0071930529999999996,PREFIX_ASTAR,0.011767465080543686,0.011767465080543686,125,63,62,63,1,63,64,178,1,1,147,536870912,0,0,0,0
random_linear,"RLC_n64_k48",0.75,64,48,0.0050000000000000001,178,0,13,1,1,1,0,0,8.3139000000000005e-05,0.012431306,0,0.012431306,PREFIX_ASTAR,0.0066878733417068169,0.0066878733417068169,126,64,62,64,1,64,64,296,1,1,255,536870912,0,0,0,0
random_linear,"RLC_n64_k48",0.75,64,48,0.0050000000000000001,179,1,5,1,1,1,0,0,0.002884621,0.86217955300000004,0,0.86217955300000004,PREFIX_ASTAR,0.0033457311646545159,0.0033457311646545159,8191,3987,4204,3987,1,3987,64,17482,1,1,15407,536870912,0,0,0,0
random_linear,"RLC_n64_k48",0.75,64,48,0.0050000000000000001,180,0,52,1,1,1,0,0,8.3959e-05,0.018921382,0,0.018921382,PREFIX_ASTAR,0.0044372551645540477,0.0044372551645540477,126,65,61,65,1,65,64,417,1,1,377,536870912,0,0,0,0
random_linear,"RLC_n64_k48",0.75,64,48,0.0050000000000000001,181,0,27,1,1,1,0,0,8.0383999999999995e-05,0.027758983000000001,0,0.027758983000000001,PREFIX_ASTAR,0.0028957833217448923,0.0028957833217448923,127,64,63,64,1,64,64,604,1,1,550,536870912,0,0,0,0
random_linear,"RLC_n64_k48",0.75,64,48,0.0050000000000000001,182,0,9,1,1,1,0,0,7.8359e-05,0.050513155999999997,0,0.050513155999999997,PREFIX_ASTAR,0.0015512592402660409,0.0015512592402660409,128,65,63,65,1,65,64,1104,1,1,978,536870912,0,0,0,0
random_linear,"RLC_n64_k48",0.75,64,48,0.0050000000000000001,183,0,11,1,1,1,0,0,7.9870999999999995e-05,0.017828376999999999,0,0.017828376999999999,PREFIX_ASTAR,0.0044799927665877832,0.0044799927665877832,126,63,63,63,1,63,64,400,1,1,361,536870912,0,0,0,0
random_linear,"RLC_n64_k48",0.75,64,48,0.0050000000000000001,184,1,19,1,1,1,0,0,0.002510324,0.17182048899999999,0,0.17182048899999999,PREFIX_ASTAR,0.014610155136969725,0.014610155136969725,8187,3974,4213,3974,1,3974,64,3898,1,1,3490,536870912,0,0,0,0
random_linear,"RLC_n64_k48",0.75,64,48,0.0050000000000000001,185,0,10,1,1,1,0,0,8.2358e-05,0.0048322900000000004,0,0.0048322900000000004,PREFIX_ASTAR,0.017043265201384848,0.017043265201384848,124,64,60,64,1,64,64,121,1,1,100,536870912,0,0,0,0
random_linear,"RLC_n64_k48",0.75,64,48,0.0050000000000000001,186,0,45,1,1,1,0,0,7.5103000000000002e-05,0.0063562660000000002,0,0.0063562660000000002,PREFIX_ASTAR,0.011815584810327321,0.011815584810327321,124,64,60,64,1,64,64,160,1,1,139,536870912,0,0,0,0
random_linear,"RLC_n64_k48",0.75,64,48,0.0050000000000000001,187,0,25,1,1,1,0,0,7.6681999999999995e-05,0.0089113839999999996,0,0.0089113839999999996,PREFIX_ASTAR,0.0086049484569400217,0.0086049484569400217,125,63,62,63,1,63,64,220,1,1,191,536870912,0,0,0,0
random_linear,"RLC_n64_k48",0.75,64,48,0.0050000000000000001,188,0,33,1,1,1,0,0,8.4794000000000002e-05,0.015586032999999999,0,0.015586032999999999,PREFIX_ASTAR,0.0054403837076438888,0.0054403837076438888,127,64,63,64,1,64,64,369,1,1,327,536870912,0,0,0,0
random_linear,"RLC_n64_k48",0.75,64,48,0.0050000000000000001,189,0,3,1,1,1,0,0,8.4257000000000003e-05,0.023959947999999998,0,0.023959947999999998,PREFIX_ASTAR,0.0035165769141068258,0.0035165769141068258,127,64,63,64,1,64,64,534,1,1,489,536870912,0,0,0,0
random_linear,"RLC_n64_k48",0.75,64,48,0.0050000000000000001,190,0,5,1,1,1,0,0,7.7815e-05,0.0039937330000000002,0,0.0039937330000000002,PREFIX_ASTAR,0.019484276990975609,0.019484276990975609,123,63,60,63,1,63,64,105,1,1,86,536870912,0,0,0,0
random_linear,"RLC_n64_k48",0.75,64,48,0.0050000000000000001,191,1,5,1,1,1,0,0,0.0025617460000000002,0.69927608900000005,0,0.69927608900000005,PREFIX_ASTAR,0.0036634257059517446,0.0036634257059517446,8191,3963,4228,3963,1,3963,64,14821,1,1,12852,536870912,0,0,0,0
random_linear,"RLC_n64_k48",0.75,64,48,0.0050000000000000001,192,1,45,1,1,1,0,0,0.002468521,1.1617422770000001,0,1.1617422770000001,PREFIX_ASTAR,0.0021248439080434702,0.0021248439080434702,8192,3983,4209,3983,1,3983,64,23979,1,1,21009,536870912,0,0,0,0
random_linear,"RLC_n64_k48",0.75,64,48,0.0050000000000000001,193,0,61,1,1,1,0,0,9.3980000000000005e-05,0.010246905000000001,0,0.010246905000000001,PREFIX_ASTAR,0.0091715498484664388,0.0091715498484664388,126,65,61,65,1,65,64,259,1,1,221,536870912,0,0,0,0
random_linear,"RLC_n64_k48",0.75,64,48,0.0050000000000000001,194,0,15,1,1,1,0,0,7.5332000000000003e-05,0.012004498000000001,0,0.012004498000000001,PREFIX_ASTAR,0.006275314469626302,0.006275314469626302,125,63,62,63,1,63,64,283,1,1,251,536870912,0,0,0,0
random_linear,"RLC_n64_k48",0.75,64,48,0.0050000000000000001,195,0,62,1,1,1,0,0,9.3162e-05,0.057625562999999998,0,0.057625562999999998,PREFIX_ASTAR,0.0016166783481143603,0.0016166783481143603,128,65,63,65,1,65,64,1255,1,1,1131,536870912,0,0,0,0
random_linear,"RLC_n64_k48",0.75,64,48,0.0050000000000000001,196,0,18,1,1,1,0,0,7.9980000000000003e-05,0.039562799000000003,0,0.039562799000000003,PREFIX_ASTAR,0.0020215960958677366,0.0020215960958677366,128,65,63,65,1,65,64,908,1,1,805,536870912,0,0,0,0
random_linear,"RLC_n64_k48",0.75,64,48,0.0050000000000000001,197,0,62,1,1,1,0,0,8.1150999999999996e-05,0.059986457,0,0.059986457,PREFIX_ASTAR,0.0013528220211438725,0.0013528220211438725,128,65,63,65,1,65,64,1292,1,1,1177,536870912,0,0,0,0
random_linear,"RLC_n64_k48",0.75,64,48,0.0050000000000000001,198,1,11,1,1,1,0,0,0.0024709290000000002,0.54309312600000004,0,0.54309312600000004,PREFIX_ASTAR,0.0045497335202876422,0.0045497335202876422,8191,3920,4271,3920,1,3920,64,11905,1,1,10518,536870912,0,0,0,0
random_linear,"RLC_n64_k48",0.75,64,48,0.0050000000000000001,199,1,37,1,1,1,0,0,8.0461000000000001e-05,0.019154852999999999,0,0.019154852999999999,PREFIX_ASTAR,0.0042005542929512436,0.0042005542929512436,127,64,63,64,1,64,64,457,1,1,405,536870912,0,0,0,0
random_linear,"RLC_n64_k48",0.75,64,48,0.0050000000000000001,200,0,49,1,1,1,0,0,7.9515e-05,0.046513273000000001,0,0.046513273000000001,PREFIX_ASTAR,0.0017095120354140634,0.0017095120354140634,128,65,63,65,1,65,64,1012,1,1,925,536870912,0,0,0,0
random_linear,"RLC_n64_k48",0.75,64,48,0.0050000000000000001,201,0,28,1,1,1,0,0,7.9011999999999995e-05,0.013183768,0,0.013183768,PREFIX_ASTAR,0.0059931273062450727,0.0059931273062450727,126,65,61,65,1,65,64,323,1,1,284,536870912,0,0,0,0
random_linear,"RLC_n64_k48",0.75,64,48,0.0050000000000000001,202,0,61,1,1,1,0,0,7.7880999999999995e-05,0.054819355,0,0.054819355,PREFIX_ASTAR,0.0014206843550056362,0.0014206843550056362,128,65,63,65,1,65,64,1159,1,1,1068,536870912,0,0,0,0
random_linear,"RLC_n64_k48",0.75,64,48,0.0050000000000000001,203,1,56,1,1,1,0,0,0.0026859829999999999,0.227283229,0,0.227283229,PREFIX_ASTAR,0.011817779128789127,0.011817779128789127,8189,3976,4213,3976,1,3976,64,4929,1,1,4322,536870912,0,0,0,0
random_linear,"RLC_n64_k48",0.75,64,48,0.0050000000000000001,204,0,21,1,1,1,0,0,8.4549999999999995e-05,0.057004041999999998,0,0.057004041999999998,PREFIX_ASTAR,0.001483228154242115,0.001483228154242115,128,65,63,65,1,65,64,1196,1,1,1087,536870912,0,0,0,0
random_linear,"RLC_n64_k48",0.75,64,48,0.0050000000000000001,205,0,40,1,1,1,0,0,8.1098000000000002e-05,0.048865217000000002,0,0.048865217000000002,PREFIX_ASTAR,0.0016596263145623603,0.0016596263145623603,128,65,63,65,1,65,64,1012,1,1,897,536870912,0,0,0,0
random_linear,"RLC_n64_k48",0.75,64,48,0.0050000000000000001,206,0,9,1,1,1,0,0,8.4846999999999996e-05,0.047670533000000001,0,0.047670533000000001,PREFIX_ASTAR,0.0017798626249889002,0.0017798626249889002,128,65,63,65,1,65,64,1017,1,1,941,536870912,0,0,0,0
random_linear,"RLC_n64_k48",0.75,64,48,0.0050000000000000001,207,0,47,1,1,1,0,0,7.6382000000000002e-05,0.018698018,0,0.018698018,PREFIX_ASTAR,0.004085031900172521,0.004085031900172521,127,65,62,65,1,65,64,435,1,1,392,536870912,0,0,0,0
random_linear,"RLC_n64_k48",0.75,64,48,0.0050000000000000001,208,1,1,1,1,1,0,0,0.0024862920000000002,0.50253043100000006,0,0.50253043100000006,PREFIX_ASTAR,0.0049475451567230558,0.0049475451567230558,8190,3993,4197,3993,1,3993,64,10613,1,1,9057,536870912,0,0,0,0
random_linear,"RLC_n64_k48",0.75,64,48,0.0050000000000000001,209,0,39,1,1,1,0,0,8.3528000000000004e-05,0.013542235,0,0.013542235,PREFIX_ASTAR,0.0061679626738127061,0.0061679626738127061,126,64,62,64,1,64,64,317,1,1,272,536870912,0,0,0,0
random_linear,"RLC_n64_k48",0.75,64,48,0.0050000000000000001,210,0,1,1,1,1,0,0,8.5587000000000006e-05,0.063902324999999996,0,0.063902324999999996,PREFIX_ASTAR,0.0013393409394728598,0.0013393409394728598,128,65,63,65,1,65,64,1295,1,1,1144,536870912,0,0,0,0
random_linear,"RLC_n64_k48",0.75,64,48,0.0050000000000000001,211,0,49,1,1,1,0,0,8.5881e-05,0.054130691000000002,0,0.054130691000000002,PREFIX_ASTAR,0.0015865491168402044,0.0015865491168402044,128,65,63,65,1,65,64,1115,1,1,1015,536870912,0,0,0,0
random_linear,"RLC_n64_k48",0.75,64,48,0.0050000000000000001,212,0,17,1,1,1,0,0,8.1987e-05,0.0036344939999999998,0,0.0036344939999999998,PREFIX_ASTAR,0.022558023207632207,0.022558023207632207,122,61,61,61,1,61,64,97,1,1,79,536870912,0,0,0,0
random_linear,"RLC_n64_k48",0.75,64,48,0.0050000000000000001,213,0,61,1,1,1,0,0,7.6341999999999995e-05,0.006037359,0,0.006037359,PREFIX_ASTAR,0.012644932991395741,0.012644932991395741,126,64,62,64,1,64,64,155,1,1,126,536870912,0,0,0,0
random_linear,"RLC_n64_k48",0.75,64,48,0.0050000000000000001,214,1,6,1,1,1,0,0,0.002739362,0.25768087299999998,0,0.25768087299999998,PREFIX_ASTAR,0.010630831726497605,0.010630831726497605,8189,3960,4229,3960,2,3960,64,5686,1,1,4865,536870912,0,0,0,0
random_linear,"RLC_n64_k48",0.75,64,48,0.0050000000000000001,215,2,39,1,1,1,0,0,0.091669798999999996,2.78178071,0,2.78178071,PREFIX_ASTAR,0.032953639613095165,0.032953639613095165,258169,119495,138674,119495,3,119495,64,59683,1,1,52255,536870912,0,0,0,0
random_linear,"RLC_n64_k48",0.75,64,48,0.0050000000000000001,216,0,8,1,1,1,0,0,8.4546e-05,0.017643619999999999,0,0.017643619999999999,PREFIX_ASTAR,0.0047918737764699086,0.0047918737764699086,126,63,63,63,1,63,64,393,1,1,350,536870912,0,0,0,0
random_linear,"RLC_n64_k48",0.75,64,48,0.0050000000000000001,217,0,3,1,1,1,0,0,8.3435000000000003e-05,0.0049131000000000001,0,0.0049131000000000001,PREFIX_ASTAR,0.016982149762878835,0.016982149762878835,124,64,60,64,1,64,64,124,1,1,103,536870912,0,0,0,0
random_linear,"RLC_n64_k48",0.75,64,48,0.0050000000000000001,218,1,63,1,1,1,0,0,0.0026797549999999998,0.35839844900000001,0,0.35839844900000001,PREFIX_ASTAR,0.0074770273350150572,0.0074770273350150572,8189,3970,4219,3970,1,3970,64,7567,1,1,6694,536870912,0,0,0,0
random_linear,"RLC_n64_k48",0.75,64,48,0.0050000000000000001,219,0,52,1,1,1,0,0,8.2572999999999997e-05,0.023489277999999999,0,0.023489277999999999,PREFIX_ASTAR,0.0035153485773381371,0.0035153485773381371,127,64,63,64,1,64,64,517,1,1,470,536870912,0,0,0,0
random_linear,"RLC_n64_k48",0.75,64,48,0.0050000000000000001,220,1,26,1,1,1,0,0,0.0025463769999999998,0.55446329699999997,0,0.55446329699999997,PREFIX_ASTAR,0.0045925077706270613,0.0045925077706270613,8190,3981,4209,3981,1,3981,64,11645,1,1,10319,536870912,0,0,0,0
random_linear,"RLC_n64_k48",0.75,64,48,0.0050000000000000001,221,0,61,1,1,1,0,0,8.5572e-05,0.0040886220000000001,0,0.0040886220000000001,PREFIX_ASTAR,0.020929300874475556,0.020929300874475556,124,62,62,62,1,62,64,109,1,1,90,536870912,0,0,0,0
random_linear,"RLC_n64_k48",0.75,64,48,0.0050000000000000001,222,0,19,1,1,1,0,0,7.9555999999999995e-05,0.043155420999999999,0,0.043155420999999999,PREFIX_ASTAR,0.0018434763966269729,0.0018434763966269729,128,65,63,65,1,65,64,975,1,1,895,536870912,0,0,0,0
random_linear,"RLC_n64_k48",0.75,64,48,0.0050000000000000001,223,1,33,1,1,1,0,0,0.0024296550000000002,1.177538755,0,1.177538755,PREFIX_ASTAR,0.0020633333634951147,0.0020633333634951147,8192,3974,4218,3974,1,3974,64,24708,1,1,21536,536870912,0,0,0,0
random_linear,"RLC_n64_k48",0.75,64,48,0.0050000000000000001,224,0,35,1,1,1,0,0,8.0783000000000002e-05,0.038447877999999998,0,0.038447877999999998,PREFIX_ASTAR,0.0021011042533998887,0.0021011042533998887,128,65,63,65,1,65,64,837,1,1,747,536870912,0,0,0,0
random_linear,"RLC_n64_k48",0.75,64,48,0.0050000000000000001,225,1,55,1,1,1,0,0,0.0025493360000000001,0.72764251300000005,0,0.72764251300000005,PREFIX_ASTAR,0.0035035555983244206,0.0035035555983244206,8191,4004,4187,4004,1,4004,64,15141,1,1,13566,536870912,0,0,0,0
random_linear,"RLC_n64_k48",0.75,64,48,0.0050000000000000001,226,1,30,1,1,1,0,0,0.0027221480000000002,0.90982000500000004,0,0.90982000500000004,PREFIX_ASTAR,0.0029919632290345164,0.0029919632290345164,8191,3980,4211,3980,1,3980,64,19148,1,1,16750,536870912,0,0,0,0
random_linear,"RLC_n64_k48",0.75,64,48,0.0050000000000000001,227,0,32,1,1,1,0,0,8.7105e-05,0.0052458360000000002,0,0.0052458360000000002,PREFIX_ASTAR,0.016604598390037355,0.016604598390037355,125,64,61,64,1,64,64,135,1,1,112,536870912,0,0,0,0
random_linear,"RLC_n64_k48",0.75,64,48,0.0050000000000000001,228,0,37,1,1,1,0,0,8.3681000000000001e-05,0.0092148799999999999,0,0.0092148799999999999,PREFIX_ASTAR,0.0090810732207039051,0.0090810732207039051,125,62,63,62,1,62,64,233,1,1,202,536870912,0,0,0,0
random_linear,"RLC_n64_k48",0.75,64,48,0.0050000000000000001,229,0,53,1,1,1,0,0,7.5025999999999996e-05,0.022567319999999998,0,0.022567319999999998,PREFIX_ASTAR,0.0033245418596448317,0.0033245418596448317,127,64,63,64,1,64,64,501,1,1,454,536870912,0,0,0,0
random_linear,"RLC_n64_k48",0.75,64,48,0.0050000000000000001,230,0,37,1,1,1,0,0,7.6085000000000001e-05,0.038444352000000001,0,0.038444352000000001,PREFIX_ASTAR,0.0019790943543540542,0.0019790943543540542,128,65,63,65,1,65,64,853,1,1,765,536870912,0,0,0,0
random_linear,"RLC_n64_k48",0.75,64,48,0.0050000000000000001,231,0,8,1,1,1,0,0,7.6019999999999994e-05,0.01236544,0,0.01236544,PREFIX_ASTAR,0.0061477796180321922,0.0061477796180321922,126,63,63,63,1,63,64,288,1,1,258,536870912,0,0,0,0
random_linear,"RLC_n64_k48",0.75,64,48,0.0050000000000000001,232,0,1,1,1,1,0,0,7.9486000000000004e-05,0.0052662000000000004,0,0.0052662000000000004,PREFIX_ASTAR,0.015093615890015571,0.015093615890015571,123,62,61,62,1,62,64,134,1,1,113,536870912,0,0,0,0
random_linear,"RLC_n64_k48",0.75,64,48,0.0050000000000000001,233,0,52,1,1,1,0,0,8.0500999999999994e-05,0.0062531339999999996,0,0.0062531339999999996,PREFIX_ASTAR,0.012873704609560582,0.012873704609560582,125,64,61,64,1,64,64,155,1,1,131,536870912,0,0,0,0
random_linear,"RLC_n64_k48",0.75,64,48,0.0050000000000000001,234,1,53,1,1,1,0,0,0.0026943010000000001,0.263953718,0,0.263953718,PREFIX_ASTAR,0.010207475084704053,0.010207475084704053,8189,3990,4199,3990,1,3990,64,5822,1,1,5255,536870912,0,0,0,0
random_linear,"RLC_n64_k48",0.75,64,48,0.0050000000000000001,235,0,5,1,1,1,0,0,9.4215999999999994e-05,0.055633448000000002,0,0.055633448000000002,PREFIX_ASTAR,0.0016935135855681638,0.0016935135855681638,128,65,63,65,1,65,64,1163,1,1,1060,536870912,0,0,0,0
random_linear,"RLC_n64_k48",0.75,64,48,0.0050000000000000001,236,0,4,1,1,1,0,0,8.5576999999999997e-05,0.024632353999999999,0,0.024632353999999999,PREFIX_ASTAR,0.0034741705969311746,0.0034741705969311746,127,64,63,64,1,64,64,532,1,1,465,536870912,0,0,0,0
random_linear,"RLC_n64_k48",0.75,64,48,0.0050000000000000001,237,1,32,1,1,1,0,0,0.0025457930000000002,0.303845272,0,0.303845272,PREFIX_ASTAR,0.0083785835574890898,0.0083785835574890898,8189,3992,4197,3992,1,3992,64,6373,1,1,5816,536870912,0,0,0,0
random_linear,"RLC_n64_k48",0.75,64,48,0.0050000000000000001,238,0,29,1,1,1,0,0,7.8228999999999999e-05,0.0067996489999999996,0,0.0067996489999999996,PREFIX_ASTAR,0.011504858559610946,0.011504858559610946,123,63,60,63,1,63,64,174,1,1,149,536870912,0,0,0,0
random_linear,"RLC_n64_k48",0.75,64,48,0.0050000000000000001,239,1,22,1,1,1,0,0,0.0024453579999999999,0.71159893299999999,0,0.71159893299999999,PREFIX_ASTAR,0.0034364272999830368,0.0034364272999830368,8191,3956,4235,3956,1,3956,64,15217,1,1,13352,536870912,0,0,0,0
random_linear,"RLC_n64_k48",0.75,64,48,0.0050000000000000001,240,0,8,1,1,1,0,0,8.5846000000000004e-05,0.038846353,0,0.038846353,PREFIX_ASTAR,0.0022098857002097469,0.0022098857002097469,128,65,63,65,1,65,64,887,1,1,775,536870912,0,0,0,0
random_linear,"RLC_n64_k48",0.75,64,48,0.0050000000000000001,241,0,21,1,1,1,0,0,7.6747000000000002e-05,0.015109312999999999,0,0.015109312999999999,PREFIX_ASTAR,0.0050794500054370442,0.0050794500054370442,127,64,63,64,1,64,64,366,1,1,323,536870912,0,0,0,0
random_linear,"RLC_n64_k48",0.75,64,48,0.0050000000000000001,242,0,5,1,1,1,0,0,7.8010999999999996e-05,0.055602706000000002,0,0.055602706000000002,PREFIX_ASTAR,0.0014030072565173355,0.0014030072565173355,128,65,63,65,1,65,64,1204,1,1,1089,536870912,0,0,0,0
random_linear,"RLC_n64_k48",0.75,64,48,0.0050000000000000001,243,1,2,1,1,1,0,0,0.0026227170000000001,0.161518727,0,0.161518727,PREFIX_ASTAR,0.016237850859238137,0.016237850859238137,8187,3995,4192,3995,1,3995,64,3424,1,1,3107,536870912,0,0,0,0
random_linear,"RLC_n64_k48",0.75,64,48,0.0050000000000000001,244,1,48,1,1,1,0,0,0.0026979439999999999,0.664823673,0,0.664823673,PREFIX_ASTAR,0.0040581346747560832,0.0040581346747560832,8191,3981,4210,3981,1,3981,64,13940,1,1,12262,536870912,0,0,0,0
random_linear,"RLC_n64_k48",0.75,64,48,0.0050000000000000001,245,0,34,1,1,1,0,0,7.8945999999999999e-05,0.0075508149999999998,0,0.0075508149999999998,PREFIX_ASTAR,0.010455295223098434,0.010455295223098434,124,63,61,63,1,63,64,184,1,1,158,536870912,0,0,0,0
random_linear,"RLC_n64_k48",0.75,64,48,0.0050000000000000001,246,0,26,1,1,1,0,0,8.1223000000000005e-05,0.037835545999999998,0,0.037835545999999998,PREFIX_ASTAR,0.0021467378850565551,0.0021467378850565551,128,65,63,65,1,65,64,805,1,1,730,536870912,0,0,0,0
random_linear,"RLC_n64_k48",0.75,64,48,0.0050000000000000001,247,0,50,1,1,1,0,0,8.3165999999999996e-05,0.0075275799999999999,0,0.0075275799999999999,PREFIX_ASTAR,0.011048172188140146,0.011048172188140146,125,64,61,64,1,64,64,175,1,1,150,536870912,0,0,0,0
random_linear,"RLC_n64_k48",0.75,64,48,0.0050000000000000001,248,1,59,1,1,1,0,0,0.0026734879999999999,1.162935316,0,1.162935316,PREFIX_ASTAR,0.0022989137600495741,0.0022989137600495741,8192,3962,4230,3962,1,3962,64,24084,1,1,21198,536870912,0,0,0,0
random_linear,"RLC_n64_k48",0.75,64,48,0.0050000000000000001,249,0,47,1,1,1,0,0,8.0759000000000004e-05,0.055261658999999998,0,0.055261658999999998,PREFIX_ASTAR,0.0014613929704861016,0.0014613929704861016,128,65,63,65,1,65,64,1176,1,1,1066,536870912,0,0,0,0
random_linear,"RLC_n64_k48",0.75,64,48,0.0050000000000000001,250,1,18,1,1,1,0,0,0.0026931289999999998,1.4322137290000001,0,1.4322137290000001,PREFIX_ASTAR,0.0018803960229318536,0.0018803960229318536,8192,3988,4204,3988,1,3988,64,29184,1,1,25863,536870912,0,0,0,0
random_linear,"RLC_n64_k48",0.75,64,48,0.0050000000000000001,251,0,41,1,1,1,0,0,8.4036999999999995e-05,0.020188712000000001,0,0.020188712000000001,PREFIX_ASTAR,0.0041625736203478453,0.0041625736203478453,127,65,62,65,1,65,64,436,1,1,381,536870912,0,0,0,0
random_linear,"RLC_n64_k48",0.75,64,48,0.0050000000000000001,252,0,34,1,1,1,0,0,7.7457000000000001e-05,0.0070255500000000002,0,0.0070255500000000002,PREFIX_ASTAR,0.011025044302581293,0.011025044302581293,124,63,61,63,1,63,64,163,1,1,139,536870912,0,0,0,0
random_linear,"RLC_n64_k48",0.75,64,48,0.0050000000000000001,253,0,33,1,1,1,0,0,8.3188000000000004e-05,0.011965682,0,0.011965682,PREFIX_ASTAR,0.0069522155109921864,0.0069522155109921864,126,65,61,65,1,65,64,263,1,1,229,536870912,0,0,0,0
random_linear,"RLC_n64_k48",0.75,64,48,0.0050000000000000001,254,0,26,1,1,1,0,0,9.0983000000000006e-05,0.020057241999999999,0,0.020057241999999999,PREFIX_ASTAR,0.004536167036325334,0.004536167036325334,127,64,63,64,1,64,64,429,1,1,383,536870912,0,0,0,0
random_linear,"RLC_n64_k48",0.75,64,48,0.0050000000000000001,255,0,22,1,1,1,0,0,8.2424999999999998e-05,0.013195501,0,0.013195501,PREFIX_ASTAR,0.0062464471792317696,0.0062464471792317696,126,64,62,64,1,64,64,287,1,1,257,536870912,0,0,0,0
random_linear,"RLC_n64_k48",0.75,64,48,0.0050000000000000001,256,0,13,1,1,1,0,0,8.3838000000000006e-05,0.044333852,0,0.044333852,PREFIX_ASTAR,0.001891060582779949,0.001891060582779949,128,65,63,65,1,65,64,929,1,1,815,536870912,0,0,0,0
random_linear,"RLC_n64_k48",0.75,64,48,0.0050000000000000001,257,0,1,1,1,1,0,0,8.4903999999999999e-05,0.01363119,0,0.01363119,PREFIX_ASTAR,0.0062286564856039719,0.0062286564856039719,126,64,62,64,1,64,64,292,1,1,262,536870912,0,0,0,0
random_linear,"RLC_n64_k48",0.75,64,48,0.0050000000000000001,258,0,8,1,1,1,0,0,8.6574000000000002e-05,0.016470319000000001,0,0.016470319000000001,PREFIX_ASTAR,0.0052563644942153218,0.0052563644942153218,126,64,62,64,1,64,64,354,1,1,308,536870912,0,0,0,0
random_linear,"RLC_n64_k48",0.75,64,48,0.0050000000000000001,259,0,44,1,1,1,0,0,7.7401e-05,0.0093857579999999993,0,0.0093857579999999993,PREFIX_ASTAR,0.0082466434783424001,0.0082466434783424001,126,64,62,64,1,64,64,215,1,1,181,536870912,0,0,0,0
random_linear,"RLC_n64_k48",0.75,64,48,0.0050000000000000001,260,1,46,1,1,1,0,0,0.0025153380000000002,0.70368719199999996,0,0.70368719199999996,PREFIX_ASTAR,0.0035745115565496898,0.0035745115565496898,8190,3987,4203,3987,1,3987,64,14674,1,1,12972,536870912,0,0,0,0
random_linear,"RLC_n64_k48",0.75,64,48,0.0050000000000000001,261,0,46,1,1,1,0,0,7.661e-05,0.030915570999999999,0,0.030915570999999999,PREFIX_ASTAR,0.002478039302589624,0.002478039302589624,128,65,63,65,1,65,64,704,1,1,642,536870912,0,0,0,0
random_linear,"RLC_n64_k48",0.75,64,48,0.0050000000000000001,262,0,6,1,1,1,0,0,7.8059999999999995e-05,0.052324243999999999,0,0.052324243999999999,PREFIX_ASTAR,0.0014918514637306561,0.0014918514637306561,128,65,63,65,1,65,64,1160,1,1,1058,536870912,0,0,0,0
random_linear,"RLC_n64_k48",0.75,64,48,0.0050000000000000001,263,0,63,1,1,1,0,0,7.7893999999999997e-05,0.038492034000000001,0,0.038492034000000001,PREFIX_ASTAR,0.0020236394886276989,0.0020236394886276989,128,65,63,65,1,65,64,878,1,1,789,536870912,0,0,0,0
random_linear,"RLC_n64_k48",0.75,64,48,0.0050000000000000001,264,0,58,1,1,1,0,0,7.7121999999999998e-05,0.034221232999999997,0,0.034221232999999997,PREFIX_ASTAR,0.0022536300781447588,0.0022536300781447588,128,65,63,65,1,65,64,756,1,1,673,536870912,0,0,0,0
random_linear,"RLC_n64_k48",0.75,64,48,0.0050000000000000001,265,1,34,1,1,1,0,0,0.0026186180000000001,0.51956371999999995,0,0.51956371999999995,PREFIX_ASTAR,0.0050400324333654406,0.0050400324333654406,8190,3981,4209,3981,1,3981,64,10797,1,1,9683,536870912,0,0,0,0
random_linear,"RLC_n64_k48",0.75,64,48,0.0050000000000000001,266,0,34,1,1,1,0,0,7.8254e-05,0.0047233379999999997,0,0.0047233379999999997,PREFIX_ASTAR,0.016567520681348657,0.016567520681348657,124,64,60,64,1,64,64,120,1,1,97,536870912,0,0,0,0
random_linear,"RLC_n64_k48",0.75,64,48,0.0050000000000000001,267,0,41,1,1,1,0,0,7.4805e-05,0.026748708,0,0.026748708,PREFIX_ASTAR,0.0027965836705084973,0.0027965836705084973,127,64,63,64,1,64,64,601,1,1,542,536870912,0,0,0,0
random_linear,"RLC_n64_k48",0.75,64,48,0.0050000000000000001,268,0,38,1,1,1,0,0,7.2997999999999995e-05,0.002357175,0,0.002357175,PREFIX_ASTAR,0.030968426188127736,0.030968426188127736,121,62,59,62,1,62,64,69,1,1,51,536870912,0,0,0,0
random_linear,"RLC_n64_k48",0.75,64,48,0.0050000000000000001,269,0,51,1,1,1,0,0,7.4739000000000004e-05,0.0070844790000000003,0,0.0070844790000000003,PREFIX_ASTAR,0.010549681917329419,0.010549681917329419,124,64,60,64,1,64,64,185,1,1,153,536870912,0,0,0,0
random_linear,"RLC_n64_k48",0.75,64,48,0.0050000000000000001,270,0,35,1,1,1,0,0,7.8299000000000004e-05,0.030967588000000001,0,0.030967588000000001,PREFIX_ASTAR,0.0025284177766766985,0.0025284177766766985,127,64,63,64,1,64,64,680,1,1,624,536870912,0,0,0,0
random_linear,"RLC_n64_k48",0.75,64,48,0.0050000000000000001,271,0,0,1,1,1,0,0,8.5576999999999997e-05,0.054934406999999998,0,0.054934406999999998,PREFIX_ASTAR,0.001557803290750003,0.001557803290750003,128,65,63,65,1,65,64,1234,1,1,1126,536870912,0,0,0,0
random_linear,"RLC_n64_k48",0.75,64,48,0.0050000000000000001,272,0,37,1,1,1,0,0,7.9376999999999996e-05,0.049346719999999997,0,0.049346719999999997,PREFIX_ASTAR,0.0016085567591929109,0.0016085567591929109,128,65,63,65,1,65,64,1087,1,1,995,536870912,0,0,0,0
random_linear,"RLC_n64_k48",0.75,64,48,0.0050000000000000001,273,1,35,1,1,1,0,0,0.002623116,0.50415657999999997,0,0.50415657999999997,PREFIX_ASTAR,0.0052029788047197566,0.0052029788047197566,8190,4002,4188,4002,1,4002,64,10323,1,1,8986,536870912,0,0,0,0
random_linear,"RLC_n64_k48",0.75,64,48,0.0050000000000000001,274,0,5,1,1,1,0,0,7.6194999999999998e-05,0.011038551000000001,0,0.011038551000000001,PREFIX_ASTAR,0.0069026269842844407,0.0069026269842844407,125,65,60,65,1,65,64,258,1,1,228,536870912,0,0,0,0
random_linear,"RLC_n64_k48",0.75,64,48,0.0050000000000000001,275,1,62,1,1,1,0,0,0.0024783880000000002,0.19300962699999999,0,0.19300962699999999,PREFIX_ASTAR,0.012840748093876168,0.012840748093876168,8188,3985,4203,3985,1,3985,64,4317,1,1,3825,536870912,0,0,0,0
random_linear,"RLC_n64_k48",0.75,64,48,0.0050000000000000001,276,0,33,1,1,1,0,0,8.4907999999999994e-05,0.013589502,0,0.013589502,PREFIX_ASTAR,0.0062480582437825904,0.0062480582437825904,126,64,62,64,1,64,64,309,1,1,268,536870912,0,0,0,0
random_linear,"RLC_n64_k48",0.75,64,48,0.0050000000000000001,277,1,52,1,1,1,0,0,0.002439138,0.445346087,0,0.445346087,PREFIX_ASTAR,0.0054769494359563102,0.0054769494359563102,8190,3946,4244,3946,1,3946,64,9577,1,1,8437,536870912,0,0,0,0
random_linear,"RLC_n64_k48",0.75,64,48,0.0050000000000000001,278,2,10,1,1,1,0,0,0.079437831,9.2388408490000007,0,9.2388408490000007,PREFIX_ASTAR,0.0085982465006525406,0.0085982465006525406,258175,117185,140990,117185,1,117185,64,193159,1,1,163219,536870912,0,0,0,0
random_linear,"RLC_n64_k48",0.75,64,48,0.0050000000000000001,279,0,26,1,1,1,0,0,8.5390999999999996e-05,0.02186513,0,0.02186513,PREFIX_ASTAR,0.003905350665648912,0.003905350665648912,127,65,62,65,1,65,64,493,1,1,442,536870912,0,0,0,0
random_linear,"RLC_n64_k48",0.75,64,48,0.0050000000000000001,280,1,10,1,1,1,0,0,0.0026664700000000002,0.64676433499999997,0,0.64676433499999997,PREFIX_ASTAR,0.0041227845378950904,0.0041227845378950904,8191,3922,4269,3922,1,3922,64,13529,1,1,11849,536870912,0,0,0,0
random_linear,"RLC_n64_k48",0.75,64,48,0.0050000000000000001,281,0,35,1,1,1,0,0,8.7029999999999999e-05,0.023685754999999999,0,0.023685754999999999,PREFIX_ASTAR,0.0036743603908762881,0.0036743603908762881,127,65,62,65,1,65,64,539,1,1,476,536870912,0,0,0,0
random_linear,"RLC_n64_k48",0.75,64,48,0.0050000000000000001,282,0,16,1,1,1,0,0,7.9674999999999999e-05,0.0035836969999999998,0,0.0035836969999999998,PREFIX_ASTAR,0.022232627367771329,0.022232627367771329,118,59,59,59,1,59,64,92,1,1,73,536870912,0,0,0,0
random_linear,"RLC_n64_k48",0.75,64,48,0.0050000000000000001,283,0,43,1,1,1,0,0,9.2315e-05,0.030874403000000002,0,0.030874403000000002,PREFIX_ASTAR,0.0029900173292419611,0.0029900173292419611,127,64,63,64,1,64,64,631,1,1,564,536870912,0,0,0,0
random_linear,"RLC_n64_k48",0.75,64,48,0.0050000000000000001,284,1,43,1,1,1,0,0,0.002676449,0.43786009100000001,0,0.43786009100000001,PREFIX_ASTAR,0.0061125666737231821,0.0061125666737231821,8190,3957,4233,3957,1,3957,64,9499,1,1,8465,536870912,0,0,0,0
random_linear,"RLC_n64_k48",0.75,64,48,0.0050000000000000001,285,0,28,1,1,1,0,0,7.9306000000000003e-05,0.00447877,0,0.00447877,PREFIX_ASTAR,0.017707093688668987,0.017707093688668987,125,65,60,65,1,65,64,117,1,1,95,536870912,0,0,0,0
random_linear,"RLC_n64_k48",0.75,64,48,0.0050000000000000001,286,1,48,1,1,1,0,0,0.0024962220000000002,0.65849813899999998,0,0.65849813899999998,PREFIX_ASTAR,0.0037907806448637515,0.0037907806448637515,8190,3999,4191,3999,1,3999,64,13538,1,1,12133,536870912,0,0,0,0
random_linear,"RLC_n64_k48",0.75,64,48,0.0050000000000000001,287,1,53,1,1,1,0,0,0.0026162360000000001,0.47561863599999998,0,0.47561863599999998,PREFIX_ASTAR,0.0055007011962416039,0.0055007011962416039,8190,3991,4199,3991,1,3991,64,9841,1,1,8656,536870912,0,0,0,0
random_linear,"RLC_n64_k48",0.75,64,48,0.0050000000000000001,288,1,62,1,1,1,0,0,0.0025931050000000001,0.36507604799999999,0,0.36507604799999999,PREFIX_ASTAR,0.0071029173625764682,0.0071029173625764682,8190,3978,4212,3978,1,3978,64,8059,1,1,7195,536870912,0,0,0,0
random_linear,"RLC_n64_k48",0.75,64,48,0.0050000000000000001,289,0,35,1,1,1,0,0,8.8435000000000003e-05,0.053184881000000003,0,0.053184881000000003,PREFIX_ASTAR,0.0016627845797003852,0.0016627845797003852,128,65,63,65,1,65,64,1156,1,1,1048,536870912,0,0,0,0
random_linear,"RLC_n64_k48",0.75,64,48,0.0050000000000000001,290,0,44,1,1,1,0,0,9.2291000000000001e-05,0.020478674999999998,0,0.020478674999999998,PREFIX_ASTAR,0.0045066880547691692,0.0045066880547691692,127,65,62,65,1,65,64,441,1,1,389,536870912,0,0,0,0
random_linear,"RLC_n64_k48",0.75,64,48,0.0050000000000000001,291,0,7,1,1,1,0,0,8.4426999999999997e-05,0.034523049,0,0.034523049,PREFIX_ASTAR,0.0024455255965369687,0.0024455255965369687,128,65,63,65,1,65,64,734,1,1,629,536870912,0,0,0,0
random_linear,"RLC_n64_k48",0.75,64,48,0.0050000000000000001,292,0,51,1,1,1,0,0,8.5264000000000002e-05,0.0097141020000000005,0,0.0097141020000000005,PREFIX_ASTAR,0.0087773424656236877,0.0087773424656236877,126,63,63,63,1,63,64,212,1,1,185,536870912,0,0,0,0
random_linear,"RLC_n64_k48",0.75,64,48,0.0050000000000000001,293,1,2,1,1,1,0,0,0.0024677560000000002,0.333985172,0,0.333985172,PREFIX_ASTAR,0.0073888190461341803,0.0073888190461341803,8190,3974,4216,3974,1,3974,64,7230,1,1,6367,536870912,0,0,0,0
random_linear,"RLC_n64_k48",0.75,64,48,0.0050000000000000001,294,0,23,1,1,1,0,0,8.5520999999999997e-05,0.026461084999999999,0,0.026461084999999999,PREFIX_ASTAR,0.0032319536406009049,0.0032319536406009049,127,65,62,65,1,65,64,596,1,1,531,536870912,0,0,0,0
random_linear,"RLC_n64_k48",0.75,64,48,0.0050000000000000001,295,0,2,1,1,1,0,0,7.9778999999999996e-05,0.022666957000000001,0,0.022666957000000001,PREFIX_ASTAR,0.0035196166825569039,0.0035196166825569039,127,65,62,65,1,65,64,519,1,1,476,536870912,0,0,0,0
random_linear,"RLC_n64_k48",0.75,64,48,0.0050000000000000001,296,0,18,1,1,1,0,0,7.8353e-05,0.0083969319999999993,0,0.0083969319999999993,PREFIX_ASTAR,0.0093311461852972014,0.0093311461852972014,126,64,62,64,1,64,64,210,1,1,171,536870912,0,0,0,0
random_linear,"RLC_n64_k48",0.75,64,48,0.0050000000000000001,297,0,63,1,1,1,0,0,7.5236999999999998e-05,0.0049162099999999999,0,0.0049162099999999999,PREFIX_ASTAR,0.01530386212143094,0.01530386212143094,125,65,60,65,1,65,64,127,1,1,105,536870912,0,0,0,0
random_linear,"RLC_n64_k48",0.75,64,48,0.0050000000000000001,298,2,15,1,1,1,0,0,0.079929727000000006,3.915525589,0,3.915525589,PREFIX_ASTAR,0.020413537131400421,0.020413537131400421,258171,117933,140238,117933,2,117933,64,83878,1,1,72346,536870912,0,0,0,0
random_linear,"RLC_n64_k48",0.75,64,48,0.0050000000000000001,299,0,6,1,1,1,0,0,7.6527999999999996e-05,0.035153717000000001,0,0.035153717000000001,PREFIX_ASTAR,0.0021769532934454694,0.0021769532934454694,127,65,62,65,1,65,64,763,1,1,697,536870912,0,0,0,0
random_linear,"RLC_n64_k48",0.75,64,48,0.0050000000000000001,300,1,49,1,1,1,0,0,0.0027523920000000002,1.654944454,0,1.654944454,PREFIX_ASTAR,0.0016631325561093425,0.0016631325561093425,8192,3942,4250,3942,1,3942,64,34146,1,1,30090,536870912,0,0,0,0
random_linear,"RLC_n64_k48",0.75,64,48,0.0050000000000000001,301,0,15,1,1,1,0,0,8.9252000000000005e-05,0.044245677999999997,0,0.044245677999999997,PREFIX_ASTAR,0.0020171913740365784,0.0020171913740365784,128,65,63,65,1,65,64,937,1,1,805,536870912,0,0,0,0
random_linear,"RLC_n64_k48",0.75,64,48,0.0050000000000000001,302,0,32,1,1,1,0,0,8.5111999999999994e-05,0.054236859999999998,0,0.054236859999999998,PREFIX_ASTAR,0.0015692648873847047,0.0015692648873847047,128,65,63,65,1,65,64,1100,1,1,1019,536870912,0,0,0,0
random_linear,"RLC_n64_k48",0.75,64,48,0.0050000000000000001,303,0,45,1,1,1,0,0,9.1147e-05,0.0089556259999999995,0,0.0089556259999999995,PREFIX_ASTAR,0.010177624657394135,0.010177624657394135,125,65,60,65,1,65,64,200,1,1,174,536870912,0,0,0,0
random_linear,"RLC_n64_k48",0.75,64,48,0.0050000000000000001,304,0,37,1,1,1,0,0,8.4722999999999995e-05,0.057404938000000003,0,0.057404938000000003,PREFIX_ASTAR,0.0014758834858422806,0.0014758834858422806,128,65,63,65,1,65,64,1151,1,1,1059,536870912,0,0,0,0
random_linear,"RLC_n64_k48",0.75,64,48,0.0050000000000000001,305,0,63,1,1,1,0,0,8.3892000000000002e-05,0.0067334170000000002,0,0.0067334170000000002,PREFIX_ASTAR,0.012459053107805443,0.012459053107805443,124,65,59,65,1,65,64,154,1,1,131,536870912,0,0,0,0
random_linear,"RLC_n64_k48",0.75,64,48,0.0050000000000000001,306,0,30,1,1,1,0,0,8.3992000000000005e-05,0.050177248000000001,0,0.050177248000000001,PREFIX_ASTAR,0.0016739060699383116,0.0016739060699383116,128,65,63,65,1,65,64,1121,1,1,1026,536870912,0,0,0,0
random_linear,"RLC_n64_k48",0.75,64,48,0.0050000000000000001,307,1,9,1,1,1,0,0,0.0024042120000000002,0.21544066100000001,0,0.21544066100000001,PREFIX_ASTAR,0.011159509021372712,0.011159509021372712,8188,3956,4232,3956,1,3956,64,4805,1,1,4089,536870912,0,0,0,0
random_linear,"RLC_n64_k48",0.75,64,48,0.0050000000000000001,308,0,17,1,1,1,0,0,7.5850000000000001e-05,0.0047774139999999998,0,0.0047774139999999998,PREFIX_ASTAR,0.015876790246773673,0.015876790246773673,124,63,61,63,1,63,64,119,1,1,98,536870912,0,0,0,0
random_linear,"RLC_n64_k48",0.75,64,48,0.0050000000000000001,309,0,16,1,1,1,0,0,7.9443000000000005e-05,0.0097277270000000002,0,0.0097277270000000002,PREFIX_ASTAR,0.008166655992710322,0.008166655992710322,125,64,61,64,1,64,64,242,1,1,211,536870912,0,0,0,0
random_linear,"RLC_n64_k48",0.75,64,48,0.0050000000000000001,310,0,19,1,1,1,0,0,7.2428999999999994e-05,0.0031087969999999999,0,0.0031087969999999999,PREFIX_ASTAR,0.02329807961085912,0.02329807961085912,121,60,61,60,1,60,64,90,1,1,72,536870912,0,0,0,0
random_linear,"RLC_n64_k48",0.75,64,48,0.0050000000000000001,311,1,13,1,1,1,0,0,0.002439484,0.84125871500000005,0,0.84125871500000005,PREFIX_ASTAR,0.0028998023515274963,0.0028998023515274963,8191,3992,4199,3992,1,3992,64,17543,1,1,15561,536870912,0,0,0,0
random_linear,"RLC_n64_k48",0.75,64,48,0.0050000000000000001,312,0,45,1,1,1,0,0,8.5005000000000004e-05,0.041449411999999998,0,0.041449411999999998,PREFIX_ASTAR,0.002050813169557146,0.002050813169557146,128,65,63,65,1,65,64,924,1,1,853,536870912,0,0,0,0
random_linear,"RLC_n64_k48",0.75,64,48,0.0050000000000000001,313,0,60,1,1,1,0,0,8.4917e-05,0.041559607999999998,0,0.041559607999999998,PREFIX_ASTAR,0.0020432579633571134,0.0020432579633571134,128,65,63,65,1,65,64,837,1,1,764,536870912,0,0,0,0
random_linear,"RLC_n64_k48",0.75,64,48,0.0050000000000000001,314,0,39,1,1,1,0,0,8.7161000000000001e-05,0.051138212000000002,0,0.051138212000000002,PREFIX_ASTAR,0.0017044201701850662,0.0017044201701850662,128,65,63,65,1,65,64,1046,1,1,928,536870912,0,0,0,0
random_linear,"RLC_n64_k48",0.75,64,48,0.0050000000000000001,315,0,1,1,1,1,0,0,8.5093999999999995e-05,0.018815274999999999,0,0.018815274999999999,PREFIX_ASTAR,0.0045226019816346028,0.0045226019816346028,126,64,62,64,1,64,64,397,1,1,355,536870912,0,0,0,0
random_linear,"RLC_n64_k48",0.75,64,48,0.0050000000000000001,316,0,54,1,1,1,0,0,8.2489000000000003e-05,0.010740853999999999,0,0.010740853999999999,PREFIX_ASTAR,0.0076799293612965979,0.0076799293612965979,126,63,63,63,1,63,64,241,1,1,209,536870912,0,0,0,0
random_linear,"RLC_n64_k48",0.75,64,48,0.0050000000000000001,317,1,26,1,1,1,0,0,0.0026524669999999999,1.8426615159999999,0,1.8426615159999999,PREFIX_ASTAR,0.0014394759845844634,0.0014394759845844634,8192,3977,4215,3977,1,3977,64,37386,1,1,32765,536870912,0,0,0,0
random_linear,"RLC_n64_k48",0.75,64,48,0.0050000000000000001,318,0,16,1,1,1,0,0,8.5611000000000004e-05,0.012757697,0,0.012757697,PREFIX_ASTAR,0.0067105371761063144,0.0067105371761063144,126,65,61,65,1,65,64,301,1,1,262,536870912,0,0,0,0
random_linear,"RLC_n64_k48",0.75,64,48,0.0050000000000000001,319,0,27,1,1,1,0,0,7.7857999999999999e-05,0.023896532000000002,0,0.023896532000000002,PREFIX_ASTAR,0.0032581296733768732,0.0032581296733768732,127,65,62,65,1,65,64,544,1,1,484,536870912,0,0,0,0
random_linear,"RLC_n64_k48",0.75,64,48,0.0050000000000000001,320,0,35,1,1,1,0,0,7.8783999999999997e-05,0.033892814,0,0.033892814,PREFIX_ASTAR,0.0023245045395168425,0.0023245045395168425,128,65,63,65,1,65,64,770,1,1,701,536870912,0,0,0,0
random_linear,"RLC_n64_k48",0.75,64,48,0.0050000000000000001,321,0,58,1,1,1,0,0,8.2020000000000004e-05,0.022626145,0,0.022626145,PREFIX_ASTAR,0.0036250099166252139,0.0036250099166252139,127,65,62,65,1,65,64,496,1,1,445,536870912,0,0,0,0
random_linear,"RLC_n64_k48",0.75,64,48,0.0050000000000000001,322,0,28,1,1,1,0,0,8.2981999999999999e-05,0.011050897,0,0.011050897,PREFIX_ASTAR,0.0075090736978183758,0.0075090736978183758,126,65,61,65,1,65,64,244,1,1,211,536870912,0,0,0,0
random_linear,"RLC_n64_k48",0.75,64,48,0.0050000000000000001,323,0,52,1,1,1,0,0,8.3325000000000006e-05,0.0089385999999999997,0,0.0089385999999999997,PREFIX_ASTAR,0.0093219296086635497,0.0093219296086635497,126,64,62,64,1,64,64,197,1,1,165,536870912,0,0,0,0
random_linear,"RLC_n64_k48",0.75,64,48,0.0050000000000000001,324,0,41,1,1,1,0,0,0.00010165100000000001,0.034351731000000003,0,0.034351731000000003,PREFIX_ASTAR,0.0029591230788340766,0.0029591230788340766,128,65,63,65,1,65,64,733,1,1,650,536870912,0,0,0,0
random_linear,"RLC_n64_k48",0.75,64,48,0.0050000000000000001,325,0,1,1,1,1,0,0,8.4400999999999994e-05,0.0063435660000000001,0,0.0063435660000000001,PREFIX_ASTAR,0.013304977042880927,0.013304977042880927,124,61,63,61,1,61,64,143,1,1,123,536870912,0,0,0,0
random_linear,"RLC_n64_k48",0.75,64,48,0.0050000000000000001,326,0,54,1,1,1,0,0,8.3876999999999997e-05,0.058926925999999998,0,0.058926925999999998,PREFIX_ASTAR,0.0014234070177018907,0.0014234070177018907,128,65,63,65,1,65,64,1205,1,1,1092,536870912,0,0,0,0
random_linear,"RLC_n64_k48",0.75,64,48,0.0050000000000000001,327,0,5,1,1,1,0,0,8.6180999999999994e-05,0.060259579000000001,0,0.060259579000000001,PREFIX_ASTAR,0.0014301626634331446,0.0014301626634331446,128,65,63,65,1,65,64,1224,1,1,1125,536870912,0,0,0,0
random_linear,"RLC_n64_k48",0.75,64,48,0.0050000000000000001,328,0,62,1,1,1,0,0,8.4759000000000006e-05,0.022626686,0,0.022626686,PREFIX_ASTAR,0.0037459749960732209,0.0037459749960732209,127,65,62,65,1,65,64,493,1,1,427,536870912,0,0,0,0
random_linear,"RLC_n64_k48",0.75,64,48,0.0050000000000000001,329,0,37,1,1,1,0,0,8.4293000000000001e-05,0.039050366000000003,0,0.039050366000000003,PREFIX_ASTAR,0.0021585713178718991,0.0021585713178718991,128,65,63,65,1,65,64,831,1,1,760,536870912,0,0,0,0
random_linear,"RLC_n64_k48",0.75,64,48,0.0050000000000000001,330,0,4,1,1,1,0,0,8.1952000000000004e-05,0.051119913000000003,0,0.051119913000000003,PREFIX_ASTAR,0.0016031326187898637,0.0016031326187898637,128,65,63,65,1,65,64,1120,1,1,1025,536870912,0,0,0,0
random_linear,"RLC_n64_k48",0.75,64,48,0.0050000000000000001,331,0,32,1,1,1,0,0,8.0521999999999999e-05,0.052917203000000003,0,0.052917203000000003,PREFIX_ASTAR,0.0015216601678663931,0.0015216601678663931,128,65,63,65,1,65,64,1156,1,1,1059,536870912,0,0,0,0
random_linear,"RLC_n64_k48",0.75,64,48,0.0050000000000000001,332,0,27,1,1,1,0,0,8.0005000000000004e-05,0.022262991999999999,0,0.022262991999999999,PREFIX_ASTAR,0.0035936319790259999,0.0035936319790259999,127,64,63,64,1,64,64,520,1,1,458,536870912,0,0,0,0
random_linear,"RLC_n64_k48",0.75,64,48,0.0050000000000000001,333,1,26,1,1,1,0,0,0.0024498139999999998,0.53062785899999998,0,0.53062785899999998,PREFIX_ASTAR,0.0046168212965991291,0.0046168212965991291,8191,3970,4221,3970,1,3970,64,10886,1,1,9809,536870912,0,0,0,0
random_linear,"RLC_n64_k48",0.75,64,48,0.0050000000000000001,334,2,0,1,1,1,0,0,0.079164396999999997,11.001416298000001,0,11.001416298000001,PREFIX_ASTAR,0.0071958368682395616,0.0071958368682395616,258175,119164,139011,119164,3,119164,64,223972,1,1,191817,536870912,0,0,0,0
random_linear,"RLC_n64_k48",0.75,64,48,0.0050000000000000001,335,0,51,1,1,1,0,0,7.4554999999999993e-05,0.0045874239999999997,0,0.0045874239999999997,PREFIX_ASTAR,0.016252040360777639,0.016252040360777639,125,65,60,65,1,65,64,113,1,1,93,536870912,0,0,0,0
random_linear,"RLC_n64_k48",0.75,64,48,0.0050000000000000001,336,1,49,1,1,1,0,0,0.0026916689999999998,0.3548559,0,0.3548559,PREFIX_ASTAR,0.007585245165713744,0.007585245165713744,8190,3962,4228,3962,1,3962,64,7873,1,1,7030,536870912,0,0,0,0
random_linear,"RLC_n64_k48",0.75,64,48,0.0050000000000000001,337,0,54,1,1,1,0,0,8.2031000000000001e-05,0.00341589,0,0.00341589,PREFIX_ASTAR,0.024014532083878579,0.024014532083878579,122,63,59,63,1,63,64,88,1,1,70,536870912,0,0,0,0
random_linear,"RLC_n64_k48",0.75,64,48,0.0050000000000000001,338,0,51,1,1,1,0,0,8.5836999999999998e-05,0.019610422999999998,0,0.019610422999999998,PREFIX_ASTAR,0.0043771110903625078,0.0043771110903625078,127,64,63,64,1,64,64,427,1,1,379,536870912,0,0,0,0
random_linear,"RLC_n64_k48",0.75,64,48,0.0050000000000000001,339,0,13,1,1,1,0,0,8.4901999999999995e-05,0.022267485,0,0.022267485,PREFIX_ASTAR,0.0038128239448684928,0.0038128239448684928,127,65,62,65,1,65,64,490,1,1,435,536870912,0,0,0,0
random_linear,"RLC_n64_k48",0.75,64,48,0.0050000000000000001,340,1,33,1,1,1,0,0,0.0025722829999999999,0.89121207199999997,0,0.89121207199999997,PREFIX_ASTAR,0.0028862748618602645,0.0028862748618602645,8191,3978,4213,3978,1,3978,64,18798,1,1,16731,536870912,0,0,0,0
random_linear,"RLC_n64_k48",0.75,64,48,0.0050000000000000001,341,0,43,1,1,1,0,0,8.3994999999999998e-05,0.052207763999999997,0,0.052207763999999997,PREFIX_ASTAR,0.0016088603220011492,0.0016088603220011492,128,65,63,65,1,65,64,1186,1,1,1083,536870912,0,0,0,0
random_linear,"RLC_n64_k48",0.75,64,48,0.0050000000000000001,342,0,40,1,1,1,0,0,7.5431000000000003e-05,0.012246742999999999,0,0.012246742999999999,PREFIX_ASTAR,0.0061592702647552912,0.0061592702647552912,126,64,62,64,1,64,64,291,1,1,257,536870912,0,0,0,0
random_linear,"RLC_n64_k48",0.75,64,48,0.0050000000000000001,343,0,54,1,1,1,0,0,7.8846999999999999e-05,0.0072091840000000004,0,0.0072091840000000004,PREFIX_ASTAR,0.010937021443758405,0.010937021443758405,125,63,62,63,1,63,64,178,1,1,152,536870912,0,0,0,0
random_linear,"RLC_n64_k48",0.75,64,48,0.0050000000000000001,344,0,32,1,1,1,0,0,7.4255e-05,0.0070042860000000002,0,0.0070042860000000002,PREFIX_ASTAR,0.010601366077855758,0.010601366077855758,125,62,63,62,1,62,64,176,1,1,149,536870912,0,0,0,0
random_linear,"RLC_n64_k48",0.75,64,48,0.0050000000000000001,345,0,2,1,1,1,0,0,8.1593000000000003e-05,0.020296742,0,0.020296742,PREFIX_ASTAR,0.0040200047869751706,0.0040200047869751706,126,63,63,63,1,63,64,455,1,1,414,536870912,0,0,0,0
random_linear,"RLC_n64_k48",0.75,64,48,0.0050000000000000001,346,0,11,1,1,1,0,0,7.6021999999999998e-05,0.0055135959999999999,0,0.0055135959999999999,PREFIX_ASTAR,0.013788097640813726,0.013788097640813726,124,62,62,62,1,62,64,143,1,1,120,536870912,0,0,0,0
random_linear,"RLC_n64_k48",0.75,64,48,0.0050000000000000001,347,0,31,1,1,1,0,0,7.6149999999999994e-05,0.0078664459999999992,0,0.0078664459999999992,PREFIX_ASTAR,0.0096803562879602817,0.0096803562879602817,125,64,61,64,1,64,64,184,1,1,159,536870912,0,0,0,0
random_linear,"RLC_n64_k48",0.75,64,48,0.0050000000000000001,348,1,3,1,1,1,0,0,0.0024741310000000001,0.85120174999999998,0,0.85120174999999998,PREFIX_ASTAR,0.0029066328869742104,0.0029066328869742104,8191,3989,4202,3989,1,3989,64,17435,1,1,15239,536870912,0,0,0,0
random_linear,"RLC_n64_k48",0.75,64,48,0.0050000000000000001,349,0,25,1,1,1,0,0,8.8256000000000003e-05,0.0045065629999999999,0,0.0045065629999999999,PREFIX_ASTAR,0.019583882439899322,0.019583882439899322,125,63,62,63,1,63,64,120,1,1,98,536870912,0,0,0,0
random_linear,"RLC_n64_k48",0.75,64,48,0.0050000000000000001,350,0,52,1,1,1,0,0,7.9278999999999998e-05,0.0022971379999999998,0,0.0022971379999999998,PREFIX_ASTAR,0.034512075460856079,0.034512075460856079,124,63,61,63,1,63,64,69,1,1,51,536870912,0,0,0,0
random_linear,"RLC_n64_k48",0.75,64,48,0.0050000000000000001,351,0,39,1,1,1,0,0,7.9185999999999997e-05,0.017752424999999999,0,0.017752424999999999,PREFIX_ASTAR,0.004460573696269665,0.004460573696269665,127,65,62,65,1,65,64,403,1,1,357,536870912,0,0,0,0
random_linear,"RLC_n64_k48",0.75,64,48,0.0050000000000000001,352,0,13,1,1,1,0,0,7.7812000000000006e-05,0.013548543,0,0.013548543,PREFIX_ASTAR,0.0057432005788371496,0.0057432005788371496,126,64,62,64,1,64,64,300,1,1,272,536870912,0,0,0,0
random_linear,"RLC_n64_k48",0.75,64,48,0.0050000000000000001,353,1,42,1,1,1,0,0,0.0026829010000000001,0.15343232300000001,0,0.15343232300000001,PREFIX_ASTAR,0.017485891809120298,0.017485891809120298,8187,3947,4240,3947,1,3947,64,3380,1,1,3063,536870912,0,0,0,0
random_linear,"RLC_n64_k48",0.75,64,48,0.0050000000000000001,354,0,32,1,1,1,0,0,8.6310000000000005e-05,0.047045821000000002,0,0.047045821000000002,PREFIX_ASTAR,0.0018345944053139173,0.0018345944053139173,128,65,63,65,1,65,64,994,1,1,904,536870912,0,0,0,0
random_linear,"RLC_n64_k48",0.75,64,48,0.0050000000000000001,355,0,24,1,1,1,0,0,8.2433000000000002e-05,0.0039056239999999999,0,0.0039056239999999999,PREFIX_ASTAR,0.021106230400058993,0.021106230400058993,123,62,61,62,1,62,64,100,1,1,78,536870912,0,0,0,0
random_linear,"RLC_n64_k48",0.75,64,48,0.0050000000000000001,356,0,21,1,1,1,0,0,7.9370999999999996e-05,0.053749268000000003,0,0.053749268000000003,PREFIX_ASTAR,0.0014766898778974997,0.0014766898778974997,128,65,63,65,1,65,64,1097,1,1,996,536870912,0,0,0,0
random_linear,"RLC_n64_k48",0.75,64,48,0.0050000000000000001,357,1,48,1,1,1,0,0,0.0024857690000000001,0.42339745600000001,0,0.42339745600000001,PREFIX_ASTAR,0.0058710059892282396,0.0058710059892282396,8190,3976,4214,3976,1,3976,64,9209,1,1,8239,536870912,0,0,0,0
random_linear,"RLC_n64_k48",0.75,64,48,0.0050000000000000001,358,0,39,1,1,1,0,0,7.9851999999999994e-05,0.012861945,0,0.012861945,PREFIX_ASTAR,0.0062083922765958019,0.0062083922765958019,126,64,62,64,1,64,64,290,1,1,255,536870912,0,0,0,0
random_linear,"RLC_n64_k48",0.75,64,48,0.0050000000000000001,359,1,28,1,1,1,0,0,0.0024762769999999998,1.2638449679999999,0,1.2638449679999999,PREFIX_ASTAR,0.0019593202194084299,0.0019593202194084299,8192,3987,4205,3987,1,3987,64,25764,1,1,22706,536870912,0,0,0,0
random_linear,"RLC_n64_k48",0.75,64,48,0.0050000000000000001,360,0,47,1,1,1,0,0,8.3851999999999996e-05,0.021430174999999999,0,0.021430174999999999,PREFIX_ASTAR,0.0039128005254273467,0.0039128005254273467,127,65,62,65,1,65,64,482,1,1,431,536870912,0,0,0,0
random_linear,"RLC_n64_k48",0.75,64,48,0.0050000000000000001,361,0,50,1,1,1,0,0,7.8491000000000005e-05,0.0069568069999999997,0,0.0069568069999999997,PREFIX_ASTAR,0.011282618592121358,0.011282618592121358,125,64,61,64,1,64,64,173,1,1,148,536870912,0,0,0,0
random_linear,"RLC_n64_k48",0.75,64,48,0.0050000000000000001,362,1,21,1,1,1,0,0,0.0024609300000000001,0.45093962399999998,0,0.45093962399999998,PREFIX_ASTAR,0.0054573381202801556,0.0054573381202801556,8190,3993,4197,3993,1,3993,64,9519,1,1,8425,536870912,0,0,0,0
random_linear,"RLC_n64_k48",0.75,64,48,0.0050000000000000001,363,1,17,1,1,1,0,0,0.0024485330000000001,0.65345444799999997,0,0.65345444799999997,PREFIX_ASTAR,0.0037470599633901342,0.0037470599633901342,8191,3983,4208,3983,1,3983,64,13853,1,1,12113,536870912,0,0,0,0
random_linear,"RLC_n64_k48",0.75,64,48,0.0050000000000000001,364,0,61,1,1,1,0,0,8.1584999999999999e-05,0.028914702,0,0.028914702,PREFIX_ASTAR,0.0028215749897750977,0.0028215749897750977,127,64,63,64,1,64,64,652,1,1,583,536870912,0,0,0,0
random_linear,"RLC_n64_k48",0.75,64,48,0.0050000000000000001,365,0,37,1,1,1,0,0,7.5748999999999996e-05,0.0025351750000000002,0,0.0025351750000000002,PREFIX_ASTAR,0.029879199660772921,0.029879199660772921,123,61,62,61,1,61,64,73,1,1,55,536870912,0,0,0,0
random_linear,"RLC_n64_k48",0.75,64,48,0.0050000000000000001,366,0,16,1,1,1,0,0,7.7137000000000004e-05,0.014128338000000001,0,0.014128338000000001,PREFIX_ASTAR,0.0054597363115180281,0.0054597363115180281,126,65,61,65,1,65,64,328,1,1,285,536870912,0,0,0,0
random_linear,"RLC_n64_k48",0.75,64,48,0.0050000000000000001,367,0,48,1,1,1,0,0,7.6971999999999994e-05,0.0033157909999999998,0,0.0033157909999999998,PREFIX_ASTAR,0.023213767092075465,0.023213767092075465,122,62,60,62,1,62,64,91,1,1,70,536870912,0,0,0,0
random_linear,"RLC_n64_k48",0.75,64,48,0.0050000000000000001,368,1,19,1,1,1,0,0,0.0025145139999999998,0.99474856,0,0.99474856,PREFIX_ASTAR,0.0025277885297969164,0.0025277885297969164,8191,4001,4190,4001,1,4001,64,20737,1,1,18110,536870912,0,0,0,0
random_linear,"RLC_n64_k48",0.75,64,48,0.0050000000000000001,369,0,34,1,1,1,0,0,8.9506000000000007e-05,0.006914618,0,0.006914618,PREFIX_ASTAR,0.01294446056166805,0.01294446056166805,125,63,62,63,1,63,64,154,1,1,132,536870912,0,0,0,0
random_linear,"RLC_n64_k48",0.75,64,48,0.0050000000000000001,370,0,18,1,1,1,0,0,8.708e-05,0.012700398,0,0.012700398,PREFIX_ASTAR,0.0068564780410818619,0.0068564780410818619,126,64,62,64,1,64,64,283,1,1,251,536870912,0,0,0,0
random_linear,"RLC_n64_k48",0.75,64,48,0.0050000000000000001,371,0,21,1,1,1,0,0,8.3834999999999999e-05,0.0057445930000000001,0,0.0057445930000000001,PREFIX_ASTAR,0.014593723175862936,0.014593723175862936,124,62,62,62,1,62,64,135,1,1,109,536870912,0,0,0,0
random_linear,"RLC_n64_k48",0.75,64,48,0.0050000000000000001,372,0,61,1,1,1,0,0,8.5082999999999998e-05,0.012114307,0,0.012114307,PREFIX_ASTAR,0.0070233485085032105,0.0070233485085032105,126,63,63,63,1,63,64,277,1,1,238,536870912,0,0,0,0
random_linear,"RLC_n64_k48",0.75,64,48,0.0050000000000000001,373,0,32,1,1,1,0,0,8.8511999999999996e-05,0.0065542200000000004,0,0.0065542200000000004,PREFIX_ASTAR,0.013504581780898412,0.013504581780898412,126,64,62,64,1,64,64,155,1,1,129,536870912,0,0,0,0
random_linear,"RLC_n64_k48",0.75,64,48,0.0050000000000000001,374,0,10,1,1,1,0,0,9.0838e-05,0.043534271999999999,0,0.043534271999999999,PREFIX_ASTAR,0.0020865859431392353,0.0020865859431392353,128,65,63,65,1,65,64,928,1,1,797,536870912,0,0,0,0
random_linear,"RLC_n64_k48",0.75,64,48,0.0050000000000000001,375,0,49,1,1,1,0,0,8.7343999999999996e-05,0.0045975709999999999,0,0.0045975709999999999,PREFIX_ASTAR,0.018997857781859161,0.018997857781859161,125,64,61,64,1,64,64,114,1,1,93,536870912,0,0,0,0
random_linear,"RLC_n64_k48",0.75,64,48,0.0050000000000000001,376,0,48,1,1,1,0,0,7.9227999999999994e-05,0.022403706999999998,0,0.022403706999999998,PREFIX_ASTAR,0.0035363790465568934,0.0035363790465568934,127,64,63,64,1,64,64,476,1,1,430,536870912,0,0,0,0
random_linear,"RLC_n64_k48",0.75,64,48,0.0050000000000000001,377,0,58,1,1,1,0,0,8.1522999999999999e-05,0.010224608,0,0.010224608,PREFIX_ASTAR,0.0079732152078593136,0.0079732152078593136,126,63,63,63,1,63,64,228,1,1,199,536870912,0,0,0,0
random_linear,"RLC_n64_k48",0.75,64,48,0.0050000000000000001,378,0,63,1,1,1,0,0,8.4875000000000003e-05,0.059555424000000003,0,0.059555424000000003,PREFIX_ASTAR,0.0014251430734503712,0.0014251430734503712,128,65,63,65,1,65,64,1233,1,1,1131,536870912,0,0,0,0
random_linear,"RLC_n64_k48",0.75,64,48,0.0050000000000000001,379,1,40,1,1,1,0,0,0.002600233,0.29938857200000002,0,0.29938857200000002,PREFIX_ASTAR,0.0086851444683733615,0.0086851444683733615,8189,3971,4218,3971,1,3971,64,6606,1,1,5848,536870912,0,0,0,0
random_linear,"RLC_n64_k48",0.75,64,48,0.0050000000000000001,380,1,54,1,1,1,0,0,0.0024445140000000001,0.59759498200000005,0,0.59759498200000005,PREFIX_ASTAR,0.0040905865571675762,0.0040905865571675762,8190,3968,4222,3968,2,3968,64,12411,1,1,10967,536870912,0,0,0,0
random_linear,"RLC_n64_k48",0.75,64,48,0.0050000000000000001,381,1,6,1,1,1,0,0,0.0025121800000000001,0.88447021400000003,0,0.88447021400000003,PREFIX_ASTAR,0.0028403217657706221,0.0028403217657706221,8191,3981,4210,3981,1,3981,64,18555,1,1,16199,536870912,0,0,0,0
random_linear,"RLC_n64_k48",0.75,64,48,0.0050000000000000001,382,0,3,1,1,1,0,0,8.1351000000000001e-05,0.017518987999999999,0,0.017518987999999999,PREFIX_ASTAR,0.0046435901434489259,0.0046435901434489259,127,65,62,65,1,65,64,395,1,1,357,536870912,0,0,0,0
random_linear,"RLC_n64_k48",0.75,64,48,0.0050000000000000001,383,0,39,1,1,1,0,0,7.8786000000000001e-05,0.0067851589999999998,0,0.0067851589999999998,PREFIX_ASTAR,0.011611518609954461,0.011611518609954461,125,63,62,63,1,63,64,168,1,1,139,536870912,0,0,0,0
random_linear,"RLC_n64_k48",0.75,64,48,0.0050000000000000001,384,1,39,1,1,1,0,0,0.0025115300000000001,0.47225470800000002,0,0.47225470800000002,PREFIX_ASTAR,0.0053181682627079282,0.0053181682627079282,8190,3965,4225,3965,1,3965,64,9839,1,1,8656,536870912,0,0,0,0
random_linear,"RLC_n64_k48",0.75,64,48,0.0050000000000000001,385,0,16,1,1,1,0,0,7.4894000000000005e-05,0.0036661689999999999,0,0.0036661689999999999,PREFIX_ASTAR,0.020428409055883678,0.020428409055883678,124,63,61,63,1,63,64,97,1,1,79,536870912,0,0,0,0
random_linear,"RLC_n64_k48",0.75,64,48,0.0050000000000000001,386,0,45,1,1,1,0,0,7.5265000000000005e-05,0.0023590120000000002,0,0.0023590120000000002,PREFIX_ASTAR,0.031905306119680614,0.031905306119680614,122,62,60,62,1,62,64,72,1,1,54,536870912,0,0,0,0
random_linear,"RLC_n64_k48",0.75,64,48,0.0050000000000000001,387,0,23,1,1,1,0,0,7.4752999999999994e-05,0.0076804569999999999,0,0.0076804569999999999,PREFIX_ASTAR,0.0097328843843536902,0.0097328843843536902,125,65,60,65,1,65,64,188,1,1,165,536870912,0,0,0,0
random_linear,"RLC_n64_k48",0.75,64,48,0.0050000000000000001,388,0,37,1,1,1,0,0,8.1631000000000005e-05,0.021703004000000001,0,0.021703004000000001,PREFIX_ASTAR,0.0037612765495504677,0.0037612765495504677,127,65,62,65,1,65,64,487,1,1,442,536870912,0,0,0,0
random_linear,"RLC_n64_k48",0.75,64,48,0.0050000000000000001,389,0,36,1,1,1,0,0,7.7948999999999995e-05,0.055925172000000002,0,0.055925172000000002,PREFIX_ASTAR,0.0013938088558762053,0.0013938088558762053,128,65,63,65,1,65,64,1162,1,1,1069,536870912,0,0,0,0
random_linear,"RLC_n64_k48",0.75,64,48,0.0050000000000000001,390,2,56,1,1,1,0,0,0.0025360579999999999,0.286164156,0,0.286164156,PREFIX_ASTAR,0.008862248981315466,0.008862248981315466,8190,3968,4222,3968,1,3968,64,6173,1,1,5455,536870912,0,0,0,0
random_linear,"RLC_n64_k48",0.75,64,48,0.0050000000000000001,391,2,56,1,1,1,0,0,0.0024653520000000001,1.463562936,0,1.463562936,PREFIX_ASTAR,0.0016844864948124105,0.0016844864948124105,8192,3982,4210,3982,1,3982,64,29923,1,1,26401,536870912,0,0,0,0
random_linear,"RLC_n64_k48",0.75,64,48,0.0050000000000000001,392,1,12,1,1,1,0,0,0.0025545310000000001,0.25935638300000002,0,0.25935638300000002,PREFIX_ASTAR,0.0098495011784614523,0.0098495011784614523,8189,3964,4225,3964,1,3964,64,5876,1,1,5270,536870912,0,0,0,0
random_linear,"RLC_n64_k48",0.75,64,48,0.0050000000000000001,393,0,54,1,1,1,0,0,8.5657999999999999e-05,0.0078154550000000007,0,0.0078154550000000007,PREFIX_ASTAR,0.010960078459923318,0.010960078459923318,125,64,61,64,1,64,64,192,1,1,167,536870912,0,0,0,0
random_linear,"RLC_n64_k48",0.75,64,48,0.0050000000000000001,394,1,9,1,1,1,0,0,0.0025934040000000001,0.75516692200000002,0,0.75516692200000002,PREFIX_ASTAR,0.0034342129196172607,0.0034342129196172607,8191,3950,4241,3950,1,3950,64,15858,1,1,13601,536870912,0,0,0,0
random_linear,"RLC_n64_k48",0.75,64,48,0.0050000000000000001,395,0,29,1,1,1,0,0,7.6143000000000006e-05,0.011325,0,0.011325,PREFIX_ASTAR,0.0067234437086092719,0.0067234437086092719,126,64,62,64,1,64,64,271,1,1,243,536870912,0,0,0,0
random_linear,"RLC_n64_k48",0.75,64,48,0.0050000000000000001,396,0,7,1,1,1,0,0,8.6667000000000002e-05,0.011887541,0,0.011887541,PREFIX_ASTAR,0.0072905742238870098,0.0072905742238870098,126,64,62,64,1,64,64,282,1,1,235,536870912,0,0,0,0
random_linear,"RLC_n64_k48",0.75,64,48,0.0050000000000000001,397,1,4,1,1,1,0,0,0.002514465,0.95938421100000004,0,0.95938421100000004,PREFIX_ASTAR,0.0026209155530911689,0.0026209155530911689,8191,3974,4217,3974,1,3974,64,19396,1,1,16872,536870912,0,0,0,0
random_linear,"RLC_n64_k48",0.75,64,48,0.0050000000000000001,398,1,45,1,1,1,0,0,0.002529477,1.168866964,0,1.168866964,PREFIX_ASTAR,0.002164041826748044,0.002164041826748044,8192,3927,4265,3927,1,3927,64,25306,1,1,22426,536870912,0,0,0,0
random_linear,"RLC_n64_k48",0.75,64,48,0.0050000000000000001,399,1,0,1,1,1,0,0,0.0025213990000000001,0.52050496999999996,0,0.52050496999999996,PREFIX_ASTAR,0.0048441401049446279,0.0048441401049446279,8190,3982,4208,3982,1,3982,64,11015,1,1,9084,536870912,0,0,0,0
random_linear,"RLC_n64_k48",0.75,64,48,0.0050000000000000001,400,0,30,1,1,1,0,0,7.9225000000000001e-05,0.013803321,0,0.013803321,PREFIX_ASTAR,0.0057395607912037981,0.0057395607912037981,126,64,62,64,1,64,64,317,1,1,283,536870912,0,0,0,0
random_linear,"RLC_n64_k48",0.75,64,48,0.0050000000000000001,401,0,32,1,1,1,0,0,8.7968999999999998e-05,0.055871621000000003,0,0.055871621000000003,PREFIX_ASTAR,0.0015744844775489866,0.0015744844775489866,128,65,63,65,1,65,64,1194,1,1,1082,536870912,0,0,0,0
random_linear,"RLC_n64_k48",0.75,64,48,0.0050000000000000001,402,0,35,1,1,1,0,0,8.5976000000000005e-05,0.045871542000000001,0,0.045871542000000001,PREFIX_ASTAR,0.0018742775204722789,0.0018742775204722789,128,65,63,65,1,65,64,1008,1,1,922,536870912,0,0,0,0
random_linear,"RLC_n64_k48",0.75,64,48,0.0050000000000000001,403,0,4,1,1,1,0,0,7.6892999999999997e-05,0.004057026,0,0.004057026,PREFIX_ASTAR,0.018953045901110813,0.018953045901110813,124,65,59,65,1,65,64,106,1,1,88,536870912,0,0,0,0
random_linear,"RLC_n64_k48",0.75,64,48,0.0050000000000000001,404,0,30,1,1,1,0,0,7.7474999999999999e-05,0.013076912,0,0.013076912,PREFIX_ASTAR,0.0059245638419834898,0.0059245638419834898,126,63,63,63,1,63,64,304,1,1,269,536870912,0,0,0,0
random_linear,"RLC_n64_k48",0.75,64,48,0.0050000000000000001,405,0,52,1,1,1,0,0,8.4765000000000006e-05,0.046960292000000001,0,0.046960292000000001,PREFIX_ASTAR,0.0018050356245655373,0.0018050356245655373,128,65,63,65,1,65,64,1001,1,1,911,536870912,0,0,0,0
random_linear,"RLC_n64_k48",0.75,64,48,0.0050000000000000001,406,2,39,1,1,1,0,0,0.084983021000000006,8.1129762569999997,0,8.1129762569999997,PREFIX_ASTAR,0.01047495004397127,0.01047495004397127,258174,118903,139271,118903,2,118903,64,167902,1,1,143419,536870912,0,0,0,0
random_linear,"RLC_n64_k48",0.75,64,48,0.0050000000000000001,407,0,62,1,1,1,0,0,8.6990999999999994e-05,0.048553200999999997,0,0.048553200999999997,PREFIX_ASTAR,0.0017916635403709017,0.0017916635403709017,128,65,63,65,1,65,64,1003,1,1,916,536870912,0,0,0,0
random_linear,"RLC_n64_k48",0.75,64,48,0.0050000000000000001,408,0,15,1,1,1,0,0,8.3423000000000004e-05,0.026702680999999999,0,0.026702680999999999,PREFIX_ASTAR,0.0031241432274160038,0.0031241432274160038,127,64,63,64,1,64,64,555,1,1,509,536870912,0,0,0,0
random_linear,"RLC_n64_k48",0.75,64,48,0.0050000000000000001,409,2,21,1,1,1,0,0,0.084609187000000002,20.424057842,0,20.424057842,PREFIX_ASTAR,0.0041426237457088382,0.0041426237457088382,258176,118297,139879,118297,3,118297,64,410514,1,1,340978,536870912,0,0,0,0
random_linear,"RLC_n64_k48",0.75,64,48,0.0050000000000000001,410,0,61,1,1,1,0,0,8.5839000000000003e-05,0.034771849000000001,0,0.034771849000000001,PREFIX_ASTAR,0.002468634900605947,0.002468634900605947,127,64,63,64,1,64,64,697,1,1,641,536870912,0,0,0,0
random_linear,"RLC_n64_k48",0.75,64,48,0.0050000000000000001,411,0,36,1,1,1,0,0,9.0532999999999995e-05,0.024261432999999999,0,0.024261432999999999,PREFIX_ASTAR,0.003731560291595307,0.003731560291595307,127,64,63,64,1,64,64,505,1,1,461,536870912,0,0,0,0
random_linear,"RLC_n64_k48",0.75,64,48,0.0050000000000000001,412,0,24,1,1,1,0,0,8.3024999999999999e-05,0.0036408299999999998,0,0.0036408299999999998,PREFIX_ASTAR,0.022803866151399545,0.022803866151399545,124,62,62,62,1,62,64,92,1,1,73,536870912,0,0,0,0
random_linear,"RLC_n64_k48",0.75,64,48,0.0050000000000000001,413,0,9,1,1,1,0,0,8.4859999999999997e-05,0.030235847999999999,0,0.030235847999999999,PREFIX_ASTAR,0.0028066022821651966,0.0028066022821651966,127,64,63,64,1,64,64,634,1,1,570,536870912,0,0,0,0
random_linear,"RLC_n64_k48",0.75,64,48,0.0050000000000000001,414,0,34,1,1,1,0,0,8.4462000000000005e-05,0.041351290999999998,0,0.041351290999999998,PREFIX_ASTAR,0.0020425480790914122,0.0020425480790914122,128,65,63,65,1,65,64,859,1,1,768,536870912,0,0,0,0
random_linear,"RLC_n64_k48",0.75,64,48,0.0050000000000000001,415,0,53,1,1,1,0,0,8.5241999999999995e-05,0.057920982000000003,0,0.057920982000000003,PREFIX_ASTAR,0.0014716946615304276,0.0014716946615304276,128,65,63,65,1,65,64,1172,1,1,1064,536870912,0,0,0,0
random_linear,"RLC_n64_k48",0.75,64,48,0.0050000000000000001,416,1,46,1,1,1,0,0,0.002472812,1.229206003,0,1.229206003,PREFIX_ASTAR,0.0020117148744513576,0.0020117148744513576,8192,3992,4200,3992,1,3992,64,24935,1,1,21874,536870912,0,0,0,0
random_linear,"RLC_n64_k48",0.75,64,48,0.0050000000000000001,417,0,22,1,1,1,0,0,7.9270000000000005e-05,0.005738913,0,0.005738913,PREFIX_ASTAR,0.013812720283440437,0.013812720283440437,125,63,62,63,1,63,64,142,1,1,120,536870912,0,0,0,0
random_linear,"RLC_n64_k48",0.75,64,48,0.0050000000000000001,418,0,40,1,1,1,0,0,8.0898999999999999e-05,0.0055833519999999998,0,0.0055833519999999998,PREFIX_ASTAR,0.014489324692406999,0.014489324692406999,123,63,60,63,1,63,64,150,1,1,119,536870912,0,0,0,0
random_linear,"RLC_n64_k48",0.75,64,48,0.0050000000000000001,419,0,58,1,1,1,0,0,8.0749999999999998e-05,0.0064828730000000001,0,0.0064828730000000001,PREFIX_ASTAR,0.012455897254195786,0.012455897254195786,125,64,61,64,1,64,64,167,1,1,140,536870912,0,0,0,0
random_linear,"RLC_n64_k48",0.75,64,48,0.0050000000000000001,420,0,51,1,1,1,0,0,7.2945e-05,0.0050261519999999999,0,0.0050261519999999999,PREFIX_ASTAR,0.014513090730244529,0.014513090730244529,124,61,63,61,1,61,64,130,1,1,107,536870912,0,0,0,0
random_linear,"RLC_n64_k48",0.75,64,48,0.0050000000000000001,421,0,17,1,1,1,0,0,7.8468999999999997e-05,0.013695122000000001,0,0.013695122000000001,PREFIX_ASTAR,0.0057297043429039912,0.0057297043429039912,126,64,62,64,1,64,64,327,1,1,281,536870912,0,0,0,0
random_linear,"RLC_n64_k48",0.75,64,48,0.0050000000000000001,422,0,37,1,1,1,0,0,7.9283999999999995e-05,0.031544860000000001,0,0.031544860000000001,PREFIX_ASTAR,0.0025133730186153937,0.0025133730186153937,127,64,63,64,1,64,64,678,1,1,613,536870912,0,0,0,0
random_linear,"RLC_n64_k48",0.75,64,48,0.0050000000000000001,423,0,40,1,1,1,0,0,7.6785000000000004e-05,0.0075617039999999998,0,0.0075617039999999998,PREFIX_ASTAR,0.010154457249318408,0.010154457249318408,125,63,62,63,1,63,64,188,1,1,162,536870912,0,0,0,0
random_linear,"RLC_n64_k48",0.75,64,48,0.0050000000000000001,424,0,36,1,1,1,0,0,7.4466000000000002e-05,0.011368260999999999,0,0.011368260999999999,PREFIX_ASTAR,0.0065503422203272788,0.0065503422203272788,126,65,61,65,1,65,64,288,1,1,248,536870912,0,0,0,0
random_linear,"RLC_n64_k48",0.75,64,48,0.0050000000000000001,425,1,18,1,1,1,0,0,0.0025448229999999999,1.20820467,0,1.20820467,PREFIX_ASTAR,0.0021062846909869998,0.0021062846909869998,8192,3986,4206,3986,1,3986,64,24982,1,1,21696,536870912,0,0,0,0
random_linear,"RLC_n64_k48",0.75,64,48,0.0050000000000000001,426,0,16,1,1,1,0,0,8.5690000000000001e-05,0.027722380000000001,0,0.027722380000000001,PREFIX_ASTAR,0.0030910044519987098,0.0030910044519987098,127,65,62,65,1,65,64,585,1,1,522,536870912,0,0,0,0
random_linear,"RLC_n64_k48",0.75,64,48,0.0050000000000000001,427,0,19,1,1,1,0,0,8.4785999999999998e-05,0.011043344,0,0.011043344,PREFIX_ASTAR,0.0076775657807997286,0.0076775657807997286,126,64,62,64,1,64,64,242,1,1,218,536870912,0,0,0,0
random_linear,"RLC_n64_k48",0.75,64,48,0.0050000000000000001,428,0,46,1,1,1,0,0,8.1335999999999995e-05,0.0073783700000000004,0,0.0073783700000000004,PREFIX_ASTAR,0.011023572957170756,0.011023572957170756,125,63,62,63,1,63,64,170,1,1,145,536870912,0,0,0,0
random_linear,"RLC_n64_k48",0.75,64,48,0.0050000000000000001,429,0,38,1,1,1,0,0,8.3022999999999994e-05,0.011806469,0,0.011806469,PREFIX_ASTAR,0.0070319923763828111,0.0070319923763828111,126,64,62,64,1,64,64,273,1,1,242,536870912,0,0,0,0
random_linear,"RLC_n64_k48",0.75,64,48,0.0050000000000000001,430,1,60,1,1,1,0,0,0.0026876199999999999,0.57927011799999995,0,0.57927011799999995,PREFIX_ASTAR,0.004639666222175127,0.004639666222175127,8191,3942,4249,3942,1,3942,64,12804,1,1,11287,536870912,0,0,0,0
random_linear,"RLC_n64_k48",0.75,64,48,0.0050000000000000001,431,0,5,1,1,1,0,0,9.3226999999999994e-05,0.0056835949999999996,0,0.0056835949999999996,PREFIX_ASTAR,0.016402822509344876,0.016402822509344876,124,63,61,63,1,63,64,140,1,1,110,536870912,0,0,0,0
random_linear,"RLC_n64_k48",0.75,64,48,0.0050000000000000001,432,0,15,1,1,1,0,0,8.1209000000000001e-05,0.0063298010000000004,0,0.0063298010000000004,PREFIX_ASTAR,0.012829629241108843,0.012829629241108843,124,63,61,63,1,63,64,154,1,1,131,536870912,0,0,0,0
random_linear,"RLC_n64_k48",0.75,64,48,0.0050000000000000001,433,0,50,1,1,1,0,0,8.4756e-05,0.043757720999999999,0,0.043757720999999999,PREFIX_ASTAR,0.001936938169151908,0.001936938169151908,128,65,63,65,1,65,64,913,1,1,834,536870912,0,0,0,0
random_linear,"RLC_n64_k48",0.75,64,48,0.0050000000000000001,434,2,10,1,1,1,0,0,0.0026440000000000001,0.17636375700000001,0,0.17636375700000001,PREFIX_ASTAR,0.01499174232265873,0.01499174232265873,8188,3970,4218,3970,1,3970,64,3876,1,1,3122,536870912,0,0,0,0
random_linear,"RLC_n64_k48",0.75,64,48,0.0050000000000000001,435,0,51,1,1,1,0,0,8.0673000000000005e-05,0.051204022000000002,0,0.051204022000000002,PREFIX_ASTAR,0.0015755207667085215,0.0015755207667085215,128,65,63,65,1,65,64,1128,1,1,1037,536870912,0,0,0,0
random_linear,"RLC_n64_k48",0.75,64,48,0.0050000000000000001,436,1,57,1,1,1,0,0,0.0024414900000000002,1.309318309,0,1.309318309,PREFIX_ASTAR,0.0018647031689831813,0.0018647031689831813,8192,3975,4217,3975,1,3975,64,27192,1,1,23824,536870912,0,0,0,0
random_linear,"RLC_n64_k48",0.75,64,48,0.0050000000000000001,437,0,12,1,1,1,0,0,8.2445000000000001e-05,0.011173601,0,0.011173601,PREFIX_ASTAR,0.0073785523574718664,0.0073785523574718664,125,62,63,62,1,62,64,268,1,1,237,536870912,0,0,0,0
random_linear,"RLC_n64_k48",0.75,64,48,0.0050000000000000001,438,0,19,1,1,1,0,0,7.8708000000000006e-05,0.039021082999999998,0,0.039021082999999998,PREFIX_ASTAR,0.002017063442344745,0.002017063442344745,128,65,63,65,1,65,64,882,1,1,797,536870912,0,0,0,0
random_linear,"RLC_n64_k48",0.75,64,48,0.0050000000000000001,439,1,63,1,1,1,0,0,0.0024644329999999998,1.258583971,0,1.258583971,PREFIX_ASTAR,0.0019580997826008383,0.0019580997826008383,8192,3994,4198,3994,1,3994,64,25736,1,1,22649,536870912,0,0,0,0
random_linear,"RLC_n64_k48",0.75,64,48,0.0050000000000000001,440,1,55,1,1,1,0,0,0.002489448,0.19316950499999999,0,0.19316950499999999,PREFIX_ASTAR,0.012887375779111719,0.012887375779111719,8188,3959,4229,3959,1,3959,64,4284,1,1,3821,536870912,0,0,0,0
random_linear,"RLC_n64_k48",0.75,64,48,0.0050000000000000001,441,0,39,1,1,1,0,0,8.4024999999999996e-05,0.0073457940000000001,0,0.0073457940000000001,PREFIX_ASTAR,0.011438518422923375,0.011438518422923375,125,65,60,65,1,65,64,177,1,1,149,536870912,0,0,0,0
random_linear,"RLC_n64_k48",0.75,64,48,0.0050000000000000001,442,0,60,1,1,1,0,0,8.3169000000000003e-05,0.0060889209999999997,0,0.0060889209999999997,PREFIX_ASTAR,0.0136590703016183,0.0136590703016183,124,63,61,63,1,63,64,147,1,1,126,536870912,0,0,0,0
random_linear,"RLC_n64_k48",0.75,64,48,0.0050000000000000001,443,0,25,1,1,1,0,0,8.0215000000000004e-05,0.056295349000000001,0,0.056295349000000001,PREFIX_ASTAR,0.0014248956872085473,0.0014248956872085473,128,65,63,65,1,65,64,1228,1,1,1117,536870912,0,0,0,0
random_linear,"RLC_n64_k48",0.75,64,48,0.0050000000000000001,444,0,34,1,1,1,0,0,7.6573e-05,0.039358566999999997,0,0.039358566999999997,PREFIX_ASTAR,0.0019455230674429789,0.0019455230674429789,128,65,63,65,1,65,64,881,1,1,798,536870912,0,0,0,0
random_linear,"RLC_n64_k48",0.75,64,48,0.0050000000000000001,445,0,33,1,1,1,0,0,8.0555000000000004e-05,0.05220553,0,0.05220553,PREFIX_ASTAR,0.0015430357665174553,0.0015430357665174553,128,65,63,65,1,65,64,1201,1,1,1091,536870912,0,0,0,0
random_linear,"RLC_n64_k48",0.75,64,48,0.0050000000000000001,446,0,2,1,1,1,0,0,7.8497000000000004e-05,0.010179657999999999,0,0.010179657999999999,PREFIX_ASTAR,0.0077111627915201087,0.0077111627915201087,126,64,62,64,1,64,64,245,1,1,215,536870912,0,0,0,0
random_linear,"RLC_n64_k48",0.75,64,48,0.0050000000000000001,447,0,47,1,1,1,0,0,7.9550999999999998e-05,0.017436600999999999,0,0.017436600999999999,PREFIX_ASTAR,0.0045622997280261217,0.0045622997280261217,127,64,63,64,1,64,64,403,1,1,355,536870912,0,0,0,0
random_linear,"RLC_n64_k48",0.75,64,48,0.0050000000000000001,448,0,12,1,1,1,0,0,7.6388000000000001e-05,0.025125244000000001,0,0.025125244000000001,PREFIX_ASTAR,0.0030402888823686646,0.0030402888823686646,127,65,62,65,1,65,64,515,1,1,459,536870912,0,0,0,0
random_linear,"RLC_n64_k48",0.75,64,48,0.0050000000000000001,449,0,23,1,1,1,0,0,8.4167999999999998e-05,0.018889629000000002,0,0.018889629000000002,PREFIX_ASTAR,0.0044557783532964039,0.0044557783532964039,127,65,62,65,1,65,64,405,1,1,363,536870912,0,0,0,0
random_linear,"RLC_n64_k48",0.75,64,48,0.0050000000000000001,450,0,44,1,1,1,0,0,8.4870000000000006e-05,0.021210877999999999,0,0.021210877999999999,PREFIX_ASTAR,0.0040012487931899857,0.0040012487931899857,127,65,62,65,1,65,64,455,1,1,399,536870912,0,0,0,0
random_linear,"RLC_n64_k48",0.75,64,48,0.0050000000000000001,451,0,9,1,1,1,0,0,8.3924999999999994e-05,0.054542706000000003,0,0.054542706000000003,PREFIX_ASTAR,0.0015387025352207495,0.0015387025352207495,128,65,63,65,1,65,64,1119,1,1,992,536870912,0,0,0,0
random_linear,"RLC_n64_k48",0.75,64,48,0.0050000000000000001,452,2,50,1,1,1,0,0,0.083043914999999996,21.706206251000001,0,21.706206251000001,PREFIX_ASTAR,0.0038258143334547086,0.0038258143334547086,258176,120403,137773,120403,2,120403,64,434697,1,1,363642,536870912,0,0,0,0
random_linear,"RLC_n64_k48",0.75,64,48,0.0050000000000000001,453,0,40,1,1,1,0,0,8.4048999999999994e-05,0.0047513920000000001,0,0.0047513920000000001,PREFIX_ASTAR,0.01768934240744607,0.01768934240744607,125,63,62,63,1,63,64,118,1,1,91,536870912,0,0,0,0
random_linear,"RLC_n64_k48",0.75,64,48,0.0050000000000000001,454,1,31,1,1,1,0,0,0.0026865050000000001,0.83923312299999997,0,0.83923312299999997,PREFIX_ASTAR,0.0032011427175283216,0.0032011427175283216,8191,3974,4217,3974,1,3974,64,17179,1,1,15216,536870912,0,0,0,0
random_linear,"RLC_n64_k48",0.75,64,48,0.0050000000000000001,455,0,56,1,1,1,0,0,8.6563000000000005e-05,0.022237259999999998,0,0.022237259999999998,PREFIX_ASTAR,0.0038927008093623048,0.0038927008093623048,127,64,63,64,1,64,64,491,1,1,439,536870912,0,0,0,0
random_linear,"RLC_n64_k48",0.75,64,48,0.0050000000000000001,456,0,62,1,1,1,0,0,8.6203000000000001e-05,0.038068669999999999,0,0.038068669999999999,PREFIX_ASTAR,0.0022644079764278604,0.0022644079764278604,127,64,63,64,1,64,64,777,1,1,707,536870912,0,0,0,0
random_linear,"RLC_n64_k48",0.75,64,48,0.0050000000000000001,457,0,47,1,1,1,0,0,8.3230000000000001e-05,0.02533564,0,0.02533564,PREFIX_ASTAR,0.0032850956202408938,0.0032850956202408938,128,65,63,65,1,65,64,570,1,1,507,536870912,0,0,0,0
random_linear,"RLC_n64_k48",0.75,64,48,0.0050000000000000001,458,1,20,1,1,1,0,0,0.0027236780000000002,0.78146243000000004,0,0.78146243000000004,PREFIX_ASTAR,0.00348536013433173,0.00348536013433173,8191,4005,4186,4005,2,4005,64,15846,1,1,13750,536870912,0,0,0,0
random_linear,"RLC_n64_k48",0.75,64,48,0.0050000000000000001,459,0,15,1,1,1,0,0,7.8140999999999996e-05,0.0077475010000000004,0,0.0077475010000000004,PREFIX_ASTAR,0.010085961912105593,0.010085961912105593,125,64,61,64,1,64,64,194,1,1,162,536870912,0,0,0,0
random_linear,"RLC_n64_k48",0.75,64,48,0.0050000000000000001,460,0,44,1,1,1,0,0,8.0922999999999998e-05,0.049147461000000003,0,0.049147461000000003,PREFIX_ASTAR,0.001646534700948234,0.001646534700948234,128,65,63,65,1,65,64,1093,1,1,981,536870912,0,0,0,0
random_linear,"RLC_n64_k48",0.75,64,48,0.0050000000000000001,461,0,5,1,1,1,0,0,7.8991000000000003e-05,0.025018790999999999,0,0.025018790999999999,PREFIX_ASTAR,0.0031572668719283842,0.0031572668719283842,127,64,63,64,1,64,64,577,1,1,513,536870912,0,0,0,0
random_linear,"RLC_n64_k48",0.75,64,48,0.0050000000000000001,462,0,15,1,1,1,0,0,7.6576999999999995e-05,0.004269831,0,0.004269831,PREFIX_ASTAR,0.017934433470551878,0.017934433470551878,124,62,62,62,1,62,64,108,1,1,87,536870912,0,0,0,0
random_linear,"RLC_n64_k48",0.75,64,48,0.0050000000000000001,463,0,54,1,1,1,0,0,8.4902999999999997e-05,0.047246893999999998,0,0.047246893999999998,PREFIX_ASTAR,0.0017970070159532604,0.0017970070159532604,128,65,63,65,1,65,64,1044,1,1,958,536870912,0,0,0,0
random_linear,"RLC_n64_k48",0.75,64,48,0.0050000000000000001,464,0,10,1,1,1,0,0,8.4628000000000004e-05,0.055943496000000002,0,0.055943496000000002,PREFIX_ASTAR,0.0015127406410210759,0.0015127406410210759,128,65,63,65,1,65,64,1221,1,1,1100,536870912,0,0,0,0
random_linear,"RLC_n64_k48",0.75,64,48,0.0050000000000000001,465,0,19,1,1,1,0,0,7.6451000000000004e-05,0.012583459999999999,0,0.012583459999999999,PREFIX_ASTAR,0.0060755150014383964,0.0060755150014383964,126,64,62,64,1,64,64,290,1,1,253,536870912,0,0,0,0
random_linear,"RLC_n64_k48",0.75,64,48,0.0050000000000000001,466,0,17,1,1,1,0,0,7.4399000000000004e-05,0.013676745000000001,0,0.013676745000000001,PREFIX_ASTAR,0.0054398177344097591,0.0054398177344097591,127,65,62,65,1,65,64,319,1,1,280,536870912,0,0,0,0
random_linear,"RLC_n64_k48",0.75,64,48,0.0050000000000000001,467,0,14,1,1,1,0,0,7.9328999999999999e-05,0.052173703000000002,0,0.052173703000000002,PREFIX_ASTAR,0.0015204786211935157,0.0015204786211935157,128,65,63,65,1,65,64,1093,1,1,1016,536870912,0,0,0,0
random_linear,"RLC_n64_k48",0.75,64,48,0.0050000000000000001,468,0,58,1,1,1,0,0,7.7464000000000002e-05,0.0058041100000000003,0,0.0058041100000000003,PREFIX_ASTAR,0.013346404530582638,0.013346404530582638,125,63,62,63,1,63,64,146,1,1,123,536870912,0,0,0,0
random_linear,"RLC_n64_k48",0.75,64,48,0.0050000000000000001,469,0,7,1,1,1,0,0,7.5995000000000007e-05,0.029080811000000002,0,0.029080811000000002,PREFIX_ASTAR,0.0026132352361149763,0.0026132352361149763,127,65,62,65,1,65,64,649,1,1,577,536870912,0,0,0,0
random_linear,"RLC_n64_k48",0.75,64,48,0.0050000000000000001,470,0,50,1,1,1,0,0,8.1515999999999997e-05,0.010386538000000001,0,0.010386538000000001,PREFIX_ASTAR,0.0078482358606881322,0.0078482358606881322,126,63,63,63,1,63,64,248,1,1,219,536870912,0,0,0,0
random_linear,"RLC_n64_k48",0.75,64,48,0.0050000000000000001,471,1,23,1,1,1,0,0,0.0024846640000000001,1.109677858,0,1.109677858,PREFIX_ASTAR,0.0022390858590962352,0.0022390858590962352,8192,3981,4211,3981,1,3981,64,22987,1,1,20208,536870912,0,0,0,0
random_linear,"RLC_n64_k48",0.75,64,48,0.0050000000000000001,472,0,56,1,1,1,0,0,8.4031999999999998e-05,0.053672774999999999,0,0.053672774999999999,PREFIX_ASTAR,0.0015656354641622311,0.0015656354641622311,128,65,63,65,1,65,64,1127,1,1,1030,536870912,0,0,0,0
random_linear,"RLC_n64_k48",0.75,64,48,0.0050000000000000001,473,0,34,1,1,1,0,0,7.7855999999999995e-05,0.0025808039999999999,0,0.0025808039999999999,PREFIX_ASTAR,0.030167343200026037,0.030167343200026037,121,62,59,62,1,62,64,76,1,1,56,536870912,0,0,0,0
random_linear,"RLC_n64_k48",0.75,64,48,0.0050000000000000001,474,0,56,1,1,1,0,0,7.7513000000000001e-05,0.056298581,0,0.056298581,PREFIX_ASTAR,0.0013768197816566637,0.0013768197816566637,128,65,63,65,1,65,64,1179,1,1,1082,536870912,0,0,0,0
random_linear,"RLC_n64_k48",0.75,64,48,0.0050000000000000001,475,1,2,1,1,1,0,0,0.0025295339999999999,0.24261725000000001,0,0.24261725000000001,PREFIX_ASTAR,0.010426027003438544,0.010426027003438544,8189,4004,4185,4004,2,4004,64,5158,1,1,4635,536870912,0,0,0,0
random_linear,"RLC_n64_k48",0.75,64,48,0.0050000000000000001,476,0,43,1,1,1,0,0,8.5345000000000004e-05,0.020597305,0,0.020597305,PREFIX_ASTAR,0.0041435032398656037,0.0041435032398656037,127,64,63,64,1,64,64,431,1,1,392,536870912,0,0,0,0
random_linear,"RLC_n64_k48",0.75,64,48,0.0050000000000000001,477,0,37,1,1,1,0,0,8.4374000000000002e-05,0.045616539999999997,0,0.045616539999999997,PREFIX_ASTAR,0.0018496361188288285,0.0018496361188288285,128,65,63,65,1,65,64,939,1,1,860,536870912,0,0,0,0
random_linear,"RLC_n64_k48",0.75,64,48,0.0050000000000000001,478,0,55,1,1,1,0,0,8.3510000000000005e-05,0.051366462000000002,0,0.051366462000000002,PREFIX_ASTAR,0.0016257689696440453,0.0016257689696440453,128,65,63,65,1,65,64,1066,1,1,976,536870912,0,0,0,0
random_linear,"RLC_n64_k48",0.75,64,48,0.0050000000000000001,479,1,36,1,1,1,0,0,0.002424346,0.72721681199999999,0,0.72721681199999999,PREFIX_ASTAR,0.0033337320589887573,0.0033337320589887573,8191,3982,4209,3982,1,3982,64,14838,1,1,13203,536870912,0,0,0,0
random_linear,"RLC_n64_k48",0.75,64,48,0.0050000000000000001,480,0,48,1,1,1,0,0,8.5080000000000005e-05,0.014711221,0,0.014711221,PREFIX_ASTAR,0.0057833404854702409,0.0057833404854702409,126,64,62,64,1,64,64,319,1,1,282,536870912,0,0,0,0
random_linear,"RLC_n64_k48",0.75,64,48,0.0050000000000000001,481,0,30,1,1,1,0,0,8.1583999999999997e-05,0.048298889999999997,0,0.048298889999999997,PREFIX_ASTAR,0.0016891485497906888,0.0016891485497906888,128,65,63,65,1,65,64,1130,1,1,1030,536870912,0,0,0,0
random_linear,"RLC_n64_k48",0.75,64,48,0.0050000000000000001,482,0,57,1,1,1,0,0,7.6005000000000002e-05,0.020051743,0,0.020051743,PREFIX_ASTAR,0.0037904435539593741,0.0037904435539593741,127,64,63,64,1,64,64,461,1,1,413,536870912,0,0,0,0
random_linear,"RLC_n64_k48",0.75,64,48,0.0050000000000000001,483,0,54,1,1,1,0,0,8.2720999999999996e-05,0.050313200000000002,0,0.050313200000000002,PREFIX_ASTAR,0.0016441212246487997,0.0016441212246487997,128,65,63,65,1,65,64,1105,1,1,1013,536870912,0,0,0,0
random_linear,"RLC_n64_k48",0.75,64,48,0.0050000000000000001,484,0,13,1,1,1,0,0,8.4987000000000005e-05,0.014783930000000001,0,0.014783930000000001,PREFIX_ASTAR,0.0057486067642365732,0.0057486067642365732,126,64,62,64,1,64,64,339,1,1,301,536870912,0,0,0,0
random_linear,"RLC_n64_k48",0.75,64,48,0.0050000000000000001,485,0,48,1,1,1,0,0,8.7787999999999994e-05,0.047018839,0,0.047018839,PREFIX_ASTAR,0.0018670814053915706,0.0018670814053915706,128,65,63,65,1,65,64,1035,1,1,954,536870912,0,0,0,0
random_linear,"RLC_n64_k48",0.75,64,48,0.0050000000000000001,486,0,22,1,1,1,0,0,7.8432999999999999e-05,0.029725059000000002,0,0.029725059000000002,PREFIX_ASTAR,0.0026386154523696656,0.0026386154523696656,127,64,63,64,1,64,64,653,1,1,597,536870912,0,0,0,0
random_linear,"RLC_n64_k48",0.75,64,48,0.0050000000000000001,487,0,4,1,1,1,0,0,7.5331000000000001e-05,0.012086931,0,0.012086931,PREFIX_ASTAR,0.0062324340231610488,0.0062324340231610488,126,63,63,63,1,63,64,284,1,1,255,536870912,0,0,0,0
random_linear,"RLC_n64_k48",0.75,64,48,0.0050000000000000001,488,0,15,1,1,1,0,0,7.6166000000000002e-05,0.016883308999999999,0,0.016883308999999999,PREFIX_ASTAR,0.0045113194338858575,0.0045113194338858575,127,64,63,64,1,64,64,395,1,1,350,536870912,0,0,0,0
random_linear,"RLC_n64_k48",0.75,64,48,0.0050000000000000001,489,0,32,1,1,1,0,0,7.8753999999999998e-05,0.022602088999999999,0,0.022602088999999999,PREFIX_ASTAR,0.0034843681926922773,0.0034843681926922773,127,64,63,64,1,64,64,520,1,1,465,536870912,0,0,0,0
random_linear,"RLC_n64_k48",0.75,64,48,0.0050000000000000001,490,0,42,1,1,1,0,0,7.7224000000000005e-05,0.0091557930000000006,0,0.0091557930000000006,PREFIX_ASTAR,0.0084344414514395429,0.0084344414514395429,125,63,62,63,1,63,64,213,1,1,189,536870912,0,0,0,0
random_linear,"RLC_n64_k48",0.75,64,48,0.0050000000000000001,491,0,19,1,1,1,0,0,7.6136000000000004e-05,0.040222544999999998,0,0.040222544999999998,PREFIX_ASTAR,0.0018928687878899757,0.0018928687878899757,128,65,63,65,1,65,64,906,1,1,779,536870912,0,0,0,0
random_linear,"RLC_n64_k48",0.75,64,48,0.0050000000000000001,492,1,59,1,1,1,0,0,0.0025130450000000002,0.76524934499999997,0,0.76524934499999997,PREFIX_ASTAR,0.0032839557673845516,0.0032839557673845516,8191,3959,4232,3959,1,3959,64,16002,1,1,14284,536870912,0,0,0,0
random_linear,"RLC_n64_k48",0.75,64,48,0.0050000000000000001,493,0,2,1,1,1,0,0,8.7004999999999998e-05,0.054478985000000001,0,0.054478985000000001,PREFIX_ASTAR,0.0015970378302752886,0.0015970378302752886,128,65,63,65,1,65,64,1062,1,1,902,536870912,0,0,0,0
random_linear,"RLC_n64_k48",0.75,64,48,0.0050000000000000001,494,0,25,1,1,1,0,0,8.5939999999999994e-05,0.029264371000000001,0,0.029264371000000001,PREFIX_ASTAR,0.0029366768211078241,0.0029366768211078241,127,64,63,64,1,64,64,611,1,1,542,536870912,0,0,0,0
random_linear,"RLC_n64_k48",0.75,64,48,0.0050000000000000001,495,0,54,1,1,1,0,0,8.9676e-05,0.012021245999999999,0,0.012021245999999999,PREFIX_ASTAR,0.0074597924374894256,0.0074597924374894256,126,64,62,64,1,64,64,272,1,1,237,536870912,0,0,0,0
random_linear,"RLC_n64_k48",0.75,64,48,0.0050000000000000001,496,0,39,1,1,1,0,0,8.3002000000000003e-05,0.018927342,0,0.018927342,PREFIX_ASTAR,0.0043852961498767233,0.0043852961498767233,127,64,63,64,1,64,64,423,1,1,359,536870912,0,0,0,0
random_linear,"RLC_n64_k48",0.75,64,48,0.0050000000000000001,497,0,56,1,1,1,0,0,8.2782999999999997e-05,0.014173068,0,0.014173068,PREFIX_ASTAR,0.005840866635226755,0.005840866635226755,126,64,62,64,1,64,64,321,1,1,283,536870912,0,0,0,0
random_linear,"RLC_n64_k48",0.75,64,48,0.0050000000000000001,498,1,26,1,1,1,0,0,0.0026654199999999999,1.3124534450000001,0,1.3124534450000001,PREFIX_ASTAR,0.0020308682263392589,0.0020308682263392589,8192,3968,4224,3968,1,3968,64,27331,1,1,24150,536870912,0,0,0,0
random_linear,"RLC_n64_k48",0.75,64,48,0.0050000000000000001,499,0,20,1,1,1,0,0,9.8113000000000001e-05,0.0081974609999999996,0,0.0081974609999999996,PREFIX_ASTAR,0.011968705920040365,0.011968705920040365,125,65,60,65,1,65,64,194,1,1,167,536870912,0,0,0,0
random_linear,"RLC_n64_k48",0.75,64,48,0.0050000000000000001,500,1,8,1,1,1,0,0,0.0024714030000000001,0.87163555100000001,0,0.87163555100000001,PREFIX_ASTAR,0.0028353627811126304,0.0028353627811126304,8191,3990,4201,3990,1,3990,64,17912,1,1,15743,536870912,0,0,0,0
random_linear,"RLC_n64_k48",0.75,64,48,0.0050000000000000001,501,0,23,1,1,1,0,0,8.5456000000000003e-05,0.018744166999999999,0,0.018744166999999999,PREFIX_ASTAR,0.0045590716301236543,0.0045590716301236543,127,64,63,64,1,64,64,428,1,1,383,536870912,0,0,0,0
random_linear,"RLC_n64_k48",0.75,64,48,0.0050000000000000001,502,0,0,1,1,1,0,0,9.3350000000000006e-05,0.057974274999999999,0,0.057974274999999999,PREFIX_ASTAR,0.0016101969364860536,0.0016101969364860536,128,65,63,65,1,65,64,1279,1,1,1177,536870912,0,0,0,0
random_linear,"RLC_n64_k48",0.75,64,48,0.0050000000000000001,503,0,30,1,1,1,0,0,7.6539999999999996e-05,0.0070968300000000002,0,0.0070968300000000002,PREFIX_ASTAR,0.010785097008100798,0.010785097008100798,125,64,61,64,1,64,64,177,1,1,151,536870912,0,0,0,0
random_linear,"RLC_n64_k48",0.75,64,48,0.0050000000000000001,504,0,0,1,1,1,0,0,7.7887999999999997e-05,0.013217074000000001,0,0.013217074000000001,PREFIX_ASTAR,0.005892983575638602,0.005892983575638602,126,65,61,65,1,65,64,308,1,1,270,536870912,0,0,0,0
random_linear,"RLC_n64_k48",0.75,64,48,0.0050000000000000001,505,0,12,1,1,1,0,0,7.8010999999999996e-05,0.021988673,0,0.021988673,PREFIX_ASTAR,0.0035477811689682225,0.0035477811689682225,127,64,63,64,1,64,64,497,1,1,445,536870912,0,0,0,0
random_linear,"RLC_n64_k48",0.75,64,48,0.0050000000000000001,506,0,47,1,1,1,0,0,8.0816999999999996e-05,0.046013999,0,0.046013999,PREFIX_ASTAR,0.0017563567991558393,0.0017563567991558393,128,65,63,65,1,65,64,995,1,1,905,536870912,0,0,0,0
random_linear,"RLC_n64_k48",0.75,64,48,0.0050000000000000001,507,0,19,1,1,1,0,0,8.4414999999999997e-05,0.050013832000000001,0,0.050013832000000001,PREFIX_ASTAR,0.0016878330778573414,0.0016878330778573414,128,65,63,65,1,65,64,1084,1,1,988,536870912,0,0,0,0
random_linear,"RLC_n64_k48",0.75,64,48,0.0050000000000000001,508,0,42,1,1,1,0,0,7.5702000000000001e-05,0.019376884,0,0.019376884,PREFIX_ASTAR,0.0039068201058539646,0.0039068201058539646,127,65,62,65,1,65,64,447,1,1,395,536870912,0,0,0,0
random_linear,"RLC_n64_k48",0.75,64,48,0.0050000000000000001,509,0,4,1,1,1,0,0,7.5350000000000002e-05,0.022091871999999999,0,0.022091871999999999,PREFIX_ASTAR,0.0034107566801038864,0.0034107566801038864,127,65,62,65,1,65,64,509,1,1,459,536870912,0,0,0,0
random_linear,"RLC_n64_k48",0.75,64,48,0.0050000000000000001,510,0,24,1,1,1,0,0,7.5616000000000002e-05,0.010767649000000001,0,0.010767649000000001,PREFIX_ASTAR,0.0070225171715757075,0.0070225171715757075,126,63,63,63,1,63,64,257,1,1,224,536870912,0,0,0,0
random_linear,"RLC_n64_k48",0.75,64,48,0.0050000000000000001,511,1,58,1,1,1,0,0,0.0025070180000000002,0.34785670099999999,0,0.34785670099999999,PREFIX_ASTAR,0.0072070424194588109,0.0072070424194588109,8189,3952,4237,3952,1,3952,64,7260,1,1,6473,536870912,0,0,0,0
random_linear,"RLC_n64_k48",0.75,64,48,0.0050000000000000001,512,1,17,1,1,1,0,0,0.0024992349999999998,0.42106755099999998,0,0.42106755099999998,PREFIX_ASTAR,0.0059354728096822637,0.0059354728096822637,8190,3974,4216,3974,2,3974,64,9213,1,1,8130,536870912,0,0,0,0
random_linear,"RLC_n64_k48",0.75,64,48,0.0050000000000000001,513,0,52,1,1,1,0,0,8.4874000000000001e-05,0.048147912000000001,0,0.048147912000000001,PREFIX_ASTAR,0.0017627763380476395,0.0017627763380476395,128,65,63,65,1,65,64,1031,1,1,935,536870912,0,0,0,0
random_linear,"RLC_n64_k48",0.75,64,48,0.0050000000000000001,514,0,24,1,1,1,0,0,7.9677000000000003e-05,0.0032385069999999998,0,0.0032385069999999998,PREFIX_ASTAR,0.024603003791561977,0.024603003791561977,121,60,61,60,1,60,64,86,1,1,67,536870912,0,0,0,0
random_linear,"RLC_n64_k48",0.75,64,48,0.0050000000000000001,515,1,21,1,1,1,0,0,0.0027075609999999998,0.95403413000000004,0,0.95403413000000004,PREFIX_ASTAR,0.0028380127239263438,0.0028380127239263438,8191,3947,4244,3947,1,3947,64,19467,1,1,17169,536870912,0,0,0,0
random_linear,"RLC_n64_k48",0.75,64,48,0.0050000000000000001,516,0,32,1,1,1,0,0,8.9277999999999995e-05,0.02705989,0,0.02705989,PREFIX_ASTAR,0.0032992743133841269,0.0032992743133841269,127,65,62,65,1,65,64,587,1,1,541,536870912,0,0,0,0
random_linear,"RLC_n64_k48",0.75,64,48,0.0050000000000000001,517,0,26,1,1,1,0,0,8.5328999999999996e-05,0.029206539,0,0.029206539,PREFIX_ASTAR,0.0029215717754164571,0.0029215717754164571,127,64,63,64,1,64,64,639,1,1,578,536870912,0,0,0,0
random_linear,"RLC_n64_k48",0.75,64,48,0.0050000000000000001,518,0,22,1,1,1,0,0,8.2756000000000005e-05,0.0074295070000000001,0,0.0074295070000000001,PREFIX_ASTAR,0.011138827919537596,0.011138827919537596,125,64,61,64,1,64,64,176,1,1,149,536870912,0,0,0,0
random_linear,"RLC_n64_k48",0.75,64,48,0.0050000000000000001,519,0,9,1,1,1,0,0,8.3409000000000001e-05,0.032787418999999998,0,0.032787418999999998,PREFIX_ASTAR,0.0025439330860413259,0.0025439330860413259,127,64,63,64,1,64,64,722,1,1,636,536870912,0,0,0,0
random_linear,"RLC_n64_k48",0.75,64,48,0.0050000000000000001,520,1,39,1,1,1,0,0,0.0025162679999999999,0.15713359499999999,0,0.15713359499999999,PREFIX_ASTAR,0.016013558399144371,0.016013558399144371,8186,3951,4235,3951,1,3951,64,3632,1,1,3301,536870912,0,0,0,0
random_linear,"RLC_n64_k48",0.75,64,48,0.0050000000000000001,521,0,25,1,1,1,0,0,8.1404999999999997e-05,0.032275184999999998,0,0.032275184999999998,PREFIX_ASTAR,0.0025222163714940754,0.0025222163714940754,127,65,62,65,1,65,64,705,1,1,643,536870912,0,0,0,0
random_linear,"RLC_n64_k48",0.75,64,48,0.0050000000000000001,522,0,49,1,1,1,0,0,7.5055000000000006e-05,0.011926419000000001,0,0.011926419000000001,PREFIX_ASTAR,0.0062931714876024395,0.0062931714876024395,126,64,62,64,1,64,64,288,1,1,247,536870912,0,0,0,0
random_linear,"RLC_n64_k48",0.75,64,48,0.0050000000000000001,523,0,37,1,1,1,0,0,7.6692000000000004e-05,0.0099960359999999998,0,0.0099960359999999998,PREFIX_ASTAR,0.0076722412764419819,0.0076722412764419819,126,64,62,64,1,64,64,250,1,1,211,536870912,0,0,0,0
random_linear,"RLC_n64_k48",0.75,64,48,0.0050000000000000001,524,0,28,1,1,1,0,0,7.8436999999999995e-05,0.033494296999999999,0,0.033494296999999999,PREFIX_ASTAR,0.0023418016505914424,0.0023418016505914424,128,65,63,65,1,65,64,784,1,1,699,536870912,0,0,0,0
random_linear,"RLC_n64_k48",0.75,64,48,0.0050000000000000001,525,1,26,1,1,1,0,0,0.0025478380000000002,0.46356534100000002,0,0.46356534100000002,PREFIX_ASTAR,0.0054961788008219539,0.0054961788008219539,8190,3952,4238,3952,1,3952,64,9749,1,1,8597,536870912,0,0,0,0
random_linear,"RLC_n64_k48",0.75,64,48,0.0050000000000000001,526,0,23,1,1,1,0,0,7.8405000000000006e-05,0.022674492000000001,0,0.022674492000000001,PREFIX_ASTAR,0.0034578503456659583,0.0034578503456659583,127,64,63,64,1,64,64,505,1,1,459,536870912,0,0,0,0
random_linear,"RLC_n64_k48",0.75,64,48,0.0050000000000000001,527,0,28,1,1,1,0,0,7.7899999999999996e-05,0.022540759,0,0.022540759,PREFIX_ASTAR,0.0034559617091864561,0.0034559617091864561,127,64,63,64,1,64,64,515,1,1,462,536870912,0,0,0,0
random_linear,"RLC_n64_k48",0.75,64,48,0.0050000000000000001,528,1,49,1,1,1,0,0,0.0024512739999999998,0.26509397000000001,0,0.26509397000000001,PREFIX_ASTAR,0.0092468116117465811,0.0092468116117465811,8188,3969,4219,3969,1,3969,64,5808,1,1,5193,536870912,0,0,0,0
random_linear,"RLC_n64_k48",0.75,64,48,0.0050000000000000001,529,0,49,1,1,1,0,0,8.3980000000000006e-05,0.028080629999999999,0,0.028080629999999999,PREFIX_ASTAR,0.0029906736422936385,0.0029906736422936385,127,65,62,65,1,65,64,583,1,1,522,536870912,0,0,0,0
random_linear,"RLC_n64_k48",0.75,64,48,0.0050000000000000001,530,0,4,1,1,1,0,0,8.4977999999999999e-05,0.031816393999999998,0,0.031816393999999998,PREFIX_ASTAR,0.0026708872161942676,0.0026708872161942676,127,65,62,65,1,65,64,658,1,1,597,536870912,0,0,0,0
random_linear,"RLC_n64_k48",0.75,64,48,0.0050000000000000001,531,0,4,1,1,1,0,0,8.1468e-05,0.0043654080000000003,0,0.0043654080000000003,PREFIX_ASTAR,0.018662173157697973,0.018662173157697973,122,62,60,62,1,62,64,107,1,1,87,536870912,0,0,0,0
random_linear,"RLC_n64_k48",0.75,64,48,0.0050000000000000001,532,2,5,1,1,1,0,0,0.085118809000000004,7.2786634750000001,0,7.2786634750000001,PREFIX_ASTAR,0.011694291031912284,0.011694291031912284,258173,119604,138569,119604,3,119604,64,149729,1,1,127331,536870912,0,0,0,0
random_linear,"RLC_n64_k48",0.75,64,48,0.0050000000000000001,533,0,7,1,1,1,0,0,7.8836000000000002e-05,0.0071953130000000001,0,0.0071953130000000001,PREFIX_ASTAR,0.010956576871638524,0.010956576871638524,125,64,61,64,1,64,64,182,1,1,151,536870912,0,0,0,0
random_linear,"RLC_n64_k48",0.75,64,48,0.0050000000000000001,534,0,63,1,1,1,0,0,9.0249999999999998e-05,0.062154650999999998,0,0.062154650999999998,PREFIX_ASTAR,0.0014520232765847241,0.0014520232765847241,128,65,63,65,1,65,64,1285,1,1,1177,536870912,0,0,0,0
random_linear,"RLC_n64_k48",0.75,64,48,0.0050000000000000001,535,1,17,1,1,1,0,0,0.0027079080000000002,1.399831987,0,1.399831987,PREFIX_ASTAR,0.0019344521522210367,0.0019344521522210367,8192,3995,4197,3995,1,3995,64,28150,1,1,23422,536870912,0,0,0,0
random_linear,"RLC_n64_k48",0.75,64,48,0.0050000000000000001,536,0,47,1,1,1,0,0,8.3670000000000004e-05,0.019773750999999999,0,0.019773750999999999,PREFIX_ASTAR,0.0042313671290793537,0.0042313671290793537,127,64,63,64,1,64,64,419,1,1,377,536870912,0,0,0,0
random_linear,"RLC_n64_k48",0.75,64,48,0.0050000000000000001,537,1,57,1,1,1,0,0,0.0026538360000000001,0.117864607,0,0.117864607,PREFIX_ASTAR,0.022515970379471083,0.022515970379471083,8186,3987,4199,3987,1,3987,64,2516,1,1,2305,536870912,0,0,0,0
random_linear,"RLC_n64_k48",0.75,64,48,0.0050000000000000001,538,1,0,1,1,1,0,0,0.0026957389999999999,1.8055281110000001,0,1.8055281110000001,PREFIX_ASTAR,0.0014930473713350009,0.0014930473713350009,8192,3953,4239,3953,1,3953,64,36421,1,1,31491,536870912,0,0,0,0
random_linear,"RLC_n64_k48",0.75,64,48,0.0050000000000000001,539,1,30,1,1,1,0,0,0.0025048700000000002,1.1789404670000001,0,1.1789404670000001,PREFIX_ASTAR,0.0021246789554811335,0.0021246789554811335,8192,3971,4221,3971,1,3971,64,24326,1,1,21504,536870912,0,0,0,0
random_linear,"RLC_n64_k48",0.75,64,48,0.0050000000000000001,540,1,47,1,1,1,0,0,0.0026470930000000001,1.1272077540000001,0,1.1272077540000001,PREFIX_ASTAR,0.0023483630152529981,0.0023483630152529981,8192,3953,4239,3953,1,3953,64,23117,1,1,20213,536870912,0,0,0,0
random_linear,"RLC_n64_k48",0.75,64,48,0.0050000000000000001,541,0,49,1,1,1,0,0,9.5737999999999997e-05,0.053303908999999997,0,0.053303908999999997,PREFIX_ASTAR,0.0017960784076830089,0.0017960784076830089,128,65,63,65,1,65,64,1162,1,1,1064,536870912,0,0,0,0
random_linear,"RLC_n64_k48",0.75,64,48,0.0050000000000000001,542,0,56,1,1,1,0,0,7.8650000000000001e-05,0.025829092000000001,0,0.025829092000000001,PREFIX_ASTAR,0.0030450160617337997,0.0030450160617337997,127,64,63,64,1,64,64,576,1,1,516,536870912,0,0,0,0
random_linear,"RLC_n64_k48",0.75,64,48,0.0050000000000000001,543,1,22,1,1,1,0,0,0.0024491320000000001,0.46012925399999999,0,0.46012925399999999,PREFIX_ASTAR,0.0053227043894931315,0.0053227043894931315,8190,3980,4210,3980,1,3980,64,9765,1,1,8624,536870912,0,0,0,0
random_linear,"RLC_n64_k48",0.75,64,48,0.0050000000000000001,544,0,8,1,1,1,0,0,8.3145000000000004e-05,0.0055672819999999998,0,0.0055672819999999998,PREFIX_ASTAR,0.014934576692899696,0.014934576692899696,124,65,59,65,1,65,64,135,1,1,114,536870912,0,0,0,0
random_linear,"RLC_n64_k48",0.75,64,48,0.0050000000000000001,545,0,38,1,1,1,0,0,8.3348000000000002e-05,0.025960047999999999,0,0.025960047999999999,PREFIX_ASTAR,0.0032106258046980499,0.0032106258046980499,127,65,62,65,1,65,64,562,1,1,503,536870912,0,0,0,0
random_linear,"RLC_n64_k48",0.75,64,48,0.0050000000000000001,546,0,2,1,1,1,0,0,8.4179999999999997e-05,0.014130342000000001,0,0.014130342000000001,PREFIX_ASTAR,0.0059573929633125649,0.0059573929633125649,126,64,62,64,1,64,64,313,1,1,279,536870912,0,0,0,0
random_linear,"RLC_n64_k48",0.75,64,48,0.0050000000000000001,547,0,48,1,1,1,0,0,8.2393999999999998e-05,0.022482306000000001,0,0.022482306000000001,PREFIX_ASTAR,0.0036648375838314803,0.0036648375838314803,127,64,63,64,1,64,64,489,1,1,423,536870912,0,0,0,0
random_linear,"RLC_n64_k48",0.75,64,48,0.0050000000000000001,548,1,46,1,1,1,0,0,0.0024539679999999999,0.45121379900000003,0,0.45121379900000003,PREFIX_ASTAR,0.0054385925373705152,0.0054385925373705152,8191,3882,4309,3882,1,3882,64,10123,1,1,8908,536870912,0,0,0,0
random_linear,"RLC_n64_k48",0.75,64,48,0.0050000000000000001,549,1,53,1,1,1,0,0,0.0025117239999999999,0.72601390600000004,0,0.72601390600000004,PREFIX_ASTAR,0.0034596086648511107,0.0034596086648511107,8191,3961,4230,3961,1,3961,64,15594,1,1,13750,536870912,0,0,0,0
random_linear,"RLC_n64_k48",0.75,64,48,0.0050000000000000001,550,0,4,1,1,1,0,0,7.9118999999999999e-05,0.0099109369999999999,0,0.0099109369999999999,PREFIX_ASTAR,0.0079829989838498625,0.0079829989838498625,126,65,61,65,1,65,64,234,1,1,207,536870912,0,0,0,0
random_linear,"RLC_n64_k48",0.75,64,48,0.0050000000000000001,551,0,45,1,1,1,0,0,8.5888000000000002e-05,0.058009626000000002,0,0.058009626000000002,PREFIX_ASTAR,0.0014805818606725718,0.0014805818606725718,128,65,63,65,1,65,64,1196,1,1,1092,536870912,0,0,0,0
random_linear,"RLC_n64_k48",0.75,64,48,0.0050000000000000001,552,0,2,1,1,1,0,0,8.5594999999999996e-05,0.052666893999999999,0,0.052666893999999999,PREFIX_ASTAR,0.0016252145038209392,0.0016252145038209392,128,65,63,65,1,65,64,1075,1,1,990,536870912,0,0,0,0
random_linear,"RLC_n64_k48",0.75,64,48,0.0050000000000000001,553,0,62,1,1,1,0,0,8.6561e-05,0.062376046999999997,0,0.062376046999999997,PREFIX_ASTAR,0.0013877282091954305,0.0013877282091954305,128,65,63,65,1,65,64,1272,1,1,1161,536870912,0,0,0,0
random_linear,"RLC_n64_k48",0.75,64,48,0.0050000000000000001,554,0,2,1,1,1,0,0,7.7175000000000006e-05,0.047861840000000003,0,0.047861840000000003,PREFIX_ASTAR,0.0016124536791732203,0.0016124536791732203,128,65,63,65,1,65,64,997,1,1,833,536870912,0,0,0,0
random_linear,"RLC_n64_k48",0.75,64,48,0.0050000000000000001,555,0,31,1,1,1,0,0,7.5482000000000007e-05,0.040008676999999999,0,0.040008676999999999,PREFIX_ASTAR,0.0018866407404573764,0.0018866407404573764,128,65,63,65,1,65,64,916,1,1,830,536870912,0,0,0,0
random_linear,"RLC_n64_k48",0.75,64,48,0.0050000000000000001,556,0,23,1,1,1,0,0,7.7053999999999998e-05,0.048017786,0,0.048017786,PREFIX_ASTAR,0.0016046970595437282,0.0016046970595437282,128,65,63,65,1,65,64,1083,1,1,966,536870912,0,0,0,0
random_linear,"RLC_n64_k48",0.75,64,48,0.0050000000000000001,557,0,52,1,1,1,0,0,7.5964000000000007e-05,0.022181473,0,0.022181473,PREFIX_ASTAR,0.0034246598501370944,0.0034246598501370944,127,65,62,65,1,65,64,520,1,1,459,536870912,0,0,0,0
random_linear,"RLC_n64_k48",0.75,64,48,0.0050000000000000001,558,0,11,1,1,1,0,0,7.6556000000000004e-05,0.0090224629999999997,0,0.0090224629999999997,PREFIX_ASTAR,0.0084850444939480497,0.0084850444939480497,126,65,61,65,1,65,64,217,1,1,189,536870912,0,0,0,0
random_linear,"RLC_n64_k48",0.75,64,48,0.0050000000000000001,559,0,60,1,1,1,0,0,8.0450000000000004e-05,0.051371570999999998,0,0.051371570999999998,PREFIX_ASTAR,0.0015660412643405436,0.0015660412643405436,128,65,63,65,1,65,64,1141,1,1,1042,536870912,0,0,0,0
random_linear,"RLC_n64_k48",0.75,64,48,0.0050000000000000001,560,0,2,1,1,1,0,0,7.7496000000000005e-05,0.018474496,0,0.018474496,PREFIX_ASTAR,0.0041947558407006069,0.0041947558407006069,127,64,63,64,1,64,64,432,1,1,389,536870912,0,0,0,0
random_linear,"RLC_n64_k48",0.75,64,48,0.0050000000000000001,561,3,56,0,0,1,0,0,0.87007110099999996,43.266728938,0,43.266728938,PREFIX_ASTAR,0.020109472621486761,0.020109472621486761,2000000,851025,1148975,851025,14,851025,64,876230,1,1,721816,536870912,0,0,0,0
random_linear,"RLC_n64_k48",0.75,64,48,0.0050000000000000001,562,0,42,1,1,1,0,0,9.2917000000000005e-05,0.0132555,0,0.0132555,PREFIX_ASTAR,0.0070096940892459738,0.0070096940892459738,126,64,62,64,1,64,64,291,1,1,252,536870912,0,0,0,0
random_linear,"RLC_n64_k48",0.75,64,48,0.0050000000000000001,563,0,0,1,1,1,0,0,8.0944000000000003e-05,0.059006281000000001,0,0.059006281000000001,PREFIX_ASTAR,0.0013717861662896531,0.0013717861662896531,128,65,63,65,1,65,64,1281,1,1,1177,536870912,0,0,0,0
random_linear,"RLC_n64_k48",0.75,64,48,0.0050000000000000001,564,0,26,1,1,1,0,0,8.4803999999999996e-05,0.0077625369999999999,0,0.0077625369999999999,PREFIX_ASTAR,0.010924778844854459,0.010924778844854459,126,64,62,64,1,64,64,185,1,1,159,536870912,0,0,0,0
random_linear,"RLC_n64_k48",0.75,64,48,0.0050000000000000001,565,0,24,1,1,1,0,0,8.3974999999999995e-05,0.019096695,0,0.019096695,PREFIX_ASTAR,0.0043973577626913972,0.0043973577626913972,127,64,63,64,1,64,64,458,1,1,400,536870912,0,0,0,0
random_linear,"RLC_n64_k48",0.75,64,48,0.0050000000000000001,566,0,18,1,1,1,0,0,8.3914999999999999e-05,0.049044725999999997,0,0.049044725999999997,PREFIX_ASTAR,0.0017109892713030959,0.0017109892713030959,128,65,63,65,1,65,64,1049,1,1,938,536870912,0,0,0,0
random_linear,"RLC_n64_k48",0.75,64,48,0.0050000000000000001,567,0,27,1,1,1,0,0,8.3224000000000001e-05,0.0060437939999999999,0,0.0060437939999999999,PREFIX_ASTAR,0.01377015828137094,0.01377015828137094,125,64,61,64,1,64,64,149,1,1,126,536870912,0,0,0,0
random_linear,"RLC_n64_k48",0.75,64,48,0.0050000000000000001,568,0,48,1,1,1,0,0,7.7917999999999995e-05,0.0046366819999999996,0,0.0046366819999999996,PREFIX_ASTAR,0.016804689215262122,0.016804689215262122,124,63,61,63,1,63,64,126,1,1,105,536870912,0,0,0,0
random_linear,"RLC_n64_k48",0.75,64,48,0.0050000000000000001,569,0,21,1,1,1,0,0,7.5333999999999994e-05,0.021988348000000001,0,0.021988348000000001,PREFIX_ASTAR,0.0034260873076958757,0.0034260873076958757,127,65,62,65,1,65,64,512,1,1,462,536870912,0,0,0,0
random_linear,"RLC_n64_k48",0.75,64,48,0.0050000000000000001,570,2,25,1,1,1,0,0,0.081331161999999999,3.8939077769999999,0,3.8939077769999999,PREFIX_ASTAR,0.020886771505066386,0.020886771505066386,258171,118912,139259,118912,2,118912,64,81798,1,1,69898,536870912,0,0,0,0
random_linear,"RLC_n64_k48",0.75,64,48,0.0050000000000000001,571,1,40,1,1,1,0,0,0.0024606490000000001,1.7075847159999999,0,1.7075847159999999,PREFIX_ASTAR,0.0014410113752739869,0.0014410113752739869,8192,3993,4199,3993,1,3993,64,34701,1,1,30610,536870912,0,0,0,0
random_linear,"RLC_n64_k48",0.75,64,48,0.0050000000000000001,572,0,38,1,1,1,0,0,8.5835999999999996e-05,0.019229403999999999,0,0.019229403999999999,PREFIX_ASTAR,0.0044637888933011134,0.0044637888933011134,127,65,62,65,1,65,64,412,1,1,364,536870912,0,0,0,0
random_linear,"RLC_n64_k48",0.75,64,48,0.0050000000000000001,573,0,22,1,1,1,0,0,8.4411000000000002e-05,0.028729115999999999,0,0.028729115999999999,PREFIX_ASTAR,0.0029381690686201417,0.0029381690686201417,127,65,62,65,1,65,64,611,1,1,536,536870912,0,0,0,0
random_linear,"RLC_n64_k48",0.75,64,48,0.0050000000000000001,574,0,58,1,1,1,0,0,8.6144999999999996e-05,0.036370066,0,0.036370066,PREFIX_ASTAR,0.0023685687015250396,0.0023685687015250396,128,65,63,65,1,65,64,746,1,1,678,536870912,0,0,0,0
random_linear,"RLC_n64_k48",0.75,64,48,0.0050000000000000001,575,0,63,1,1,1,0,0,8.5480000000000002e-05,0.063040518000000004,0,0.063040518000000004,PREFIX_ASTAR,0.0013559533251297205,0.0013559533251297205,128,65,63,65,1,65,64,1265,1,1,1132,536870912,0,0,0,0
random_linear,"RLC_n64_k48",0.75,64,48,0.0050000000000000001,576,0,19,1,1,1,0,0,8.5078000000000001e-05,0.048712606999999998,0,0.048712606999999998,PREFIX_ASTAR,0.0017465293943311226,0.0017465293943311226,128,65,63,65,1,65,64,1006,1,1,906,536870912,0,0,0,0
random_linear,"RLC_n64_k48",0.75,64,48,0.0050000000000000001,577,0,52,1,1,1,0,0,8.1948999999999998e-05,0.0055889080000000001,0,0.0055889080000000001,PREFIX_ASTAR,0.014662792803173714,0.014662792803173714,124,63,61,63,1,63,64,134,1,1,111,536870912,0,0,0,0
random_linear,"RLC_n64_k48",0.75,64,48,0.0050000000000000001,578,0,33,1,1,1,0,0,8.3512999999999998e-05,0.017341226000000001,0,0.017341226000000001,PREFIX_ASTAR,0.0048158648067904769,0.0048158648067904769,126,65,61,65,1,65,64,363,1,1,322,536870912,0,0,0,0
random_linear,"RLC_n64_k48",0.75,64,48,0.0050000000000000001,579,0,56,1,1,1,0,0,8.5797000000000005e-05,0.020301298999999998,0,0.020301298999999998,PREFIX_ASTAR,0.0042261827679105661,0.0042261827679105661,127,65,62,65,1,65,64,444,1,1,401,536870912,0,0,0,0
random_linear,"RLC_n64_k48",0.75,64,48,0.0050000000000000001,580,0,40,1,1,1,0,0,7.6129000000000002e-05,0.0041582269999999996,0,0.0041582269999999996,PREFIX_ASTAR,0.018308043307880981,0.018308043307880981,124,64,60,64,1,64,64,111,1,1,90,536870912,0,0,0,0
random_linear,"RLC_n64_k48",0.75,64,48,0.0050000000000000001,581,0,29,1,1,1,0,0,7.9079999999999995e-05,0.0068838040000000003,0,0.0068838040000000003,PREFIX_ASTAR,0.011487834342755835,0.011487834342755835,125,64,61,64,1,64,64,165,1,1,140,536870912,0,0,0,0
random_linear,"RLC_n64_k48",0.75,64,48,0.0050000000000000001,582,0,55,1,1,1,0,0,7.2664999999999996e-05,0.0043131860000000001,0,0.0043131860000000001,PREFIX_ASTAR,0.016847175150804996,0.016847175150804996,123,62,61,62,1,62,64,111,1,1,89,536870912,0,0,0,0
random_linear,"RLC_n64_k48",0.75,64,48,0.0050000000000000001,583,0,50,1,1,1,0,0,7.7053999999999998e-05,0.034157228999999997,0,0.034157228999999997,PREFIX_ASTAR,0.0022558621485366977,0.0022558621485366977,127,64,63,64,1,64,64,739,1,1,670,536870912,0,0,0,0
random_linear,"RLC_n64_k48",0.75,64,48,0.0050000000000000001,584,0,15,1,1,1,0,0,7.5850000000000001e-05,0.020096222,0,0.020096222,PREFIX_ASTAR,0.0037743412667316273,0.0037743412667316273,127,65,62,65,1,65,64,467,1,1,419,536870912,0,0,0,0
random_linear,"RLC_n64_k48",0.75,64,48,0.0050000000000000001,585,0,33,1,1,1,0,0,7.5616000000000002e-05,0.038234630999999998,0,0.038234630999999998,PREFIX_ASTAR,0.0019776835298868194,0.0019776835298868194,128,65,63,65,1,65,64,855,1,1,783,536870912,0,0,0,0
random_linear,"RLC_n64_k48",0.75,64,48,0.0050000000000000001,586,0,45,1,1,1,0,0,7.5025999999999996e-05,0.024949956999999998,0,0.024949956999999998,PREFIX_ASTAR,0.003007059290723427,0.003007059290723427,127,64,63,64,1,64,64,566,1,1,512,536870912,0,0,0,0
random_linear,"RLC_n64_k48",0.75,64,48,0.0050000000000000001,587,0,10,1,1,1,0,0,7.5418000000000002e-05,0.011305411,0,0.011305411,PREFIX_ASTAR,0.0066709649034431395,0.0066709649034431395,126,63,63,63,1,63,64,275,1,1,234,536870912,0,0,0,0
random_linear,"RLC_n64_k48",0.75,64,48,0.0050000000000000001,588,0,17,1,1,1,0,0,7.9822999999999998e-05,0.023817087000000001,0,0.023817087000000001,PREFIX_ASTAR,0.003351501382179945,0.003351501382179945,127,65,62,65,1,65,64,544,1,1,479,536870912,0,0,0,0
random_linear,"RLC_n64_k48",0.75,64,48,0.0050000000000000001,589,0,23,1,1,1,0,0,7.4463999999999997e-05,0.0099604859999999993,0,0.0099604859999999993,PREFIX_ASTAR,0.0074759404310191296,0.0074759404310191296,126,65,61,65,1,65,64,236,1,1,206,536870912,0,0,0,0
random_linear,"RLC_n64_k48",0.75,64,48,0.0050000000000000001,590,0,22,1,1,1,0,0,7.8123999999999999e-05,0.0085244380000000005,0,0.0085244380000000005,PREFIX_ASTAR,0.0091647097439150824,0.0091647097439150824,126,63,63,63,1,63,64,208,1,1,178,536870912,0,0,0,0
random_linear,"RLC_n64_k48",0.75,64,48,0.0050000000000000001,591,0,14,1,1,1,0,0,7.9578000000000003e-05,0.0046180539999999999,0,0.0046180539999999999,PREFIX_ASTAR,0.017231933623989674,0.017231933623989674,125,63,62,63,1,63,64,121,1,1,99,536870912,0,0,0,0
random_linear,"RLC_n64_k48",0.75,64,48,0.0050000000000000001,592,0,62,1,1,1,0,0,7.5438999999999994e-05,0.0050653579999999998,0,0.0050653579999999998,PREFIX_ASTAR,0.014893123052704271,0.014893123052704271,124,62,62,62,1,62,64,128,1,1,109,536870912,0,0,0,0
random_linear,"RLC_n64_k48",0.75,64,48,0.0050000000000000001,593,1,42,1,1,1,0,0,0.0025034300000000001,0.40869934200000002,0,0.40869934200000002,PREFIX_ASTAR,0.0061253585282258658,0.0061253585282258658,8190,3970,4220,3970,1,3970,64,8763,1,1,7750,536870912,0,0,0,0
random_linear,"RLC_n64_k48",0.75,64,48,0.0050000000000000001,594,0,33,1,1,1,0,0,8.9808000000000005e-05,0.040975336000000001,0,0.040975336000000001,PREFIX_ASTAR,0.0021917575001703465,0.0021917575001703465,128,65,63,65,1,65,64,850,1,1,763,536870912,0,0,0,0
random_linear,"RLC_n64_k48",0.75,64,48,0.0050000000000000001,595,2,59,1,1,1,0,0,0.087864829000000005,24.937383930999999,0,24.937383930999999,PREFIX_ASTAR,0.0035234180635433073,0.0035234180635433073,258176,116616,141560,116616,2,116616,64,501725,1,1,419482,536870912,0,0,0,0
random_linear,"RLC_n64_k48",0.75,64,48,0.0050000000000000001,596,0,57,1,1,1,0,0,8.5915999999999995e-05,0.056620866999999998,0,0.056620866999999998,PREFIX_ASTAR,0.001517391106003375,0.001517391106003375,128,65,63,65,1,65,64,1168,1,1,1063,536870912,0,0,0,0
random_linear,"RLC_n64_k48",0.75,64,48,0.0050000000000000001,597,0,30,1,1,1,0,0,8.3597000000000006e-05,0.0098647160000000008,0,0.0098647160000000008,PREFIX_ASTAR,0.0084743443196945555,0.0084743443196945555,125,64,61,64,1,64,64,222,1,1,196,536870912,0,0,0,0
random_linear,"RLC_n64_k48",0.75,64,48,0.0050000000000000001,598,0,9,1,1,1,0,0,8.3213000000000004e-05,0.016238107000000002,0,0.016238107000000002,PREFIX_ASTAR,0.0051245505402815732,0.0051245505402815732,126,64,62,64,1,64,64,346,1,1,308,536870912,0,0,0,0
random_linear,"RLC_n64_k48",0.75,64,48,0.0050000000000000001,599,1,35,1,1,1,0,0,0.0027858739999999998,0.372327672,0,0.372327672,PREFIX_ASTAR,0.0074823178869176284,0.0074823178869176284,8190,3990,4200,3990,1,3990,64,8068,1,1,7129,536870912,0,0,0,0
random_linear,"RLC_n64_k48",0.75,64,48,0.01,0,1,60,1,1,1,0,0,0.0022365000000000002,0.71033750200000001,0,0.71033750200000001,PREFIX_ASTAR,0.0031485033434149167,0.0031485033434149167,8191,3974,4217,3974,1,3974,64,15633,1,1,13755,536870912,0,0,0,0
random_linear,"RLC_n64_k48",0.75,64,48,0.01,1,0,36,1,1,1,0,0,7.7164999999999997e-05,0.03353453,0,0.03353453,PREFIX_ASTAR,0.0023010610257546476,0.0023010610257546476,127,65,62,65,1,65,64,754,1,1,691,536870912,0,0,0,0
random_linear,"RLC_n64_k48",0.75,64,48,0.01,2,0,59,1,1,1,0,0,7.6710000000000002e-05,0.003832654,0,0.003832654,PREFIX_ASTAR,0.020014851327565704,0.020014851327565704,125,65,60,65,1,65,64,115,1,1,93,536870912,0,0,0,0
random_linear,"RLC_n64_k48",0.75,64,48,0.01,3,1,62,1,1,1,0,0,0.0023488910000000001,0.78718451499999997,0,0.78718451499999997,PREFIX_ASTAR,0.0029839141335243368,0.0029839141335243368,8191,3985,4206,3985,1,3985,64,17515,1,1,15392,536870912,0,0,0,0
random_linear,"RLC_n64_k48",0.75,64,48,0.01,4,0,37,1,1,1,0,0,7.9969999999999995e-05,0.0039576669999999998,0,0.0039576669999999998,PREFIX_ASTAR,0.020206348841375486,0.020206348841375486,123,61,62,61,1,61,64,106,1,1,87,536870912,0,0,0,0
random_linear,"RLC_n64_k48",0.75,64,48,0.01,5,2,15,1,1,1,0,0,0.069957462999999998,10.994369519999999,0,10.994369519999999,PREFIX_ASTAR,0.0063630263538749969,0.0063630263538749969,258175,119060,139115,119060,3,119060,64,233867,1,1,198228,536870912,0,0,0,0
random_linear,"RLC_n64_k48",0.75,64,48,0.01,6,1,18,1,1,1,0,0,0.0021313019999999998,0.50301120399999999,0,0.50301120399999999,PREFIX_ASTAR,0.0042370865361480098,0.0042370865361480098,8190,3996,4194,3996,1,3996,64,10658,1,1,9533,536870912,0,0,0,0
random_linear,"RLC_n64_k48",0.75,64,48,0.01,7,2,41,1,1,1,0,0,0.072848657999999997,3.777288371,0,3.777288371,PREFIX_ASTAR,0.019285966768990432,0.019285966768990432,258173,120472,137701,120472,1,120472,64,84418,1,1,72251,536870912,0,0,0,0
random_linear,"RLC_n64_k48",0.75,64,48,0.01,8,1,6,1,1,1,0,0,0.0023566310000000001,0.52530943699999999,0,0.52530943699999999,PREFIX_ASTAR,0.0044861767826950352,0.0044861767826950352,8191,3967,4224,3967,1,3967,64,11932,1,1,10578,536870912,0,0,0,0
random_linear,"RLC_n64_k48",0.75,64,48,0.01,9,1,24,1,1,1,0,0,0.0022523840000000001,0.26539681300000001,0,0.26539681300000001,PREFIX_ASTAR,0.0084868539849421634,0.0084868539849421634,8189,3960,4229,3960,1,3960,64,5929,1,1,5244,536870912,0,0,0,0
random_linear,"RLC_n64_k48",0.75,64,48,0.01,10,1,12,1,1,1,0,0,0.0021341630000000001,0.499407614,0,0.499407614,PREFIX_ASTAR,0.0042733889916223827,0.0042733889916223827,8190,3969,4221,3969,1,3969,64,11293,1,1,10034,536870912,0,0,0,0
random_linear,"RLC_n64_k48",0.75,64,48,0.01,11,1,9,1,1,1,0,0,0.0021402370000000001,0.63492935399999995,0,0.63492935399999995,PREFIX_ASTAR,0.0033708269849498885,0.0033708269849498885,8190,4001,4189,4001,1,4001,64,13793,1,1,11939,536870912,0,0,0,0
random_linear,"RLC_n64_k48",0.75,64,48,0.01,12,0,37,1,1,1,0,0,7.4985000000000001e-05,0.043598541999999997,0,0.043598541999999997,PREFIX_ASTAR,0.0017198969635268998,0.0017198969635268998,128,65,63,65,1,65,64,1038,1,1,938,536870912,0,0,0,0
random_linear,"RLC_n64_k48",0.75,64,48,0.01,13,0,0,1,1,1,0,0,7.7474999999999999e-05,0.014461448999999999,0,0.014461448999999999,PREFIX_ASTAR,0.0053573469712474868,0.0053573469712474868,126,65,61,65,1,65,64,313,1,1,279,536870912,0,0,0,0
random_linear,"RLC_n64_k48",0.75,64,48,0.01,14,1,32,1,1,1,0,0,0.0024296769999999999,0.11304243999999999,0,0.11304243999999999,PREFIX_ASTAR,0.021493493947936721,0.021493493947936721,8185,3957,4228,3957,1,3957,64,2669,1,1,2453,536870912,0,0,0,0
random_linear,"RLC_n64_k48",0.75,64,48,0.01,15,1,54,1,1,1,0,0,0.0023508439999999999,1.0903485020000001,0,1.0903485020000001,PREFIX_ASTAR,0.0021560482686846481,0.0021560482686846481,8192,3962,4230,3962,1,3962,64,24662,1,1,21607,536870912,0,0,0,0
random_linear,"RLC_n64_k48",0.75,64,48,0.01,16,0,30,1,1,1,0,0,7.661e-05,0.033060819999999998,0,0.033060819999999998,PREFIX_ASTAR,0.0023172443998666701,0.0023172443998666701,128,65,63,65,1,65,64,778,1,1,698,536870912,0,0,0,0
random_linear,"RLC_n64_k48",0.75,64,48,0.01,17,0,53,1,1,1,0,0,8.0665000000000001e-05,0.0052341310000000004,0,0.0052341310000000004,PREFIX_ASTAR,0.01541134526438104,0.01541134526438104,124,64,60,64,1,64,64,138,1,1,118,536870912,0,0,0,0
random_linear,"RLC_n64_k48",0.75,64,48,0.01,18,0,1,1,1,1,0,0,7.8022999999999995e-05,0.049531153000000001,0,0.049531153000000001,PREFIX_ASTAR,0.0015752308451208474,0.0015752308451208474,128,65,63,65,1,65,64,1059,1,1,941,536870912,0,0,0,0
random_linear,"RLC_n64_k48",0.75,64,48,0.01,19,0,25,1,1,1,0,0,7.3580999999999999e-05,0.0032376319999999998,0,0.0032376319999999998,PREFIX_ASTAR,0.02272679538625761,0.02272679538625761,122,63,59,63,1,63,64,93,1,1,70,536870912,0,0,0,0
random_linear,"RLC_n64_k48",0.75,64,48,0.01,20,1,1,1,1,1,0,0,0.0023940430000000002,0.62369667799999995,0,0.62369667799999995,PREFIX_ASTAR,0.0038384732265641479,0.0038384732265641479,8190,3988,4202,3988,1,3988,64,13426,1,1,11521,536870912,0,0,0,0
random_linear,"RLC_n64_k48",0.75,64,48,0.01,21,0,60,1,1,1,0,0,8.9211999999999999e-05,0.047750203999999997,0,0.047750203999999997,PREFIX_ASTAR,0.0018683061542522415,0.0018683061542522415,128,65,63,65,1,65,64,1022,1,1,939,536870912,0,0,0,0
random_linear,"RLC_n64_k48",0.75,64,48,0.01,22,1,17,1,1,1,0,0,0.0021228140000000002,0.35705411100000001,0,0.35705411100000001,PREFIX_ASTAR,0.005945356556894538,0.005945356556894538,8190,3936,4254,3936,1,3936,64,8190,1,1,7322,536870912,0,0,0,0
random_linear,"RLC_n64_k48",0.75,64,48,0.01,23,0,59,1,1,1,0,0,8.9256000000000001e-05,0.0052706050000000003,0,0.0052706050000000003,PREFIX_ASTAR,0.016934678276971999,0.016934678276971999,124,61,63,61,1,61,64,145,1,1,121,536870912,0,0,0,0
random_linear,"RLC_n64_k48",0.75,64,48,0.01,24,1,49,1,1,1,0,0,0.0021982529999999998,0.175341368,0,0.175341368,PREFIX_ASTAR,0.012536990130018832,0.012536990130018832,8189,4006,4183,4006,1,4006,64,4031,1,1,3638,536870912,0,0,0,0
random_linear,"RLC_n64_k48",0.75,64,48,0.01,25,2,57,1,1,1,0,0,0.073060397999999999,6.4385976239999998,0,6.4385976239999998,PREFIX_ASTAR,0.011347253278829838,0.011347253278829838,258173,120093,138080,120093,3,120093,64,141512,1,1,119895,536870912,0,0,0,0
random_linear,"RLC_n64_k48",0.75,64,48,0.01,26,1,50,1,1,1,0,0,0.0021643690000000002,0.911554003,0,0.911554003,PREFIX_ASTAR,0.0023743727665907692,0.0023743727665907692,8191,3979,4212,3979,2,3979,64,20203,1,1,17795,536870912,0,0,0,0
random_linear,"RLC_n64_k48",0.75,64,48,0.01,27,0,22,1,1,1,0,0,8.4399000000000003e-05,0.048263437999999999,0,0.048263437999999999,PREFIX_ASTAR,0.0017487150418086669,0.0017487150418086669,128,65,63,65,1,65,64,1090,1,1,989,536870912,0,0,0,0
random_linear,"RLC_n64_k48",0.75,64,48,0.01,28,0,6,1,1,1,0,0,7.2130000000000002e-05,0.0038895330000000001,0,0.0038895330000000001,PREFIX_ASTAR,0.018544642763025792,0.018544642763025792,120,63,57,63,1,63,64,105,1,1,84,536870912,0,0,0,0
random_linear,"RLC_n64_k48",0.75,64,48,0.01,29,0,61,1,1,1,0,0,7.2451000000000001e-05,0.051387110999999999,0,0.051387110999999999,PREFIX_ASTAR,0.0014099060754748404,0.0014099060754748404,128,65,63,65,1,65,64,1122,1,1,1016,536870912,0,0,0,0
random_linear,"RLC_n64_k48",0.75,64,48,0.01,30,0,40,1,1,1,0,0,7.0331000000000001e-05,0.0034465469999999999,0,0.0034465469999999999,PREFIX_ASTAR,0.02040622106705639,0.02040622106705639,123,65,58,65,1,65,64,99,1,1,74,536870912,0,0,0,0
random_linear,"RLC_n64_k48",0.75,64,48,0.01,31,3,38,0,0,0,0,0,0.74954745099999998,47.804057233999998,0,inf,PREFIX_ASTAR,0.015679578143984279,0,2000000,890372,1109628,890372,16,890372,64,1000000,0,0,835486,536870912,0,0,0,0
random_linear,"RLC_n64_k48",0.75,64,48,0.01,32,0,62,1,1,1,0,0,7.8114000000000005e-05,0.020321120000000002,0,0.020321120000000002,PREFIX_ASTAR,0.0038439810404150951,0.0038439810404150951,127,65,62,65,1,65,64,507,1,1,457,536870912,0,0,0,0
random_linear,"RLC_n64_k48",0.75,64,48,0.01,33,0,41,1,1,1,0,0,6.8058999999999993e-05,0.017404262,0,0.017404262,PREFIX_ASTAR,0.0039104789390093063,0.0039104789390093063,127,64,63,64,1,64,64,428,1,1,378,536870912,0,0,0,0
random_linear,"RLC_n64_k48",0.75,64,48,0.01,34,0,63,1,1,1,0,0,7.0693999999999998e-05,0.010960215000000001,0,0.010960215000000001,PREFIX_ASTAR,0.0064500559523695466,0.0064500559523695466,126,63,63,63,1,63,64,274,1,1,232,536870912,0,0,0,0
random_linear,"RLC_n64_k48",0.75,64,48,0.01,35,1,9,1,1,1,0,0,0.002374363,1.513805802,0,1.513805802,PREFIX_ASTAR,0.0015684726514213743,0.0015684726514213743,8192,3985,4207,3985,1,3985,64,32457,1,1,28496,536870912,0,0,0,0
random_linear,"RLC_n64_k48",0.75,64,48,0.01,36,0,45,1,1,1,0,0,7.7074000000000001e-05,0.0084195469999999994,0,0.0084195469999999994,PREFIX_ASTAR,0.0091541742091350055,0.0091541742091350055,126,64,62,64,1,64,64,200,1,1,177,536870912,0,0,0,0
random_linear,"RLC_n64_k48",0.75,64,48,0.01,37,2,25,1,1,1,0,0,0.070103663999999996,14.042498183999999,0,14.042498183999999,PREFIX_ASTAR,0.0049922501738241991,0.0049922501738241991,258175,119678,138497,119678,4,119678,64,293380,1,1,251122,536870912,0,0,0,0
random_linear,"RLC_n64_k48",0.75,64,48,0.01,38,2,24,1,1,1,0,0,0.0022090220000000002,1.297977911,0,1.297977911,PREFIX_ASTAR,0.0017018949099820236,0.0017018949099820236,8192,3990,4202,3990,2,3990,64,27206,1,1,24025,536870912,0,0,0,0
random_linear,"RLC_n64_k48",0.75,64,48,0.01,39,0,47,1,1,1,0,0,7.0753999999999994e-05,0.0020815759999999999,0,0.0020815759999999999,PREFIX_ASTAR,0.033990591743947855,0.033990591743947855,122,63,59,63,1,63,64,66,1,1,49,536870912,0,0,0,0
random_linear,"RLC_n64_k48",0.75,64,48,0.01,40,0,20,1,1,1,0,0,7.5873999999999999e-05,0.0079232120000000007,0,0.0079232120000000007,PREFIX_ASTAR,0.0095761668373886746,0.0095761668373886746,126,64,62,64,1,64,64,214,1,1,181,536870912,0,0,0,0
random_linear,"RLC_n64_k48",0.75,64,48,0.01,41,0,7,1,1,1,0,0,6.9836e-05,0.0071410240000000002,0,0.0071410240000000002,PREFIX_ASTAR,0.0097795498236667461,0.0097795498236667461,125,64,61,64,1,64,64,184,1,1,161,536870912,0,0,0,0
random_linear,"RLC_n64_k48",0.75,64,48,0.01,42,0,42,1,1,1,0,0,7.5316999999999997e-05,0.0075389610000000003,0,0.0075389610000000003,PREFIX_ASTAR,0.0099903686993472966,0.0099903686993472966,126,65,61,65,1,65,64,200,1,1,168,536870912,0,0,0,0
random_linear,"RLC_n64_k48",0.75,64,48,0.01,43,0,7,1,1,1,0,0,7.6117000000000003e-05,0.022292052999999999,0,0.022292052999999999,PREFIX_ASTAR,0.0034145352157560365,0.0034145352157560365,127,65,62,65,1,65,64,533,1,1,481,536870912,0,0,0,0
random_linear,"RLC_n64_k48",0.75,64,48,0.01,44,0,47,1,1,1,0,0,7.4492000000000004e-05,0.005603111,0,0.005603111,PREFIX_ASTAR,0.013294757144736201,0.013294757144736201,124,63,61,63,1,63,64,147,1,1,123,536870912,0,0,0,0
random_linear,"RLC_n64_k48",0.75,64,48,0.01,45,0,38,1,1,1,0,0,7.7025000000000002e-05,0.046251287000000002,0,0.046251287000000002,PREFIX_ASTAR,0.001665359063413738,0.001665359063413738,128,65,63,65,1,65,64,1031,1,1,939,536870912,0,0,0,0
random_linear,"RLC_n64_k48",0.75,64,48,0.01,46,0,13,1,1,1,0,0,6.8134999999999997e-05,0.0055998929999999999,0,0.0055998929999999999,PREFIX_ASTAR,0.012167196766081067,0.012167196766081067,125,64,61,64,1,64,64,163,1,1,134,536870912,0,0,0,0
random_linear,"RLC_n64_k48",0.75,64,48,0.01,47,0,0,1,1,1,0,0,7.0164000000000001e-05,0.023556296000000001,0,0.023556296000000001,PREFIX_ASTAR,0.0029785667492036949,0.0029785667492036949,127,65,62,65,1,65,64,560,1,1,509,536870912,0,0,0,0
random_linear,"RLC_n64_k48",0.75,64,48,0.01,48,0,32,1,1,1,0,0,7.6563999999999994e-05,0.021957419999999998,0,0.021957419999999998,PREFIX_ASTAR,0.0034869306138881526,0.0034869306138881526,127,64,63,64,1,64,64,490,1,1,446,536870912,0,0,0,0
random_linear,"RLC_n64_k48",0.75,64,48,0.01,49,0,1,1,1,1,0,0,8.3332999999999996e-05,0.014921623,0,0.014921623,PREFIX_ASTAR,0.0055847142097076169,0.0055847142097076169,126,63,63,63,1,63,64,333,1,1,295,536870912,0,0,0,0
random_linear,"RLC_n64_k48",0.75,64,48,0.01,50,2,44,1,1,1,0,0,0.070868649000000006,5.1995403839999996,0,5.1995403839999996,PREFIX_ASTAR,0.013629791051931564,0.013629791051931564,258173,120357,137816,120357,3,120357,64,110052,1,1,94713,536870912,0,0,0,0
random_linear,"RLC_n64_k48",0.75,64,48,0.01,51,1,50,1,1,1,0,0,6.9215999999999996e-05,0.048258342000000003,0,0.048258342000000003,PREFIX_ASTAR,0.0014342805229404689,0.0014342805229404689,128,65,63,65,1,65,64,1132,1,1,1046,536870912,0,0,0,0
random_linear,"RLC_n64_k48",0.75,64,48,0.01,52,0,35,1,1,1,0,0,7.046e-05,0.048547039,0,0.048547039,PREFIX_ASTAR,0.001451375850131663,0.001451375850131663,128,65,63,65,1,65,64,1148,1,1,1025,536870912,0,0,0,0
random_linear,"RLC_n64_k48",0.75,64,48,0.01,53,0,62,1,1,1,0,0,7.4865999999999998e-05,0.012651386000000001,0,0.012651386000000001,PREFIX_ASTAR,0.005917612505064662,0.005917612505064662,126,65,61,65,1,65,64,311,1,1,274,536870912,0,0,0,0
random_linear,"RLC_n64_k48",0.75,64,48,0.01,54,0,0,1,1,1,0,0,7.9722999999999995e-05,0.058312508999999998,0,0.058312508999999998,PREFIX_ASTAR,0.0013671680633738465,0.0013671680633738465,128,65,63,65,1,65,64,1302,1,1,1177,536870912,0,0,0,0
random_linear,"RLC_n64_k48",0.75,64,48,0.01,55,0,25,1,1,1,0,0,7.0988999999999994e-05,0.0027346250000000001,0,0.0027346250000000001,PREFIX_ASTAR,0.025959318005210948,0.025959318005210948,121,61,60,61,1,61,64,83,1,1,64,536870912,0,0,0,0
random_linear,"RLC_n64_k48",0.75,64,48,0.01,56,1,24,1,1,1,0,0,0.0023576389999999999,0.50158436200000001,0,0.50158436200000001,PREFIX_ASTAR,0.0047003837811036061,0.0047003837811036061,8190,3983,4207,3983,1,3983,64,11030,1,1,9789,536870912,0,0,0,0
random_linear,"RLC_n64_k48",0.75,64,48,0.01,57,3,45,1,1,1,0,0,0.074506824999999999,8.7588540520000002,0,8.7588540520000002,PREFIX_ASTAR,0.008506458100302183,0.008506458100302183,258174,119787,138387,119787,1,119787,64,183351,1,1,158143,536870912,0,0,0,0
random_linear,"RLC_n64_k48",0.75,64,48,0.01,58,2,21,1,1,1,0,0,0.069515388999999997,4.868630886,0,4.868630886,PREFIX_ASTAR,0.014278221255157193,0.014278221255157193,258172,119958,138214,119958,5,119958,64,105782,1,1,91130,536870912,0,0,0,0
random_linear,"RLC_n64_k48",0.75,64,48,0.01,59,1,16,1,1,1,0,0,0.0021905200000000001,1.775823406,0,1.775823406,PREFIX_ASTAR,0.0012335235545374943,0.0012335235545374943,8192,3989,4203,3989,1,3989,64,37412,1,1,32819,536870912,0,0,0,0
random_linear,"RLC_n64_k48",0.75,64,48,0.01,60,0,30,1,1,1,0,0,8.7063000000000003e-05,0.016474714000000001,0,0.016474714000000001,PREFIX_ASTAR,0.0052846440915453822,0.0052846440915453822,126,64,62,64,1,64,64,368,1,1,329,536870912,0,0,0,0
random_linear,"RLC_n64_k48",0.75,64,48,0.01,61,1,5,1,1,1,0,0,0.0023578879999999998,1.145535473,0,1.145535473,PREFIX_ASTAR,0.0020583282277806857,0.0020583282277806857,8192,3941,4251,3941,1,3941,64,25025,1,1,20751,536870912,0,0,0,0
random_linear,"RLC_n64_k48",0.75,64,48,0.01,62,0,50,1,1,1,0,0,7.6174000000000006e-05,0.014147381000000001,0,0.014147381000000001,PREFIX_ASTAR,0.0053843181292707112,0.0053843181292707112,126,64,62,64,1,64,64,344,1,1,302,536870912,0,0,0,0
random_linear,"RLC_n64_k48",0.75,64,48,0.01,63,0,3,1,1,1,0,0,7.5794e-05,0.013054276,0,0.013054276,PREFIX_ASTAR,0.0058060669163115591,0.0058060669163115591,126,64,62,64,1,64,64,311,1,1,273,536870912,0,0,0,0
random_linear,"RLC_n64_k48",0.75,64,48,0.01,64,0,19,1,1,1,0,0,7.7744000000000006e-05,0.041543578999999997,0,0.041543578999999997,PREFIX_ASTAR,0.0018713842637390489,0.0018713842637390489,128,65,63,65,1,65,64,912,1,1,814,536870912,0,0,0,0
random_linear,"RLC_n64_k48",0.75,64,48,0.01,65,1,46,1,1,1,0,0,0.0023493749999999999,0.81901079499999996,0,0.81901079499999996,PREFIX_ASTAR,0.0028685519340437998,0.0028685519340437998,8191,3979,4212,3979,1,3979,64,17670,1,1,15533,536870912,0,0,0,0
random_linear,"RLC_n64_k48",0.75,64,48,0.01,66,0,32,1,1,1,0,0,7.7019000000000002e-05,0.050829776,0,0.050829776,PREFIX_ASTAR,0.0015152339054179582,0.0015152339054179582,128,65,63,65,1,65,64,1138,1,1,1026,536870912,0,0,0,0
random_linear,"RLC_n64_k48",0.75,64,48,0.01,67,2,62,1,1,1,0,0,0.075675544999999997,4.2187818269999999,0,4.2187818269999999,PREFIX_ASTAR,0.017937771637224795,0.017937771637224795,258172,118612,139560,118612,3,118612,64,92504,1,1,79045,536870912,0,0,0,0
random_linear,"RLC_n64_k48",0.75,64,48,0.01,68,1,28,1,1,1,0,0,0.0023096850000000001,1.6598810390000001,0,1.6598810390000001,PREFIX_ASTAR,0.0013914762237367782,0.0013914762237367782,8192,3959,4233,3959,1,3959,64,35302,1,1,30964,536870912,0,0,0,0
random_linear,"RLC_n64_k48",0.75,64,48,0.01,69,0,30,1,1,1,0,0,8.3943000000000006e-05,0.044340088,0,0.044340088,PREFIX_ASTAR,0.0018931626838449218,0.0018931626838449218,128,65,63,65,1,65,64,1006,1,1,906,536870912,0,0,0,0
random_linear,"RLC_n64_k48",0.75,64,48,0.01,70,2,33,1,1,1,0,0,0.070679765000000006,5.0500201410000001,0,5.0500201410000001,PREFIX_ASTAR,0.013995937249074827,0.013995937249074827,258172,119564,138608,119564,1,119564,64,108642,1,1,93665,536870912,0,0,0,0
random_linear,"RLC_n64_k48",0.75,64,48,0.01,71,1,25,1,1,1,0,0,0.002311867,1.390019922,0,1.390019922,PREFIX_ASTAR,0.0016631898316058812,0.0016631898316058812,8192,3971,4221,3971,1,3971,64,30063,1,1,26425,536870912,0,0,0,0
random_linear,"RLC_n64_k48",0.75,64,48,0.01,72,0,24,1,1,1,0,0,7.4171000000000005e-05,0.0067499830000000002,0,0.0067499830000000002,PREFIX_ASTAR,0.010988323970593704,0.010988323970593704,125,63,62,63,1,63,64,171,1,1,145,536870912,0,0,0,0
random_linear,"RLC_n64_k48",0.75,64,48,0.01,73,1,26,1,1,1,0,0,0.0022675410000000001,0.15648252200000001,0,0.15648252200000001,PREFIX_ASTAR,0.014490698200786922,0.014490698200786922,8186,3969,4217,3969,1,3969,64,3595,1,1,3213,536870912,0,0,0,0
random_linear,"RLC_n64_k48",0.75,64,48,0.01,74,1,39,1,1,1,0,0,0.0023535349999999999,0.14871705399999999,0,0.14871705399999999,PREFIX_ASTAR,0.015825589175535983,0.015825589175535983,8188,3962,4226,3962,1,3962,64,3463,1,1,3076,536870912,0,0,0,0
random_linear,"RLC_n64_k48",0.75,64,48,0.01,75,1,42,1,1,1,0,0,0.0023424100000000001,0.327312243,0,0.327312243,PREFIX_ASTAR,0.0071564997952123658,0.0071564997952123658,8189,3976,4213,3976,1,3976,64,7263,1,1,6539,536870912,0,0,0,0
random_linear,"RLC_n64_k48",0.75,64,48,0.01,76,1,17,1,1,1,0,0,0.002410695,0.69777737699999998,0,0.69777737699999998,PREFIX_ASTAR,0.0034548196594800179,0.0034548196594800179,8191,3938,4253,3938,2,3938,64,15734,1,1,13967,536870912,0,0,0,0
random_linear,"RLC_n64_k48",0.75,64,48,0.01,77,2,44,1,1,1,0,0,0.076567492000000001,6.7995372319999996,0,6.7995372319999996,PREFIX_ASTAR,0.01126069163055066,0.01126069163055066,258174,119884,138290,119884,3,119884,64,145843,1,1,124363,536870912,0,0,0,0
random_linear,"RLC_n64_k48",0.75,64,48,0.01,78,0,41,1,1,1,0,0,7.5852000000000005e-05,0.0063587419999999997,0,0.0063587419999999997,PREFIX_ASTAR,0.011928774590948966,0.011928774590948966,126,63,63,63,1,63,64,152,1,1,125,536870912,0,0,0,0
random_linear,"RLC_n64_k48",0.75,64,48,0.01,79,0,51,1,1,1,0,0,7.6930999999999999e-05,0.011262622999999999,0,0.011262622999999999,PREFIX_ASTAR,0.0068306468217927564,0.0068306468217927564,126,64,62,64,1,64,64,262,1,1,228,536870912,0,0,0,0
random_linear,"RLC_n64_k48",0.75,64,48,0.01,80,0,11,1,1,1,0,0,7.4473000000000003e-05,0.028379614000000001,0,0.028379614000000001,PREFIX_ASTAR,0.0026241724077008238,0.0026241724077008238,128,65,63,65,1,65,64,721,1,1,629,536870912,0,0,0,0
random_linear,"RLC_n64_k48",0.75,64,48,0.01,81,1,39,1,1,1,0,0,0.002353515,1.7698908520000001,0,1.7698908520000001,PREFIX_ASTAR,0.0013297514913648471,0.0013297514913648471,8192,3987,4205,3987,1,3987,64,37384,1,1,32874,536870912,0,0,0,0
random_linear,"RLC_n64_k48",0.75,64,48,0.01,82,0,24,1,1,1,0,0,7.4338999999999994e-05,0.010343666,0,0.010343666,PREFIX_ASTAR,0.0071869103275376441,0.0071869103275376441,126,64,62,64,1,64,64,255,1,1,220,536870912,0,0,0,0
random_linear,"RLC_n64_k48",0.75,64,48,0.01,83,0,39,1,1,1,0,0,7.6346000000000004e-05,0.02483807,0,0.02483807,PREFIX_ASTAR,0.0030737492888940243,0.0030737492888940243,127,65,62,65,1,65,64,559,1,1,497,536870912,0,0,0,0
random_linear,"RLC_n64_k48",0.75,64,48,0.01,84,0,41,1,1,1,0,0,7.6236999999999995e-05,0.017598069000000001,0,0.017598069000000001,PREFIX_ASTAR,0.0043321230300892664,0.0043321230300892664,127,64,63,64,1,64,64,435,1,1,382,536870912,0,0,0,0
random_linear,"RLC_n64_k48",0.75,64,48,0.01,85,1,2,1,1,1,0,0,0.0022042440000000002,0.494830718,0,0.494830718,PREFIX_ASTAR,0.0044545415630401512,0.0044545415630401512,8190,3984,4206,3984,1,3984,64,10983,1,1,9331,536870912,0,0,0,0
random_linear,"RLC_n64_k48",0.75,64,48,0.01,86,0,60,1,1,1,0,0,7.7441000000000006e-05,0.0098274039999999997,0,0.0098274039999999997,PREFIX_ASTAR,0.0078801075034668367,0.0078801075034668367,126,65,61,65,1,65,64,248,1,1,211,536870912,0,0,0,0
random_linear,"RLC_n64_k48",0.75,64,48,0.01,87,0,8,1,1,1,0,0,7.6779000000000005e-05,0.0097549219999999992,0,0.0097549219999999992,PREFIX_ASTAR,0.0078707958915509527,0.0078707958915509527,126,64,62,64,1,64,64,227,1,1,197,536870912,0,0,0,0
random_linear,"RLC_n64_k48",0.75,64,48,0.01,88,1,50,1,1,1,0,0,0.0023530500000000002,0.52217422000000002,0,0.52217422000000002,PREFIX_ASTAR,0.0045062546366230029,0.0045062546366230029,8190,3978,4212,3978,1,3978,64,11271,1,1,9918,536870912,0,0,0,0
random_linear,"RLC_n64_k48",0.75,64,48,0.01,89,0,44,1,1,1,0,0,7.6759000000000001e-05,0.046924024000000002,0,0.046924024000000002,PREFIX_ASTAR,0.0016358145243468463,0.0016358145243468463,128,65,63,65,1,65,64,1000,1,1,911,536870912,0,0,0,0
random_linear,"RLC_n64_k48",0.75,64,48,0.01,90,0,1,1,1,1,0,0,6.9869000000000005e-05,0.0068700180000000003,0,0.0068700180000000003,PREFIX_ASTAR,0.010170133469810414,0.010170133469810414,124,63,61,63,1,63,64,179,1,1,153,536870912,0,0,0,0
random_linear,"RLC_n64_k48",0.75,64,48,0.01,91,1,40,1,1,1,0,0,0.0021961749999999999,0.52784287399999996,0,0.52784287399999996,PREFIX_ASTAR,0.0041606605074676071,0.0041606605074676071,8191,3955,4236,3955,1,3955,64,11815,1,1,10575,536870912,0,0,0,0
random_linear,"RLC_n64_k48",0.75,64,48,0.01,92,0,51,1,1,1,0,0,7.4924000000000003e-05,0.013214162,0,0.013214162,PREFIX_ASTAR,0.0056699774075722699,0.0056699774075722699,127,64,63,64,1,64,64,315,1,1,274,536870912,0,0,0,0
random_linear,"RLC_n64_k48",0.75,64,48,0.01,93,1,20,1,1,1,0,0,0.0021448370000000001,0.40929561599999997,0,0.40929561599999997,PREFIX_ASTAR,0.0052403126643799681,0.0052403126643799681,8190,3984,4206,3984,2,3984,64,8939,1,1,8006,536870912,0,0,0,0
random_linear,"RLC_n64_k48",0.75,64,48,0.01,94,1,58,1,1,1,0,0,0.0022280799999999999,0.47930300999999997,0,0.47930300999999997,PREFIX_ASTAR,0.0046485833669185593,0.0046485833669185593,8190,3965,4225,3965,1,3965,64,11104,1,1,9839,536870912,0,0,0,0
random_linear,"RLC_n64_k48",0.75,64,48,0.01,95,2,57,1,1,1,0,0,0.068503744000000005,28.526647751999999,0,28.526647751999999,PREFIX_ASTAR,0.002401394814965499,0.002401394814965499,258176,117451,140725,117451,1,117451,64,597278,1,1,499850,536870912,0,0,0,0
random_linear,"RLC_n64_k48",0.75,64,48,0.01,96,1,14,1,1,1,0,0,0.0023907379999999999,0.134274702,0,0.134274702,PREFIX_ASTAR,0.017804828194666184,0.017804828194666184,8186,3952,4234,3952,1,3952,64,3183,1,1,2848,536870912,0,0,0,0
random_linear,"RLC_n64_k48",0.75,64,48,0.01,97,2,50,1,1,1,0,0,0.077756176999999996,8.5357533500000002,0,8.5357533500000002,PREFIX_ASTAR,0.0091094685860387461,0.0091094685860387461,258174,119220,138954,119220,1,119220,64,183979,1,1,156213,536870912,0,0,0,0
random_linear,"RLC_n64_k48",0.75,64,48,0.01,98,0,50,1,1,1,0,0,7.6579e-05,0.019122713,0,0.019122713,PREFIX_ASTAR,0.0040046095969750737,0.0040046095969750737,127,64,63,64,1,64,64,442,1,1,391,536870912,0,0,0,0
random_linear,"RLC_n64_k48",0.75,64,48,0.01,99,0,14,1,1,1,0,0,8.0443000000000002e-05,0.0056270469999999996,0,0.0056270469999999996,PREFIX_ASTAR,0.014295775386272766,0.014295775386272766,125,65,60,65,1,65,64,140,1,1,117,536870912,0,0,0,0
random_linear,"RLC_n64_k48",0.75,64,48,0.01,100,1,45,1,1,1,0,0,0.002348007,0.30403251599999997,0,0.30403251599999997,PREFIX_ASTAR,0.0077228811934049848,0.0077228811934049848,8190,3962,4228,3962,1,3962,64,6920,1,1,6077,536870912,0,0,0,0
random_linear,"RLC_n64_k48",0.75,64,48,0.01,101,3,59,1,1,1,0,0,0.076341480000000003,8.7180819809999992,0,8.7180819809999992,PREFIX_ASTAR,0.0087566829683842148,0.0087566829683842148,258174,119252,138922,119252,4,119252,64,188094,1,1,159563,536870912,0,0,0,0
random_linear,"RLC_n64_k48",0.75,64,48,0.01,102,1,36,1,1,1,0,0,0.0023623630000000001,0.114546183,0,0.114546183,PREFIX_ASTAR,0.020623672811515687,0.020623672811515687,8184,3924,4260,3924,1,3924,64,2768,1,1,2466,536870912,0,0,0,0
random_linear,"RLC_n64_k48",0.75,64,48,0.01,103,0,58,1,1,1,0,0,7.4831000000000002e-05,0.0098419200000000005,0,0.0098419200000000005,PREFIX_ASTAR,0.0076032928534269734,0.0076032928534269734,126,65,61,65,1,65,64,248,1,1,217,536870912,0,0,0,0
random_linear,"RLC_n64_k48",0.75,64,48,0.01,104,1,37,1,1,1,0,0,0.0023633159999999999,0.73244057200000001,0,0.73244057200000001,PREFIX_ASTAR,0.0032266317437150381,0.0032266317437150381,8191,3988,4203,3988,1,3988,64,15469,1,1,13686,536870912,0,0,0,0
random_linear,"RLC_n64_k48",0.75,64,48,0.01,105,1,35,1,1,1,0,0,0.0023535050000000001,0.33673185999999999,0,0.33673185999999999,PREFIX_ASTAR,0.0069892554865464765,0.0069892554865464765,8190,3984,4206,3984,1,3984,64,7358,1,1,6452,536870912,0,0,0,0
random_linear,"RLC_n64_k48",0.75,64,48,0.01,106,0,54,1,1,1,0,0,7.7898000000000005e-05,0.019678662999999999,0,0.019678662999999999,PREFIX_ASTAR,0.0039585006359425948,0.0039585006359425948,127,64,63,64,1,64,64,468,1,1,418,536870912,0,0,0,0
random_linear,"RLC_n64_k48",0.75,64,48,0.01,107,1,57,1,1,1,0,0,0.0021140680000000002,1.0592135869999999,0,1.0592135869999999,PREFIX_ASTAR,0.0019958845184262163,0.0019958845184262163,8191,3998,4193,3998,1,3998,64,22237,1,1,19537,536870912,0,0,0,0
random_linear,"RLC_n64_k48",0.75,64,48,0.01,108,1,17,1,1,1,0,0,0.0021950820000000001,1.272197319,0,1.272197319,PREFIX_ASTAR,0.0017254257395585661,0.0017254257395585661,8192,3977,4215,3977,1,3977,64,27138,1,1,23574,536870912,0,0,0,0
random_linear,"RLC_n64_k48",0.75,64,48,0.01,109,1,61,1,1,1,0,0,0.0021843790000000002,0.54548510800000005,0,0.54548510800000005,PREFIX_ASTAR,0.0040044704575143046,0.0040044704575143046,8190,3993,4197,3993,1,3993,64,11471,1,1,10209,536870912,0,0,0,0
random_linear,"RLC_n64_k48",0.75,64,48,0.01,110,0,59,1,1,1,0,0,7.2860000000000004e-05,0.017977193999999998,0,0.017977193999999998,PREFIX_ASTAR,0.0040529128183185879,0.0040529128183185879,127,64,63,64,1,64,64,426,1,1,386,536870912,0,0,0,0
random_linear,"RLC_n64_k48",0.75,64,48,0.01,111,0,16,1,1,1,0,0,7.6454999999999999e-05,0.043844314000000002,0,0.043844314000000002,PREFIX_ASTAR,0.0017437836979271701,0.0017437836979271701,128,65,63,65,1,65,64,1095,1,1,993,536870912,0,0,0,0
random_linear,"RLC_n64_k48",0.75,64,48,0.01,112,0,45,1,1,1,0,0,7.7546999999999995e-05,0.035632179999999999,0,0.035632179999999999,PREFIX_ASTAR,0.0021763192709511455,0.0021763192709511455,128,65,63,65,1,65,64,828,1,1,752,536870912,0,0,0,0
random_linear,"RLC_n64_k48",0.75,64,48,0.01,113,1,35,1,1,1,0,0,0.0022620549999999998,0.14123997099999999,0,0.14123997099999999,PREFIX_ASTAR,0.016015685814605555,0.016015685814605555,8186,3956,4230,3956,1,3956,64,3501,1,1,3118,536870912,0,0,0,0
random_linear,"RLC_n64_k48",0.75,64,48,0.01,114,4,36,1,1,1,0,0,0.070447215999999993,13.450804368,0,13.450804368,PREFIX_ASTAR,0.0052373980077798712,0.0052373980077798712,258175,120651,137524,120651,2,120651,64,283204,1,1,238179,536870912,0,0,0,0
random_linear,"RLC_n64_k48",0.75,64,48,0.01,115,0,37,1,1,1,0,0,6.9393999999999993e-05,0.0096090989999999994,0,0.0096090989999999994,PREFIX_ASTAR,0.0072216968521190174,0.0072216968521190174,126,65,61,65,1,65,64,241,1,1,206,536870912,0,0,0,0
random_linear,"RLC_n64_k48",0.75,64,48,0.01,116,0,33,1,1,1,0,0,6.7327000000000001e-05,0.034008291000000003,0,0.034008291000000003,PREFIX_ASTAR,0.0019797231210471585,0.0019797231210471585,128,65,63,65,1,65,64,827,1,1,747,536870912,0,0,0,0
random_linear,"RLC_n64_k48",0.75,64,48,0.01,117,0,9,1,1,1,0,0,6.4133000000000004e-05,0.0030243850000000001,0,0.0030243850000000001,PREFIX_ASTAR,0.021205302896291314,0.021205302896291314,117,60,57,60,1,60,64,98,1,1,80,536870912,0,0,0,0
random_linear,"RLC_n64_k48",0.75,64,48,0.01,118,0,22,1,1,1,0,0,7.6176999999999999e-05,0.027045336999999999,0,0.027045336999999999,PREFIX_ASTAR,0.002816640813164946,0.002816640813164946,127,65,62,65,1,65,64,644,1,1,574,536870912,0,0,0,0
random_linear,"RLC_n64_k48",0.75,64,48,0.01,119,0,49,1,1,1,0,0,7.4641999999999994e-05,0.016469279999999999,0,0.016469279999999999,PREFIX_ASTAR,0.0045321957001156089,0.0045321957001156089,127,65,62,65,1,65,64,398,1,1,359,536870912,0,0,0,0
random_linear,"RLC_n64_k48",0.75,64,48,0.01,120,0,27,1,1,1,0,0,7.2939000000000001e-05,0.027099371000000001,0,0.027099371000000001,PREFIX_ASTAR,0.0026915384862622824,0.0026915384862622824,127,64,63,64,1,64,64,646,1,1,581,536870912,0,0,0,0
random_linear,"RLC_n64_k48",0.75,64,48,0.01,121,2,41,1,1,1,0,0,0.075282933999999996,12.160454689,0,12.160454689,PREFIX_ASTAR,0.0061907992690519035,0.0061907992690519035,258175,120478,137697,120478,3,120478,64,255209,1,1,219023,536870912,0,0,0,0
random_linear,"RLC_n64_k48",0.75,64,48,0.01,122,2,13,1,1,1,0,0,0.075400801000000003,4.8790823830000001,0,4.8790823830000001,PREFIX_ASTAR,0.015453889703259803,0.015453889703259803,258173,118064,140109,118064,1,118064,64,105015,1,1,91480,536870912,0,0,0,0
random_linear,"RLC_n64_k48",0.75,64,48,0.01,123,0,34,1,1,1,0,0,8.1570999999999995e-05,0.056200326000000002,0,0.056200326000000002,PREFIX_ASTAR,0.0014514328617951432,0.0014514328617951432,128,65,63,65,1,65,64,1234,1,1,1131,536870912,0,0,0,0
random_linear,"RLC_n64_k48",0.75,64,48,0.01,124,0,27,1,1,1,0,0,7.5531000000000006e-05,0.018558376000000001,0,0.018558376000000001,PREFIX_ASTAR,0.0040699143071570489,0.0040699143071570489,127,65,62,65,1,65,64,427,1,1,386,536870912,0,0,0,0
random_linear,"RLC_n64_k48",0.75,64,48,0.01,125,0,49,1,1,1,0,0,7.6142000000000004e-05,0.0082654370000000005,0,0.0082654370000000005,PREFIX_ASTAR,0.0092120961057473427,0.0092120961057473427,125,64,61,64,1,64,64,198,1,1,170,536870912,0,0,0,0
random_linear,"RLC_n64_k48",0.75,64,48,0.01,126,1,62,1,1,1,0,0,0.0023613100000000001,0.75601737499999999,0,0.75601737499999999,PREFIX_ASTAR,0.0031233541424891195,0.0031233541424891195,8191,3968,4223,3968,1,3968,64,16616,1,1,14621,536870912,0,0,0,0
random_linear,"RLC_n64_k48",0.75,64,48,0.01,127,1,3,1,1,1,0,0,0.0023629200000000001,0.68588937400000005,0,0.68588937400000005,PREFIX_ASTAR,0.0034450453521678265,0.0034450453521678265,8191,3954,4237,3954,1,3954,64,14827,1,1,12903,536870912,0,0,0,0
random_linear,"RLC_n64_k48",0.75,64,48,0.01,128,1,55,1,1,1,0,0,0.0023620289999999999,0.92726747499999995,0,0.92726747499999995,PREFIX_ASTAR,0.0025473006049306322,0.0025473006049306322,8192,3956,4236,3956,1,3956,64,20502,1,1,18195,536870912,0,0,0,0
random_linear,"RLC_n64_k48",0.75,64,48,0.01,129,1,60,1,1,1,0,0,0.002333295,0.64921074400000001,0,0.64921074400000001,PREFIX_ASTAR,0.0035940486530210598,0.0035940486530210598,8191,3972,4219,3972,1,3972,64,14354,1,1,12525,536870912,0,0,0,0
random_linear,"RLC_n64_k48",0.75,64,48,0.01,130,0,22,1,1,1,0,0,8.5341999999999997e-05,0.035045315,0,0.035045315,PREFIX_ASTAR,0.0024351899818848824,0.0024351899818848824,128,65,63,65,1,65,64,815,1,1,741,536870912,0,0,0,0
random_linear,"RLC_n64_k48",0.75,64,48,0.01,131,0,0,1,1,1,0,0,6.9610000000000006e-05,0.023726068999999999,0,0.023726068999999999,PREFIX_ASTAR,0.0029339036314865309,0.0029339036314865309,127,65,62,65,1,65,64,573,1,1,516,536870912,0,0,0,0
random_linear,"RLC_n64_k48",0.75,64,48,0.01,132,0,22,1,1,1,0,0,7.0953999999999999e-05,0.0033619019999999999,0,0.0033619019999999999,PREFIX_ASTAR,0.021105314789068807,0.021105314789068807,124,63,61,63,1,63,64,95,1,1,77,536870912,0,0,0,0
random_linear,"RLC_n64_k48",0.75,64,48,0.01,133,0,4,1,1,1,0,0,7.0837e-05,0.037243650000000003,0,0.037243650000000003,PREFIX_ASTAR,0.0019019886611543173,0.0019019886611543173,128,65,63,65,1,65,64,889,1,1,736,536870912,0,0,0,0
random_linear,"RLC_n64_k48",0.75,64,48,0.01,134,1,57,1,1,1,0,0,0.0022367189999999999,0.79050807199999995,0,0.79050807199999995,PREFIX_ASTAR,0.0028294701587816299,0.0028294701587816299,8191,3987,4204,3987,1,3987,64,17583,1,1,15520,536870912,0,0,0,0
random_linear,"RLC_n64_k48",0.75,64,48,0.01,135,0,19,1,1,1,0,0,7.4190999999999995e-05,0.0061207270000000003,0,0.0061207270000000003,PREFIX_ASTAR,0.012121272522038639,0.012121272522038639,124,63,61,63,1,63,64,157,1,1,126,536870912,0,0,0,0
random_linear,"RLC_n64_k48",0.75,64,48,0.01,136,0,4,1,1,1,0,0,7.6261999999999996e-05,0.021376941999999999,0,0.021376941999999999,PREFIX_ASTAR,0.0035674887455839099,0.0035674887455839099,127,64,63,64,1,64,64,525,1,1,469,536870912,0,0,0,0
random_linear,"RLC_n64_k48",0.75,64,48,0.01,137,0,41,1,1,1,0,0,6.8442999999999995e-05,0.002671157,0,0.002671157,PREFIX_ASTAR,0.025622979106057785,0.025622979106057785,124,62,62,62,1,62,64,83,1,1,62,536870912,0,0,0,0
random_linear,"RLC_n64_k48",0.75,64,48,0.01,138,0,19,1,1,1,0,0,6.923e-05,0.0031177869999999999,0,0.0031177869999999999,PREFIX_ASTAR,0.022204852352004804,0.022204852352004804,123,63,60,63,1,63,64,92,1,1,72,536870912,0,0,0,0
random_linear,"RLC_n64_k48",0.75,64,48,0.01,139,2,11,1,1,1,0,0,0.070745869000000003,4.520239847,0,4.520239847,PREFIX_ASTAR,0.015650910437186808,0.015650910437186808,258172,120066,138106,120066,3,120066,64,98667,1,1,84620,536870912,0,0,0,0
random_linear,"RLC_n64_k48",0.75,64,48,0.01,140,0,34,1,1,1,0,0,7.1118999999999995e-05,0.052006334000000001,0,0.052006334000000001,PREFIX_ASTAR,0.0013675065041115952,0.0013675065041115952,128,65,63,65,1,65,64,1181,1,1,1082,536870912,0,0,0,0
random_linear,"RLC_n64_k48",0.75,64,48,0.01,141,0,60,1,1,1,0,0,8.2935999999999993e-05,0.057529990000000003,0,0.057529990000000003,PREFIX_ASTAR,0.0014416133220256076,0.0014416133220256076,128,65,63,65,1,65,64,1285,1,1,1172,536870912,0,0,0,0
random_linear,"RLC_n64_k48",0.75,64,48,0.01,142,1,38,1,1,1,0,0,0.0021606009999999998,0.48751720999999998,0,0.48751720999999998,PREFIX_ASTAR,0.0044318455957688139,0.0044318455957688139,8190,3997,4193,3997,1,3997,64,10325,1,1,9195,536870912,0,0,0,0
random_linear,"RLC_n64_k48",0.75,64,48,0.01,143,1,29,1,1,1,0,0,0.002209117,0.92109066500000003,0,0.92109066500000003,PREFIX_ASTAR,0.0023983708487589545,0.0023983708487589545,8191,3998,4193,3998,1,3998,64,19673,1,1,17313,536870912,0,0,0,0
random_linear,"RLC_n64_k48",0.75,64,48,0.01,144,0,46,1,1,1,0,0,7.4648999999999996e-05,0.01175112,0,0.01175112,PREFIX_ASTAR,0.0063525008680023684,0.0063525008680023684,126,63,63,63,1,63,64,284,1,1,256,536870912,0,0,0,0
random_linear,"RLC_n64_k48",0.75,64,48,0.01,145,1,37,1,1,1,0,0,0.002226553,0.55758365799999998,0,0.55758365799999998,PREFIX_ASTAR,0.0039932178213157032,0.0039932178213157032,8190,3986,4204,3986,2,3986,64,12132,1,1,10750,536870912,0,0,0,0
random_linear,"RLC_n64_k48",0.75,64,48,0.01,146,1,11,1,1,1,0,0,0.0021956609999999998,1.3610398509999999,0,1.3610398509999999,PREFIX_ASTAR,0.0016132231531551238,0.0016132231531551238,8192,3938,4254,3938,1,3938,64,30135,1,1,26384,536870912,0,0,0,0
random_linear,"RLC_n64_k48",0.75,64,48,0.01,147,0,55,1,1,1,0,0,7.1437000000000001e-05,0.052533655999999998,0,0.052533655999999998,PREFIX_ASTAR,0.0013598330182845071,0.0013598330182845071,128,65,63,65,1,65,64,1267,1,1,1150,536870912,0,0,0,0
random_linear,"RLC_n64_k48",0.75,64,48,0.01,148,2,25,1,1,1,0,0,0.073829095999999997,24.306921876000001,0,24.306921876000001,PREFIX_ASTAR,0.0030373692060489507,0.0030373692060489507,258176,119695,138481,119695,3,119695,64,503087,1,1,424320,536870912,0,0,0,0
random_linear,"RLC_n64_k48",0.75,64,48,0.01,149,0,46,1,1,1,0,0,7.4862000000000003e-05,0.018913467,0,0.018913467,PREFIX_ASTAR,0.0039581320547946077,0.0039581320547946077,127,65,62,65,1,65,64,448,1,1,401,536870912,0,0,0,0
random_linear,"RLC_n64_k48",0.75,64,48,0.01,150,3,36,1,1,1,0,0,0.069200468000000001,30.234480822999998,0,30.234480822999998,PREFIX_ASTAR,0.0022887929978065891,0.0022887929978065891,258176,121022,137154,121022,1,121022,64,623115,1,1,522087,536870912,0,0,0,0
random_linear,"RLC_n64_k48",0.75,64,48,0.01,151,0,45,1,1,1,0,0,7.1420000000000004e-05,0.0061962800000000002,0,0.0061962800000000002,PREFIX_ASTAR,0.01152627060107032,0.01152627060107032,125,63,62,63,1,63,64,164,1,1,139,536870912,0,0,0,0
random_linear,"RLC_n64_k48",0.75,64,48,0.01,152,1,4,1,1,1,0,0,0.0024680100000000001,0.185321188,0,0.185321188,PREFIX_ASTAR,0.01331747344507634,0.01331747344507634,8188,3968,4220,3968,2,3968,64,4469,1,1,3958,536870912,0,0,0,0
random_linear,"RLC_n64_k48",0.75,64,48,0.01,153,1,37,1,1,1,0,0,0.0025479190000000001,0.70437812099999997,0,0.70437812099999997,PREFIX_ASTAR,0.0036172602811437981,0.0036172602811437981,8191,3974,4217,3974,1,3974,64,15892,1,1,14145,536870912,0,0,0,0
random_linear,"RLC_n64_k48",0.75,64,48,0.01,154,0,35,1,1,1,0,0,8.1266000000000004e-05,0.047128041000000002,0,0.047128041000000002,PREFIX_ASTAR,0.0017243661793623036,0.0017243661793623036,128,65,63,65,1,65,64,1037,1,1,958,536870912,0,0,0,0
random_linear,"RLC_n64_k48",0.75,64,48,0.01,155,0,16,1,1,1,0,0,7.4442000000000003e-05,0.004750776,0,0.004750776,PREFIX_ASTAR,0.015669440108310728,0.015669440108310728,123,64,59,64,1,64,64,126,1,1,105,536870912,0,0,0,0
random_linear,"RLC_n64_k48",0.75,64,48,0.01,156,0,36,1,1,1,0,0,7.5582999999999998e-05,0.026625414999999999,0,0.026625414999999999,PREFIX_ASTAR,0.0028387538748222327,0.0028387538748222327,127,65,62,65,1,65,64,608,1,1,547,536870912,0,0,0,0
random_linear,"RLC_n64_k48",0.75,64,48,0.01,157,0,16,1,1,1,0,0,7.5927000000000007e-05,0.027606194000000001,0,0.027606194000000001,PREFIX_ASTAR,0.0027503610240513419,0.0027503610240513419,127,65,62,65,1,65,64,610,1,1,546,536870912,0,0,0,0
random_linear,"RLC_n64_k48",0.75,64,48,0.01,158,0,31,1,1,1,0,0,7.3226000000000007e-05,0.002784473,0,0.002784473,PREFIX_ASTAR,0.026297974517978807,0.026297974517978807,121,62,59,62,1,62,64,81,1,1,63,536870912,0,0,0,0
random_linear,"RLC_n64_k48",0.75,64,48,0.01,159,1,24,1,1,1,0,0,0.0022039659999999999,1.5969449840000001,0,1.5969449840000001,PREFIX_ASTAR,0.0013801139188148763,0.0013801139188148763,8192,3915,4277,3915,1,3915,64,34269,1,1,30015,536870912,0,0,0,0
random_linear,"RLC_n64_k48",0.75,64,48,0.01,160,2,63,1,1,1,0,0,0.071231722999999997,14.270443434000001,0,14.270443434000001,PREFIX_ASTAR,0.0049915563822135389,0.0049915563822135389,258175,118258,139917,118258,2,118258,64,306827,1,1,258140,536870912,0,0,0,0
random_linear,"RLC_n64_k48",0.75,64,48,0.01,161,1,59,1,1,1,0,0,0.0021660550000000001,0.19163345600000001,0,0.19163345600000001,PREFIX_ASTAR,0.011303115046884089,0.011303115046884089,8188,3981,4207,3981,1,3981,64,4590,1,1,4070,536870912,0,0,0,0
random_linear,"RLC_n64_k48",0.75,64,48,0.01,162,0,26,1,1,1,0,0,8.0011000000000004e-05,0.011010869,0,0.011010869,PREFIX_ASTAR,0.0072665472634357931,0.0072665472634357931,126,65,61,65,1,65,64,274,1,1,244,536870912,0,0,0,0
random_linear,"RLC_n64_k48",0.75,64,48,0.01,163,1,63,1,1,1,0,0,0.0023459710000000001,1.7647669109999999,0,1.7647669109999999,PREFIX_ASTAR,0.0013293375943175762,0.0013293375943175762,8192,3955,4237,3955,1,3955,64,38184,1,1,33539,536870912,0,0,0,0
random_linear,"RLC_n64_k48",0.75,64,48,0.01,164,0,36,1,1,1,0,0,7.7657000000000005e-05,0.029202097999999999,0,0.029202097999999999,PREFIX_ASTAR,0.0026592952328288195,0.0026592952328288195,127,65,62,65,1,65,64,683,1,1,619,536870912,0,0,0,0
random_linear,"RLC_n64_k48",0.75,64,48,0.01,165,1,25,1,1,1,0,0,0.0023533989999999999,0.61586492800000003,0,0.61586492800000003,PREFIX_ASTAR,0.0038212908269392469,0.0038212908269392469,8191,3992,4199,3992,1,3992,64,13997,1,1,12410,536870912,0,0,0,0
random_linear,"RLC_n64_k48",0.75,64,48,0.01,166,1,54,1,1,1,0,0,0.0021509929999999999,0.18058144300000001,0,0.18058144300000001,PREFIX_ASTAR,0.011911484171715251,0.011911484171715251,8188,3973,4215,3973,1,3973,64,4340,1,1,3913,536870912,0,0,0,0
random_linear,"RLC_n64_k48",0.75,64,48,0.01,167,0,39,1,1,1,0,0,7.1860999999999995e-05,0.023423281000000001,0,0.023423281000000001,PREFIX_ASTAR,0.003067930577274806,0.003067930577274806,127,64,63,64,1,64,64,563,1,1,505,536870912,0,0,0,0
random_linear,"RLC_n64_k48",0.75,64,48,0.01,168,1,5,1,1,1,0,0,0.0022185569999999999,0.51914339799999998,0,0.51914339799999998,PREFIX_ASTAR,0.0042734955477561516,0.0042734955477561516,8190,3988,4202,3988,1,3988,64,11616,1,1,10259,536870912,0,0,0,0
random_linear,"RLC_n64_k48",0.75,64,48,0.01,169,0,52,1,1,1,0,0,6.7874999999999996e-05,0.0020296659999999998,0,0.0020296659999999998,PREFIX_ASTAR,0.033441462782546491,0.033441462782546491,124,63,61,63,1,63,64,67,1,1,50,536870912,0,0,0,0
random_linear,"RLC_n64_k48",0.75,64,48,0.01,170,0,23,1,1,1,0,0,6.7560999999999999e-05,0.013892157,0,0.013892157,PREFIX_ASTAR,0.0048632476583729944,0.0048632476583729944,126,63,63,63,1,63,64,343,1,1,299,536870912,0,0,0,0
random_linear,"RLC_n64_k48",0.75,64,48,0.01,171,0,52,1,1,1,0,0,7.6224999999999996e-05,0.0069794469999999997,0,0.0069794469999999997,PREFIX_ASTAR,0.010921352365022615,0.010921352365022615,125,64,61,64,1,64,64,177,1,1,154,536870912,0,0,0,0
random_linear,"RLC_n64_k48",0.75,64,48,0.01,172,2,54,1,1,1,0,0,0.069662889000000006,2.5366815620000001,0,2.5366815620000001,PREFIX_ASTAR,0.027462212854606621,0.027462212854606621,258167,116898,141269,116898,5,116898,64,58813,1,1,51302,536870912,0,0,0,0
random_linear,"RLC_n64_k48",0.75,64,48,0.01,173,0,63,1,1,1,0,0,7.3417999999999994e-05,0.054758693999999997,0,0.054758693999999997,PREFIX_ASTAR,0.0013407551319613283,0.0013407551319613283,128,65,63,65,1,65,64,1281,1,1,1177,536870912,0,0,0,0
random_linear,"RLC_n64_k48",0.75,64,48,0.01,174,0,43,1,1,1,0,0,7.2109999999999999e-05,0.018542936999999999,0,0.018542936999999999,PREFIX_ASTAR,0.0038888122199843534,0.0038888122199843534,127,65,62,65,1,65,64,451,1,1,398,536870912,0,0,0,0
random_linear,"RLC_n64_k48",0.75,64,48,0.01,175,0,61,1,1,1,0,0,7.6447999999999997e-05,0.0075176069999999999,0,0.0075176069999999999,PREFIX_ASTAR,0.010169193468080999,0.010169193468080999,126,64,62,64,1,64,64,198,1,1,173,536870912,0,0,0,0
random_linear,"RLC_n64_k48",0.75,64,48,0.01,176,0,30,1,1,1,0,0,7.3192e-05,0.014061224000000001,0,0.014061224000000001,PREFIX_ASTAR,0.0052052367560604966,0.0052052367560604966,126,64,62,64,1,64,64,347,1,1,311,536870912,0,0,0,0
random_linear,"RLC_n64_k48",0.75,64,48,0.01,177,1,42,1,1,1,0,0,0.0021585630000000001,0.71742971300000002,0,0.71742971300000002,PREFIX_ASTAR,0.003008744913803145,0.003008744913803145,8191,3978,4213,3978,1,3978,64,15939,1,1,14057,536870912,0,0,0,0
random_linear,"RLC_n64_k48",0.75,64,48,0.01,178,0,6,1,1,1,0,0,7.8758999999999996e-05,0.028013087999999998,0,0.028013087999999998,PREFIX_ASTAR,0.0028115072497541149,0.0028115072497541149,127,65,62,65,1,65,64,667,1,1,601,536870912,0,0,0,0
random_linear,"RLC_n64_k48",0.75,64,48,0.01,179,1,35,1,1,1,0,0,0.0021340959999999998,0.56883829399999997,0,0.56883829399999997,PREFIX_ASTAR,0.0037516742851352409,0.0037516742851352409,8191,3977,4214,3977,1,3977,64,12817,1,1,11369,536870912,0,0,0,0
random_linear,"RLC_n64_k48",0.75,64,48,0.01,180,0,47,1,1,1,0,0,6.8443999999999997e-05,0.0022174489999999998,0,0.0022174489999999998,PREFIX_ASTAR,0.030866098836996928,0.030866098836996928,123,65,58,65,1,65,64,76,1,1,56,536870912,0,0,0,0
random_linear,"RLC_n64_k48",0.75,64,48,0.01,181,1,18,1,1,1,0,0,0.002189879,0.138630066,0,0.138630066,PREFIX_ASTAR,0.015796566092668527,0.015796566092668527,8186,3964,4222,3964,1,3964,64,3475,1,1,3127,536870912,0,0,0,0
random_linear,"RLC_n64_k48",0.75,64,48,0.01,182,0,36,1,1,1,0,0,7.5029000000000003e-05,0.056361662,0,0.056361662,PREFIX_ASTAR,0.0013312063082880701,0.0013312063082880701,128,65,63,65,1,65,64,1282,1,1,1177,536870912,0,0,0,0
random_linear,"RLC_n64_k48",0.75,64,48,0.01,183,0,32,1,1,1,0,0,7.5982000000000005e-05,0.029284013000000001,0,0.029284013000000001,PREFIX_ASTAR,0.0025946580477204406,0.0025946580477204406,127,64,63,64,1,64,64,677,1,1,614,536870912,0,0,0,0
random_linear,"RLC_n64_k48",0.75,64,48,0.01,184,1,29,1,1,1,0,0,0.0021544490000000001,0.79896428399999997,0,0.79896428399999997,PREFIX_ASTAR,0.0026965523279886693,0.0026965523279886693,8191,3959,4232,3959,1,3959,64,17964,1,1,15789,536870912,0,0,0,0
random_linear,"RLC_n64_k48",0.75,64,48,0.01,185,2,27,1,1,1,0,0,0.069678247999999998,4.2874141430000003,0,4.2874141430000003,PREFIX_ASTAR,0.016251811855815861,0.016251811855815861,258173,119804,138369,119804,3,119804,64,95568,1,1,81878,536870912,0,0,0,0
random_linear,"RLC_n64_k48",0.75,64,48,0.01,186,0,57,1,1,1,0,0,7.4954000000000001e-05,0.0021521439999999999,0,0.0021521439999999999,PREFIX_ASTAR,0.03482759517950472,0.03482759517950472,121,63,58,63,1,63,64,66,1,1,49,536870912,0,0,0,0
random_linear,"RLC_n64_k48",0.75,64,48,0.01,187,0,9,1,1,1,0,0,7.6675999999999996e-05,0.026857542000000002,0,0.026857542000000002,PREFIX_ASTAR,0.0028549150179119141,0.0028549150179119141,127,64,63,64,1,64,64,609,1,1,541,536870912,0,0,0,0
random_linear,"RLC_n64_k48",0.75,64,48,0.01,188,0,16,1,1,1,0,0,7.4999999999999993e-05,0.0080540509999999996,0,0.0080540509999999996,PREFIX_ASTAR,0.0093120840680050321,0.0093120840680050321,124,65,59,65,1,65,64,197,1,1,171,536870912,0,0,0,0
random_linear,"RLC_n64_k48",0.75,64,48,0.01,189,0,55,1,1,1,0,0,6.9282999999999994e-05,0.0019748700000000001,0,0.0019748700000000001,PREFIX_ASTAR,0.035082309215290118,0.035082309215290118,123,61,62,61,1,61,64,67,1,1,50,536870912,0,0,0,0
random_linear,"RLC_n64_k48",0.75,64,48,0.01,190,0,35,1,1,1,0,0,7.3683000000000006e-05,0.03280628,0,0.03280628,PREFIX_ASTAR,0.0022460028994448628,0.0022460028994448628,128,65,63,65,1,65,64,800,1,1,727,536870912,0,0,0,0
random_linear,"RLC_n64_k48",0.75,64,48,0.01,191,1,9,1,1,1,0,0,0.0021582289999999998,0.83100250600000003,0,0.83100250600000003,PREFIX_ASTAR,0.0025971389790249316,0.0025971389790249316,8191,3981,4210,3981,1,3981,64,18430,1,1,16114,536870912,0,0,0,0
random_linear,"RLC_n64_k48",0.75,64,48,0.01,192,0,14,1,1,1,0,0,6.9710999999999997e-05,0.007100299,0,0.007100299,PREFIX_ASTAR,0.0098180372404035373,0.0098180372404035373,125,63,62,63,1,63,64,185,1,1,157,536870912,0,0,0,0
random_linear,"RLC_n64_k48",0.75,64,48,0.01,193,1,29,1,1,1,0,0,0.0021791779999999999,0.12761667500000001,0,0.12761667500000001,PREFIX_ASTAR,0.017075965973882331,0.017075965973882331,8186,3963,4223,3963,1,3963,64,3118,1,1,2803,536870912,0,0,0,0
random_linear,"RLC_n64_k48",0.75,64,48,0.01,194,1,19,1,1,1,0,0,0.002291249,0.252691991,0,0.252691991,PREFIX_ASTAR,0.0090673590046627152,0.0090673590046627152,8188,3964,4224,3964,1,3964,64,5892,1,1,5239,536870912,0,0,0,0
random_linear,"RLC_n64_k48",0.75,64,48,0.01,195,2,56,1,1,1,0,0,0.073924949000000004,3.9096134380000001,0,3.9096134380000001,PREFIX_ASTAR,0.01890850596160653,0.01890850596160653,258172,118965,139207,118965,7,118965,64,87248,1,1,75560,536870912,0,0,0,0
random_linear,"RLC_n64_k48",0.75,64,48,0.01,196,0,30,1,1,1,0,0,7.5834000000000006e-05,0.026593035000000001,0,0.026593035000000001,PREFIX_ASTAR,0.0028516489374003384,0.0028516489374003384,128,65,63,65,1,65,64,637,1,1,571,536870912,0,0,0,0
random_linear,"RLC_n64_k48",0.75,64,48,0.01,197,2,56,1,1,1,0,0,0.0031594040000000002,1.377497864,0,1.377497864,PREFIX_ASTAR,0.0022935817779242669,0.0022935817779242669,8192,3995,4197,3995,1,3995,64,28141,1,1,24837,536870912,0,0,0,0
random_linear,"RLC_n64_k48",0.75,64,48,0.01,198,0,28,1,1,1,0,0,8.5149999999999996e-05,0.030367851000000001,0,0.030367851000000001,PREFIX_ASTAR,0.0028039521137007682,0.0028039521137007682,127,64,63,64,1,64,64,569,1,1,518,536870912,0,0,0,0
random_linear,"RLC_n64_k48",0.75,64,48,0.01,199,0,10,1,1,1,0,0,8.2999999999999998e-05,0.0042924410000000001,0,0.0042924410000000001,PREFIX_ASTAR,0.019336317028003411,0.019336317028003411,120,62,58,62,1,62,64,103,1,1,84,536870912,0,0,0,0
random_linear,"RLC_n64_k48",0.75,64,48,0.01,200,1,56,1,1,1,0,0,0.0023775580000000001,0.66228144,0,0.66228144,PREFIX_ASTAR,0.0035899511241021644,0.0035899511241021644,8191,3974,4217,3974,1,3974,64,13940,1,1,12251,536870912,0,0,0,0
random_linear,"RLC_n64_k48",0.75,64,48,0.01,201,1,38,1,1,1,0,0,0.0025067829999999998,0.58600534900000001,0,0.58600534900000001,PREFIX_ASTAR,0.0042777476421977162,0.0042777476421977162,8191,3981,4210,3981,1,3981,64,12219,1,1,10705,536870912,0,0,0,0
random_linear,"RLC_n64_k48",0.75,64,48,0.01,202,0,42,1,1,1,0,0,7.6346000000000004e-05,0.009876068,0,0.009876068,PREFIX_ASTAR,0.0077304044484100354,0.0077304044484100354,126,64,62,64,1,64,64,234,1,1,195,536870912,0,0,0,0
random_linear,"RLC_n64_k48",0.75,64,48,0.01,203,2,58,1,1,1,0,0,0.108283354,4.4232524770000001,0,4.4232524770000001,PREFIX_ASTAR,0.024480482306413909,0.024480482306413909,258173,115656,142517,115656,1,115656,64,101260,1,1,85442,536870912,0,0,0,0
random_linear,"RLC_n64_k48",0.75,64,48,0.01,204,0,11,1,1,1,0,0,6.9250000000000003e-05,0.047910504,0,0.047910504,PREFIX_ASTAR,0.0014454032877633683,0.0014454032877633683,128,65,63,65,1,65,64,1059,1,1,884,536870912,0,0,0,0
random_linear,"RLC_n64_k48",0.75,64,48,0.01,205,0,44,1,1,1,0,0,6.7553999999999997e-05,0.0059564329999999997,0,0.0059564329999999997,PREFIX_ASTAR,0.01134135144305325,0.01134135144305325,124,63,61,63,1,63,64,163,1,1,134,536870912,0,0,0,0
random_linear,"RLC_n64_k48",0.75,64,48,0.01,206,0,40,1,1,1,0,0,7.1593000000000004e-05,0.005157076,0,0.005157076,PREFIX_ASTAR,0.013882479141280836,0.013882479141280836,126,64,62,64,1,64,64,153,1,1,120,536870912,0,0,0,0
random_linear,"RLC_n64_k48",0.75,64,48,0.01,207,0,45,1,1,1,0,0,7.1731999999999997e-05,0.016781010999999998,0,0.016781010999999998,PREFIX_ASTAR,0.0042745934675807078,0.0042745934675807078,127,65,62,65,1,65,64,407,1,1,362,536870912,0,0,0,0
random_linear,"RLC_n64_k48",0.75,64,48,0.01,208,1,13,1,1,1,0,0,0.002297033,0.12804562899999999,0,0.12804562899999999,PREFIX_ASTAR,0.017939175416913294,0.017939175416913294,8188,3974,4214,3974,2,3974,64,3167,1,1,2839,536870912,0,0,0,0
random_linear,"RLC_n64_k48",0.75,64,48,0.01,209,2,9,1,1,1,0,0,0.000116462,0.047811362000000003,0,0.047811362000000003,PREFIX_ASTAR,0.002435864512707251,0.002435864512707251,128,65,63,65,1,65,64,1124,1,1,1025,536870912,0,0,0,0
random_linear,"RLC_n64_k48",0.75,64,48,0.01,210,0,48,1,1,1,0,0,7.5451999999999995e-05,0.031763596999999998,0,0.031763596999999998,PREFIX_ASTAR,0.0023754236650213134,0.0023754236650213134,128,65,63,65,1,65,64,707,1,1,640,536870912,0,0,0,0
random_linear,"RLC_n64_k48",0.75,64,48,0.01,211,4,52,1,1,1,0,0,0.071011812999999993,3.035523118,0,3.035523118,PREFIX_ASTAR,0.023393599797977224,0.023393599797977224,258168,116382,141786,116382,1,116382,64,69149,1,1,60142,536870912,0,0,0,0
random_linear,"RLC_n64_k48",0.75,64,48,0.01,212,0,4,1,1,1,0,0,7.0754999999999996e-05,0.003646383,0,0.003646383,PREFIX_ASTAR,0.01940416023220819,0.01940416023220819,122,63,59,63,1,63,64,105,1,1,87,536870912,0,0,0,0
random_linear,"RLC_n64_k48",0.75,64,48,0.01,213,1,22,1,1,1,0,0,0.002361887,1.105654981,0,1.105654981,PREFIX_ASTAR,0.0021361880881356063,0.0021361880881356063,8191,4001,4190,4001,1,4001,64,23365,1,1,20583,536870912,0,0,0,0
random_linear,"RLC_n64_k48",0.75,64,48,0.01,214,2,53,1,1,1,0,0,0.075112779000000005,10.670860206,0,10.670860206,PREFIX_ASTAR,0.0070390556665493251,0.0070390556665493251,258174,119060,139114,119060,5,119060,64,223202,1,1,191369,536870912,0,0,0,0
random_linear,"RLC_n64_k48",0.75,64,48,0.01,215,0,38,1,1,1,0,0,7.1552999999999997e-05,0.035382257,0,0.035382257,PREFIX_ASTAR,0.0020222847852809389,0.0020222847852809389,128,65,63,65,1,65,64,825,1,1,747,536870912,0,0,0,0
random_linear,"RLC_n64_k48",0.75,64,48,0.01,216,0,17,1,1,1,0,0,7.8343999999999994e-05,0.055811779999999998,0,0.055811779999999998,PREFIX_ASTAR,0.001403717996451645,0.001403717996451645,128,65,63,65,1,65,64,1231,1,1,1123,536870912,0,0,0,0
random_linear,"RLC_n64_k48",0.75,64,48,0.01,217,1,24,1,1,1,0,0,0.0023574659999999999,0.117796024,0,0.117796024,PREFIX_ASTAR,0.020013120307014777,0.020013120307014777,8187,3979,4208,3979,1,3979,64,2696,1,1,2451,536870912,0,0,0,0
random_linear,"RLC_n64_k48",0.75,64,48,0.01,218,1,35,1,1,1,0,0,0.0023731749999999999,0.236007568,0,0.236007568,PREFIX_ASTAR,0.010055503813335342,0.010055503813335342,8189,3993,4196,3993,1,3993,64,5248,1,1,4723,536870912,0,0,0,0
random_linear,"RLC_n64_k48",0.75,64,48,0.01,219,1,38,1,1,1,0,0,0.0023908340000000001,0.099852692000000007,0,0.099852692000000007,PREFIX_ASTAR,0.023943610854277219,0.023943610854277219,8184,3962,4222,3962,1,3962,64,2522,1,1,2293,536870912,0,0,0,0
random_linear,"RLC_n64_k48",0.75,64,48,0.01,220,1,13,1,1,1,0,0,0.0021299320000000002,0.34429359399999998,0,0.34429359399999998,PREFIX_ASTAR,0.0061863828927354375,0.0061863828927354375,8190,3964,4226,3964,2,3964,64,7547,1,1,6803,536870912,0,0,0,0
random_linear,"RLC_n64_k48",0.75,64,48,0.01,221,0,51,1,1,1,0,0,7.8150000000000002e-05,0.014192105,0,0.014192105,PREFIX_ASTAR,0.0055065827091893699,0.0055065827091893699,126,64,62,64,1,64,64,332,1,1,292,536870912,0,0,0,0
random_linear,"RLC_n64_k48",0.75,64,48,0.01,222,1,37,1,1,1,0,0,0.0023744740000000001,0.37311698799999998,0,0.37311698799999998,PREFIX_ASTAR,0.0063638860635313668,0.0063638860635313668,8190,3957,4233,3957,1,3957,64,8791,1,1,7775,536870912,0,0,0,0
random_linear,"RLC_n64_k48",0.75,64,48,0.01,223,0,4,1,1,1,0,0,7.6235000000000004e-05,0.014443040000000001,0,0.014443040000000001,PREFIX_ASTAR,0.0052783209075097761,0.0052783209075097761,126,65,61,65,1,65,64,344,1,1,303,536870912,0,0,0,0
random_linear,"RLC_n64_k48",0.75,64,48,0.01,224,0,19,1,1,1,0,0,6.7881999999999998e-05,0.0065811519999999998,0,0.0065811519999999998,PREFIX_ASTAR,0.010314607533757007,0.010314607533757007,125,63,62,63,1,63,64,171,1,1,148,536870912,0,0,0,0
random_linear,"RLC_n64_k48",0.75,64,48,0.01,225,0,3,1,1,1,0,0,6.9726000000000003e-05,0.028260928000000001,0,0.028260928000000001,PREFIX_ASTAR,0.0024672225908505198,0.0024672225908505198,127,65,62,65,1,65,64,618,1,1,558,536870912,0,0,0,0
random_linear,"RLC_n64_k48",0.75,64,48,0.01,226,0,38,1,1,1,0,0,7.7220999999999998e-05,0.031601861000000002,0,0.031601861000000002,PREFIX_ASTAR,0.0024435586246012533,0.0024435586246012533,128,65,63,65,1,65,64,732,1,1,655,536870912,0,0,0,0
random_linear,"RLC_n64_k48",0.75,64,48,0.01,227,0,51,1,1,1,0,0,7.4659999999999993e-05,0.011752411000000001,0,0.011752411000000001,PREFIX_ASTAR,0.0063527390252093793,0.0063527390252093793,126,64,62,64,1,64,64,277,1,1,244,536870912,0,0,0,0
random_linear,"RLC_n64_k48",0.75,64,48,0.01,228,2,57,1,1,1,0,0,0.070050868000000002,10.618070367,0,10.618070367,PREFIX_ASTAR,0.0065973256513454414,0.0065973256513454414,258174,119620,138554,119620,6,119620,64,222815,1,1,186312,536870912,0,0,0,0
random_linear,"RLC_n64_k48",0.75,64,48,0.01,229,1,31,1,1,1,0,0,0.0021595070000000002,0.32413129099999999,0,0.32413129099999999,PREFIX_ASTAR,0.0066624453113969806,0.0066624453113969806,8190,3978,4212,3978,1,3978,64,7372,1,1,6555,536870912,0,0,0,0
random_linear,"RLC_n64_k48",0.75,64,48,0.01,230,0,57,1,1,1,0,0,7.3867000000000003e-05,0.006493497,0,0.006493497,PREFIX_ASTAR,0.011375534631031631,0.011375534631031631,125,64,61,64,1,64,64,174,1,1,148,536870912,0,0,0,0
random_linear,"RLC_n64_k48",0.75,64,48,0.01,231,3,41,1,1,1,0,0,0.074461817999999999,18.592671783,0,18.592671783,PREFIX_ASTAR,0.0040049014401514534,0.0040049014401514534,258176,119738,138438,119738,1,119738,64,391221,1,1,328937,536870912,0,0,0,0
random_linear,"RLC_n64_k48",0.75,64,48,0.01,232,3,48,1,1,1,0,0,0.075311960999999997,5.8247898090000003,0,5.8247898090000003,PREFIX_ASTAR,0.012929558571132295,0.012929558571132295,258173,119885,138288,119885,4,119885,64,125047,1,1,107018,536870912,0,0,0,0
random_linear,"RLC_n64_k48",0.75,64,48,0.01,233,1,10,1,1,1,0,0,0.0023701719999999998,0.23996139599999999,0,0.23996139599999999,PREFIX_ASTAR,0.009877305431245282,0.009877305431245282,8188,3979,4209,3979,1,3979,64,5146,1,1,4671,536870912,0,0,0,0
random_linear,"RLC_n64_k48",0.75,64,48,0.01,234,1,33,1,1,1,0,0,0.0023776069999999999,0.399832244,0,0.399832244,PREFIX_ASTAR,0.0059465114074191572,0.0059465114074191572,8190,3971,4219,3971,1,3971,64,8811,1,1,7828,536870912,0,0,0,0
random_linear,"RLC_n64_k48",0.75,64,48,0.01,235,1,44,1,1,1,0,0,0.00235141,0.52542795099999995,0,0.52542795099999995,PREFIX_ASTAR,0.0044752282316248533,0.0044752282316248533,8190,3991,4199,3991,1,3991,64,11406,1,1,10003,536870912,0,0,0,0
random_linear,"RLC_n64_k48",0.75,64,48,0.01,236,0,26,1,1,1,0,0,7.3409000000000001e-05,0.0028110769999999999,0,0.0028110769999999999,PREFIX_ASTAR,0.026114190397488225,0.026114190397488225,121,62,59,62,1,62,64,81,1,1,63,536870912,0,0,0,0
random_linear,"RLC_n64_k48",0.75,64,48,0.01,237,0,35,1,1,1,0,0,7.6000000000000004e-05,0.032568025,0,0.032568025,PREFIX_ASTAR,0.0023335771819138558,0.0023335771819138558,128,65,63,65,1,65,64,735,1,1,672,536870912,0,0,0,0
random_linear,"RLC_n64_k48",0.75,64,48,0.01,238,0,53,1,1,1,0,0,7.6433999999999994e-05,0.042941094999999999,0,0.042941094999999999,PREFIX_ASTAR,0.0017799732400862157,0.0017799732400862157,128,65,63,65,1,65,64,925,1,1,842,536870912,0,0,0,0
random_linear,"RLC_n64_k48",0.75,64,48,0.01,239,0,4,1,1,1,0,0,6.7595000000000006e-05,0.0091495469999999992,0,0.0091495469999999992,PREFIX_ASTAR,0.0073877974505185901,0.0073877974505185901,125,64,61,64,1,64,64,242,1,1,213,536870912,0,0,0,0
random_linear,"RLC_n64_k48",0.75,64,48,0.01,240,0,22,1,1,1,0,0,7.3873000000000002e-05,0.039448284,0,0.039448284,PREFIX_ASTAR,0.0018726543339629171,0.0018726543339629171,128,65,63,65,1,65,64,969,1,1,881,536870912,0,0,0,0
random_linear,"RLC_n64_k48",0.75,64,48,0.01,241,1,25,1,1,1,0,0,0.002164947,1.7502202600000001,0,1.7502202600000001,PREFIX_ASTAR,0.0012369568845009256,0.0012369568845009256,8192,3990,4202,3990,1,3990,64,36864,1,1,32286,536870912,0,0,0,0
random_linear,"RLC_n64_k48",0.75,64,48,0.01,242,1,10,1,1,1,0,0,0.0023476619999999999,0.35125934800000003,0,0.35125934800000003,PREFIX_ASTAR,0.0066835573583083679,0.0066835573583083679,8189,3975,4214,3975,1,3975,64,7640,1,1,6798,536870912,0,0,0,0
random_linear,"RLC_n64_k48",0.75,64,48,0.01,243,0,63,1,1,1,0,0,7.1866999999999995e-05,0.028499465000000002,0,0.028499465000000002,PREFIX_ASTAR,0.0025216964599160015,0.0025216964599160015,127,65,62,65,1,65,64,625,1,1,565,536870912,0,0,0,0
random_linear,"RLC_n64_k48",0.75,64,48,0.01,244,0,5,1,1,1,0,0,8.5088999999999998e-05,0.030847632,0,0.030847632,PREFIX_ASTAR,0.0027583640779947063,0.0027583640779947063,127,65,62,65,1,65,64,671,1,1,609,536870912,0,0,0,0
random_linear,"RLC_n64_k48",0.75,64,48,0.01,245,0,26,1,1,1,0,0,7.4012999999999998e-05,0.0085737049999999992,0,0.0085737049999999992,PREFIX_ASTAR,0.0086325573366473427,0.0086325573366473427,125,63,62,63,1,63,64,206,1,1,176,536870912,0,0,0,0
random_linear,"RLC_n64_k48",0.75,64,48,0.01,246,0,19,1,1,1,0,0,7.5774999999999999e-05,0.023982779999999999,0,0.023982779999999999,PREFIX_ASTAR,0.0031595586499980404,0.0031595586499980404,127,65,62,65,1,65,64,531,1,1,485,536870912,0,0,0,0
random_linear,"RLC_n64_k48",0.75,64,48,0.01,247,3,37,1,1,1,0,0,0.083283889999999999,3.4381475799999999,0,3.4381475799999999,PREFIX_ASTAR,0.024223477341248977,0.024223477341248977,258171,118054,140117,118054,2,118054,64,78607,1,1,68625,536870912,0,0,0,0
random_linear,"RLC_n64_k48",0.75,64,48,0.01,248,1,58,1,1,1,0,0,0.0021505249999999999,0.97395708199999997,0,0.97395708199999997,PREFIX_ASTAR,0.0022080285053053292,0.0022080285053053292,8191,3985,4206,3985,1,3985,64,21243,1,1,18832,536870912,0,0,0,0
random_linear,"RLC_n64_k48",0.75,64,48,0.01,249,1,49,1,1,1,0,0,0.0024348180000000001,0.30830426900000002,0,0.30830426900000002,PREFIX_ASTAR,0.0078974514621463123,0.0078974514621463123,8189,3955,4234,3955,1,3955,64,6689,1,1,5918,536870912,0,0,0,0
random_linear,"RLC_n64_k48",0.75,64,48,0.01,250,1,47,1,1,1,0,0,0.0025558540000000002,1.7213898459999999,0,1.7213898459999999,PREFIX_ASTAR,0.0014847618660810901,0.0014847618660810901,8192,3968,4224,3968,1,3968,64,37622,1,1,33068,536870912,0,0,0,0
random_linear,"RLC_n64_k48",0.75,64,48,0.01,251,1,6,1,1,1,0,0,0.0022260790000000002,0.48564699300000003,0,0.48564699300000003,PREFIX_ASTAR,0.0045837388722388319,0.0045837388722388319,8190,3960,4230,3960,1,3960,64,10519,1,1,9098,536870912,0,0,0,0
random_linear,"RLC_n64_k48",0.75,64,48,0.01,252,1,17,1,1,1,0,0,0.0026047739999999998,1.6288560050000001,0,1.6288560050000001,PREFIX_ASTAR,0.0015991431974369029,0.0015991431974369029,8192,3973,4219,3973,1,3973,64,33801,1,1,29792,536870912,0,0,0,0
random_linear,"RLC_n64_k48",0.75,64,48,0.01,253,2,61,1,1,1,0,0,0.077499327000000007,16.839862797999999,0,16.839862797999999,PREFIX_ASTAR,0.0046021352982284561,0.0046021352982284561,258175,119747,138428,119747,2,119747,64,336212,1,1,283728,536870912,0,0,0,0
random_linear,"RLC_n64_k48",0.75,64,48,0.01,254,0,23,1,1,1,0,0,7.593e-05,0.0069486390000000004,0,0.0069486390000000004,PREFIX_ASTAR,0.010927319724049558,0.010927319724049558,126,63,63,63,1,63,64,183,1,1,150,536870912,0,0,0,0
random_linear,"RLC_n64_k48",0.75,64,48,0.01,255,2,59,1,1,1,0,0,0.085022262000000001,13.032234596,0,13.032234596,PREFIX_ASTAR,0.0065239971989221237,0.0065239971989221237,258175,119798,138377,119798,1,119798,64,282591,1,1,240090,536870912,0,0,0,0
random_linear,"RLC_n64_k48",0.75,64,48,0.01,256,3,22,1,1,1,0,0,0.072808888000000002,21.208515923,0,21.208515923,PREFIX_ASTAR,0.0034330024912795029,0.0034330024912795029,258176,119883,138293,119883,1,119883,64,462439,1,1,388033,536870912,0,0,0,0
random_linear,"RLC_n64_k48",0.75,64,48,0.01,257,0,17,1,1,1,0,0,7.6750999999999998e-05,0.011128668,0,0.011128668,PREFIX_ASTAR,0.0068966923984074288,0.0068966923984074288,126,65,61,65,1,65,64,266,1,1,226,536870912,0,0,0,0
random_linear,"RLC_n64_k48",0.75,64,48,0.01,258,1,26,1,1,1,0,0,0.0021337890000000001,0.539791558,0,0.539791558,PREFIX_ASTAR,0.0039529869787255922,0.0039529869787255922,8190,3994,4196,3994,1,3994,64,12237,1,1,10672,536870912,0,0,0,0
random_linear,"RLC_n64_k48",0.75,64,48,0.01,259,0,50,1,1,1,0,0,7.0036000000000005e-05,0.049619481,0,0.049619481,PREFIX_ASTAR,0.0014114617603517459,0.0014114617603517459,128,65,63,65,1,65,64,1209,1,1,1095,536870912,0,0,0,0
random_linear,"RLC_n64_k48",0.75,64,48,0.01,260,0,40,1,1,1,0,0,6.9556999999999998e-05,0.034883153,0,0.034883153,PREFIX_ASTAR,0.0019939997969793612,0.0019939997969793612,128,65,63,65,1,65,64,886,1,1,791,536870912,0,0,0,0
random_linear,"RLC_n64_k48",0.75,64,48,0.01,261,0,13,1,1,1,0,0,6.6834000000000004e-05,0.0033758099999999999,0,0.0033758099999999999,PREFIX_ASTAR,0.019797915167026583,0.019797915167026583,120,61,59,61,1,61,64,100,1,1,82,536870912,0,0,0,0
random_linear,"RLC_n64_k48",0.75,64,48,0.01,262,0,1,1,1,1,0,0,7.7600000000000002e-05,0.015493969,0,0.015493969,PREFIX_ASTAR,0.0050084003653292457,0.0050084003653292457,126,64,62,64,1,64,64,340,1,1,306,536870912,0,0,0,0
random_linear,"RLC_n64_k48",0.75,64,48,0.01,263,0,23,1,1,1,0,0,7.8356000000000007e-05,0.050781587000000003,0,0.050781587000000003,PREFIX_ASTAR,0.0015430002217142211,0.0015430002217142211,128,65,63,65,1,65,64,1065,1,1,974,536870912,0,0,0,0
random_linear,"RLC_n64_k48",0.75,64,48,0.01,264,0,13,1,1,1,0,0,7.6713999999999998e-05,0.014225560999999999,0,0.014225560999999999,PREFIX_ASTAR,0.0053926871495612724,0.0053926871495612724,126,64,62,64,1,64,64,328,1,1,290,536870912,0,0,0,0
random_linear,"RLC_n64_k48",0.75,64,48,0.01,265,0,43,1,1,1,0,0,6.9894000000000005e-05,0.0056658749999999999,0,0.0056658749999999999,PREFIX_ASTAR,0.012335958700112518,0.012335958700112518,125,63,62,63,1,63,64,160,1,1,136,536870912,0,0,0,0
random_linear,"RLC_n64_k48",0.75,64,48,0.01,266,2,53,1,1,1,0,0,0.071070443999999997,7.1480025200000004,0,7.1480025200000004,PREFIX_ASTAR,0.0099426999082815083,0.0099426999082815083,258173,118978,139195,118978,2,118978,64,162019,1,1,138068,536870912,0,0,0,0
random_linear,"RLC_n64_k48",0.75,64,48,0.01,267,1,50,1,1,1,0,0,0.0021581479999999999,0.68228338300000002,0,0.68228338300000002,PREFIX_ASTAR,0.0031631255483764286,0.0031631255483764286,8191,3997,4194,3997,1,3997,64,15079,1,1,13269,536870912,0,0,0,0
random_linear,"RLC_n64_k48",0.75,64,48,0.01,268,0,28,1,1,1,0,0,7.6130000000000005e-05,0.01346022,0,0.01346022,PREFIX_ASTAR,0.0056559253860635266,0.0056559253860635266,126,64,62,64,1,64,64,321,1,1,288,536870912,0,0,0,0
random_linear,"RLC_n64_k48",0.75,64,48,0.01,269,0,6,1,1,1,0,0,8.2152999999999998e-05,0.027383286,0,0.027383286,PREFIX_ASTAR,0.0030001147415251771,0.0030001147415251771,127,64,63,64,1,64,64,652,1,1,575,536870912,0,0,0,0
random_linear,"RLC_n64_k48",0.75,64,48,0.01,270,1,58,1,1,1,0,0,0.002157979,0.38054316599999999,0,0.38054316599999999,PREFIX_ASTAR,0.0056707863727606658,0.0056707863727606658,8190,3986,4204,3986,1,3986,64,8695,1,1,7621,536870912,0,0,0,0
random_linear,"RLC_n64_k48",0.75,64,48,0.01,271,1,36,1,1,1,0,0,0.0021496060000000001,0.193630624,0,0.193630624,PREFIX_ASTAR,0.01110158070863832,0.01110158070863832,8189,3984,4205,3984,1,3984,64,4702,1,1,4191,536870912,0,0,0,0
random_linear,"RLC_n64_k48",0.75,64,48,0.01,272,0,21,1,1,1,0,0,7.5671000000000001e-05,0.0063896589999999998,0,0.0063896589999999998,PREFIX_ASTAR,0.011842729009482354,0.011842729009482354,125,65,60,65,1,65,64,171,1,1,143,536870912,0,0,0,0
random_linear,"RLC_n64_k48",0.75,64,48,0.01,273,0,19,1,1,1,0,0,7.6359999999999994e-05,0.041644884,0,0.041644884,PREFIX_ASTAR,0.0018335985759979543,0.0018335985759979543,128,65,63,65,1,65,64,1017,1,1,900,536870912,0,0,0,0
random_linear,"RLC_n64_k48",0.75,64,48,0.01,274,0,46,1,1,1,0,0,6.9852999999999997e-05,0.014574877999999999,0,0.014574877999999999,PREFIX_ASTAR,0.0047926987793654261,0.0047926987793654261,126,64,62,64,1,64,64,367,1,1,331,536870912,0,0,0,0
random_linear,"RLC_n64_k48",0.75,64,48,0.01,275,3,58,1,1,1,0,0,0.070810964000000004,8.6767348480000006,0,8.6767348480000006,PREFIX_ASTAR,0.0081610150869508274,0.0081610150869508274,258174,120388,137786,120388,2,120388,64,191245,1,1,161170,536870912,0,0,0,0
random_linear,"RLC_n64_k48",0.75,64,48,0.01,276,0,47,1,1,1,0,0,7.2478999999999995e-05,0.0094051259999999998,0,0.0094051259999999998,PREFIX_ASTAR,0.0077063295058460669,0.0077063295058460669,126,65,61,65,1,65,64,253,1,1,219,536870912,0,0,0,0
random_linear,"RLC_n64_k48",0.75,64,48,0.01,277,0,53,1,1,1,0,0,6.7404999999999996e-05,0.0020057030000000002,0,0.0020057030000000002,PREFIX_ASTAR,0.033606670578844422,0.033606670578844422,122,62,60,62,1,62,64,66,1,1,49,536870912,0,0,0,0
random_linear,"RLC_n64_k48",0.75,64,48,0.01,278,0,50,1,1,1,0,0,6.7664999999999997e-05,0.024234947,0,0.024234947,PREFIX_ASTAR,0.0027920424170929689,0.0027920424170929689,127,65,62,65,1,65,64,594,1,1,536,536870912,0,0,0,0
random_linear,"RLC_n64_k48",0.75,64,48,0.01,279,0,16,1,1,1,0,0,6.6418e-05,0.0031330640000000001,0,0.0031330640000000001,PREFIX_ASTAR,0.021199056259303992,0.021199056259303992,121,60,61,60,1,60,64,93,1,1,73,536870912,0,0,0,0
random_linear,"RLC_n64_k48",0.75,64,48,0.01,280,1,12,1,1,1,0,0,0.0021346609999999999,0.95106653299999999,0,0.95106653299999999,PREFIX_ASTAR,0.0022444917636482535,0.0022444917636482535,8192,3983,4209,3983,1,3983,64,21708,1,1,19169,536870912,0,0,0,0
random_linear,"RLC_n64_k48",0.75,64,48,0.01,281,0,35,1,1,1,0,0,7.5341999999999998e-05,0.047900627000000001,0,0.047900627000000001,PREFIX_ASTAR,0.0015728812902595199,0.0015728812902595199,128,65,63,65,1,65,64,1125,1,1,1019,536870912,0,0,0,0
random_linear,"RLC_n64_k48",0.75,64,48,0.01,282,2,26,1,1,1,0,0,0.0021381999999999998,1.007286055,0,1.007286055,PREFIX_ASTAR,0.0021227336459055811,0.0021227336459055811,8192,3961,4231,3961,1,3961,64,22742,1,1,20037,536870912,0,0,0,0
random_linear,"RLC_n64_k48",0.75,64,48,0.01,283,1,42,1,1,1,0,0,0.0021150919999999998,0.852369233,0,0.852369233,PREFIX_ASTAR,0.0024814269662875076,0.0024814269662875076,8191,3974,4217,3974,1,3974,64,19483,1,1,17214,536870912,0,0,0,0
random_linear,"RLC_n64_k48",0.75,64,48,0.01,284,0,60,1,1,1,0,0,6.7676999999999996e-05,0.0032489009999999998,0,0.0032489009999999998,PREFIX_ASTAR,0.020830736301290807,0.020830736301290807,124,61,63,61,1,61,64,97,1,1,78,536870912,0,0,0,0
random_linear,"RLC_n64_k48",0.75,64,48,0.01,285,0,12,1,1,1,0,0,6.8206000000000004e-05,0.012114025,0,0.012114025,PREFIX_ASTAR,0.0056303334358316082,0.0056303334358316082,126,65,61,65,1,65,64,312,1,1,275,536870912,0,0,0,0
random_linear,"RLC_n64_k48",0.75,64,48,0.01,286,0,47,1,1,1,0,0,7.3330000000000004e-05,0.032880962,0,0.032880962,PREFIX_ASTAR,0.002230165893564793,0.002230165893564793,128,65,63,65,1,65,64,820,1,1,722,536870912,0,0,0,0
random_linear,"RLC_n64_k48",0.75,64,48,0.01,287,1,25,1,1,1,0,0,0.0022001999999999998,0.95866574500000001,0,0.95866574500000001,PREFIX_ASTAR,0.0022950647934124315,0.0022950647934124315,8192,3971,4221,3971,1,3971,64,22087,1,1,19310,536870912,0,0,0,0
random_linear,"RLC_n64_k48",0.75,64,48,0.01,288,2,57,1,1,1,0,0,0.0021854650000000002,0.48640445500000001,0,0.48640445500000001,PREFIX_ASTAR,0.0044931023503886293,0.0044931023503886293,8190,3961,4229,3961,1,3961,64,11485,1,1,10188,536870912,0,0,0,0
random_linear,"RLC_n64_k48",0.75,64,48,0.01,289,2,31,1,1,1,0,0,0.068136314000000003,9.0933121830000001,0,9.0933121830000001,PREFIX_ASTAR,0.0074930138357485665,0.0074930138357485665,258174,121141,137033,121141,3,121141,64,199708,1,1,171141,536870912,0,0,0,0
random_linear,"RLC_n64_k48",0.75,64,48,0.01,290,0,38,1,1,1,0,0,6.9214000000000005e-05,0.0076768440000000004,0,0.0076768440000000004,PREFIX_ASTAR,0.0090159445730563243,0.0090159445730563243,125,62,63,62,1,62,64,200,1,1,171,536870912,0,0,0,0
random_linear,"RLC_n64_k48",0.75,64,48,0.01,291,1,20,1,1,1,0,0,0.0021377950000000001,0.82149280599999996,0,0.82149280599999996,PREFIX_ASTAR,0.00260232954492848,0.00260232954492848,8191,3991,4200,3991,1,3991,64,18905,1,1,16515,536870912,0,0,0,0
random_linear,"RLC_n64_k48",0.75,64,48,0.01,292,1,44,1,1,1,0,0,0.0021377969999999999,0.14355343300000001,0,0.14355343300000001,PREFIX_ASTAR,0.014891994954937787,0.014891994954937787,8186,3949,4237,3949,1,3949,64,3543,1,1,3151,536870912,0,0,0,0
random_linear,"RLC_n64_k48",0.75,64,48,0.01,293,0,28,1,1,1,0,0,8.4400999999999994e-05,0.042544059000000002,0,0.042544059000000002,PREFIX_ASTAR,0.0019838492608333395,0.0019838492608333395,128,65,63,65,1,65,64,1034,1,1,940,536870912,0,0,0,0
random_linear,"RLC_n64_k48",0.75,64,48,0.01,294,0,12,1,1,1,0,0,7.2298000000000005e-05,0.037705279000000001,0,0.037705279000000001,PREFIX_ASTAR,0.0019174503389830374,0.0019174503389830374,128,65,63,65,1,65,64,910,1,1,831,536870912,0,0,0,0
random_linear,"RLC_n64_k48",0.75,64,48,0.01,295,0,21,1,1,1,0,0,6.5870999999999993e-05,0.0040297470000000002,0,0.0040297470000000002,PREFIX_ASTAR,0.016346187490182382,0.016346187490182382,124,63,61,63,1,63,64,124,1,1,104,536870912,0,0,0,0
random_linear,"RLC_n64_k48",0.75,64,48,0.01,296,0,42,1,1,1,0,0,6.7206999999999995e-05,0.0066298750000000004,0,0.0066298750000000004,PREFIX_ASTAR,0.010136993533060577,0.010136993533060577,126,63,63,63,1,63,64,182,1,1,151,536870912,0,0,0,0
random_linear,"RLC_n64_k48",0.75,64,48,0.01,297,1,18,1,1,1,0,0,0.0021418090000000002,0.63385242399999997,0,0.63385242399999997,PREFIX_ASTAR,0.0033790341708940129,0.0033790341708940129,8191,3987,4204,3987,1,3987,64,14711,1,1,13059,536870912,0,0,0,0
random_linear,"RLC_n64_k48",0.75,64,48,0.01,298,0,41,1,1,1,0,0,7.0872999999999997e-05,0.01577812,0,0.01577812,PREFIX_ASTAR,0.0044918532752951552,0.0044918532752951552,127,64,63,64,1,64,64,399,1,1,348,536870912,0,0,0,0
random_linear,"RLC_n64_k48",0.75,64,48,0.01,299,1,10,1,1,1,0,0,0.0021682400000000001,1.3683264530000001,0,1.3683264530000001,PREFIX_ASTAR,0.0015845926206032356,0.0015845926206032356,8192,3949,4243,3949,1,3949,64,31565,1,1,27448,536870912,0,0,0,0
random_linear,"RLC_n64_k48",0.75,64,48,0.01,300,0,37,1,1,1,0,0,6.8961999999999995e-05,0.0060431779999999997,0,0.0060431779999999997,PREFIX_ASTAR,0.011411545382247552,0.011411545382247552,125,63,62,63,1,63,64,168,1,1,141,536870912,0,0,0,0
random_linear,"RLC_n64_k48",0.75,64,48,0.01,301,1,22,1,1,1,0,0,0.0022233930000000002,0.14709251100000001,0,0.14709251100000001,PREFIX_ASTAR,0.015115609794709399,0.015115609794709399,8187,3953,4234,3953,1,3953,64,3496,1,1,3103,536870912,0,0,0,0
random_linear,"RLC_n64_k48",0.75,64,48,0.01,302,0,35,1,1,1,0,0,7.4734000000000006e-05,0.0044994170000000003,0,0.0044994170000000003,PREFIX_ASTAR,0.016609707435429968,0.016609707435429968,125,63,62,63,1,63,64,122,1,1,101,536870912,0,0,0,0
random_linear,"RLC_n64_k48",0.75,64,48,0.01,303,0,35,1,1,1,0,0,7.3289999999999998e-05,0.036895288999999998,0,0.036895288999999998,PREFIX_ASTAR,0.001986432468383701,0.001986432468383701,128,65,63,65,1,65,64,859,1,1,779,536870912,0,0,0,0
random_linear,"RLC_n64_k48",0.75,64,48,0.01,304,2,54,1,1,1,0,0,0.067372467000000005,22.648330481999999,0,22.648330481999999,PREFIX_ASTAR,0.0029747211192253215,0.0029747211192253215,258176,120518,137658,120518,2,120518,64,489284,1,1,411765,536870912,0,0,0,0
random_linear,"RLC_n64_k48",0.75,64,48,0.01,305,1,58,1,1,1,0,0,0.0022457829999999999,0.77040776,0,0.77040776,PREFIX_ASTAR,0.0029150576053387622,0.0029150576053387622,8191,3968,4223,3968,1,3968,64,17914,1,1,15629,536870912,0,0,0,0
random_linear,"RLC_n64_k48",0.75,64,48,0.01,306,1,18,1,1,1,0,0,0.0021253890000000001,0.264262524,0,0.264262524,PREFIX_ASTAR,0.0080427181570399287,0.0080427181570399287,8189,3966,4223,3966,1,3966,64,6495,1,1,5834,536870912,0,0,0,0
random_linear,"RLC_n64_k48",0.75,64,48,0.01,307,0,45,1,1,1,0,0,6.7135e-05,0.0032422449999999999,0,0.0032422449999999999,PREFIX_ASTAR,0.020706331569637706,0.020706331569637706,124,63,61,63,1,63,64,100,1,1,79,536870912,0,0,0,0
random_linear,"RLC_n64_k48",0.75,64,48,0.01,308,2,27,1,1,1,0,0,0.0021071200000000001,1.558738841,0,1.558738841,PREFIX_ASTAR,0.0013518108002288499,0.0013518108002288499,8192,3979,4213,3979,1,3979,64,34915,1,1,30846,536870912,0,0,0,0
random_linear,"RLC_n64_k48",0.75,64,48,0.01,309,1,6,1,1,1,0,0,0.0021313289999999999,0.86480004499999996,0,0.86480004499999996,PREFIX_ASTAR,0.0024645338680573266,0.0024645338680573266,8191,3994,4197,3994,1,3994,64,19545,1,1,17292,536870912,0,0,0,0
random_linear,"RLC_n64_k48",0.75,64,48,0.01,310,0,35,1,1,1,0,0,7.0210999999999996e-05,0.015787320000000001,0,0.015787320000000001,PREFIX_ASTAR,0.0044473032788338992,0.0044473032788338992,126,63,63,63,1,63,64,386,1,1,352,536870912,0,0,0,0
random_linear,"RLC_n64_k48",0.75,64,48,0.01,311,2,11,1,1,1,0,0,0.068269242999999993,3.889012632,0,3.889012632,PREFIX_ASTAR,0.017554389625340769,0.017554389625340769,258172,119748,138424,119748,4,119748,64,88186,1,1,77240,536870912,0,0,0,0
random_linear,"RLC_n64_k48",0.75,64,48,0.01,312,0,20,1,1,1,0,0,6.8552000000000004e-05,0.017779969,0,0.017779969,PREFIX_ASTAR,0.0038555747763114774,0.0038555747763114774,127,64,63,64,1,64,64,448,1,1,399,536870912,0,0,0,0
random_linear,"RLC_n64_k48",0.75,64,48,0.01,313,0,36,1,1,1,0,0,6.7966999999999995e-05,0.015816589999999998,0,0.015816589999999998,PREFIX_ASTAR,0.0042971968041151725,0.0042971968041151725,127,65,62,65,1,65,64,417,1,1,374,536870912,0,0,0,0
random_linear,"RLC_n64_k48",0.75,64,48,0.01,314,0,10,1,1,1,0,0,6.9443000000000006e-05,0.036292179000000001,0,0.036292179000000001,PREFIX_ASTAR,0.0019134425629279521,0.0019134425629279521,128,65,63,65,1,65,64,901,1,1,727,536870912,0,0,0,0
random_linear,"RLC_n64_k48",0.75,64,48,0.01,315,2,63,1,1,1,0,0,0.068258611999999996,16.178790719999999,0,16.178790719999999,PREFIX_ASTAR,0.0042190181689920518,0.0042190181689920518,258175,119384,138791,119384,2,119384,64,355904,1,1,297953,536870912,0,0,0,0
random_linear,"RLC_n64_k48",0.75,64,48,0.01,316,0,63,1,1,1,0,0,7.9855e-05,0.016196609000000001,0,0.016196609000000001,PREFIX_ASTAR,0.0049303530140166994,0.0049303530140166994,126,65,61,65,1,65,64,411,1,1,366,536870912,0,0,0,0
random_linear,"RLC_n64_k48",0.75,64,48,0.01,317,1,42,1,1,1,0,0,0.0021442409999999999,0.39812936700000001,0,0.39812936700000001,PREFIX_ASTAR,0.0053857895893421994,0.0053857895893421994,8190,3988,4202,3988,1,3988,64,9321,1,1,8290,536870912,0,0,0,0
random_linear,"RLC_n64_k48",0.75,64,48,0.01,318,2,2,1,1,1,0,0,0.073830454000000004,26.950495224000001,0,26.950495224000001,PREFIX_ASTAR,0.0027394841314178297,0.0027394841314178297,258176,119033,139143,119033,2,119033,64,579881,1,1,488348,536870912,0,0,0,0
random_linear,"RLC_n64_k48",0.75,64,48,0.01,319,2,23,1,1,1,0,0,0.070258191999999997,8.5494800869999992,0,8.5494800869999992,PREFIX_ASTAR,0.0082178321120171764,0.0082178321120171764,258174,120220,137954,120220,5,120220,64,184499,1,1,155486,536870912,0,0,0,0
random_linear,"RLC_n64_k48",0.75,64,48,0.01,320,0,60,1,1,1,0,0,7.0617000000000005e-05,0.0032314449999999999,0,0.0032314449999999999,PREFIX_ASTAR,0.021853071922932312,0.021853071922932312,124,62,62,62,1,62,64,94,1,1,76,536870912,0,0,0,0
random_linear,"RLC_n64_k48",0.75,64,48,0.01,321,3,46,1,1,1,0,0,0.072505231000000003,31.630799761999999,0,31.630799761999999,PREFIX_ASTAR,0.0022922351488281032,0.0022922351488281032,258176,120703,137473,120703,1,120703,64,649154,1,1,544923,536870912,0,0,0,0
random_linear,"RLC_n64_k48",0.75,64,48,0.01,322,1,56,1,1,1,0,0,0.0024296259999999998,0.40190063500000001,0,0.40190063500000001,PREFIX_ASTAR,0.0060453400378429351,0.0060453400378429351,8190,3926,4264,3926,1,3926,64,9216,1,1,8286,536870912,0,0,0,0
random_linear,"RLC_n64_k48",0.75,64,48,0.01,323,1,58,1,1,1,0,0,0.0021592130000000001,0.24186708300000001,0,0.24186708300000001,PREFIX_ASTAR,0.0089272710168667307,0.0089272710168667307,8189,3967,4222,3967,2,3967,64,5582,1,1,5012,536870912,0,0,0,0
random_linear,"RLC_n64_k48",0.75,64,48,0.01,324,1,52,1,1,1,0,0,0.002323229,1.2916894670000001,0,1.2916894670000001,PREFIX_ASTAR,0.0017985971546209099,0.0017985971546209099,8192,3975,4217,3975,1,3975,64,27751,1,1,24544,536870912,0,0,0,0
random_linear,"RLC_n64_k48",0.75,64,48,0.01,325,0,63,1,1,1,0,0,7.8194000000000004e-05,0.050310145000000001,0,0.050310145000000001,PREFIX_ASTAR,0.0015542392096067304,0.0015542392096067304,128,65,63,65,1,65,64,1083,1,1,981,536870912,0,0,0,0
random_linear,"RLC_n64_k48",0.75,64,48,0.01,326,0,55,1,1,1,0,0,6.7983000000000003e-05,0.0021460350000000001,0,0.0021460350000000001,PREFIX_ASTAR,0.031678420901802624,0.031678420901802624,123,63,60,63,1,63,64,70,1,1,51,536870912,0,0,0,0
random_linear,"RLC_n64_k48",0.75,64,48,0.01,327,0,46,1,1,1,0,0,7.4301000000000006e-05,0.0053943690000000004,0,0.0053943690000000004,PREFIX_ASTAR,0.013773807464784111,0.013773807464784111,125,64,61,64,1,64,64,150,1,1,126,536870912,0,0,0,0
random_linear,"RLC_n64_k48",0.75,64,48,0.01,328,1,24,1,1,1,0,0,0.0021350689999999999,1.037711193,0,1.037711193,PREFIX_ASTAR,0.0020574790118891972,0.0020574790118891972,8192,3938,4254,3938,1,3938,64,23994,1,1,21145,536870912,0,0,0,0
random_linear,"RLC_n64_k48",0.75,64,48,0.01,329,0,14,1,1,1,0,0,6.9245000000000005e-05,0.025347847999999999,0,0.025347847999999999,PREFIX_ASTAR,0.0027317900912140554,0.0027317900912140554,127,65,62,65,1,65,64,597,1,1,549,536870912,0,0,0,0
random_linear,"RLC_n64_k48",0.75,64,48,0.01,330,0,10,1,1,1,0,0,7.5754999999999996e-05,0.024423019000000001,0,0.024423019000000001,PREFIX_ASTAR,0.0031017868839229089,0.0031017868839229089,127,64,63,64,1,64,64,582,1,1,528,536870912,0,0,0,0
random_linear,"RLC_n64_k48",0.75,64,48,0.01,331,2,55,1,1,1,0,0,0.076277056999999995,3.8045700120000001,0,3.8045700120000001,PREFIX_ASTAR,0.020048798355507828,0.020048798355507828,258171,118920,139251,118920,4,118920,64,85630,1,1,73195,536870912,0,0,0,0
random_linear,"RLC_n64_k48",0.75,64,48,0.01,332,2,55,1,1,1,0,0,0.070079251999999995,12.94742842,0,12.94742842,PREFIX_ASTAR,0.005412600072130771,0.005412600072130771,258175,118977,139198,118977,1,118977,64,275790,1,1,233004,536870912,0,0,0,0
random_linear,"RLC_n64_k48",0.75,64,48,0.01,333,2,58,1,1,1,0,0,0.072429796000000005,4.8666796730000002,0,4.8666796730000002,PREFIX_ASTAR,0.014882795019741173,0.014882795019741173,258173,119909,138264,119909,4,119909,64,108267,1,1,90705,536870912,0,0,0,0
random_linear,"RLC_n64_k48",0.75,64,48,0.01,334,0,56,1,1,1,0,0,7.0024000000000006e-05,0.004473538,0,0.004473538,PREFIX_ASTAR,0.015652935104161405,0.015652935104161405,124,63,61,63,1,63,64,124,1,1,104,536870912,0,0,0,0
random_linear,"RLC_n64_k48",0.75,64,48,0.01,335,1,11,1,1,1,0,0,0.0021551959999999998,0.78147871400000002,0,0.78147871400000002,PREFIX_ASTAR,0.0027578435105015541,0.0027578435105015541,8191,3965,4226,3965,1,3965,64,17088,1,1,15170,536870912,0,0,0,0
random_linear,"RLC_n64_k48",0.75,64,48,0.01,336,0,23,1,1,1,0,0,7.7182999999999996e-05,0.0067322299999999996,0,0.0067322299999999996,PREFIX_ASTAR,0.011464700403878061,0.011464700403878061,125,62,63,62,1,62,64,161,1,1,138,536870912,0,0,0,0
random_linear,"RLC_n64_k48",0.75,64,48,0.01,337,0,3,1,1,1,0,0,7.7539000000000004e-05,0.026128375999999998,0,0.026128375999999998,PREFIX_ASTAR,0.0029676165101114593,0.0029676165101114593,127,65,62,65,1,65,64,585,1,1,519,536870912,0,0,0,0
random_linear,"RLC_n64_k48",0.75,64,48,0.01,338,1,38,1,1,1,0,0,0.0023227730000000002,0.77600263199999997,0,0.77600263199999997,PREFIX_ASTAR,0.0029932540228806855,0.0029932540228806855,8191,4002,4189,4002,1,4002,64,16849,1,1,14806,536870912,0,0,0,0
random_linear,"RLC_n64_k48",0.75,64,48,0.01,339,1,16,1,1,1,0,0,0.0023488839999999999,1.359835133,0,1.359835133,PREFIX_ASTAR,0.0017273299850828312,0.0017273299850828312,8192,3926,4266,3926,1,3926,64,30519,1,1,26368,536870912,0,0,0,0
random_linear,"RLC_n64_k48",0.75,64,48,0.01,340,1,62,1,1,1,0,0,0.0023630130000000002,0.387639395,0,0.387639395,PREFIX_ASTAR,0.0060959051904412353,0.0060959051904412353,8190,3966,4224,3966,1,3966,64,9081,1,1,8110,536870912,0,0,0,0
random_linear,"RLC_n64_k48",0.75,64,48,0.01,341,0,49,1,1,1,0,0,7.4956999999999994e-05,0.021773827999999999,0,0.021773827999999999,PREFIX_ASTAR,0.0034425274232900158,0.0034425274232900158,127,65,62,65,1,65,64,534,1,1,480,536870912,0,0,0,0
random_linear,"RLC_n64_k48",0.75,64,48,0.01,342,0,7,1,1,1,0,0,7.2645999999999995e-05,0.031937735000000002,0,0.031937735000000002,PREFIX_ASTAR,0.0022746134001049227,0.0022746134001049227,127,64,63,64,1,64,64,743,1,1,666,536870912,0,0,0,0
random_linear,"RLC_n64_k48",0.75,64,48,0.01,343,0,14,1,1,1,0,0,6.9169000000000001e-05,0.014944809999999999,0,0.014944809999999999,PREFIX_ASTAR,0.0046282957093465894,0.0046282957093465894,126,64,62,64,1,64,64,356,1,1,322,536870912,0,0,0,0
random_linear,"RLC_n64_k48",0.75,64,48,0.01,344,1,31,1,1,1,0,0,0.002128745,0.919909423,0,0.919909423,PREFIX_ASTAR,0.0023140810896987627,0.0023140810896987627,8191,3998,4193,3998,1,3998,64,19947,1,1,17530,536870912,0,0,0,0
random_linear,"RLC_n64_k48",0.75,64,48,0.01,345,0,36,1,1,1,0,0,7.0347999999999998e-05,0.053332758000000001,0,0.053332758000000001,PREFIX_ASTAR,0.0013190392291356843,0.0013190392291356843,128,65,63,65,1,65,64,1241,1,1,1131,536870912,0,0,0,0
random_linear,"RLC_n64_k48",0.75,64,48,0.01,346,3,52,1,1,1,0,0,0.070164062999999999,23.562817361,0,23.562817361,PREFIX_ASTAR,0.0029777450601527838,0.0029777450601527838,258176,120043,138133,120043,1,120043,64,491154,1,1,414099,536870912,0,0,0,0
random_linear,"RLC_n64_k48",0.75,64,48,0.01,347,0,17,1,1,1,0,0,7.7590999999999996e-05,0.03959704,0,0.03959704,PREFIX_ASTAR,0.0019595151556783029,0.0019595151556783029,128,65,63,65,1,65,64,876,1,1,733,536870912,0,0,0,0
random_linear,"RLC_n64_k48",0.75,64,48,0.01,348,1,18,1,1,1,0,0,0.0023574389999999998,0.94893471500000004,0,0.94893471500000004,PREFIX_ASTAR,0.0024843005137608438,0.0024843005137608438,8191,3970,4221,3970,1,3970,64,19376,1,1,17010,536870912,0,0,0,0
random_linear,"RLC_n64_k48",0.75,64,48,0.01,349,3,27,1,1,1,0,0,0.087054566999999999,25.110564182000001,0,25.110564182000001,PREFIX_ASTAR,0.003466850301292844,0.003466850301292844,258176,121241,136935,121241,4,121241,64,501271,1,1,423471,536870912,0,0,0,0
random_linear,"RLC_n64_k48",0.75,64,48,0.01,350,0,28,1,1,1,0,0,7.9270000000000005e-05,0.051946111000000003,0,0.051946111000000003,PREFIX_ASTAR,0.0015260045164882507,0.0015260045164882507,128,65,63,65,1,65,64,1081,1,1,1001,536870912,0,0,0,0
random_linear,"RLC_n64_k48",0.75,64,48,0.01,351,0,9,1,1,1,0,0,7.5976999999999994e-05,0.046445713,0,0.046445713,PREFIX_ASTAR,0.0016358237411491562,0.0016358237411491562,128,65,63,65,1,65,64,1041,1,1,928,536870912,0,0,0,0
random_linear,"RLC_n64_k48",0.75,64,48,0.01,352,0,49,1,1,1,0,0,7.6501000000000005e-05,0.029729019999999998,0,0.029729019999999998,PREFIX_ASTAR,0.0025732768856827439,0.0025732768856827439,127,65,62,65,1,65,64,648,1,1,593,536870912,0,0,0,0
random_linear,"RLC_n64_k48",0.75,64,48,0.01,353,1,47,1,1,1,0,0,0.0023390239999999999,0.82439939100000004,0,0.82439939100000004,PREFIX_ASTAR,0.0028372461522111919,0.0028372461522111919,8191,3990,4201,3990,1,3990,64,17461,1,1,15294,536870912,0,0,0,0
random_linear,"RLC_n64_k48",0.75,64,48,0.01,354,1,16,1,1,1,0,0,0.0023915540000000002,1.363638927,0,1.363638927,PREFIX_ASTAR,0.0017538029698678441,0.0017538029698678441,8192,3990,4202,3990,1,3990,64,28144,1,1,24900,536870912,0,0,0,0
random_linear,"RLC_n64_k48",0.75,64,48,0.01,355,3,26,1,1,1,0,0,0.070300553000000002,15.007543819,0,15.007543819,PREFIX_ASTAR,0.0046843476752669814,0.0046843476752669814,258175,119227,138948,119227,3,119227,64,320327,1,1,269467,536870912,0,0,0,0
random_linear,"RLC_n64_k48",0.75,64,48,0.01,356,0,46,1,1,1,0,0,6.8540000000000004e-05,0.01182851,0,0.01182851,PREFIX_ASTAR,0.0057944745365223517,0.0057944745365223517,126,64,62,64,1,64,64,308,1,1,268,536870912,0,0,0,0
random_linear,"RLC_n64_k48",0.75,64,48,0.01,357,1,48,1,1,1,0,0,7.5116000000000004e-05,0.014557017,0,0.014557017,PREFIX_ASTAR,0.0051601231213785079,0.0051601231213785079,127,65,62,65,1,65,64,363,1,1,321,536870912,0,0,0,0
random_linear,"RLC_n64_k48",0.75,64,48,0.01,358,0,56,1,1,1,0,0,7.4292e-05,0.0032696130000000002,0,0.0032696130000000002,PREFIX_ASTAR,0.022721955167171157,0.022721955167171157,123,61,62,61,1,61,64,93,1,1,74,536870912,0,0,0,0
random_linear,"RLC_n64_k48",0.75,64,48,0.01,359,0,4,1,1,1,0,0,7.4002000000000001e-05,0.0074484180000000001,0,0.0074484180000000001,PREFIX_ASTAR,0.0099352641057470197,0.0099352641057470197,125,65,60,65,1,65,64,189,1,1,162,536870912,0,0,0,0
random_linear,"RLC_n64_k48",0.75,64,48,0.01,360,2,12,1,1,1,0,0,0.069396562999999994,5.2184937649999998,0,5.2184937649999998,PREFIX_ASTAR,0.013298197933173155,0.013298197933173155,258173,120628,137545,120628,5,120628,64,112419,1,1,94513,536870912,0,0,0,0
random_linear,"RLC_n64_k48",0.75,64,48,0.01,361,2,58,1,1,1,0,0,0.073859553999999994,22.891552342000001,0,22.891552342000001,PREFIX_ASTAR,0.0032264982687297736,0.0032264982687297736,258176,120027,138149,120027,3,120027,64,484120,1,1,407875,536870912,0,0,0,0
random_linear,"RLC_n64_k48",0.75,64,48,0.01,362,2,36,1,1,1,0,0,0.069245677000000005,3.0238220679999999,0,3.0238220679999999,PREFIX_ASTAR,0.022900050149379361,0.022900050149379361,258172,119361,138811,119361,6,119361,64,68299,1,1,59861,536870912,0,0,0,0
random_linear,"RLC_n64_k48",0.75,64,48,0.01,363,2,47,1,1,1,0,0,0.068903738000000006,2.9318043490000001,0,2.9318043490000001,PREFIX_ASTAR,0.023502161057746628,0.023502161057746628,258171,119791,138380,119791,2,119791,64,66510,1,1,57323,536870912,0,0,0,0
random_linear,"RLC_n64_k48",0.75,64,48,0.01,364,2,35,1,1,1,0,0,0.070050706000000004,8.6948147680000005,0,8.6948147680000005,PREFIX_ASTAR,0.0080566070547944766,0.0080566070547944766,258174,119482,138692,119482,4,119482,64,192603,1,1,160940,536870912,0,0,0,0
random_linear,"RLC_n64_k48",0.75,64,48,0.01,365,1,48,1,1,1,0,0,0.0022084499999999998,0.286673542,0,0.286673542,PREFIX_ASTAR,0.0077037105851924057,0.0077037105851924057,8188,3970,4218,3970,1,3970,64,6470,1,1,5804,536870912,0,0,0,0
random_linear,"RLC_n64_k48",0.75,64,48,0.01,366,2,61,1,1,1,0,0,0.068806286999999994,8.1807395399999994,0,8.1807395399999994,PREFIX_ASTAR,0.008410766124941316,0.008410766124941316,258174,118509,139665,118509,2,118509,64,176371,1,1,150687,536870912,0,0,0,0
random_linear,"RLC_n64_k48",0.75,64,48,0.01,367,0,13,1,1,1,0,0,7.0683000000000001e-05,0.0096062200000000004,0,0.0096062200000000004,PREFIX_ASTAR,0.0073580450999456599,0.0073580450999456599,125,63,62,63,1,63,64,254,1,1,215,536870912,0,0,0,0
random_linear,"RLC_n64_k48",0.75,64,48,0.01,368,1,12,1,1,1,0,0,0.002162724,0.53289026500000003,0,0.53289026500000003,PREFIX_ASTAR,0.0040584790941902453,0.0040584790941902453,8191,3943,4248,3943,1,3943,64,11998,1,1,10625,536870912,0,0,0,0
random_linear,"RLC_n64_k48",0.75,64,48,0.01,369,1,52,1,1,1,0,0,0.0021556349999999999,0.246507333,0,0.246507333,PREFIX_ASTAR,0.0087447094322342118,0.0087447094322342118,8189,3986,4203,3986,1,3986,64,5387,1,1,4903,536870912,0,0,0,0
random_linear,"RLC_n64_k48",0.75,64,48,0.01,370,0,51,1,1,1,0,0,7.4369000000000006e-05,0.0029017499999999998,0,0.0029017499999999998,PREFIX_ASTAR,0.025629016972516589,0.025629016972516589,122,61,61,61,1,61,64,87,1,1,68,536870912,0,0,0,0
random_linear,"RLC_n64_k48",0.75,64,48,0.01,371,1,6,1,1,1,0,0,0.0022440989999999998,0.22951537699999999,0,0.22951537699999999,PREFIX_ASTAR,0.0097775540329047318,0.0097775540329047318,8188,3969,4219,3969,3,3969,64,5440,1,1,4709,536870912,0,0,0,0
random_linear,"RLC_n64_k48",0.75,64,48,0.01,372,0,14,1,1,1,0,0,7.4936000000000002e-05,0.004393358,0,0.004393358,PREFIX_ASTAR,0.01705665688978681,0.01705665688978681,123,63,60,63,1,63,64,129,1,1,103,536870912,0,0,0,0
random_linear,"RLC_n64_k48",0.75,64,48,0.01,373,0,47,1,1,1,0,0,7.2620000000000006e-05,0.037546575999999998,0,0.037546575999999998,PREFIX_ASTAR,0.001934131090941555,0.001934131090941555,128,65,63,65,1,65,64,794,1,1,716,536870912,0,0,0,0
random_linear,"RLC_n64_k48",0.75,64,48,0.01,374,0,60,1,1,1,0,0,7.7267000000000004e-05,0.031960298999999998,0,0.031960298999999998,PREFIX_ASTAR,0.0024175931520540534,0.0024175931520540534,127,65,62,65,1,65,64,692,1,1,620,536870912,0,0,0,0
random_linear,"RLC_n64_k48",0.75,64,48,0.01,375,1,19,1,1,1,0,0,0.0023892280000000002,1.8193252440000001,0,1.8193252440000001,PREFIX_ASTAR,0.0013132495181273922,0.0013132495181273922,8192,3980,4212,3980,1,3980,64,37899,1,1,33273,536870912,0,0,0,0
random_linear,"RLC_n64_k48",0.75,64,48,0.01,376,2,5,1,1,1,0,0,0.075599816,16.469156301999998,0,16.469156301999998,PREFIX_ASTAR,0.0045903879114207709,0.0045903879114207709,258175,120591,137584,120591,3,120591,64,343991,1,1,288431,536870912,0,0,0,0
random_linear,"RLC_n64_k48",0.75,64,48,0.01,377,0,59,1,1,1,0,0,7.2618000000000002e-05,0.028778873,0,0.028778873,PREFIX_ASTAR,0.0025233093735116036,0.0025233093735116036,128,65,63,65,1,65,64,650,1,1,586,536870912,0,0,0,0
random_linear,"RLC_n64_k48",0.75,64,48,0.01,378,2,3,1,1,1,0,0,0.079404351999999997,4.7217082640000001,0,4.7217082640000001,PREFIX_ASTAR,0.016816869565069763,0.016816869565069763,258172,119617,138555,119617,2,119617,64,103437,1,1,88583,536870912,0,0,0,0
random_linear,"RLC_n64_k48",0.75,64,48,0.01,379,0,40,1,1,1,0,0,7.6725999999999997e-05,0.016659934000000001,0,0.016659934000000001,PREFIX_ASTAR,0.0046054204056270569,0.0046054204056270569,127,65,62,65,1,65,64,391,1,1,345,536870912,0,0,0,0
random_linear,"RLC_n64_k48",0.75,64,48,0.01,380,1,3,1,1,1,0,0,0.0023843430000000001,0.32129860100000002,0,0.32129860100000002,PREFIX_ASTAR,0.0074209566819744728,0.0074209566819744728,8189,3987,4202,3987,1,3987,64,7055,1,1,6234,536870912,0,0,0,0
random_linear,"RLC_n64_k48",0.75,64,48,0.01,381,0,58,1,1,1,0,0,7.0642000000000006e-05,0.0096988720000000007,0,0.0096988720000000007,PREFIX_ASTAR,0.0072835274040115184,0.0072835274040115184,126,63,63,63,1,63,64,242,1,1,216,536870912,0,0,0,0
random_linear,"RLC_n64_k48",0.75,64,48,0.01,382,0,27,1,1,1,0,0,7.3036999999999999e-05,0.0036022929999999999,0,0.0036022929999999999,PREFIX_ASTAR,0.020275141416869754,0.020275141416869754,124,63,61,63,1,63,64,105,1,1,85,536870912,0,0,0,0
random_linear,"RLC_n64_k48",0.75,64,48,0.01,383,0,25,1,1,1,0,0,8.0686999999999995e-05,0.017819690999999999,0,0.017819690999999999,PREFIX_ASTAR,0.0045279685265025077,0.0045279685265025077,127,65,62,65,1,65,64,414,1,1,367,536870912,0,0,0,0
random_linear,"RLC_n64_k48",0.75,64,48,0.01,384,1,56,1,1,1,0,0,0.0023464110000000001,0.102670754,0,0.102670754,PREFIX_ASTAR,0.022853742751319427,0.022853742751319427,8185,3937,4248,3937,1,3937,64,2450,1,1,2240,536870912,0,0,0,0
random_linear,"RLC_n64_k48",0.75,64,48,0.01,385,1,20,1,1,1,0,0,0.0023805179999999999,0.44197861599999999,0,0.44197861599999999,PREFIX_ASTAR,0.0053860479078019462,0.0053860479078019462,8191,3978,4213,3978,1,3978,64,9878,1,1,8692,536870912,0,0,0,0
random_linear,"RLC_n64_k48",0.75,64,48,0.01,386,1,41,1,1,1,0,0,0.0023621459999999999,1.6424762260000001,0,1.6424762260000001,PREFIX_ASTAR,0.0014381614556167096,0.0014381614556167096,8192,3900,4292,3900,1,3900,64,35809,1,1,31470,536870912,0,0,0,0
random_linear,"RLC_n64_k48",0.75,64,48,0.01,387,0,21,1,1,1,0,0,6.7473999999999998e-05,0.017566400999999999,0,0.017566400999999999,PREFIX_ASTAR,0.0038410827579308934,0.0038410827579308934,127,65,62,65,1,65,64,443,1,1,397,536870912,0,0,0,0
random_linear,"RLC_n64_k48",0.75,64,48,0.01,388,2,8,1,1,1,0,0,0.069878937000000002,4.4213796189999996,0,4.4213796189999996,PREFIX_ASTAR,0.015804781091338361,0.015804781091338361,258172,120091,138081,120091,2,120091,64,95533,1,1,82872,536870912,0,0,0,0
random_linear,"RLC_n64_k48",0.75,64,48,0.01,389,0,41,1,1,1,0,0,8.8417000000000004e-05,0.049550328999999997,0,0.049550328999999997,PREFIX_ASTAR,0.0017843877484647985,0.0017843877484647985,128,65,63,65,1,65,64,1161,1,1,1047,536870912,0,0,0,0
random_linear,"RLC_n64_k48",0.75,64,48,0.01,390,0,57,1,1,1,0,0,7.6160000000000003e-05,0.053188942000000003,0,0.053188942000000003,PREFIX_ASTAR,0.0014318765731418384,0.0014318765731418384,128,65,63,65,1,65,64,1184,1,1,1079,536870912,0,0,0,0
random_linear,"RLC_n64_k48",0.75,64,48,0.01,391,0,26,1,1,1,0,0,7.7321000000000001e-05,0.047582909999999999,0,0.047582909999999999,PREFIX_ASTAR,0.0016249741766529201,0.0016249741766529201,128,65,63,65,1,65,64,1065,1,1,973,536870912,0,0,0,0
random_linear,"RLC_n64_k48",0.75,64,48,0.01,392,0,25,1,1,1,0,0,8.4039e-05,0.021829281999999998,0,0.021829281999999998,PREFIX_ASTAR,0.0038498288674817618,0.0038498288674817618,127,64,63,64,1,64,64,520,1,1,466,536870912,0,0,0,0
random_linear,"RLC_n64_k48",0.75,64,48,0.01,393,0,53,1,1,1,0,0,7.4579000000000005e-05,0.0060955669999999997,0,0.0060955669999999997,PREFIX_ASTAR,0.01223495697775121,0.01223495697775121,125,64,61,64,1,64,64,142,1,1,123,536870912,0,0,0,0
random_linear,"RLC_n64_k48",0.75,64,48,0.01,394,0,36,1,1,1,0,0,7.6601999999999996e-05,0.046910329000000001,0,0.046910329000000001,PREFIX_ASTAR,0.0016329452730975303,0.0016329452730975303,128,65,63,65,1,65,64,1072,1,1,978,536870912,0,0,0,0
random_linear,"RLC_n64_k48",0.75,64,48,0.01,395,1,21,1,1,1,0,0,0.0023683469999999998,0.34975532500000001,0,0.34975532500000001,PREFIX_ASTAR,0.0067714394341244115,0.0067714394341244115,8190,3984,4206,3984,1,3984,64,7778,1,1,6959,536870912,0,0,0,0
random_linear,"RLC_n64_k48",0.75,64,48,0.01,396,0,31,1,1,1,0,0,7.6824999999999997e-05,0.011422016,0,0.011422016,PREFIX_ASTAR,0.0067260455597330628,0.0067260455597330628,125,64,61,64,1,64,64,265,1,1,232,536870912,0,0,0,0
random_linear,"RLC_n64_k48",0.75,64,48,0.01,397,2,52,1,1,1,0,0,0.072908896000000001,5.9534853720000003,0,5.9534853720000003,PREFIX_ASTAR,0.012246422296240084,0.012246422296240084,258174,119128,139046,119128,3,119128,64,128494,1,1,110854,536870912,0,0,0,0
random_linear,"RLC_n64_k48",0.75,64,48,0.01,398,0,35,1,1,1,0,0,7.9808000000000006e-05,0.045013773,0,0.045013773,PREFIX_ASTAR,0.0017729684645630573,0.0017729684645630573,128,65,63,65,1,65,64,958,1,1,884,536870912,0,0,0,0
random_linear,"RLC_n64_k48",0.75,64,48,0.01,399,1,15,1,1,1,0,0,7.5741999999999994e-05,0.013456298,0,0.013456298,PREFIX_ASTAR,0.0056287397915830931,0.0056287397915830931,126,64,62,64,1,64,64,317,1,1,280,536870912,0,0,0,0
random_linear,"RLC_n64_k48",0.75,64,48,0.01,400,1,2,1,1,1,0,0,0.0021271129999999999,0.184182506,0,0.184182506,PREFIX_ASTAR,0.011548941569944758,0.011548941569944758,8186,3966,4220,3966,1,3966,64,4234,1,1,3677,536870912,0,0,0,0
random_linear,"RLC_n64_k48",0.75,64,48,0.01,401,1,12,1,1,1,0,0,0.002184568,0.213020764,0,0.213020764,PREFIX_ASTAR,0.010255188081101803,0.010255188081101803,8190,3856,4334,3856,1,3856,64,5299,1,1,4666,536870912,0,0,0,0
random_linear,"RLC_n64_k48",0.75,64,48,0.01,402,1,31,1,1,1,0,0,0.0021294529999999999,0.171132126,0,0.171132126,PREFIX_ASTAR,0.012443326976490667,0.012443326976490667,8188,3974,4214,3974,1,3974,64,3879,1,1,3467,536870912,0,0,0,0
random_linear,"RLC_n64_k48",0.75,64,48,0.01,403,0,44,1,1,1,0,0,6.8009000000000006e-05,0.002502383,0,0.002502383,PREFIX_ASTAR,0.027177694221867717,0.027177694221867717,124,62,62,62,1,62,64,76,1,1,57,536870912,0,0,0,0
random_linear,"RLC_n64_k48",0.75,64,48,0.01,404,0,15,1,1,1,0,0,7.4760999999999998e-05,0.0079337100000000001,0,0.0079337100000000001,PREFIX_ASTAR,0.0094232080577686863,0.0094232080577686863,126,64,62,64,1,64,64,200,1,1,166,536870912,0,0,0,0
random_linear,"RLC_n64_k48",0.75,64,48,0.01,405,0,57,1,1,1,0,0,7.7811000000000004e-05,0.030328398999999999,0,0.030328398999999999,PREFIX_ASTAR,0.0025656151516603304,0.0025656151516603304,128,65,63,65,1,65,64,725,1,1,663,536870912,0,0,0,0
random_linear,"RLC_n64_k48",0.75,64,48,0.01,406,0,3,1,1,1,0,0,7.7317999999999994e-05,0.015948200999999999,0,0.015948200999999999,PREFIX_ASTAR,0.0048480703246717291,0.0048480703246717291,126,63,63,63,1,63,64,361,1,1,322,536870912,0,0,0,0
random_linear,"RLC_n64_k48",0.75,64,48,0.01,407,1,46,1,1,1,0,0,0.0023967810000000002,0.64859399799999995,0,0.64859399799999995,PREFIX_ASTAR,0.0036953487195236123,0.0036953487195236123,8191,3992,4199,3992,1,3992,64,13792,1,1,12144,536870912,0,0,0,0
random_linear,"RLC_n64_k48",0.75,64,48,0.01,408,2,22,1,1,1,0,0,0.079393460999999999,5.756788695,0,5.756788695,PREFIX_ASTAR,0.013791275866865911,0.013791275866865911,258173,119172,139001,119172,1,119172,64,125762,1,1,106429,536870912,0,0,0,0
random_linear,"RLC_n64_k48",0.75,64,48,0.01,409,1,8,1,1,1,0,0,0.0023562610000000001,0.119459379,0,0.119459379,PREFIX_ASTAR,0.019724370072273689,0.019724370072273689,8188,3984,4204,3984,1,3984,64,2949,1,1,2625,536870912,0,0,0,0
random_linear,"RLC_n64_k48",0.75,64,48,0.01,410,0,19,1,1,1,0,0,7.9874000000000001e-05,0.0085735529999999994,0,0.0085735529999999994,PREFIX_ASTAR,0.0093163242823599505,0.0093163242823599505,126,64,62,64,1,64,64,216,1,1,187,536870912,0,0,0,0
random_linear,"RLC_n64_k48",0.75,64,48,0.01,411,1,8,1,1,1,0,0,0.0022106750000000001,1.1770467469999999,0,1.1770467469999999,PREFIX_ASTAR,0.0018781539523680449,0.0018781539523680449,8192,3953,4239,3953,1,3953,64,25932,1,1,22647,536870912,0,0,0,0
random_linear,"RLC_n64_k48",0.75,64,48,0.01,412,0,16,1,1,1,0,0,7.1561000000000001e-05,0.0060911580000000002,0,0.0060911580000000002,PREFIX_ASTAR,0.011748340791685258,0.011748340791685258,125,64,61,64,1,64,64,163,1,1,141,536870912,0,0,0,0
random_linear,"RLC_n64_k48",0.75,64,48,0.01,413,0,21,1,1,1,0,0,7.7087000000000002e-05,0.035391211999999998,0,0.035391211999999998,PREFIX_ASTAR,0.0021781395901332794,0.0021781395901332794,128,65,63,65,1,65,64,883,1,1,793,536870912,0,0,0,0
random_linear,"RLC_n64_k48",0.75,64,48,0.01,414,1,63,1,1,1,0,0,0.0023342419999999998,1.4826817480000001,0,1.4826817480000001,PREFIX_ASTAR,0.0015743378531155965,0.0015743378531155965,8192,3980,4212,3980,2,3980,64,31886,1,1,28068,536870912,0,0,0,0
random_linear,"RLC_n64_k48",0.75,64,48,0.01,415,0,28,1,1,1,0,0,7.6420000000000004e-05,0.013489918,0,0.013489918,PREFIX_ASTAR,0.0056649714253266779,0.0056649714253266779,126,64,62,64,1,64,64,313,1,1,285,536870912,0,0,0,0
random_linear,"RLC_n64_k48",0.75,64,48,0.01,416,1,60,1,1,1,0,0,0.0023111239999999999,0.278411348,0,0.278411348,PREFIX_ASTAR,0.0083011127836642631,0.0083011127836642631,8189,3996,4193,3996,1,3996,64,6316,1,1,5685,536870912,0,0,0,0
random_linear,"RLC_n64_k48",0.75,64,48,0.01,417,0,25,1,1,1,0,0,7.6333000000000003e-05,0.0077030650000000003,0,0.0077030650000000003,PREFIX_ASTAR,0.0099094321546033953,0.0099094321546033953,125,62,63,62,1,62,64,191,1,1,167,536870912,0,0,0,0
random_linear,"RLC_n64_k48",0.75,64,48,0.01,418,1,5,1,1,1,0,0,0.0023230210000000002,1.2963526889999999,0,1.2963526889999999,PREFIX_ASTAR,0.0017919668155985909,0.0017919668155985909,8192,3956,4236,3956,1,3956,64,27898,1,1,24584,536870912,0,0,0,0
random_linear,"RLC_n64_k48",0.75,64,48,0.01,419,0,63,1,1,1,0,0,8.0927999999999995e-05,0.059574961000000003,0,0.059574961000000003,PREFIX_ASTAR,0.0013584230462190313,0.0013584230462190313,128,65,63,65,1,65,64,1290,1,1,1177,536870912,0,0,0,0
random_linear,"RLC_n64_k48",0.75,64,48,0.01,420,0,38,1,1,1,0,0,7.5961e-05,0.037403496000000001,0,0.037403496000000001,PREFIX_ASTAR,0.0020308529448691106,0.0020308529448691106,128,65,63,65,1,65,64,852,1,1,766,536870912,0,0,0,0
random_linear,"RLC_n64_k48",0.75,64,48,0.01,421,1,55,1,1,1,0,0,0.0023578359999999999,0.85413536800000001,0,0.85413536800000001,PREFIX_ASTAR,0.002760494516836352,0.002760494516836352,8191,3983,4208,3983,1,3983,64,18073,1,1,16038,536870912,0,0,0,0
random_linear,"RLC_n64_k48",0.75,64,48,0.01,422,0,12,1,1,1,0,0,7.6939000000000003e-05,0.014095408,0,0.014095408,PREFIX_ASTAR,0.0054584443387520245,0.0054584443387520245,126,64,62,64,1,64,64,352,1,1,305,536870912,0,0,0,0
random_linear,"RLC_n64_k48",0.75,64,48,0.01,423,2,53,1,1,1,0,0,0.07001222,2.898775643,0,2.898775643,PREFIX_ASTAR,0.024152341754721994,0.024152341754721994,258167,119557,138610,119557,6,119557,64,63575,1,1,55652,536870912,0,0,0,0
random_linear,"RLC_n64_k48",0.75,64,48,0.01,424,1,62,1,1,1,0,0,0.00220178,0.94771852599999995,0,0.94771852599999995,PREFIX_ASTAR,0.0023232425446962301,0.0023232425446962301,8191,3951,4240,3951,1,3951,64,20142,1,1,17901,536870912,0,0,0,0
random_linear,"RLC_n64_k48",0.75,64,48,0.01,425,2,24,1,1,1,0,0,0.072491040000000007,4.1788626759999996,0,4.1788626759999996,PREFIX_ASTAR,0.017347073981715116,0.017347073981715116,258172,116701,141471,116701,1,116701,64,92235,1,1,78793,536870912,0,0,0,0
random_linear,"RLC_n64_k48",0.75,64,48,0.01,426,0,42,1,1,1,0,0,7.4986000000000003e-05,0.0021350169999999999,0,0.0021350169999999999,PREFIX_ASTAR,0.035121968583856709,0.035121968583856709,122,61,61,61,1,61,64,66,1,1,49,536870912,0,0,0,0
random_linear,"RLC_n64_k48",0.75,64,48,0.01,427,2,46,1,1,1,0,0,0.078538796999999994,3.8300728340000001,0,3.8300728340000001,PREFIX_ASTAR,0.020505823362626945,0.020505823362626945,258172,120108,138064,120108,5,120108,64,83822,1,1,72768,536870912,0,0,0,0
random_linear,"RLC_n64_k48",0.75,64,48,0.01,428,0,16,1,1,1,0,0,7.6719999999999997e-05,0.024153483,0,0.024153483,PREFIX_ASTAR,0.0031763534890599421,0.0031763534890599421,127,64,63,64,1,64,64,539,1,1,490,536870912,0,0,0,0
random_linear,"RLC_n64_k48",0.75,64,48,0.01,429,0,7,1,1,1,0,0,7.5816999999999996e-05,0.0045634889999999996,0,0.0045634889999999996,PREFIX_ASTAR,0.016613823326844877,0.016613823326844877,125,63,62,63,1,63,64,120,1,1,98,536870912,0,0,0,0
random_linear,"RLC_n64_k48",0.75,64,48,0.01,430,1,5,1,1,1,0,0,0.0023393369999999999,1.2862748909999999,0,1.2862748909999999,PREFIX_ASTAR,0.0018186913360186241,0.0018186913360186241,8192,3942,4250,3942,1,3942,64,28751,1,1,25352,536870912,0,0,0,0
random_linear,"RLC_n64_k48",0.75,64,48,0.01,431,0,42,1,1,1,0,0,8.0736999999999996e-05,0.022506556,0,0.022506556,PREFIX_ASTAR,0.0035872658615560726,0.0035872658615560726,127,64,63,64,1,64,64,507,1,1,444,536870912,0,0,0,0
random_linear,"RLC_n64_k48",0.75,64,48,0.01,432,1,34,1,1,1,0,0,0.0023887140000000001,0.673286897,0,0.673286897,PREFIX_ASTAR,0.0035478397257447296,0.0035478397257447296,8191,3969,4222,3969,2,3969,64,15457,1,1,13550,536870912,0,0,0,0
random_linear,"RLC_n64_k48",0.75,64,48,0.01,433,0,54,1,1,1,0,0,7.5235999999999996e-05,0.0087985219999999996,0,0.0087985219999999996,PREFIX_ASTAR,0.0085509816307784425,0.0085509816307784425,125,62,63,62,1,62,64,206,1,1,178,536870912,0,0,0,0
random_linear,"RLC_n64_k48",0.75,64,48,0.01,434,1,18,1,1,1,0,0,0.0024013340000000002,0.78167144099999997,0,0.78167144099999997,PREFIX_ASTAR,0.0030720503194129108,0.0030720503194129108,8191,3967,4224,3967,1,3967,64,17304,1,1,15292,536870912,0,0,0,0
random_linear,"RLC_n64_k48",0.75,64,48,0.01,435,0,51,1,1,1,0,0,7.7846e-05,0.0072150720000000003,0,0.0072150720000000003,PREFIX_ASTAR,0.010789358720190179,0.010789358720190179,125,64,61,64,1,64,64,179,1,1,148,536870912,0,0,0,0
random_linear,"RLC_n64_k48",0.75,64,48,0.01,436,1,28,1,1,1,0,0,0.0021610190000000001,0.396212699,0,0.396212699,PREFIX_ASTAR,0.0054541891399598986,0.0054541891399598986,8190,3978,4212,3978,1,3978,64,8941,1,1,7942,536870912,0,0,0,0
random_linear,"RLC_n64_k48",0.75,64,48,0.01,437,0,35,1,1,1,0,0,7.0587999999999996e-05,0.014698981,0,0.014698981,PREFIX_ASTAR,0.0048022376517120472,0.0048022376517120472,126,65,61,65,1,65,64,367,1,1,326,536870912,0,0,0,0
random_linear,"RLC_n64_k48",0.75,64,48,0.01,438,0,40,1,1,1,0,0,7.4776000000000004e-05,0.004799719,0,0.004799719,PREFIX_ASTAR,0.015579245368322605,0.015579245368322605,124,62,62,62,1,62,64,122,1,1,99,536870912,0,0,0,0
random_linear,"RLC_n64_k48",0.75,64,48,0.01,439,0,0,1,1,1,0,0,8.3288000000000006e-05,0.044039597,0,0.044039597,PREFIX_ASTAR,0.0018912071334349406,0.0018912071334349406,128,65,63,65,1,65,64,973,1,1,871,536870912,0,0,0,0
random_linear,"RLC_n64_k48",0.75,64,48,0.01,440,1,50,1,1,1,0,0,0.0022241269999999998,0.59784823399999998,0,0.59784823399999998,PREFIX_ASTAR,0.0037202200717715924,0.0037202200717715924,8191,3991,4200,3991,1,3991,64,12913,1,1,11521,536870912,0,0,0,0
random_linear,"RLC_n64_k48",0.75,64,48,0.01,441,1,53,1,1,1,0,0,0.0023259499999999998,0.38918249100000002,0,0.38918249100000002,PREFIX_ASTAR,0.0059765021648931268,0.0059765021648931268,8190,3965,4225,3965,1,3965,64,8686,1,1,7591,536870912,0,0,0,0
random_linear,"RLC_n64_k48",0.75,64,48,0.01,442,0,27,1,1,1,0,0,6.8071999999999995e-05,0.0043929119999999997,0,0.0043929119999999997,PREFIX_ASTAR,0.015495871531230309,0.015495871531230309,124,62,62,62,1,62,64,122,1,1,102,536870912,0,0,0,0
random_linear,"RLC_n64_k48",0.75,64,48,0.01,443,1,38,1,1,1,0,0,0.0023616930000000002,1.4327787279999999,0,1.4327787279999999,PREFIX_ASTAR,0.0016483305857678816,0.0016483305857678816,8192,3984,4208,3984,3,3984,64,30420,2,2,26720,536870912,0,0,0,0
random_linear,"RLC_n64_k48",0.75,64,48,0.01,444,0,0,1,1,1,0,0,8.2409000000000003e-05,0.054051281999999999,0,0.054051281999999999,PREFIX_ASTAR,0.0015246446883535529,0.0015246446883535529,128,65,63,65,1,65,64,1287,1,1,1177,536870912,0,0,0,0
random_linear,"RLC_n64_k48",0.75,64,48,0.01,445,1,49,1,1,1,0,0,0.0021752529999999998,0.426861983,0,0.426861983,PREFIX_ASTAR,0.0050959164475417804,0.0050959164475417804,8190,3979,4211,3979,1,3979,64,9812,1,1,8688,536870912,0,0,0,0
random_linear,"RLC_n64_k48",0.75,64,48,0.01,446,2,11,1,1,1,0,0,0.074766636999999997,4.237765585,0,4.237765585,PREFIX_ASTAR,0.017642938359932903,0.017642938359932903,258173,120642,137531,120642,3,120642,64,93258,1,1,80182,536870912,0,0,0,0
random_linear,"RLC_n64_k48",0.75,64,48,0.01,447,1,20,1,1,1,0,0,0.0022761690000000002,1.600592483,0,1.600592483,PREFIX_ASTAR,0.0014220790264701001,0.0014220790264701001,8192,3962,4230,3962,1,3962,64,35551,1,1,31331,536870912,0,0,0,0
random_linear,"RLC_n64_k48",0.75,64,48,0.01,448,1,11,1,1,1,0,0,0.0021969350000000001,0.10139450699999999,0,0.10139450699999999,PREFIX_ASTAR,0.021667199387832719,0.021667199387832719,8185,3973,4212,3973,1,3973,64,2545,1,1,2322,536870912,0,0,0,0
random_linear,"RLC_n64_k48",0.75,64,48,0.01,449,0,53,1,1,1,0,0,7.0222000000000006e-05,0.024736181999999999,0,0.024736181999999999,PREFIX_ASTAR,0.0028388374568071987,0.0028388374568071987,127,64,63,64,1,64,64,541,1,1,482,536870912,0,0,0,0
random_linear,"RLC_n64_k48",0.75,64,48,0.01,450,0,39,1,1,1,0,0,8.9907999999999994e-05,0.0062926850000000001,0,0.0062926850000000001,PREFIX_ASTAR,0.014287700719168366,0.014287700719168366,125,64,61,64,1,64,64,156,1,1,130,536870912,0,0,0,0
random_linear,"RLC_n64_k48",0.75,64,48,0.01,451,0,7,1,1,1,0,0,7.6237999999999998e-05,0.039403852000000003,0,0.039403852000000003,PREFIX_ASTAR,0.0019347854620913709,0.0019347854620913709,128,65,63,65,1,65,64,864,1,1,798,536870912,0,0,0,0
random_linear,"RLC_n64_k48",0.75,64,48,0.01,452,0,28,1,1,1,0,0,7.6602999999999998e-05,0.023349117999999999,0,0.023349117999999999,PREFIX_ASTAR,0.0032807663227364735,0.0032807663227364735,127,64,63,64,1,64,64,529,1,1,483,536870912,0,0,0,0
random_linear,"RLC_n64_k48",0.75,64,48,0.01,453,0,58,1,1,1,0,0,7.9534000000000001e-05,0.0068980539999999998,0,0.0068980539999999998,PREFIX_ASTAR,0.011529918437866681,0.011529918437866681,124,64,60,64,1,64,64,178,1,1,147,536870912,0,0,0,0
random_linear,"RLC_n64_k48",0.75,64,48,0.01,454,0,35,1,1,1,0,0,7.5636000000000006e-05,0.034593501999999998,0,0.034593501999999998,PREFIX_ASTAR,0.0021864221783617051,0.0021864221783617051,128,65,63,65,1,65,64,796,1,1,726,536870912,0,0,0,0
random_linear,"RLC_n64_k48",0.75,64,48,0.01,455,0,40,1,1,1,0,0,7.3606e-05,0.0053916709999999998,0,0.0053916709999999998,PREFIX_ASTAR,0.013651797374135032,0.013651797374135032,123,64,59,64,1,64,64,140,1,1,118,536870912,0,0,0,0
random_linear,"RLC_n64_k48",0.75,64,48,0.01,456,2,17,1,1,1,0,0,0.073049739000000002,4.5958727689999996,0,4.5958727689999996,PREFIX_ASTAR,0.015894639097220841,0.015894639097220841,258173,120767,137406,120767,5,120767,64,99940,1,1,87515,536870912,0,0,0,0
random_linear,"RLC_n64_k48",0.75,64,48,0.01,457,0,2,1,1,1,0,0,7.9950000000000005e-05,0.047099875999999999,0,0.047099875999999999,PREFIX_ASTAR,0.0016974566981874859,0.0016974566981874859,128,65,63,65,1,65,64,988,1,1,904,536870912,0,0,0,0
random_linear,"RLC_n64_k48",0.75,64,48,0.01,458,0,38,1,1,1,0,0,7.4462999999999995e-05,0.0041188420000000002,0,0.0041188420000000002,PREFIX_ASTAR,0.018078625011593061,0.018078625011593061,125,63,62,63,1,63,64,115,1,1,90,536870912,0,0,0,0
random_linear,"RLC_n64_k48",0.75,64,48,0.01,459,3,19,1,1,1,0,0,0.070204327999999996,3.8664772190000001,0,3.8664772190000001,PREFIX_ASTAR,0.018157181336802802,0.018157181336802802,258172,119602,138570,119602,4,119602,64,86618,1,1,74071,536870912,0,0,0,0
random_linear,"RLC_n64_k48",0.75,64,48,0.01,460,0,4,1,1,1,0,0,7.6505e-05,0.041056877999999998,0,0.041056877999999998,PREFIX_ASTAR,0.0018633905870777609,0.0018633905870777609,128,65,63,65,1,65,64,1012,1,1,885,536870912,0,0,0,0
random_linear,"RLC_n64_k48",0.75,64,48,0.01,461,1,31,1,1,1,0,0,0.00215489,0.25757064200000002,0,0.25757064200000002,PREFIX_ASTAR,0.0083662096862731732,0.0083662096862731732,8189,3953,4236,3953,1,3953,64,5937,1,1,5280,536870912,0,0,0,0
random_linear,"RLC_n64_k48",0.75,64,48,0.01,462,0,39,1,1,1,0,0,6.9968999999999994e-05,0.056323770000000002,0,0.056323770000000002,PREFIX_ASTAR,0.0012422641453155568,0.0012422641453155568,128,65,63,65,1,65,64,1255,1,1,1131,536870912,0,0,0,0
random_linear,"RLC_n64_k48",0.75,64,48,0.01,463,2,46,1,1,1,0,0,0.073772112000000001,4.5173978689999998,0,4.5173978689999998,PREFIX_ASTAR,0.016330665161519341,0.016330665161519341,258172,119859,138313,119859,1,119859,64,99481,1,1,85222,536870912,0,0,0,0
random_linear,"RLC_n64_k48",0.75,64,48,0.01,464,2,61,1,1,1,0,0,0.073284794,2.6279769750000002,0,2.6279769750000002,PREFIX_ASTAR,0.027886391204017303,0.027886391204017303,258170,119799,138371,119799,4,119799,64,59387,1,1,52061,536870912,0,0,0,0
random_linear,"RLC_n64_k48",0.75,64,48,0.01,465,0,53,1,1,1,0,0,7.5030000000000005e-05,0.020615668,0,0.020615668,PREFIX_ASTAR,0.0036394648963109033,0.0036394648963109033,127,64,63,64,1,64,64,488,1,1,444,536870912,0,0,0,0
random_linear,"RLC_n64_k48",0.75,64,48,0.01,466,0,8,1,1,1,0,0,8.4923e-05,0.057865345999999998,0,0.057865345999999998,PREFIX_ASTAR,0.0014675968584029551,0.0014675968584029551,128,65,63,65,1,65,64,1247,1,1,1147,536870912,0,0,0,0
random_linear,"RLC_n64_k48",0.75,64,48,0.01,467,0,44,1,1,1,0,0,7.7540999999999995e-05,0.055599628999999998,0,0.055599628999999998,PREFIX_ASTAR,0.0013946316080634279,0.0013946316080634279,128,65,63,65,1,65,64,1239,1,1,1131,536870912,0,0,0,0
random_linear,"RLC_n64_k48",0.75,64,48,0.01,468,1,4,1,1,1,0,0,0.0022343110000000001,0.32294022700000002,0,0.32294022700000002,PREFIX_ASTAR,0.0069186518531802483,0.0069186518531802483,8189,3973,4216,3973,1,3973,64,7167,1,1,6336,536870912,0,0,0,0
random_linear,"RLC_n64_k48",0.75,64,48,0.01,469,1,52,1,1,1,0,0,0.0023801830000000001,0.69379452900000005,0,0.69379452900000005,PREFIX_ASTAR,0.0034306742133447983,0.0034306742133447983,8191,3979,4212,3979,1,3979,64,15413,1,1,13687,536870912,0,0,0,0
random_linear,"RLC_n64_k48",0.75,64,48,0.01,470,1,5,1,1,1,0,0,0.0024126009999999999,0.37265475399999998,0,0.37265475399999998,PREFIX_ASTAR,0.0064740915662651125,0.0064740915662651125,8189,3982,4207,3982,1,3982,64,8176,1,1,7015,536870912,0,0,0,0
random_linear,"RLC_n64_k48",0.75,64,48,0.01,471,0,38,1,1,1,0,0,7.9140000000000005e-05,0.057356366999999998,0,0.057356366999999998,PREFIX_ASTAR,0.0013797945047670122,0.0013797945047670122,128,65,63,65,1,65,64,1246,1,1,1131,536870912,0,0,0,0
random_linear,"RLC_n64_k48",0.75,64,48,0.01,472,0,0,1,1,1,0,0,7.0627e-05,0.046190731999999998,0,0.046190731999999998,PREFIX_ASTAR,0.0015290296763428646,0.0015290296763428646,128,65,63,65,1,65,64,1041,1,1,965,536870912,0,0,0,0
random_linear,"RLC_n64_k48",0.75,64,48,0.01,473,0,32,1,1,1,0,0,6.6709000000000001e-05,0.013947314000000001,0,0.013947314000000001,PREFIX_ASTAR,0.0047829280964062325,0.0047829280964062325,126,64,62,64,1,64,64,334,1,1,291,536870912,0,0,0,0
random_linear,"RLC_n64_k48",0.75,64,48,0.01,474,1,48,1,1,1,0,0,0.0022703390000000001,0.51127795300000001,0,0.51127795300000001,PREFIX_ASTAR,0.0044405180913404257,0.0044405180913404257,8191,3924,4267,3924,1,3924,64,11728,1,1,10377,536870912,0,0,0,0
random_linear,"RLC_n64_k48",0.75,64,48,0.01,475,1,22,1,1,1,0,0,7.5333000000000005e-05,0.019990502,0,0.019990502,PREFIX_ASTAR,0.0037684396319812279,0.0037684396319812279,127,65,62,65,1,65,64,472,1,1,420,536870912,0,0,0,0
random_linear,"RLC_n64_k48",0.75,64,48,0.01,476,0,35,1,1,1,0,0,7.3850000000000006e-05,0.0045356529999999997,0,0.0045356529999999997,PREFIX_ASTAR,0.016282109764569733,0.016282109764569733,124,63,61,63,1,63,64,121,1,1,97,536870912,0,0,0,0
random_linear,"RLC_n64_k48",0.75,64,48,0.01,477,1,5,1,1,1,0,0,0.0023674270000000001,0.66520526400000002,0,0.66520526400000002,PREFIX_ASTAR,0.003558942071149936,0.003558942071149936,8191,3966,4225,3966,1,3966,64,14477,1,1,12518,536870912,0,0,0,0
random_linear,"RLC_n64_k48",0.75,64,48,0.01,478,1,38,1,1,1,0,0,0.0024167239999999999,1.5134767440000001,0,1.5134767440000001,PREFIX_ASTAR,0.0015968028643854734,0.0015968028643854734,8192,3956,4236,3956,1,3956,64,32579,1,1,28706,536870912,0,0,0,0
random_linear,"RLC_n64_k48",0.75,64,48,0.01,479,0,14,1,1,1,0,0,7.0171000000000003e-05,0.031813212,0,0.031813212,PREFIX_ASTAR,0.0022057188063877363,0.0022057188063877363,127,65,62,65,1,65,64,741,1,1,672,536870912,0,0,0,0
random_linear,"RLC_n64_k48",0.75,64,48,0.01,480,0,26,1,1,1,0,0,7.0131999999999999e-05,0.024753108999999999,0,0.024753108999999999,PREFIX_ASTAR,0.0028332602583376497,0.0028332602583376497,127,64,63,64,1,64,64,596,1,1,527,536870912,0,0,0,0
random_linear,"RLC_n64_k48",0.75,64,48,0.01,481,0,54,1,1,1,0,0,7.2187999999999994e-05,0.025801177000000002,0,0.025801177000000002,PREFIX_ASTAR,0.0027978568574604169,0.0027978568574604169,127,64,63,64,1,64,64,623,1,1,553,536870912,0,0,0,0
random_linear,"RLC_n64_k48",0.75,64,48,0.01,482,0,39,1,1,1,0,0,7.0252000000000004e-05,0.044049843999999998,0,0.044049843999999998,PREFIX_ASTAR,0.001594829711542225,0.001594829711542225,128,65,63,65,1,65,64,1012,1,1,921,536870912,0,0,0,0
random_linear,"RLC_n64_k48",0.75,64,48,0.01,483,0,56,1,1,1,0,0,7.3217000000000001e-05,0.048874846999999999,0,0.048874846999999999,PREFIX_ASTAR,0.0014980507253557233,0.0014980507253557233,128,65,63,65,1,65,64,1148,1,1,1047,536870912,0,0,0,0
random_linear,"RLC_n64_k48",0.75,64,48,0.01,484,2,38,1,1,1,0,0,0.069258075000000002,15.336270722,0,15.336270722,PREFIX_ASTAR,0.0045159658599824241,0.0045159658599824241,258175,119504,138671,119504,2,119504,64,324292,1,1,270156,536870912,0,0,0,0
random_linear,"RLC_n64_k48",0.75,64,48,0.01,485,0,41,1,1,1,0,0,6.9233000000000006e-05,0.010473357000000001,0,0.010473357000000001,PREFIX_ASTAR,0.0066103924462805955,0.0066103924462805955,126,63,63,63,1,63,64,265,1,1,229,536870912,0,0,0,0
random_linear,"RLC_n64_k48",0.75,64,48,0.01,486,1,26,1,1,1,0,0,0.0021257870000000001,0.78787753400000005,0,0.78787753400000005,PREFIX_ASTAR,0.0026981185631826886,0.0026981185631826886,8191,3960,4231,3960,1,3960,64,18002,1,1,15781,536870912,0,0,0,0
random_linear,"RLC_n64_k48",0.75,64,48,0.01,487,1,61,1,1,1,0,0,0.002172481,1.6690471689999999,0,1.6690471689999999,PREFIX_ASTAR,0.0013016294807903059,0.0013016294807903059,8192,3968,4224,3968,1,3968,64,36455,1,1,32176,536870912,0,0,0,0
random_linear,"RLC_n64_k48",0.75,64,48,0.01,488,2,7,1,1,1,0,0,0.075163667000000003,3.4236518490000001,0,3.4236518490000001,PREFIX_ASTAR,0.021954237847506088,0.021954237847506088,258171,116864,141307,116864,4,116864,64,77411,1,1,67519,536870912,0,0,0,0
random_linear,"RLC_n64_k48",0.75,64,48,0.01,489,0,13,1,1,1,0,0,8.1904999999999996e-05,0.0093979300000000005,0,0.0093979300000000005,PREFIX_ASTAR,0.0087152170743982973,0.0087152170743982973,125,64,61,64,1,64,64,220,1,1,191,536870912,0,0,0,0
random_linear,"RLC_n64_k48",0.75,64,48,0.01,490,0,26,1,1,1,0,0,7.7906999999999998e-05,0.026027706000000001,0,0.026027706000000001,PREFIX_ASTAR,0.0029932334413182628,0.0029932334413182628,127,65,62,65,1,65,64,576,1,1,513,536870912,0,0,0,0
random_linear,"RLC_n64_k48",0.75,64,48,0.01,491,0,10,1,1,1,0,0,7.3638000000000002e-05,0.0059581319999999997,0,0.0059581319999999997,PREFIX_ASTAR,0.012359242796232109,0.012359242796232109,124,63,61,63,1,63,64,163,1,1,135,536870912,0,0,0,0
random_linear,"RLC_n64_k48",0.75,64,48,0.01,492,2,0,1,1,1,0,0,0.074258164000000002,11.470656897,0,11.470656897,PREFIX_ASTAR,0.0064737499052404971,0.0064737499052404971,258174,118808,139366,118808,2,118808,64,238917,1,1,203699,536870912,0,0,0,0
random_linear,"RLC_n64_k48",0.75,64,48,0.01,493,0,31,1,1,1,0,0,7.2717000000000002e-05,0.034404747999999999,0,0.034404747999999999,PREFIX_ASTAR,0.0021135745566280562,0.0021135745566280562,128,65,63,65,1,65,64,815,1,1,737,536870912,0,0,0,0
random_linear,"RLC_n64_k48",0.75,64,48,0.01,494,1,42,1,1,1,0,0,0.0022234529999999998,0.32614310499999999,0,0.32614310499999999,PREFIX_ASTAR,0.0068174153183462203,0.0068174153183462203,8189,3979,4210,3979,1,3979,64,7396,1,1,6643,536870912,0,0,0,0
random_linear,"RLC_n64_k48",0.75,64,48,0.01,495,1,48,1,1,1,0,0,0.0023794250000000001,0.42331888699999998,0,0.42331888699999998,PREFIX_ASTAR,0.0056208807900413865,0.0056208807900413865,8190,3992,4198,3992,1,3992,64,9283,1,1,8279,536870912,0,0,0,0
random_linear,"RLC_n64_k48",0.75,64,48,0.01,496,0,44,1,1,1,0,0,6.9802999999999996e-05,0.0036834960000000001,0,0.0036834960000000001,PREFIX_ASTAR,0.018950203828102433,0.018950203828102433,123,63,60,63,1,63,64,108,1,1,82,536870912,0,0,0,0
random_linear,"RLC_n64_k48",0.75,64,48,0.01,497,1,40,1,1,1,0,0,0.0021903600000000001,0.72923545199999995,0,0.72923545199999995,PREFIX_ASTAR,0.003003638939923618,0.003003638939923618,8191,3990,4201,3990,1,3990,64,15901,1,1,13994,536870912,0,0,0,0
random_linear,"RLC_n64_k48",0.75,64,48,0.01,498,1,41,1,1,1,0,0,0.0022391099999999999,0.17750444900000001,0,0.17750444900000001,PREFIX_ASTAR,0.012614388048380691,0.012614388048380691,8189,3991,4198,3991,1,3991,64,4125,1,1,3663,536870912,0,0,0,0
random_linear,"RLC_n64_k48",0.75,64,48,0.01,499,0,24,1,1,1,0,0,7.8639000000000004e-05,0.056967180999999999,0,0.056967180999999999,PREFIX_ASTAR,0.0013804263897137547,0.0013804263897137547,128,65,63,65,1,65,64,1292,1,1,1177,536870912,0,0,0,0
random_linear,"RLC_n64_k48",0.75,64,48,0.01,500,0,43,1,1,1,0,0,7.5065e-05,0.0082714290000000003,0,0.0082714290000000003,PREFIX_ASTAR,0.0090752154192461788,0.0090752154192461788,126,64,62,64,1,64,64,209,1,1,178,536870912,0,0,0,0
random_linear,"RLC_n64_k48",0.75,64,48,0.01,501,1,34,1,1,1,0,0,0.0023328450000000001,0.54878096700000001,0,0.54878096700000001,PREFIX_ASTAR,0.0042509582880632226,0.0042509582880632226,8190,3993,4197,3993,1,3993,64,11936,1,1,10519,536870912,0,0,0,0
random_linear,"RLC_n64_k48",0.75,64,48,0.01,502,3,22,1,1,1,0,0,0.073759104000000006,15.761123294000001,0,15.761123294000001,PREFIX_ASTAR,0.0046798126392475388,0.0046798126392475388,258175,117967,140208,117967,3,117967,64,318738,1,1,270239,536870912,0,0,0,0
random_linear,"RLC_n64_k48",0.75,64,48,0.01,503,0,57,1,1,1,0,0,7.5179000000000006e-05,0.00377408,0,0.00377408,PREFIX_ASTAR,0.019919821519416653,0.019919821519416653,124,64,60,64,1,64,64,104,1,1,82,536870912,0,0,0,0
random_linear,"RLC_n64_k48",0.75,64,48,0.01,504,0,39,1,1,1,0,0,7.4944000000000006e-05,0.0080045640000000005,0,0.0080045640000000005,PREFIX_ASTAR,0.0093626586032668369,0.0093626586032668369,126,64,62,64,1,64,64,194,1,1,163,536870912,0,0,0,0
random_linear,"RLC_n64_k48",0.75,64,48,0.01,505,1,16,1,1,1,0,0,0.002434505,0.229096929,0,0.229096929,PREFIX_ASTAR,0.010626528302350138,0.010626528302350138,8189,3981,4208,3981,1,3981,64,5079,1,1,4518,536870912,0,0,0,0
random_linear,"RLC_n64_k48",0.75,64,48,0.01,506,0,39,1,1,1,0,0,7.7897000000000003e-05,0.012499048,0,0.012499048,PREFIX_ASTAR,0.006232234646990715,0.006232234646990715,126,63,63,63,1,63,64,287,1,1,245,536870912,0,0,0,0
random_linear,"RLC_n64_k48",0.75,64,48,0.01,507,0,13,1,1,1,0,0,7.4889999999999996e-05,0.0050059240000000001,0,0.0050059240000000001,PREFIX_ASTAR,0.014960275066101682,0.014960275066101682,125,63,62,63,1,63,64,131,1,1,107,536870912,0,0,0,0
random_linear,"RLC_n64_k48",0.75,64,48,0.01,508,0,8,1,1,1,0,0,7.2828000000000001e-05,0.0055959030000000002,0,0.0055959030000000002,PREFIX_ASTAR,0.013014521516902635,0.013014521516902635,123,64,59,64,1,64,64,142,1,1,123,536870912,0,0,0,0
random_linear,"RLC_n64_k48",0.75,64,48,0.01,509,1,25,1,1,1,0,0,0.002348929,0.81443538900000001,0,0.81443538900000001,PREFIX_ASTAR,0.0028841195160786413,0.0028841195160786413,8191,3984,4207,3984,1,3984,64,16952,1,1,15020,536870912,0,0,0,0
random_linear,"RLC_n64_k48",0.75,64,48,0.01,510,1,62,1,1,1,0,0,0.0023621660000000002,1.82769625,0,1.82769625,PREFIX_ASTAR,0.0012924281045058775,0.0012924281045058775,8192,3978,4214,3978,1,3978,64,37490,1,1,32947,536870912,0,0,0,0
random_linear,"RLC_n64_k48",0.75,64,48,0.01,511,0,32,1,1,1,0,0,7.6573e-05,0.0079102129999999993,0,0.0079102129999999993,PREFIX_ASTAR,0.0096802703037200139,0.0096802703037200139,125,64,61,64,1,64,64,185,1,1,154,536870912,0,0,0,0
random_linear,"RLC_n64_k48",0.75,64,48,0.01,512,0,13,1,1,1,0,0,7.5710999999999994e-05,0.017248672,0,0.017248672,PREFIX_ASTAR,0.0043893813970142161,0.0043893813970142161,127,64,63,64,1,64,64,396,1,1,360,536870912,0,0,0,0
random_linear,"RLC_n64_k48",0.75,64,48,0.01,513,1,24,1,1,1,0,0,0.0024382079999999999,0.24425903099999999,0,0.24425903099999999,PREFIX_ASTAR,0.0099820587595797015,0.0099820587595797015,8189,3982,4207,3982,1,3982,64,5326,1,1,4785,536870912,0,0,0,0
random_linear,"RLC_n64_k48",0.75,64,48,0.01,514,0,61,1,1,1,0,0,7.7597999999999998e-05,0.0036670100000000001,0,0.0036670100000000001,PREFIX_ASTAR,0.021161109459750586,0.021161109459750586,125,64,61,64,1,64,64,98,1,1,77,536870912,0,0,0,0
random_linear,"RLC_n64_k48",0.75,64,48,0.01,515,0,45,1,1,1,0,0,7.5179000000000006e-05,0.031167930999999999,0,0.031167930999999999,PREFIX_ASTAR,0.0024120625780389465,0.0024120625780389465,128,65,63,65,1,65,64,703,1,1,630,536870912,0,0,0,0
random_linear,"RLC_n64_k48",0.75,64,48,0.01,516,2,34,1,1,1,0,0,0.073821576,3.917102844,0,3.917102844,PREFIX_ASTAR,0.018845963187582828,0.018845963187582828,258171,118947,139224,118947,1,118947,64,82985,1,1,72128,536870912,0,0,0,0
random_linear,"RLC_n64_k48",0.75,64,48,0.01,517,0,12,1,1,1,0,0,7.0270000000000003e-05,0.051261301000000002,0,0.051261301000000002,PREFIX_ASTAR,0.0013708196754506875,0.0013708196754506875,128,65,63,65,1,65,64,1136,1,1,1026,536870912,0,0,0,0
random_linear,"RLC_n64_k48",0.75,64,48,0.01,518,1,39,1,1,1,0,0,0.0023402280000000002,0.21205159100000001,0,0.21205159100000001,PREFIX_ASTAR,0.011036125637934968,0.011036125637934968,8188,3975,4213,3975,1,3975,64,4753,1,1,4265,536870912,0,0,0,0
random_linear,"RLC_n64_k48",0.75,64,48,0.01,519,0,43,1,1,1,0,0,8.5539999999999998e-05,0.0091886659999999998,0,0.0091886659999999998,PREFIX_ASTAR,0.0093092947333160217,0.0093092947333160217,126,64,62,64,1,64,64,215,1,1,184,536870912,0,0,0,0
random_linear,"RLC_n64_k48",0.75,64,48,0.01,520,4,4,1,1,1,0,0,0.081712300000000002,10.269734852999999,0,10.269734852999999,PREFIX_ASTAR,0.0079566124315400572,0.0079566124315400572,258174,120534,137640,120534,4,120534,64,208366,1,1,175283,536870912,0,0,0,0
random_linear,"RLC_n64_k48",0.75,64,48,0.01,521,0,7,1,1,1,0,0,9.2943999999999996e-05,0.0044503199999999998,0,0.0044503199999999998,PREFIX_ASTAR,0.020884790307213862,0.020884790307213862,123,64,59,64,1,64,64,108,1,1,90,536870912,0,0,0,0
random_linear,"RLC_n64_k48",0.75,64,48,0.01,522,0,26,1,1,1,0,0,8.1199999999999995e-05,0.025226042000000001,0,0.025226042000000001,PREFIX_ASTAR,0.0032188957744540342,0.0032188957744540342,127,65,62,65,1,65,64,553,1,1,490,536870912,0,0,0,0
random_linear,"RLC_n64_k48",0.75,64,48,0.01,523,1,62,1,1,1,0,0,0.00240669,0.77070872599999996,0,0.77070872599999996,PREFIX_ASTAR,0.0031226972250473781,0.0031226972250473781,8191,3971,4220,3971,1,3971,64,16040,1,1,14189,536870912,0,0,0,0
random_linear,"RLC_n64_k48",0.75,64,48,0.01,524,0,27,1,1,1,0,0,7.6532999999999994e-05,0.028098439999999999,0,0.028098439999999999,PREFIX_ASTAR,0.0027237455175447463,0.0027237455175447463,127,64,63,64,1,64,64,619,1,1,564,536870912,0,0,0,0
random_linear,"RLC_n64_k48",0.75,64,48,0.01,525,1,49,1,1,1,0,0,0.0023629409999999999,0.232633058,0,0.232633058,PREFIX_ASTAR,0.010157374108025523,0.010157374108025523,8188,3968,4220,3968,1,3968,64,5143,1,1,4655,536870912,0,0,0,0
random_linear,"RLC_n64_k48",0.75,64,48,0.01,526,1,8,1,1,1,0,0,0.0023633529999999999,0.27761856000000001,0,0.27761856000000001,PREFIX_ASTAR,0.0085129502868972438,0.0085129502868972438,8189,3969,4220,3969,1,3969,64,6043,1,1,5294,536870912,0,0,0,0
random_linear,"RLC_n64_k48",0.75,64,48,0.01,527,1,17,1,1,1,0,0,0.0024764190000000001,0.26536421700000001,0,0.26536421700000001,PREFIX_ASTAR,0.0093321512146454927,0.0093321512146454927,8189,3979,4210,3979,2,3979,64,5669,1,1,5056,536870912,0,0,0,0
random_linear,"RLC_n64_k48",0.75,64,48,0.01,528,0,60,1,1,1,0,0,7.7138999999999994e-05,0.01887689,0,0.01887689,PREFIX_ASTAR,0.0040864252533123835,0.0040864252533123835,127,64,63,64,1,64,64,460,1,1,399,536870912,0,0,0,0
random_linear,"RLC_n64_k48",0.75,64,48,0.01,529,0,26,1,1,1,0,0,7.5382000000000004e-05,0.0055989680000000002,0,0.0055989680000000002,PREFIX_ASTAR,0.013463552568973426,0.013463552568973426,124,64,60,64,1,64,64,138,1,1,117,536870912,0,0,0,0
random_linear,"RLC_n64_k48",0.75,64,48,0.01,530,1,53,1,1,1,0,0,0.002398421,0.40579273599999999,0,0.40579273599999999,PREFIX_ASTAR,0.0059104581901633646,0.0059104581901633646,8190,3986,4204,3986,1,3986,64,8638,1,1,7744,536870912,0,0,0,0
random_linear,"RLC_n64_k48",0.75,64,48,0.01,531,1,60,1,1,1,0,0,0.0024068869999999999,1.1508955809999999,0,1.1508955809999999,PREFIX_ASTAR,0.0020913165709687438,0.0020913165709687438,8192,3977,4215,3977,1,3977,64,23714,1,1,20826,536870912,0,0,0,0
random_linear,"RLC_n64_k48",0.75,64,48,0.01,532,0,51,1,1,1,0,0,7.7735e-05,0.0045049130000000001,0,0.0045049130000000001,PREFIX_ASTAR,0.017255605158190624,0.017255605158190624,125,64,61,64,1,64,64,115,1,1,96,536870912,0,0,0,0
random_linear,"RLC_n64_k48",0.75,64,48,0.01,533,0,18,1,1,1,0,0,7.5255999999999999e-05,0.010460120999999999,0,0.010460120999999999,PREFIX_ASTAR,0.00719456304568561,0.00719456304568561,125,64,61,64,1,64,64,258,1,1,220,536870912,0,0,0,0
random_linear,"RLC_n64_k48",0.75,64,48,0.01,534,1,49,1,1,1,0,0,0.002331329,0.33792492400000002,0,0.33792492400000002,PREFIX_ASTAR,0.0068989554614799584,0.0068989554614799584,8190,3990,4200,3990,1,3990,64,7246,1,1,6559,536870912,0,0,0,0
random_linear,"RLC_n64_k48",0.75,64,48,0.01,535,1,4,1,1,1,0,0,0.0023195149999999999,0.292387275,0,0.292387275,PREFIX_ASTAR,0.0079330230770131831,0.0079330230770131831,8189,3978,4211,3978,1,3978,64,6352,1,1,5667,536870912,0,0,0,0
random_linear,"RLC_n64_k48",0.75,64,48,0.01,536,0,51,1,1,1,0,0,9.3327999999999998e-05,0.0081008780000000006,0,0.0081008780000000006,PREFIX_ASTAR,0.011520726518779814,0.011520726518779814,126,64,62,64,1,64,64,195,1,1,165,536870912,0,0,0,0
random_linear,"RLC_n64_k48",0.75,64,48,0.01,537,0,59,1,1,1,0,0,7.7145999999999996e-05,0.012490285,0,0.012490285,PREFIX_ASTAR,0.0061764803605362083,0.0061764803605362083,126,64,62,64,1,64,64,286,1,1,255,536870912,0,0,0,0
random_linear,"RLC_n64_k48",0.75,64,48,0.01,538,1,7,1,1,1,0,0,0.0023479920000000001,0.51623949700000005,0,0.51623949700000005,PREFIX_ASTAR,0.0045482610564375314,0.0045482610564375314,8191,3962,4229,3962,1,3962,64,11416,1,1,10073,536870912,0,0,0,0
random_linear,"RLC_n64_k48",0.75,64,48,0.01,539,0,15,1,1,1,0,0,7.5452999999999997e-05,0.0096181610000000001,0,0.0096181610000000001,PREFIX_ASTAR,0.0078448468475418535,0.0078448468475418535,125,63,62,63,1,63,64,234,1,1,200,536870912,0,0,0,0
random_linear,"RLC_n64_k48",0.75,64,48,0.01,540,0,43,1,1,1,0,0,7.7173000000000001e-05,0.036716684999999999,0,0.036716684999999999,PREFIX_ASTAR,0.0021018509704784079,0.0021018509704784079,128,65,63,65,1,65,64,823,1,1,729,536870912,0,0,0,0
random_linear,"RLC_n64_k48",0.75,64,48,0.01,541,2,57,1,1,1,0,0,0.08589484,10.587745643,0,10.587745643,PREFIX_ASTAR,0.0081126656132685486,0.0081126656132685486,258174,119662,138512,119662,5,119662,64,216033,1,1,183599,536870912,0,0,0,0
random_linear,"RLC_n64_k48",0.75,64,48,0.01,542,2,14,1,1,1,0,0,0.079784653999999997,13.568708768,0,13.568708768,PREFIX_ASTAR,0.0058800476422754032,0.0058800476422754032,258175,118954,139221,118954,4,118954,64,274790,1,1,231396,536870912,0,0,0,0
random_linear,"RLC_n64_k48",0.75,64,48,0.01,543,0,30,1,1,1,0,0,8.1303000000000004e-05,0.004068866,0,0.004068866,PREFIX_ASTAR,0.01998173446852268,0.01998173446852268,124,62,62,62,1,62,64,100,1,1,80,536870912,0,0,0,0
random_linear,"RLC_n64_k48",0.75,64,48,0.01,544,1,26,1,1,1,0,0,0.0023392650000000001,0.15152337799999999,0,0.15152337799999999,PREFIX_ASTAR,0.015438310780003864,0.015438310780003864,8188,3986,4202,3986,1,3986,64,3525,1,1,3189,536870912,0,0,0,0
random_linear,"RLC_n64_k48",0.75,64,48,0.01,545,2,22,1,1,1,0,0,0.077670839000000005,4.279935493,0,4.279935493,PREFIX_ASTAR,0.018147665806420136,0.018147665806420136,258172,119018,139154,119018,1,119018,64,91962,1,1,78352,536870912,0,0,0,0
random_linear,"RLC_n64_k48",0.75,64,48,0.01,546,1,41,1,1,1,0,0,0.0023598260000000002,0.838756642,0,0.838756642,PREFIX_ASTAR,0.0028134811479680662,0.0028134811479680662,8191,3969,4222,3969,1,3969,64,17649,1,1,15537,536870912,0,0,0,0
random_linear,"RLC_n64_k48",0.75,64,48,0.01,547,1,13,1,1,1,0,0,0.002378453,0.47904985900000002,0,0.47904985900000002,PREFIX_ASTAR,0.0049649383155334565,0.0049649383155334565,8190,3998,4192,3998,1,3998,64,9925,1,1,8925,536870912,0,0,0,0
random_linear,"RLC_n64_k48",0.75,64,48,0.01,548,0,17,1,1,1,0,0,8.5323999999999998e-05,0.037473152000000003,0,0.037473152000000003,PREFIX_ASTAR,0.0022769368320017486,0.0022769368320017486,128,65,63,65,1,65,64,835,1,1,751,536870912,0,0,0,0
random_linear,"RLC_n64_k48",0.75,64,48,0.01,549,1,27,1,1,1,0,0,0.0023360130000000001,0.32298601799999999,0,0.32298601799999999,PREFIX_ASTAR,0.0072325514722436073,0.0072325514722436073,8190,3936,4254,3936,1,3936,64,7135,1,1,6349,536870912,0,0,0,0
random_linear,"RLC_n64_k48",0.75,64,48,0.01,550,1,13,1,1,1,0,0,0.002422806,1.713356801,0,1.713356801,PREFIX_ASTAR,0.0014140697364296393,0.0014140697364296393,8192,3978,4214,3978,2,3978,64,35509,1,1,31033,536870912,0,0,0,0
random_linear,"RLC_n64_k48",0.75,64,48,0.01,551,1,13,1,1,1,0,0,0.0023971840000000001,0.84601648900000004,0,0.84601648900000004,PREFIX_ASTAR,0.002833495601053232,0.002833495601053232,8191,3997,4194,3997,1,3997,64,17539,1,1,15451,536870912,0,0,0,0
random_linear,"RLC_n64_k48",0.75,64,48,0.01,552,2,11,1,1,1,0,0,0.073866242999999998,18.217912199000001,0,18.217912199000001,PREFIX_ASTAR,0.0040545943021975143,0.0040545943021975143,258175,119598,138577,119598,1,119598,64,364961,1,1,310257,536870912,0,0,0,0
random_linear,"RLC_n64_k48",0.75,64,48,0.01,553,1,15,1,1,1,0,0,0.0023644600000000001,0.79098273299999999,0,0.79098273299999999,PREFIX_ASTAR,0.002989268793557849,0.002989268793557849,8191,3988,4203,3988,1,3988,64,16557,1,1,14514,536870912,0,0,0,0
random_linear,"RLC_n64_k48",0.75,64,48,0.01,554,0,61,1,1,1,0,0,7.9939999999999997e-05,0.055547171999999999,0,0.055547171999999999,PREFIX_ASTAR,0.0014391371715557365,0.0014391371715557365,128,65,63,65,1,65,64,1186,1,1,1066,536870912,0,0,0,0
random_linear,"RLC_n64_k48",0.75,64,48,0.01,555,0,38,1,1,1,0,0,7.2959000000000004e-05,0.0062917240000000003,0,0.0062917240000000003,PREFIX_ASTAR,0.011596026780577152,0.011596026780577152,125,62,63,62,1,62,64,161,1,1,131,536870912,0,0,0,0
random_linear,"RLC_n64_k48",0.75,64,48,0.01,556,2,50,1,1,1,0,0,0.074702242000000002,8.5416678929999996,0,8.5416678929999996,PREFIX_ASTAR,0.0087456270760912398,0.0087456270760912398,258174,120041,138133,120041,1,120041,64,176909,1,1,148748,536870912,0,0,0,0
random_linear,"RLC_n64_k48",0.75,64,48,0.01,557,1,21,1,1,1,0,0,0.0023665930000000002,0.57606651200000003,0,0.57606651200000003,PREFIX_ASTAR,0.0041081940204849123,0.0041081940204849123,8191,3918,4273,3918,1,3918,64,12479,1,1,11103,536870912,0,0,0,0
random_linear,"RLC_n64_k48",0.75,64,48,0.01,558,0,50,1,1,1,0,0,7.6071999999999999e-05,0.0034919040000000001,0,0.0034919040000000001,PREFIX_ASTAR,0.021785249537215227,0.021785249537215227,126,64,62,64,1,64,64,99,1,1,75,536870912,0,0,0,0
random_linear,"RLC_n64_k48",0.75,64,48,0.01,559,0,10,1,1,1,0,0,7.7315000000000001e-05,0.051946544999999997,0,0.051946544999999997,PREFIX_ASTAR,0.001488356925373959,0.001488356925373959,128,65,63,65,1,65,64,1178,1,1,1064,536870912,0,0,0,0
random_linear,"RLC_n64_k48",0.75,64,48,0.01,560,0,19,1,1,1,0,0,7.4591999999999993e-05,0.012314334,0,0.012314334,PREFIX_ASTAR,0.0060573312369146389,0.0060573312369146389,126,64,62,64,1,64,64,291,1,1,259,536870912,0,0,0,0
random_linear,"RLC_n64_k48",0.75,64,48,0.01,561,0,26,1,1,1,0,0,7.3330000000000004e-05,0.0041768370000000001,0,0.0041768370000000001,PREFIX_ASTAR,0.017556347063579451,0.017556347063579451,124,63,61,63,1,63,64,118,1,1,95,536870912,0,0,0,0
random_linear,"RLC_n64_k48",0.75,64,48,0.01,562,1,49,1,1,1,0,0,0.0023072539999999999,0.44745425999999999,0,0.44745425999999999,PREFIX_ASTAR,0.0051564019079849638,0.0051564019079849638,8190,3964,4226,3964,1,3964,64,9748,1,1,8615,536870912,0,0,0,0
random_linear,"RLC_n64_k48",0.75,64,48,0.01,563,0,53,1,1,1,0,0,8.0461000000000001e-05,0.0045827940000000003,0,0.0045827940000000003,PREFIX_ASTAR,0.017557193275543261,0.017557193275543261,124,63,61,63,1,63,64,112,1,1,88,536870912,0,0,0,0
random_linear,"RLC_n64_k48",0.75,64,48,0.01,564,0,16,1,1,1,0,0,7.4876999999999995e-05,0.013280231,0,0.013280231,PREFIX_ASTAR,0.005638230238615578,0.005638230238615578,126,63,63,63,1,63,64,287,1,1,249,536870912,0,0,0,0
random_linear,"RLC_n64_k48",0.75,64,48,0.01,565,0,49,1,1,1,0,0,8.1662999999999994e-05,0.0087001960000000003,0,0.0087001960000000003,PREFIX_ASTAR,0.0093863402617596191,0.0093863402617596191,125,64,61,64,1,64,64,212,1,1,177,536870912,0,0,0,0
random_linear,"RLC_n64_k48",0.75,64,48,0.01,566,0,35,1,1,1,0,0,7.7440000000000004e-05,0.0070098340000000004,0,0.0070098340000000004,PREFIX_ASTAR,0.011047337212264941,0.011047337212264941,126,63,63,63,1,63,64,174,1,1,145,536870912,0,0,0,0
random_linear,"RLC_n64_k48",0.75,64,48,0.01,567,0,8,1,1,1,0,0,8.7149000000000002e-05,0.042511581999999999,0,0.042511581999999999,PREFIX_ASTAR,0.0020500060430590421,0.0020500060430590421,128,65,63,65,1,65,64,914,1,1,776,536870912,0,0,0,0
random_linear,"RLC_n64_k48",0.75,64,48,0.01,568,1,19,1,1,1,0,0,0.002368448,0.20263382799999999,0,0.20263382799999999,PREFIX_ASTAR,0.011688314944136574,0.011688314944136574,8188,3968,4220,3968,1,3968,64,4573,1,1,4065,536870912,0,0,0,0
random_linear,"RLC_n64_k48",0.75,64,48,0.01,569,0,27,1,1,1,0,0,7.7682999999999995e-05,0.047915953999999997,0,0.047915953999999997,PREFIX_ASTAR,0.0016212345474745217,0.0016212345474745217,128,65,63,65,1,65,64,1090,1,1,999,536870912,0,0,0,0
random_linear,"RLC_n64_k48",0.75,64,48,0.01,570,0,14,1,1,1,0,0,7.5422999999999999e-05,0.0074740309999999999,0,0.0074740309999999999,PREFIX_ASTAR,0.010091341606691222,0.010091341606691222,125,62,63,62,1,62,64,182,1,1,157,536870912,0,0,0,0
random_linear,"RLC_n64_k48",0.75,64,48,0.01,571,1,50,1,1,1,0,0,0.0024548930000000001,0.34095131400000001,0,0.34095131400000001,PREFIX_ASTAR,0.0072001276991705623,0.0072001276991705623,8190,3968,4222,3968,1,3968,64,7455,1,1,6711,536870912,0,0,0,0
random_linear,"RLC_n64_k48",0.75,64,48,0.01,572,2,41,1,1,1,0,0,0.084544301000000002,10.920337761000001,0,10.920337761000001,PREFIX_ASTAR,0.0077419126450405766,0.0077419126450405766,258174,120322,137852,120322,1,120322,64,222723,1,1,189927,536870912,0,0,0,0
random_linear,"RLC_n64_k48",0.75,64,48,0.01,573,0,22,1,1,1,0,0,8.2196999999999999e-05,0.013117759,0,0.013117759,PREFIX_ASTAR,0.0062660855409830294,0.0062660855409830294,126,64,62,64,1,64,64,302,1,1,260,536870912,0,0,0,0
random_linear,"RLC_n64_k48",0.75,64,48,0.01,574,0,8,1,1,1,0,0,7.6339000000000002e-05,0.0058773319999999999,0,0.0058773319999999999,PREFIX_ASTAR,0.012988716648982906,0.012988716648982906,125,63,62,63,1,63,64,141,1,1,121,536870912,0,0,0,0
random_linear,"RLC_n64_k48",0.75,64,48,0.01,575,1,51,1,1,1,0,0,0.0023314339999999999,0.112490299,0,0.112490299,PREFIX_ASTAR,0.020725644973172308,0.020725644973172308,8187,3984,4203,3984,1,3984,64,2538,1,1,2316,536870912,0,0,0,0
random_linear,"RLC_n64_k48",0.75,64,48,0.01,576,0,43,1,1,1,0,0,7.5957999999999993e-05,0.026114556000000001,0,0.026114556000000001,PREFIX_ASTAR,0.0029086460439917109,0.0029086460439917109,127,64,63,64,1,64,64,591,1,1,524,536870912,0,0,0,0
random_linear,"RLC_n64_k48",0.75,64,48,0.01,577,1,60,1,1,1,0,0,0.002336229,1.0606568089999999,0,1.0606568089999999,PREFIX_ASTAR,0.002202624807738353,0.002202624807738353,8192,3983,4209,3983,1,3983,64,22102,1,1,19378,536870912,0,0,0,0
random_linear,"RLC_n64_k48",0.75,64,48,0.01,578,0,39,1,1,1,0,0,7.6647e-05,0.014601917000000001,0,0.014601917000000001,PREFIX_ASTAR,0.0052491053058307344,0.0052491053058307344,126,64,62,64,1,64,64,335,1,1,286,536870912,0,0,0,0
random_linear,"RLC_n64_k48",0.75,64,48,0.01,579,1,62,1,1,1,0,0,0.0023496020000000001,0.99823022400000005,0,0.99823022400000005,PREFIX_ASTAR,0.0023537676414814705,0.0023537676414814705,8191,3966,4225,3966,1,3966,64,20710,1,1,18354,536870912,0,0,0,0
random_linear,"RLC_n64_k48",0.75,64,48,0.01,580,1,31,1,1,1,0,0,0.0023803850000000001,1.064480595,0,1.064480595,PREFIX_ASTAR,0.0022361938875926622,0.0022361938875926622,8191,3977,4214,3977,1,3977,64,21826,1,1,19398,536870912,0,0,0,0
random_linear,"RLC_n64_k48",0.75,64,48,0.01,581,1,14,1,1,1,0,0,0.002426742,0.11705869300000001,0,0.11705869300000001,PREFIX_ASTAR,0.020730984925656053,0.020730984925656053,8181,3928,4253,3928,1,3928,64,2807,1,1,2571,536870912,0,0,0,0
random_linear,"RLC_n64_k48",0.75,64,48,0.01,582,0,31,1,1,1,0,0,7.7155000000000002e-05,0.022342163000000002,0,0.022342163000000002,PREFIX_ASTAR,0.0034533361877272131,0.0034533361877272131,127,65,62,65,1,65,64,497,1,1,450,536870912,0,0,0,0
random_linear,"RLC_n64_k48",0.75,64,48,0.01,583,0,25,1,1,1,0,0,7.6903999999999994e-05,0.023503976999999999,0,0.023503976999999999,PREFIX_ASTAR,0.0032719569118026281,0.0032719569118026281,127,64,63,64,1,64,64,526,1,1,469,536870912,0,0,0,0
random_linear,"RLC_n64_k48",0.75,64,48,0.01,584,2,44,1,1,1,0,0,0.0023900839999999998,1.2111363100000001,0,1.2111363100000001,PREFIX_ASTAR,0.00197342279334355,0.00197342279334355,8192,3991,4201,3991,1,3991,64,25146,1,1,22120,536870912,0,0,0,0
random_linear,"RLC_n64_k48",0.75,64,48,0.01,585,0,14,1,1,1,0,0,7.4760999999999998e-05,0.0045147820000000002,0,0.0045147820000000002,PREFIX_ASTAR,0.016559160553045529,0.016559160553045529,121,61,60,61,1,61,64,117,1,1,98,536870912,0,0,0,0
random_linear,"RLC_n64_k48",0.75,64,48,0.01,586,0,2,1,1,1,0,0,7.6256999999999999e-05,0.019361329,0,0.019361329,PREFIX_ASTAR,0.0039386242545643435,0.0039386242545643435,126,64,62,64,1,64,64,430,1,1,377,536870912,0,0,0,0
random_linear,"RLC_n64_k48",0.75,64,48,0.01,587,1,44,1,1,1,0,0,0.0024204690000000002,0.24915342700000001,0,0.24915342700000001,PREFIX_ASTAR,0.0097147730582891004,0.0097147730582891004,8189,3994,4195,3994,1,3994,64,5384,1,1,4852,536870912,0,0,0,0
random_linear,"RLC_n64_k48",0.75,64,48,0.01,588,1,41,1,1,1,0,0,0.0023657130000000002,0.16807006699999999,0,0.16807006699999999,PREFIX_ASTAR,0.01407575448875141,0.01407575448875141,8188,3996,4192,3996,1,3996,64,3728,1,1,3311,536870912,0,0,0,0
random_linear,"RLC_n64_k48",0.75,64,48,0.01,589,0,32,1,1,1,0,0,7.8285e-05,0.019493047999999999,0,0.019493047999999999,PREFIX_ASTAR,0.0040160471569146089,0.0040160471569146089,127,64,63,64,1,64,64,436,1,1,405,536870912,0,0,0,0
random_linear,"RLC_n64_k48",0.75,64,48,0.01,590,0,60,1,1,1,0,0,7.7198000000000002e-05,0.014437922000000001,0,0.014437922000000001,PREFIX_ASTAR,0.0053468913324230451,0.0053468913324230451,127,65,62,65,1,65,64,341,1,1,310,536870912,0,0,0,0
random_linear,"RLC_n64_k48",0.75,64,48,0.01,591,2,25,1,1,1,0,0,0.080793692,6.1656323249999998,0,6.1656323249999998,PREFIX_ASTAR,0.013103877711358665,0.013103877711358665,258173,120646,137527,120646,5,120646,64,126950,1,1,109212,536870912,0,0,0,0
random_linear,"RLC_n64_k48",0.75,64,48,0.01,592,1,19,1,1,1,0,0,0.002369861,0.20136736499999999,0,0.20136736499999999,PREFIX_ASTAR,0.011768843476697429,0.011768843476697429,8188,3967,4221,3967,1,3967,64,4445,1,1,3920,536870912,0,0,0,0
random_linear,"RLC_n64_k48",0.75,64,48,0.01,593,0,63,1,1,1,0,0,7.7460999999999996e-05,0.032521631000000002,0,0.032521631000000002,PREFIX_ASTAR,0.0023818301117800641,0.0023818301117800641,127,65,62,65,1,65,64,687,1,1,626,536870912,0,0,0,0
random_linear,"RLC_n64_k48",0.75,64,48,0.01,594,0,39,1,1,1,0,0,7.7820999999999999e-05,0.017366421999999999,0,0.017366421999999999,PREFIX_ASTAR,0.0044811187934970138,0.0044811187934970138,127,65,62,65,1,65,64,408,1,1,356,536870912,0,0,0,0
random_linear,"RLC_n64_k48",0.75,64,48,0.01,595,0,27,1,1,1,0,0,7.3905000000000005e-05,0.0028892879999999998,0,0.0028892879999999998,PREFIX_ASTAR,0.025578966167443332,0.025578966167443332,123,61,62,61,1,61,64,83,1,1,65,536870912,0,0,0,0
random_linear,"RLC_n64_k48",0.75,64,48,0.01,596,1,59,1,1,1,0,0,0.0023964820000000001,0.235532608,0,0.235532608,PREFIX_ASTAR,0.010174735550841436,0.010174735550841436,8188,3981,4207,3981,1,3981,64,5256,1,1,4750,536870912,0,0,0,0
random_linear,"RLC_n64_k48",0.75,64,48,0.01,597,0,16,1,1,1,0,0,8.1011000000000001e-05,0.014205506,0,0.014205506,PREFIX_ASTAR,0.0057027887637371034,0.0057027887637371034,126,65,61,65,1,65,64,335,1,1,297,536870912,0,0,0,0
random_linear,"RLC_n64_k48",0.75,64,48,0.01,598,0,28,1,1,1,0,0,7.3138000000000003e-05,0.0057513210000000002,0,0.0057513210000000002,PREFIX_ASTAR,0.012716730643273085,0.012716730643273085,125,64,61,64,1,64,64,149,1,1,128,536870912,0,0,0,0
random_linear,"RLC_n64_k48",0.75,64,48,0.01,599,1,62,1,1,1,0,0,0.0024073039999999999,1.2007035859999999,0,1.2007035859999999,PREFIX_ASTAR,0.0020049111438233016,0.0020049111438233016,8192,3967,4225,3967,2,3967,64,25466,1,1,22512,536870912,0,0,0,0
named_crc_linear,"CRC_n64_k48_CRC-16/CCITT-like",0.75,64,48,0.002,0,0,42,1,1,1,0,0,8.2591999999999998e-05,0.042535112,0,0.042535112,PREFIX_ASTAR,0.0019417369819080292,0.0019417369819080292,128,65,63,65,1,65,64,881,1,1,808,536870912,0,0,0,0
named_crc_linear,"CRC_n64_k48_CRC-16/CCITT-like",0.75,64,48,0.002,1,0,5,1,1,1,0,0,8.1636000000000002e-05,0.013342458,0,0.013342458,PREFIX_ASTAR,0.0061185127957682165,0.0061185127957682165,126,63,63,63,1,63,64,302,1,1,264,536870912,0,0,0,0
named_crc_linear,"CRC_n64_k48_CRC-16/CCITT-like",0.75,64,48,0.002,2,1,29,1,1,1,0,0,0.0026490179999999999,0.859669303,0,0.859669303,PREFIX_ASTAR,0.0030814383981790264,0.0030814383981790264,8191,3969,4222,3969,1,3969,64,17477,1,1,15509,536870912,0,0,0,0
named_crc_linear,"CRC_n64_k48_CRC-16/CCITT-like",0.75,64,48,0.002,3,0,26,1,1,1,0,0,9.3072999999999995e-05,0.020867496999999999,0,0.020867496999999999,PREFIX_ASTAR,0.0044601899307808697,0.0044601899307808697,127,65,62,65,1,65,64,455,1,1,410,536870912,0,0,0,0
named_crc_linear,"CRC_n64_k48_CRC-16/CCITT-like",0.75,64,48,0.002,4,0,2,1,1,1,0,0,8.2875999999999997e-05,0.019575596000000001,0,0.019575596000000001,PREFIX_ASTAR,0.0042336386590732661,0.0042336386590732661,127,64,63,64,1,64,64,425,1,1,377,536870912,0,0,0,0
named_crc_linear,"CRC_n64_k48_CRC-16/CCITT-like",0.75,64,48,0.002,5,2,23,1,1,1,0,0,0.089956593000000001,9.5924456399999993,0,9.5924456399999993,PREFIX_ASTAR,0.0093778579911764828,0.0093778579911764828,258174,119205,138969,119205,2,119205,64,191570,1,1,160773,536870912,0,0,0,0
named_crc_linear,"CRC_n64_k48_CRC-16/CCITT-like",0.75,64,48,0.002,6,1,40,1,1,1,0,0,0.002571163,0.56622898200000005,0,0.56622898200000005,PREFIX_ASTAR,0.0045408537565814668,0.0045408537565814668,8191,3957,4234,3957,1,3957,64,12255,1,1,10797,536870912,0,0,0,0
named_crc_linear,"CRC_n64_k48_CRC-16/CCITT-like",0.75,64,48,0.002,7,0,46,1,1,1,0,0,8.1222000000000003e-05,0.013557962999999999,0,0.013557962999999999,PREFIX_ASTAR,0.0059907229426721413,0.0059907229426721413,126,63,63,63,1,63,64,324,1,1,284,536870912,0,0,0,0
named_crc_linear,"CRC_n64_k48_CRC-16/CCITT-like",0.75,64,48,0.002,8,1,44,1,1,1,0,0,0.002442091,0.14226255400000001,0,0.14226255400000001,PREFIX_ASTAR,0.017166084337274023,0.017166084337274023,8186,3958,4228,3958,1,3958,64,3334,1,1,2992,536870912,0,0,0,0
named_crc_linear,"CRC_n64_k48_CRC-16/CCITT-like",0.75,64,48,0.002,9,0,42,1,1,1,0,0,9.4588999999999998e-05,0.018794495000000001,0,0.018794495000000001,PREFIX_ASTAR,0.0050328034884682986,0.0050328034884682986,127,64,63,64,1,64,64,430,1,1,380,536870912,0,0,0,0
named_crc_linear,"CRC_n64_k48_CRC-16/CCITT-like",0.75,64,48,0.002,10,0,46,1,1,1,0,0,8.4277999999999995e-05,0.053439014,0,0.053439014,PREFIX_ASTAR,0.0015770874814419293,0.0015770874814419293,128,65,63,65,1,65,64,1193,1,1,1100,536870912,0,0,0,0
named_crc_linear,"CRC_n64_k48_CRC-16/CCITT-like",0.75,64,48,0.002,11,0,40,1,1,1,0,0,8.5124999999999996e-05,0.034566241999999997,0,0.034566241999999997,PREFIX_ASTAR,0.002462662848914846,0.002462662848914846,128,65,63,65,1,65,64,798,1,1,698,536870912,0,0,0,0
named_crc_linear,"CRC_n64_k48_CRC-16/CCITT-like",0.75,64,48,0.002,12,1,24,1,1,1,0,0,0.0026299819999999999,0.433164463,0,0.433164463,PREFIX_ASTAR,0.0060715553205480752,0.0060715553205480752,8190,3983,4207,3983,1,3983,64,9142,1,1,8070,536870912,0,0,0,0
named_crc_linear,"CRC_n64_k48_CRC-16/CCITT-like",0.75,64,48,0.002,13,0,20,1,1,1,0,0,9.8344999999999994e-05,0.0090736800000000006,0,0.0090736800000000006,PREFIX_ASTAR,0.010838491108348541,0.010838491108348541,125,64,61,64,1,64,64,211,1,1,178,536870912,0,0,0,0
named_crc_linear,"CRC_n64_k48_CRC-16/CCITT-like",0.75,64,48,0.002,14,1,14,1,1,1,0,0,0.002615179,0.79293698000000001,0,0.79293698000000001,PREFIX_ASTAR,0.003298091860969834,0.003298091860969834,8191,3991,4200,3991,1,3991,64,16239,1,1,14260,536870912,0,0,0,0
named_crc_linear,"CRC_n64_k48_CRC-16/CCITT-like",0.75,64,48,0.002,15,0,46,1,1,1,0,0,9.0939999999999993e-05,0.023786024999999999,0,0.023786024999999999,PREFIX_ASTAR,0.0038232533599035566,0.0038232533599035566,127,65,62,65,1,65,64,564,1,1,494,536870912,0,0,0,0
named_crc_linear,"CRC_n64_k48_CRC-16/CCITT-like",0.75,64,48,0.002,16,0,47,1,1,1,0,0,8.4206e-05,0.044198556999999999,0,0.044198556999999999,PREFIX_ASTAR,0.0019051753205427046,0.0019051753205427046,128,65,63,65,1,65,64,1001,1,1,911,536870912,0,0,0,0
named_crc_linear,"CRC_n64_k48_CRC-16/CCITT-like",0.75,64,48,0.002,17,1,25,1,1,1,0,0,0.0024501560000000002,0.473182045,0,0.473182045,PREFIX_ASTAR,0.0051780409377114051,0.0051780409377114051,8191,3971,4220,3971,1,3971,64,10412,1,1,8970,536870912,0,0,0,0
named_crc_linear,"CRC_n64_k48_CRC-16/CCITT-like",0.75,64,48,0.002,18,0,42,1,1,1,0,0,7.4209999999999996e-05,0.022270971000000001,0,0.022270971000000001,PREFIX_ASTAR,0.0033321403004835303,0.0033321403004835303,127,65,62,65,1,65,64,521,1,1,460,536870912,0,0,0,0
named_crc_linear,"CRC_n64_k48_CRC-16/CCITT-like",0.75,64,48,0.002,19,0,44,1,1,1,0,0,7.3379000000000003e-05,0.012636313,0,0.012636313,PREFIX_ASTAR,0.0058069944927764934,0.0058069944927764934,126,64,62,64,1,64,64,297,1,1,263,536870912,0,0,0,0
named_crc_linear,"CRC_n64_k48_CRC-16/CCITT-like",0.75,64,48,0.002,20,0,49,1,1,1,0,0,7.6847000000000005e-05,0.054572295,0,0.054572295,PREFIX_ASTAR,0.001408168742032931,0.001408168742032931,128,65,63,65,1,65,64,1232,1,1,1131,536870912,0,0,0,0
named_crc_linear,"CRC_n64_k48_CRC-16/CCITT-like",0.75,64,48,0.002,21,0,43,1,1,1,0,0,7.3257999999999996e-05,0.021096256000000001,0,0.021096256000000001,PREFIX_ASTAR,0.0034725593015177665,0.0034725593015177665,127,65,62,65,1,65,64,490,1,1,449,536870912,0,0,0,0
named_crc_linear,"CRC_n64_k48_CRC-16/CCITT-like",0.75,64,48,0.002,22,0,62,1,1,1,0,0,7.3627000000000005e-05,0.014380519,0,0.014380519,PREFIX_ASTAR,0.005119912570610282,0.005119912570610282,126,65,61,65,1,65,64,334,1,1,295,536870912,0,0,0,0
named_crc_linear,"CRC_n64_k48_CRC-16/CCITT-like",0.75,64,48,0.002,23,0,36,1,1,1,0,0,7.4726000000000002e-05,0.039502238000000002,0,0.039502238000000002,PREFIX_ASTAR,0.0018916902885350445,0.0018916902885350445,128,65,63,65,1,65,64,909,1,1,824,536870912,0,0,0,0
named_crc_linear,"CRC_n64_k48_CRC-16/CCITT-like",0.75,64,48,0.002,24,0,28,1,1,1,0,0,7.3943000000000007e-05,0.027110565999999999,0,0.027110565999999999,PREFIX_ASTAR,0.0027274605775475143,0.0027274605775475143,127,64,63,64,1,64,64,611,1,1,560,536870912,0,0,0,0
named_crc_linear,"CRC_n64_k48_CRC-16/CCITT-like",0.75,64,48,0.002,25,1,21,1,1,1,0,0,0.002524086,0.42992982200000002,0,0.42992982200000002,PREFIX_ASTAR,0.005870925604225705,0.005870925604225705,8190,3999,4191,3999,1,3999,64,9186,1,1,7974,536870912,0,0,0,0
named_crc_linear,"CRC_n64_k48_CRC-16/CCITT-like",0.75,64,48,0.002,26,0,58,1,1,1,0,0,7.9231000000000001e-05,0.0080183059999999994,0,0.0080183059999999994,PREFIX_ASTAR,0.0098812641972007564,0.0098812641972007564,125,65,60,65,1,65,64,198,1,1,170,536870912,0,0,0,0
named_crc_linear,"CRC_n64_k48_CRC-16/CCITT-like",0.75,64,48,0.002,27,0,1,1,1,1,0,0,7.8809999999999999e-05,0.057226134999999997,0,0.057226134999999997,PREFIX_ASTAR,0.0013771679670486221,0.0013771679670486221,128,65,63,65,1,65,64,1219,1,1,1084,536870912,0,0,0,0
named_crc_linear,"CRC_n64_k48_CRC-16/CCITT-like",0.75,64,48,0.002,28,0,0,1,1,1,0,0,8.4171000000000004e-05,0.064115176999999995,0,0.064115176999999995,PREFIX_ASTAR,0.001312809290068715,0.001312809290068715,128,65,63,65,1,65,64,1294,1,1,1177,536870912,0,0,0,0
named_crc_linear,"CRC_n64_k48_CRC-16/CCITT-like",0.75,64,48,0.002,29,1,44,1,1,1,0,0,0.0026954560000000002,0.86924685899999998,0,0.86924685899999998,PREFIX_ASTAR,0.0031009096807101608,0.0031009096807101608,8191,3986,4205,3986,1,3986,64,18443,1,1,16315,536870912,0,0,0,0
named_crc_linear,"CRC_n64_k48_CRC-16/CCITT-like",0.75,64,48,0.002,30,0,36,1,1,1,0,0,8.4052000000000001e-05,0.026014674000000002,0,0.026014674000000002,PREFIX_ASTAR,0.0032309457347034216,0.0032309457347034216,127,65,62,65,1,65,64,528,1,1,474,536870912,0,0,0,0
named_crc_linear,"CRC_n64_k48_CRC-16/CCITT-like",0.75,64,48,0.002,31,0,32,1,1,1,0,0,7.9672000000000006e-05,0.0031829889999999998,0,0.0031829889999999998,PREFIX_ASTAR,0.0250305608973201,0.0250305608973201,123,61,62,61,1,61,64,88,1,1,64,536870912,0,0,0,0
named_crc_linear,"CRC_n64_k48_CRC-16/CCITT-like",0.75,64,48,0.002,32,0,50,1,1,1,0,0,8.9429e-05,0.014232035000000001,0,0.014232035000000001,PREFIX_ASTAR,0.0062836410955987671,0.0062836410955987671,126,64,62,64,1,64,64,321,1,1,279,536870912,0,0,0,0
named_crc_linear,"CRC_n64_k48_CRC-16/CCITT-like",0.75,64,48,0.002,33,0,3,1,1,1,0,0,8.1781999999999997e-05,0.020975687,0,0.020975687,PREFIX_ASTAR,0.0038988949444182684,0.0038988949444182684,127,64,63,64,1,64,64,449,1,1,400,536870912,0,0,0,0
named_crc_linear,"CRC_n64_k48_CRC-16/CCITT-like",0.75,64,48,0.002,34,0,23,1,1,1,0,0,9.2973000000000006e-05,0.028031548999999999,0,0.028031548999999999,PREFIX_ASTAR,0.0033167271633829441,0.0033167271633829441,127,65,62,65,1,65,64,610,1,1,539,536870912,0,0,0,0
named_crc_linear,"CRC_n64_k48_CRC-16/CCITT-like",0.75,64,48,0.002,35,0,32,1,1,1,0,0,8.6791000000000003e-05,0.0086743540000000004,0,0.0086743540000000004,PREFIX_ASTAR,0.010005471300802342,0.010005471300802342,126,64,62,64,1,64,64,203,1,1,176,536870912,0,0,0,0
named_crc_linear,"CRC_n64_k48_CRC-16/CCITT-like",0.75,64,48,0.002,36,0,6,1,1,1,0,0,9.3846999999999998e-05,0.015931714999999999,0,0.015931714999999999,PREFIX_ASTAR,0.0058905773797736155,0.0058905773797736155,127,65,62,65,1,65,64,354,1,1,320,536870912,0,0,0,0
named_crc_linear,"CRC_n64_k48_CRC-16/CCITT-like",0.75,64,48,0.002,37,0,11,1,1,1,0,0,8.0582999999999997e-05,0.010194877999999999,0,0.010194877999999999,PREFIX_ASTAR,0.0079042632977069475,0.0079042632977069475,125,64,61,64,1,64,64,225,1,1,198,536870912,0,0,0,0
named_crc_linear,"CRC_n64_k48_CRC-16/CCITT-like",0.75,64,48,0.002,38,0,53,1,1,1,0,0,7.9821999999999996e-05,0.0046708440000000004,0,0.0046708440000000004,PREFIX_ASTAR,0.017089416816318419,0.017089416816318419,124,65,59,65,1,65,64,116,1,1,97,536870912,0,0,0,0
named_crc_linear,"CRC_n64_k48_CRC-16/CCITT-like",0.75,64,48,0.002,39,0,22,1,1,1,0,0,8.4839999999999994e-05,0.061764645,0,0.061764645,PREFIX_ASTAR,0.0013736013539784773,0.0013736013539784773,128,65,63,65,1,65,64,1261,1,1,1141,536870912,0,0,0,0
named_crc_linear,"CRC_n64_k48_CRC-16/CCITT-like",0.75,64,48,0.002,40,0,36,1,1,1,0,0,8.2675000000000004e-05,0.045357858000000001,0,0.045357858000000001,PREFIX_ASTAR,0.0018227271667017432,0.0018227271667017432,128,65,63,65,1,65,64,954,1,1,859,536870912,0,0,0,0
named_crc_linear,"CRC_n64_k48_CRC-16/CCITT-like",0.75,64,48,0.002,41,0,25,1,1,1,0,0,8.2006000000000001e-05,0.036189671999999999,0,0.036189671999999999,PREFIX_ASTAR,0.0022660056161879555,0.0022660056161879555,128,65,63,65,1,65,64,786,1,1,706,536870912,0,0,0,0
named_crc_linear,"CRC_n64_k48_CRC-16/CCITT-like",0.75,64,48,0.002,42,0,54,1,1,1,0,0,7.7367000000000007e-05,0.013986169999999999,0,0.013986169999999999,PREFIX_ASTAR,0.005531678794123052,0.005531678794123052,127,65,62,65,1,65,64,331,1,1,296,536870912,0,0,0,0
named_crc_linear,"CRC_n64_k48_CRC-16/CCITT-like",0.75,64,48,0.002,43,1,41,1,1,1,0,0,0.0025007889999999998,0.82996869500000003,0,0.82996869500000003,PREFIX_ASTAR,0.0030131124403433066,0.0030131124403433066,8191,3971,4220,3971,1,3971,64,18164,1,1,15594,536870912,0,0,0,0
named_crc_linear,"CRC_n64_k48_CRC-16/CCITT-like",0.75,64,48,0.002,44,0,1,1,1,1,0,0,0.000108006,0.020769075000000001,0,0.020769075000000001,PREFIX_ASTAR,0.0052003278913480737,0.0052003278913480737,127,64,63,64,2,64,64,487,1,1,435,536870912,0,0,0,0
named_crc_linear,"CRC_n64_k48_CRC-16/CCITT-like",0.75,64,48,0.002,45,1,44,1,1,1,0,0,0.002440453,1.64704001,0,1.64704001,PREFIX_ASTAR,0.0014817205320956351,0.0014817205320956351,8192,4004,4188,4004,1,4004,64,34228,1,1,30229,536870912,0,0,0,0
named_crc_linear,"CRC_n64_k48_CRC-16/CCITT-like",0.75,64,48,0.002,46,0,0,1,1,1,0,0,0.000117407,0.054356491,0,0.054356491,PREFIX_ASTAR,0.002159944430555681,0.002159944430555681,128,65,63,65,2,65,64,1193,1,1,1099,536870912,0,0,0,0
named_crc_linear,"CRC_n64_k48_CRC-16/CCITT-like",0.75,64,48,0.002,47,0,40,1,1,1,0,0,8.3139999999999993e-05,0.039873158999999998,0,0.039873158999999998,PREFIX_ASTAR,0.0020851119420961855,0.0020851119420961855,128,65,63,65,1,65,64,851,1,1,761,536870912,0,0,0,0
named_crc_linear,"CRC_n64_k48_CRC-16/CCITT-like",0.75,64,48,0.002,48,0,5,1,1,1,0,0,8.1094999999999995e-05,0.0062550369999999998,0,0.0062550369999999998,PREFIX_ASTAR,0.01296475144751342,0.01296475144751342,125,64,61,64,1,64,64,147,1,1,125,536870912,0,0,0,0
named_crc_linear,"CRC_n64_k48_CRC-16/CCITT-like",0.75,64,48,0.002,49,0,8,1,1,1,0,0,8.2591999999999998e-05,0.024192989000000002,0,0.024192989000000002,PREFIX_ASTAR,0.0034138816001611041,0.0034138816001611041,127,65,62,65,1,65,64,510,1,1,466,536870912,0,0,0,0
named_crc_linear,"CRC_n64_k48_CRC-16/CCITT-like",0.75,64,48,0.002,50,0,34,1,1,1,0,0,9.2380000000000007e-05,0.051696129,0,0.051696129,PREFIX_ASTAR,0.0017869809942636131,0.0017869809942636131,128,65,63,65,1,65,64,1134,1,1,1022,536870912,0,0,0,0
named_crc_linear,"CRC_n64_k48_CRC-16/CCITT-like",0.75,64,48,0.002,51,0,14,1,1,1,0,0,8.1155999999999993e-05,0.008360948,0,0.008360948,PREFIX_ASTAR,0.0097065548069429439,0.0097065548069429439,125,64,61,64,1,64,64,201,1,1,173,536870912,0,0,0,0
named_crc_linear,"CRC_n64_k48_CRC-16/CCITT-like",0.75,64,48,0.002,52,0,32,1,1,1,0,0,8.2087000000000002e-05,0.007034991,0,0.007034991,PREFIX_ASTAR,0.011668387351170741,0.011668387351170741,124,63,61,63,1,63,64,168,1,1,145,536870912,0,0,0,0
named_crc_linear,"CRC_n64_k48_CRC-16/CCITT-like",0.75,64,48,0.002,53,0,62,1,1,1,0,0,7.5860999999999998e-05,0.045348183,0,0.045348183,PREFIX_ASTAR,0.0016728564405766818,0.0016728564405766818,128,65,63,65,1,65,64,979,1,1,857,536870912,0,0,0,0
named_crc_linear,"CRC_n64_k48_CRC-16/CCITT-like",0.75,64,48,0.002,54,0,45,1,1,1,0,0,7.2014000000000005e-05,0.0021725099999999999,0,0.0021725099999999999,PREFIX_ASTAR,0.033147833611813067,0.033147833611813067,120,59,61,59,1,59,64,66,1,1,49,536870912,0,0,0,0
named_crc_linear,"CRC_n64_k48_CRC-16/CCITT-like",0.75,64,48,0.002,55,0,10,1,1,1,0,0,7.3862999999999994e-05,0.013609866999999999,0,0.013609866999999999,PREFIX_ASTAR,0.0054271654528291859,0.0054271654528291859,126,63,63,63,1,63,64,318,1,1,288,536870912,0,0,0,0
named_crc_linear,"CRC_n64_k48_CRC-16/CCITT-like",0.75,64,48,0.002,56,0,6,1,1,1,0,0,8.7052000000000006e-05,0.0070823860000000004,0,0.0070823860000000004,PREFIX_ASTAR,0.01229133797564832,0.01229133797564832,125,65,60,65,1,65,64,183,1,1,156,536870912,0,0,0,0
named_crc_linear,"CRC_n64_k48_CRC-16/CCITT-like",0.75,64,48,0.002,57,1,9,1,1,1,0,0,0.0026140719999999998,0.15479980500000001,0,0.15479980500000001,PREFIX_ASTAR,0.016886791297960613,0.016886791297960613,8187,3995,4192,3995,1,3995,64,3584,1,1,3011,536870912,0,0,0,0
named_crc_linear,"CRC_n64_k48_CRC-16/CCITT-like",0.75,64,48,0.002,58,0,55,1,1,1,0,0,7.5906000000000001e-05,0.003848977,0,0.003848977,PREFIX_ASTAR,0.019721084329680328,0.019721084329680328,124,65,59,65,1,65,64,102,1,1,83,536870912,0,0,0,0
named_crc_linear,"CRC_n64_k48_CRC-16/CCITT-like",0.75,64,48,0.002,59,0,57,1,1,1,0,0,7.6052999999999998e-05,0.046942767000000003,0,0.046942767000000003,PREFIX_ASTAR,0.0016201217963994325,0.0016201217963994325,128,65,63,65,1,65,64,1058,1,1,957,536870912,0,0,0,0
named_crc_linear,"CRC_n64_k48_CRC-16/CCITT-like",0.75,64,48,0.002,60,0,6,1,1,1,0,0,7.7936999999999996e-05,0.036794335999999997,0,0.036794335999999997,PREFIX_ASTAR,0.0021181792762886113,0.0021181792762886113,127,64,63,64,1,64,64,814,1,1,741,536870912,0,0,0,0
named_crc_linear,"CRC_n64_k48_CRC-16/CCITT-like",0.75,64,48,0.002,61,0,8,1,1,1,0,0,7.5694999999999999e-05,0.039267109000000001,0,0.039267109000000001,PREFIX_ASTAR,0.0019276947533876253,0.0019276947533876253,128,65,63,65,1,65,64,892,1,1,760,536870912,0,0,0,0
named_crc_linear,"CRC_n64_k48_CRC-16/CCITT-like",0.75,64,48,0.002,62,2,17,1,1,1,0,0,0.082635009999999995,3.5591519489999999,0,3.5591519489999999,PREFIX_ASTAR,0.023217612280705693,0.023217612280705693,258171,118485,139686,118485,3,118485,64,79312,1,1,66273,536870912,0,0,0,0
named_crc_linear,"CRC_n64_k48_CRC-16/CCITT-like",0.75,64,48,0.002,63,0,36,1,1,1,0,0,8.3378e-05,0.024300767000000001,0,0.024300767000000001,PREFIX_ASTAR,0.003431085117601432,0.003431085117601432,127,64,63,64,1,64,64,548,1,1,482,536870912,0,0,0,0
named_crc_linear,"CRC_n64_k48_CRC-16/CCITT-like",0.75,64,48,0.002,64,0,60,1,1,1,0,0,7.8268000000000003e-05,0.022443364,0,0.022443364,PREFIX_ASTAR,0.0034873559952955358,0.0034873559952955358,127,64,63,64,1,64,64,534,1,1,472,536870912,0,0,0,0
named_crc_linear,"CRC_n64_k48_CRC-16/CCITT-like",0.75,64,48,0.002,65,0,47,1,1,1,0,0,7.6948999999999998e-05,0.0035271130000000001,0,0.0035271130000000001,PREFIX_ASTAR,0.021816426068572228,0.021816426068572228,124,63,61,63,1,63,64,99,1,1,79,536870912,0,0,0,0
named_crc_linear,"CRC_n64_k48_CRC-16/CCITT-like",0.75,64,48,0.002,66,0,11,1,1,1,0,0,7.5281e-05,0.041723817000000003,0,0.041723817000000003,PREFIX_ASTAR,0.0018042692498627341,0.0018042692498627341,128,65,63,65,1,65,64,956,1,1,859,536870912,0,0,0,0
named_crc_linear,"CRC_n64_k48_CRC-16/CCITT-like",0.75,64,48,0.002,67,0,22,1,1,1,0,0,7.6224999999999996e-05,0.027158589,0,0.027158589,PREFIX_ASTAR,0.0028066627467281161,0.0028066627467281161,127,64,63,64,1,64,64,612,1,1,560,536870912,0,0,0,0
named_crc_linear,"CRC_n64_k48_CRC-16/CCITT-like",0.75,64,48,0.002,68,2,60,1,1,1,0,0,0.080320609000000001,23.574883574000001,0,23.574883574000001,PREFIX_ASTAR,0.0034070415978038203,0.0034070415978038203,258176,120665,137511,120665,2,120665,64,480597,1,1,399162,536870912,0,0,0,0
named_crc_linear,"CRC_n64_k48_CRC-16/CCITT-like",0.75,64,48,0.002,69,0,23,1,1,1,0,0,8.4580000000000007e-05,0.020362114000000001,0,0.020362114000000001,PREFIX_ASTAR,0.0041537926759471046,0.0041537926759471046,127,64,63,64,1,64,64,429,1,1,386,536870912,0,0,0,0
named_crc_linear,"CRC_n64_k48_CRC-16/CCITT-like",0.75,64,48,0.002,70,0,6,1,1,1,0,0,8.4073000000000006e-05,0.040486835999999998,0,0.040486835999999998,PREFIX_ASTAR,0.0020765514993564826,0.0020765514993564826,128,65,63,65,1,65,64,853,1,1,748,536870912,0,0,0,0
named_crc_linear,"CRC_n64_k48_CRC-16/CCITT-like",0.75,64,48,0.002,71,0,14,1,1,1,0,0,8.2020000000000004e-05,0.012192662999999999,0,0.012192662999999999,PREFIX_ASTAR,0.0067269963911903421,0.0067269963911903421,126,65,61,65,1,65,64,283,1,1,243,536870912,0,0,0,0
named_crc_linear,"CRC_n64_k48_CRC-16/CCITT-like",0.75,64,48,0.002,72,0,23,1,1,1,0,0,8.0723999999999995e-05,0.010929418999999999,0,0.010929418999999999,PREFIX_ASTAR,0.0073859369834755172,0.0073859369834755172,126,64,62,64,1,64,64,260,1,1,224,536870912,0,0,0,0
named_crc_linear,"CRC_n64_k48_CRC-16/CCITT-like",0.75,64,48,0.002,73,0,9,1,1,1,0,0,8.3170999999999994e-05,0.020621250000000001,0,0.020621250000000001,PREFIX_ASTAR,0.0040332666545432501,0.0040332666545432501,127,64,63,64,1,64,64,458,1,1,414,536870912,0,0,0,0
named_crc_linear,"CRC_n64_k48_CRC-16/CCITT-like",0.75,64,48,0.002,74,0,43,1,1,1,0,0,7.8224000000000002e-05,0.0035248190000000002,0,0.0035248190000000002,PREFIX_ASTAR,0.022192345195597277,0.022192345195597277,121,63,58,63,1,63,64,92,1,1,74,536870912,0,0,0,0
named_crc_linear,"CRC_n64_k48_CRC-16/CCITT-like",0.75,64,48,0.002,75,0,53,1,1,1,0,0,7.6453999999999997e-05,0.0086288230000000007,0,0.0086288230000000007,PREFIX_ASTAR,0.0088603045861527108,0.0088603045861527108,126,64,62,64,1,64,64,206,1,1,169,536870912,0,0,0,0
named_crc_linear,"CRC_n64_k48_CRC-16/CCITT-like",0.75,64,48,0.002,76,0,58,1,1,1,0,0,8.1118999999999994e-05,0.014219594,0,0.014219594,PREFIX_ASTAR,0.0057047339044982576,0.0057047339044982576,126,65,61,65,1,65,64,326,1,1,296,536870912,0,0,0,0
named_crc_linear,"CRC_n64_k48_CRC-16/CCITT-like",0.75,64,48,0.002,77,0,49,1,1,1,0,0,7.9336000000000001e-05,0.0023146730000000002,0,0.0023146730000000002,PREFIX_ASTAR,0.034275251839028666,0.034275251839028666,123,63,60,63,1,63,64,66,1,1,49,536870912,0,0,0,0
named_crc_linear,"CRC_n64_k48_CRC-16/CCITT-like",0.75,64,48,0.002,78,0,54,1,1,1,0,0,8.3151000000000004e-05,0.010420426999999999,0,0.010420426999999999,PREFIX_ASTAR,0.0079796154226693412,0.0079796154226693412,126,64,62,64,1,64,64,241,1,1,207,536870912,0,0,0,0
named_crc_linear,"CRC_n64_k48_CRC-16/CCITT-like",0.75,64,48,0.002,79,0,61,1,1,1,0,0,8.1510999999999999e-05,0.013177133000000001,0,0.013177133000000001,PREFIX_ASTAR,0.0061857917044625711,0.0061857917044625711,126,63,63,63,1,63,64,305,1,1,268,536870912,0,0,0,0
named_crc_linear,"CRC_n64_k48_CRC-16/CCITT-like",0.75,64,48,0.002,80,0,0,1,1,1,0,0,7.3746999999999997e-05,0.0095272059999999999,0,0.0095272059999999999,PREFIX_ASTAR,0.0077406744432732951,0.0077406744432732951,125,64,61,64,1,64,64,230,1,1,201,536870912,0,0,0,0
named_crc_linear,"CRC_n64_k48_CRC-16/CCITT-like",0.75,64,48,0.002,81,0,30,1,1,1,0,0,7.1833000000000002e-05,0.0025455529999999999,0,0.0025455529999999999,PREFIX_ASTAR,0.028219015671643845,0.028219015671643845,120,61,59,61,1,61,64,79,1,1,58,536870912,0,0,0,0
named_crc_linear,"CRC_n64_k48_CRC-16/CCITT-like",0.75,64,48,0.002,82,0,43,1,1,1,0,0,7.4145000000000002e-05,0.046530638999999999,0,0.046530638999999999,PREFIX_ASTAR,0.0015934661890200992,0.0015934661890200992,128,65,63,65,1,65,64,1077,1,1,977,536870912,0,0,0,0
named_crc_linear,"CRC_n64_k48_CRC-16/CCITT-like",0.75,64,48,0.002,83,0,19,1,1,1,0,0,7.9091000000000006e-05,0.0034602959999999999,0,0.0034602959999999999,PREFIX_ASTAR,0.022856715148068259,0.022856715148068259,124,63,61,63,1,63,64,97,1,1,79,536870912,0,0,0,0
named_crc_linear,"CRC_n64_k48_CRC-16/CCITT-like",0.75,64,48,0.002,84,0,6,1,1,1,0,0,7.5203000000000005e-05,0.0065144629999999999,0,0.0065144629999999999,PREFIX_ASTAR,0.011544006006327767,0.011544006006327767,125,63,62,63,1,63,64,165,1,1,144,536870912,0,0,0,0
named_crc_linear,"CRC_n64_k48_CRC-16/CCITT-like",0.75,64,48,0.002,85,0,7,1,1,1,0,0,7.8455999999999996e-05,0.039045707999999998,0,0.039045707999999998,PREFIX_ASTAR,0.0020093373643013464,0.0020093373643013464,128,65,63,65,1,65,64,896,1,1,687,536870912,0,0,0,0
named_crc_linear,"CRC_n64_k48_CRC-16/CCITT-like",0.75,64,48,0.002,86,0,39,1,1,1,0,0,7.3968999999999996e-05,0.004233896,0,0.004233896,PREFIX_ASTAR,0.017470670040076561,0.017470670040076561,125,64,61,64,1,64,64,116,1,1,93,536870912,0,0,0,0
named_crc_linear,"CRC_n64_k48_CRC-16/CCITT-like",0.75,64,48,0.002,87,0,48,1,1,1,0,0,7.7349999999999996e-05,0.028225848000000001,0,0.028225848000000001,PREFIX_ASTAR,0.0027403959661371374,0.0027403959661371374,128,65,63,65,1,65,64,662,1,1,585,536870912,0,0,0,0
named_crc_linear,"CRC_n64_k48_CRC-16/CCITT-like",0.75,64,48,0.002,88,0,41,1,1,1,0,0,7.6656000000000006e-05,0.016144782,0,0.016144782,PREFIX_ASTAR,0.004748035619186435,0.004748035619186435,127,65,62,65,1,65,64,388,1,1,331,536870912,0,0,0,0
named_crc_linear,"CRC_n64_k48_CRC-16/CCITT-like",0.75,64,48,0.002,89,0,51,1,1,1,0,0,7.3110999999999998e-05,0.018086656,0,0.018086656,PREFIX_ASTAR,0.0040422618752742352,0.0040422618752742352,127,64,63,64,1,64,64,426,1,1,380,536870912,0,0,0,0
named_crc_linear,"CRC_n64_k48_CRC-16/CCITT-like",0.75,64,48,0.002,90,0,31,1,1,1,0,0,7.3435000000000004e-05,0.011595315,0,0.011595315,PREFIX_ASTAR,0.0063331612810863698,0.0063331612810863698,126,65,61,65,1,65,64,282,1,1,246,536870912,0,0,0,0
named_crc_linear,"CRC_n64_k48_CRC-16/CCITT-like",0.75,64,48,0.002,91,0,45,1,1,1,0,0,7.7389000000000001e-05,0.01238245,0,0.01238245,PREFIX_ASTAR,0.0062498940032061513,0.0062498940032061513,126,65,61,65,1,65,64,301,1,1,264,536870912,0,0,0,0
named_crc_linear,"CRC_n64_k48_CRC-16/CCITT-like",0.75,64,48,0.002,92,0,27,1,1,1,0,0,8.2354000000000005e-05,0.0040214090000000001,0,0.0040214090000000001,PREFIX_ASTAR,0.020478891851090003,0.020478891851090003,124,64,60,64,1,64,64,112,1,1,88,536870912,0,0,0,0
named_crc_linear,"CRC_n64_k48_CRC-16/CCITT-like",0.75,64,48,0.002,93,0,34,1,1,1,0,0,8.1197000000000002e-05,0.015435232,0,0.015435232,PREFIX_ASTAR,0.0052604975422462065,0.0052604975422462065,126,63,63,63,1,63,64,351,1,1,318,536870912,0,0,0,0
named_crc_linear,"CRC_n64_k48_CRC-16/CCITT-like",0.75,64,48,0.002,94,0,6,1,1,1,0,0,7.4389999999999998e-05,0.042791232999999998,0,0.042791232999999998,PREFIX_ASTAR,0.0017384402080678535,0.0017384402080678535,128,65,63,65,1,65,64,988,1,1,881,536870912,0,0,0,0
named_crc_linear,"CRC_n64_k48_CRC-16/CCITT-like",0.75,64,48,0.002,95,0,61,1,1,1,0,0,7.8495e-05,0.037915450000000003,0,0.037915450000000003,PREFIX_ASTAR,0.0020702642326544981,0.0020702642326544981,128,65,63,65,1,65,64,861,1,1,776,536870912,0,0,0,0
named_crc_linear,"CRC_n64_k48_CRC-16/CCITT-like",0.75,64,48,0.002,96,0,18,1,1,1,0,0,7.4164000000000003e-05,0.0047795900000000002,0,0.0047795900000000002,PREFIX_ASTAR,0.015516812111499103,0.015516812111499103,123,63,60,63,1,63,64,129,1,1,106,536870912,0,0,0,0
named_crc_linear,"CRC_n64_k48_CRC-16/CCITT-like",0.75,64,48,0.002,97,0,61,1,1,1,0,0,7.8502000000000002e-05,0.013163617000000001,0,0.013163617000000001,PREFIX_ASTAR,0.0059635584961185055,0.0059635584961185055,127,64,63,64,1,64,64,315,1,1,277,536870912,0,0,0,0
named_crc_linear,"CRC_n64_k48_CRC-16/CCITT-like",0.75,64,48,0.002,98,0,52,1,1,1,0,0,7.8219000000000004e-05,0.027283728,0,0.027283728,PREFIX_ASTAR,0.0028668736178575011,0.0028668736178575011,127,64,63,64,1,64,64,636,1,1,562,536870912,0,0,0,0
named_crc_linear,"CRC_n64_k48_CRC-16/CCITT-like",0.75,64,48,0.002,99,0,23,1,1,1,0,0,7.5512000000000005e-05,0.027027520999999999,0,0.027027520999999999,PREFIX_ASTAR,0.0027938929360188085,0.0027938929360188085,127,65,62,65,1,65,64,626,1,1,562,536870912,0,0,0,0
named_crc_linear,"CRC_n64_k48_CRC-16/CCITT-like",0.75,64,48,0.002,100,0,4,1,1,1,0,0,7.9134000000000005e-05,0.00410896,0,0.00410896,PREFIX_ASTAR,0.01925888789377361,0.01925888789377361,124,65,59,65,1,65,64,111,1,1,92,536870912,0,0,0,0
named_crc_linear,"CRC_n64_k48_CRC-16/CCITT-like",0.75,64,48,0.002,101,0,38,1,1,1,0,0,8.3033000000000003e-05,0.024748653999999998,0,0.024748653999999998,PREFIX_ASTAR,0.0033550511474280584,0.0033550511474280584,127,65,62,65,1,65,64,563,1,1,506,536870912,0,0,0,0
named_crc_linear,"CRC_n64_k48_CRC-16/CCITT-like",0.75,64,48,0.002,102,1,2,1,1,1,0,0,0.0026744770000000002,1.4232598240000001,0,1.4232598240000001,PREFIX_ASTAR,0.0018791207022787429,0.0018791207022787429,8192,3947,4245,3947,1,3947,64,30743,1,1,24847,536870912,0,0,0,0
named_crc_linear,"CRC_n64_k48_CRC-16/CCITT-like",0.75,64,48,0.002,103,0,41,1,1,1,0,0,9.1057999999999995e-05,0.0025707630000000002,0,0.0025707630000000002,PREFIX_ASTAR,0.035420612479641254,0.035420612479641254,124,64,60,64,1,64,64,72,1,1,54,536870912,0,0,0,0
named_crc_linear,"CRC_n64_k48_CRC-16/CCITT-like",0.75,64,48,0.002,104,0,0,1,1,1,0,0,8.4599999999999996e-05,0.061144049999999998,0,0.061144049999999998,PREFIX_ASTAR,0.0013836178663336825,0.0013836178663336825,128,65,63,65,1,65,64,1275,1,1,1177,536870912,0,0,0,0
named_crc_linear,"CRC_n64_k48_CRC-16/CCITT-like",0.75,64,48,0.002,105,0,39,1,1,1,0,0,7.8131000000000001e-05,0.025195354999999999,0,0.025195354999999999,PREFIX_ASTAR,0.0031010081024855575,0.0031010081024855575,127,64,63,64,1,64,64,512,1,1,453,536870912,0,0,0,0
named_crc_linear,"CRC_n64_k48_CRC-16/CCITT-like",0.75,64,48,0.002,106,0,10,1,1,1,0,0,8.4568999999999996e-05,0.023316495999999999,0,0.023316495999999999,PREFIX_ASTAR,0.003627002959621377,0.003627002959621377,127,64,63,64,1,64,64,488,1,1,445,536870912,0,0,0,0
named_crc_linear,"CRC_n64_k48_CRC-16/CCITT-like",0.75,64,48,0.002,107,0,2,1,1,1,0,0,7.8829e-05,0.031759543000000001,0,0.031759543000000001,PREFIX_ASTAR,0.0024820571253182074,0.0024820571253182074,127,65,62,65,1,65,64,666,1,1,606,536870912,0,0,0,0
named_crc_linear,"CRC_n64_k48_CRC-16/CCITT-like",0.75,64,48,0.002,108,0,63,1,1,1,0,0,8.4390999999999999e-05,0.025041164000000001,0,0.025041164000000001,PREFIX_ASTAR,0.0033700909430568003,0.0033700909430568003,127,64,63,64,1,64,64,551,1,1,501,536870912,0,0,0,0
named_crc_linear,"CRC_n64_k48_CRC-16/CCITT-like",0.75,64,48,0.002,109,1,11,1,1,1,0,0,0.0024524730000000002,0.24862061999999999,0,0.24862061999999999,PREFIX_ASTAR,0.0098643185750240687,0.0098643185750240687,8189,3976,4213,3976,1,3976,64,5611,1,1,4690,536870912,0,0,0,0
named_crc_linear,"CRC_n64_k48_CRC-16/CCITT-like",0.75,64,48,0.002,110,0,2,1,1,1,0,0,9.9254999999999998e-05,0.0082818330000000006,0,0.0082818330000000006,PREFIX_ASTAR,0.011984665713496033,0.011984665713496033,124,64,60,64,2,64,64,202,1,1,165,536870912,0,0,0,0
named_crc_linear,"CRC_n64_k48_CRC-16/CCITT-like",0.75,64,48,0.002,111,0,8,1,1,1,0,0,7.5501999999999996e-05,0.026372479000000001,0,0.026372479000000001,PREFIX_ASTAR,0.0028629087163174914,0.0028629087163174914,127,64,63,64,1,64,64,607,1,1,542,536870912,0,0,0,0
named_crc_linear,"CRC_n64_k48_CRC-16/CCITT-like",0.75,64,48,0.002,112,0,39,1,1,1,0,0,8.4259999999999996e-05,0.053356409,0,0.053356409,PREFIX_ASTAR,0.0015791917330868349,0.0015791917330868349,128,65,63,65,1,65,64,1198,1,1,1078,536870912,0,0,0,0
named_crc_linear,"CRC_n64_k48_CRC-16/CCITT-like",0.75,64,48,0.002,113,1,32,1,1,1,0,0,0.002531012,0.14981976799999999,0,0.14981976799999999,PREFIX_ASTAR,0.016893711916574322,0.016893711916574322,8188,3975,4213,3975,1,3975,64,3577,1,1,3242,536870912,0,0,0,0
named_crc_linear,"CRC_n64_k48_CRC-16/CCITT-like",0.75,64,48,0.002,114,1,39,1,1,1,0,0,0.0024777250000000001,0.12237776,0,0.12237776,PREFIX_ASTAR,0.020246530088473592,0.020246530088473592,8187,3961,4226,3961,1,3961,64,3013,1,1,2634,536870912,0,0,0,0
named_crc_linear,"CRC_n64_k48_CRC-16/CCITT-like",0.75,64,48,0.002,115,0,1,1,1,1,0,0,0.000124623,0.019459378999999999,0,0.019459378999999999,PREFIX_ASTAR,0.0064042639798525952,0.0064042639798525952,126,64,62,64,2,64,64,433,1,1,367,536870912,0,0,0,0
named_crc_linear,"CRC_n64_k48_CRC-16/CCITT-like",0.75,64,48,0.002,116,0,12,1,1,1,0,0,8.9635000000000005e-05,0.014911453,0,0.014911453,PREFIX_ASTAR,0.0060111512942434249,0.0060111512942434249,126,63,63,63,1,63,64,331,1,1,294,536870912,0,0,0,0
named_crc_linear,"CRC_n64_k48_CRC-16/CCITT-like",0.75,64,48,0.002,117,0,53,1,1,1,0,0,8.2823000000000003e-05,0.014504499000000001,0,0.014504499000000001,PREFIX_ASTAR,0.0057101593098803343,0.0057101593098803343,126,64,62,64,1,64,64,324,1,1,286,536870912,0,0,0,0
named_crc_linear,"CRC_n64_k48_CRC-16/CCITT-like",0.75,64,48,0.002,118,0,55,1,1,1,0,0,7.9758000000000004e-05,0.006242348,0,0.006242348,PREFIX_ASTAR,0.012776923042419296,0.012776923042419296,125,65,60,65,1,65,64,150,1,1,126,536870912,0,0,0,0
named_crc_linear,"CRC_n64_k48_CRC-16/CCITT-like",0.75,64,48,0.002,119,0,35,1,1,1,0,0,7.8020000000000002e-05,0.044357750000000001,0,0.044357750000000001,PREFIX_ASTAR,0.0017588809170888966,0.0017588809170888966,128,65,63,65,1,65,64,947,1,1,867,536870912,0,0,0,0
named_crc_linear,"CRC_n64_k48_CRC-16/CCITT-like",0.75,64,48,0.002,120,0,33,1,1,1,0,0,7.5678000000000003e-05,0.047857169999999997,0,0.047857169999999997,PREFIX_ASTAR,0.0015813304464095978,0.0015813304464095978,128,65,63,65,1,65,64,1055,1,1,946,536870912,0,0,0,0
named_crc_linear,"CRC_n64_k48_CRC-16/CCITT-like",0.75,64,48,0.002,121,1,34,1,1,1,0,0,0.0024798649999999999,0.42766345300000003,0,0.42766345300000003,PREFIX_ASTAR,0.0057986367144634166,0.0057986367144634166,8190,3987,4203,3987,1,3987,64,9126,1,1,7961,536870912,0,0,0,0
named_crc_linear,"CRC_n64_k48_CRC-16/CCITT-like",0.75,64,48,0.002,122,0,21,1,1,1,0,0,8.4202000000000005e-05,0.02587157,0,0.02587157,PREFIX_ASTAR,0.003254615007902497,0.003254615007902497,127,64,63,64,1,64,64,572,1,1,526,536870912,0,0,0,0
named_crc_linear,"CRC_n64_k48_CRC-16/CCITT-like",0.75,64,48,0.002,123,0,51,1,1,1,0,0,7.4399000000000004e-05,0.0065516740000000004,0,0.0065516740000000004,PREFIX_ASTAR,0.011355723743275382,0.011355723743275382,125,65,60,65,1,65,64,164,1,1,140,536870912,0,0,0,0
named_crc_linear,"CRC_n64_k48_CRC-16/CCITT-like",0.75,64,48,0.002,124,0,37,1,1,1,0,0,8.1749000000000006e-05,0.0090794980000000001,0,0.0090794980000000001,PREFIX_ASTAR,0.0090036916137874595,0.0090036916137874595,125,63,62,63,1,63,64,230,1,1,190,536870912,0,0,0,0
named_crc_linear,"CRC_n64_k48_CRC-16/CCITT-like",0.75,64,48,0.002,125,0,51,1,1,1,0,0,9.1291000000000004e-05,0.036419159999999999,0,0.036419159999999999,PREFIX_ASTAR,0.0025066750578541627,0.0025066750578541627,128,65,63,65,1,65,64,819,1,1,747,536870912,0,0,0,0
named_crc_linear,"CRC_n64_k48_CRC-16/CCITT-like",0.75,64,48,0.002,126,0,52,1,1,1,0,0,7.9546e-05,0.002487178,0,0.002487178,PREFIX_ASTAR,0.031982431494649757,0.031982431494649757,122,61,61,61,1,61,64,66,1,1,49,536870912,0,0,0,0
named_crc_linear,"CRC_n64_k48_CRC-16/CCITT-like",0.75,64,48,0.002,127,0,14,1,1,1,0,0,8.0217999999999997e-05,0.0060977440000000004,0,0.0060977440000000004,PREFIX_ASTAR,0.013155357128800421,0.013155357128800421,123,62,61,62,1,62,64,142,1,1,122,536870912,0,0,0,0
named_crc_linear,"CRC_n64_k48_CRC-16/CCITT-like",0.75,64,48,0.002,128,0,49,1,1,1,0,0,7.9536000000000006e-05,0.024090687,0,0.024090687,PREFIX_ASTAR,0.003301524775943501,0.003301524775943501,128,65,63,65,1,65,64,555,1,1,491,536870912,0,0,0,0
named_crc_linear,"CRC_n64_k48_CRC-16/CCITT-like",0.75,64,48,0.002,129,0,20,1,1,1,0,0,8.2818000000000006e-05,0.058284655999999997,0,0.058284655999999997,PREFIX_ASTAR,0.0014209228583248396,0.0014209228583248396,128,65,63,65,1,65,64,1208,1,1,1100,536870912,0,0,0,0
named_crc_linear,"CRC_n64_k48_CRC-16/CCITT-like",0.75,64,48,0.002,130,1,48,1,1,1,0,0,0.0025989099999999998,0.468808171,0,0.468808171,PREFIX_ASTAR,0.0055436533762974879,0.0055436533762974879,8190,4004,4186,4004,2,4004,64,10142,1,1,9060,536870912,0,0,0,0
named_crc_linear,"CRC_n64_k48_CRC-16/CCITT-like",0.75,64,48,0.002,131,0,61,1,1,1,0,0,8.4339999999999995e-05,0.012957616,0,0.012957616,PREFIX_ASTAR,0.00650891336801461,0.00650891336801461,126,64,62,64,1,64,64,306,1,1,270,536870912,0,0,0,0
named_crc_linear,"CRC_n64_k48_CRC-16/CCITT-like",0.75,64,48,0.002,132,0,26,1,1,1,0,0,7.5228999999999994e-05,0.0064047820000000004,0,0.0064047820000000004,PREFIX_ASTAR,0.011745754968709316,0.011745754968709316,124,62,62,62,1,62,64,173,1,1,142,536870912,0,0,0,0
named_crc_linear,"CRC_n64_k48_CRC-16/CCITT-like",0.75,64,48,0.002,133,0,35,1,1,1,0,0,8.4579000000000005e-05,0.05873221,0,0.05873221,PREFIX_ASTAR,0.0014400786212539934,0.0014400786212539934,128,65,63,65,1,65,64,1225,1,1,1111,536870912,0,0,0,0
named_crc_linear,"CRC_n64_k48_CRC-16/CCITT-like",0.75,64,48,0.002,134,0,53,1,1,1,0,0,9.5780999999999997e-05,0.036384420000000001,0,0.036384420000000001,PREFIX_ASTAR,0.0026324729101082273,0.0026324729101082273,128,65,63,65,1,65,64,795,1,1,711,536870912,0,0,0,0
named_crc_linear,"CRC_n64_k48_CRC-16/CCITT-like",0.75,64,48,0.002,135,0,48,1,1,1,0,0,8.3432999999999999e-05,0.011262741999999999,0,0.011262741999999999,PREFIX_ASTAR,0.0074078763413030334,0.0074078763413030334,126,64,62,64,1,64,64,259,1,1,223,536870912,0,0,0,0
named_crc_linear,"CRC_n64_k48_CRC-16/CCITT-like",0.75,64,48,0.002,136,0,54,1,1,1,0,0,8.1915000000000004e-05,0.012986533999999999,0,0.012986533999999999,PREFIX_ASTAR,0.0063076876401355446,0.0063076876401355446,126,65,61,65,1,65,64,306,1,1,270,536870912,0,0,0,0
named_crc_linear,"CRC_n64_k48_CRC-16/CCITT-like",0.75,64,48,0.002,137,0,3,1,1,1,0,0,8.5249999999999999e-05,0.051239603000000002,0,0.051239603000000002,PREFIX_ASTAR,0.0016637521567058199,0.0016637521567058199,128,65,63,65,1,65,64,1083,1,1,883,536870912,0,0,0,0
named_crc_linear,"CRC_n64_k48_CRC-16/CCITT-like",0.75,64,48,0.002,138,0,12,1,1,1,0,0,7.6629000000000001e-05,0.0072035679999999996,0,0.0072035679999999996,PREFIX_ASTAR,0.010637645122528169,0.010637645122528169,125,63,62,63,1,63,64,174,1,1,151,536870912,0,0,0,0
named_crc_linear,"CRC_n64_k48_CRC-16/CCITT-like",0.75,64,48,0.002,139,0,52,1,1,1,0,0,8.2937999999999998e-05,0.038261269000000001,0,0.038261269000000001,PREFIX_ASTAR,0.0021676750972373653,0.0021676750972373653,128,65,63,65,1,65,64,817,1,1,746,536870912,0,0,0,0
named_crc_linear,"CRC_n64_k48_CRC-16/CCITT-like",0.75,64,48,0.002,140,0,51,1,1,1,0,0,8.0686999999999995e-05,0.016718496999999999,0,0.016718496999999999,PREFIX_ASTAR,0.0048262113514151422,0.0048262113514151422,127,65,62,65,1,65,64,367,1,1,333,536870912,0,0,0,0
named_crc_linear,"CRC_n64_k48_CRC-16/CCITT-like",0.75,64,48,0.002,141,0,56,1,1,1,0,0,7.6532000000000005e-05,0.05561017,0,0.05561017,PREFIX_ASTAR,0.001376223090129018,0.001376223090129018,128,65,63,65,1,65,64,1256,1,1,1131,536870912,0,0,0,0
named_crc_linear,"CRC_n64_k48_CRC-16/CCITT-like",0.75,64,48,0.002,142,0,39,1,1,1,0,0,7.4120000000000002e-05,0.042846848999999999,0,0.042846848999999999,PREFIX_ASTAR,0.0017298821670643739,0.0017298821670643739,128,65,63,65,1,65,64,994,1,1,889,536870912,0,0,0,0
named_crc_linear,"CRC_n64_k48_CRC-16/CCITT-like",0.75,64,48,0.002,143,0,48,1,1,1,0,0,7.4523999999999993e-05,0.023427358999999998,0,0.023427358999999998,PREFIX_ASTAR,0.003181067059244706,0.003181067059244706,127,64,63,64,1,64,64,563,1,1,494,536870912,0,0,0,0
named_crc_linear,"CRC_n64_k48_CRC-16/CCITT-like",0.75,64,48,0.002,144,0,62,1,1,1,0,0,0.00010909899999999999,0.0070886719999999999,0,0.0070886719999999999,PREFIX_ASTAR,0.015390611951011416,0.015390611951011416,125,65,60,65,2,65,64,179,1,1,154,536870912,0,0,0,0
named_crc_linear,"CRC_n64_k48_CRC-16/CCITT-like",0.75,64,48,0.002,145,0,7,1,1,1,0,0,7.4942000000000002e-05,0.022140093999999999,0,0.022140093999999999,PREFIX_ASTAR,0.0033848998111751468,0.0033848998111751468,127,65,62,65,1,65,64,523,1,1,477,536870912,0,0,0,0
named_crc_linear,"CRC_n64_k48_CRC-16/CCITT-like",0.75,64,48,0.002,146,0,14,1,1,1,0,0,7.4578000000000003e-05,0.0083739939999999992,0,0.0083739939999999992,PREFIX_ASTAR,0.0089059055929583911,0.0089059055929583911,125,65,60,65,1,65,64,209,1,1,187,536870912,0,0,0,0
named_crc_linear,"CRC_n64_k48_CRC-16/CCITT-like",0.75,64,48,0.002,147,0,38,1,1,1,0,0,7.5154999999999994e-05,0.026428857,0,0.026428857,PREFIX_ASTAR,0.0028436719756741655,0.0028436719756741655,127,65,62,65,1,65,64,620,1,1,542,536870912,0,0,0,0
named_crc_linear,"CRC_n64_k48_CRC-16/CCITT-like",0.75,64,48,0.002,148,0,25,1,1,1,0,0,7.7752999999999999e-05,0.045016422,0,0.045016422,PREFIX_ASTAR,0.0017272141264359038,0.0017272141264359038,128,65,63,65,1,65,64,1061,1,1,922,536870912,0,0,0,0
named_crc_linear,"CRC_n64_k48_CRC-16/CCITT-like",0.75,64,48,0.002,149,0,55,1,1,1,0,0,7.8170000000000005e-05,0.044923710999999998,0,0.044923710999999998,PREFIX_ASTAR,0.0017400610559532806,0.0017400610559532806,128,65,63,65,1,65,64,1124,1,1,1025,536870912,0,0,0,0
named_crc_linear,"CRC_n64_k48_CRC-16/CCITT-like",0.75,64,48,0.002,150,0,14,1,1,1,0,0,8.4172000000000007e-05,0.020741656000000001,0,0.020741656000000001,PREFIX_ASTAR,0.0040581137783791228,0.0040581137783791228,127,64,63,64,1,64,64,492,1,1,441,536870912,0,0,0,0
named_crc_linear,"CRC_n64_k48_CRC-16/CCITT-like",0.75,64,48,0.002,151,0,5,1,1,1,0,0,7.6938000000000001e-05,0.0040383550000000004,0,0.0040383550000000004,PREFIX_ASTAR,0.019051816890788449,0.019051816890788449,123,63,60,63,1,63,64,107,1,1,88,536870912,0,0,0,0
named_crc_linear,"CRC_n64_k48_CRC-16/CCITT-like",0.75,64,48,0.002,152,0,12,1,1,1,0,0,8.0547e-05,0.0048676889999999997,0,0.0048676889999999997,PREFIX_ASTAR,0.016547277363036135,0.016547277363036135,124,65,59,65,1,65,64,132,1,1,111,536870912,0,0,0,0
named_crc_linear,"CRC_n64_k48_CRC-16/CCITT-like",0.75,64,48,0.002,153,0,33,1,1,1,0,0,7.3645000000000004e-05,0.0057980319999999998,0,0.0057980319999999998,PREFIX_ASTAR,0.012701723619324628,0.012701723619324628,124,63,61,63,1,63,64,147,1,1,126,536870912,0,0,0,0
named_crc_linear,"CRC_n64_k48_CRC-16/CCITT-like",0.75,64,48,0.002,154,0,51,1,1,1,0,0,7.6261999999999996e-05,0.020436289,0,0.020436289,PREFIX_ASTAR,0.0037316951233171539,0.0037316951233171539,127,64,63,64,1,64,64,482,1,1,433,536870912,0,0,0,0
named_crc_linear,"CRC_n64_k48_CRC-16/CCITT-like",0.75,64,48,0.002,155,0,22,1,1,1,0,0,7.7442999999999997e-05,0.0071053469999999997,0,0.0071053469999999997,PREFIX_ASTAR,0.010899256573957612,0.010899256573957612,125,62,63,62,1,62,64,180,1,1,152,536870912,0,0,0,0
named_crc_linear,"CRC_n64_k48_CRC-16/CCITT-like",0.75,64,48,0.002,156,0,62,1,1,1,0,0,7.4548999999999994e-05,0.034432375000000001,0,0.034432375000000001,PREFIX_ASTAR,0.0021650844590302004,0.0021650844590302004,128,65,63,65,1,65,64,771,1,1,700,536870912,0,0,0,0
named_crc_linear,"CRC_n64_k48_CRC-16/CCITT-like",0.75,64,48,0.002,157,0,24,1,1,1,0,0,7.3349999999999994e-05,0.031914562,0,0.031914562,PREFIX_ASTAR,0.0022983238811173407,0.0022983238811173407,127,64,63,64,1,64,64,711,1,1,655,536870912,0,0,0,0
named_crc_linear,"CRC_n64_k48_CRC-16/CCITT-like",0.75,64,48,0.002,158,0,0,1,1,1,0,0,7.6878000000000005e-05,0.010098621,0,0.010098621,PREFIX_ASTAR,0.0076127225687546846,0.0076127225687546846,126,64,62,64,1,64,64,244,1,1,212,536870912,0,0,0,0
named_crc_linear,"CRC_n64_k48_CRC-16/CCITT-like",0.75,64,48,0.002,159,0,9,1,1,1,0,0,7.9196000000000005e-05,0.025400981,0,0.025400981,PREFIX_ASTAR,0.0031178323388376225,0.0031178323388376225,127,64,63,64,1,64,64,578,1,1,527,536870912,0,0,0,0
named_crc_linear,"CRC_n64_k48_CRC-16/CCITT-like",0.75,64,48,0.002,160,0,36,1,1,1,0,0,7.4983999999999999e-05,0.046652441000000003,0,0.046652441000000003,PREFIX_ASTAR,0.0016072899593828325,0.0016072899593828325,128,65,63,65,1,65,64,1067,1,1,971,536870912,0,0,0,0
named_crc_linear,"CRC_n64_k48_CRC-16/CCITT-like",0.75,64,48,0.002,161,0,55,1,1,1,0,0,7.5414000000000007e-05,0.0054187109999999997,0,0.0054187109999999997,PREFIX_ASTAR,0.013917332000174951,0.013917332000174951,124,63,61,63,1,63,64,138,1,1,116,536870912,0,0,0,0
named_crc_linear,"CRC_n64_k48_CRC-16/CCITT-like",0.75,64,48,0.002,162,0,22,1,1,1,0,0,7.6828000000000004e-05,0.016219818,0,0.016219818,PREFIX_ASTAR,0.0047366746038704013,0.0047366746038704013,127,64,63,64,1,64,64,386,1,1,345,536870912,0,0,0,0
named_crc_linear,"CRC_n64_k48_CRC-16/CCITT-like",0.75,64,48,0.002,163,0,11,1,1,1,0,0,7.6885999999999995e-05,0.047362583999999999,0,0.047362583999999999,PREFIX_ASTAR,0.0016233489287662175,0.0016233489287662175,128,65,63,65,1,65,64,1031,1,1,939,536870912,0,0,0,0
named_crc_linear,"CRC_n64_k48_CRC-16/CCITT-like",0.75,64,48,0.002,164,0,6,1,1,1,0,0,8.2133999999999997e-05,0.028725852,0,0.028725852,PREFIX_ASTAR,0.0028592363422327732,0.0028592363422327732,127,64,63,64,1,64,64,612,1,1,555,536870912,0,0,0,0
named_crc_linear,"CRC_n64_k48_CRC-16/CCITT-like",0.75,64,48,0.002,165,0,55,1,1,1,0,0,8.1380999999999999e-05,0.048339068999999998,0,0.048339068999999998,PREFIX_ASTAR,0.001683545043037548,0.001683545043037548,128,65,63,65,1,65,64,1032,1,1,932,536870912,0,0,0,0
named_crc_linear,"CRC_n64_k48_CRC-16/CCITT-like",0.75,64,48,0.002,166,0,42,1,1,1,0,0,8.1728000000000001e-05,0.0064791739999999999,0,0.0064791739999999999,PREFIX_ASTAR,0.012613953568772811,0.012613953568772811,125,65,60,65,1,65,64,152,1,1,130,536870912,0,0,0,0
named_crc_linear,"CRC_n64_k48_CRC-16/CCITT-like",0.75,64,48,0.002,167,0,57,1,1,1,0,0,7.9708000000000003e-05,0.018272232999999999,0,0.018272232999999999,PREFIX_ASTAR,0.0043622473509395384,0.0043622473509395384,127,65,62,65,1,65,64,417,1,1,350,536870912,0,0,0,0
named_crc_linear,"CRC_n64_k48_CRC-16/CCITT-like",0.75,64,48,0.002,168,0,20,1,1,1,0,0,8.0739000000000001e-05,0.010612664000000001,0,0.010612664000000001,PREFIX_ASTAR,0.0076077976274383126,0.0076077976274383126,125,63,62,63,1,63,64,247,1,1,222,536870912,0,0,0,0
named_crc_linear,"CRC_n64_k48_CRC-16/CCITT-like",0.75,64,48,0.002,169,1,59,1,1,1,0,0,0.0026406440000000002,0.62676385700000004,0,0.62676385700000004,PREFIX_ASTAR,0.0042131401970742551,0.0042131401970742551,8191,3960,4231,3960,1,3960,64,13903,1,1,12242,536870912,0,0,0,0
named_crc_linear,"CRC_n64_k48_CRC-16/CCITT-like",0.75,64,48,0.002,170,0,19,1,1,1,0,0,9.1222000000000002e-05,0.0096415040000000004,0,0.0096415040000000004,PREFIX_ASTAR,0.009461386937141757,0.009461386937141757,126,64,62,64,1,64,64,227,1,1,195,536870912,0,0,0,0
named_crc_linear,"CRC_n64_k48_CRC-16/CCITT-like",0.75,64,48,0.002,171,1,7,1,1,1,0,0,0.0024767589999999998,0.21179941399999999,0,0.21179941399999999,PREFIX_ASTAR,0.011693889766852707,0.011693889766852707,8189,3991,4198,3991,1,3991,64,4829,1,1,4325,536870912,0,0,0,0
named_crc_linear,"CRC_n64_k48_CRC-16/CCITT-like",0.75,64,48,0.002,172,0,47,1,1,1,0,0,8.2861000000000005e-05,0.021027958999999999,0,0.021027958999999999,PREFIX_ASTAR,0.0039405155773796219,0.0039405155773796219,127,64,63,64,1,64,64,507,1,1,436,536870912,0,0,0,0
named_crc_linear,"CRC_n64_k48_CRC-16/CCITT-like",0.75,64,48,0.002,173,1,3,1,1,1,0,0,0.0026892589999999998,0.564789914,0,0.564789914,PREFIX_ASTAR,0.0047615209360838545,0.0047615209360838545,8190,3977,4213,3977,1,3977,64,12320,1,1,10589,536870912,0,0,0,0
named_crc_linear,"CRC_n64_k48_CRC-16/CCITT-like",0.75,64,48,0.002,174,0,41,1,1,1,0,0,9.7905999999999994e-05,0.027917712000000001,0,0.027917712000000001,PREFIX_ASTAR,0.0035069492800842701,0.0035069492800842701,127,65,62,65,1,65,64,525,1,1,460,536870912,0,0,0,0
named_crc_linear,"CRC_n64_k48_CRC-16/CCITT-like",0.75,64,48,0.002,175,0,20,1,1,1,0,0,8.2641999999999999e-05,0.01253489,0,0.01253489,PREFIX_ASTAR,0.0065929577363662544,0.0065929577363662544,126,65,61,65,1,65,64,276,1,1,239,536870912,0,0,0,0
named_crc_linear,"CRC_n64_k48_CRC-16/CCITT-like",0.75,64,48,0.002,176,0,24,1,1,1,0,0,7.9382000000000007e-05,0.042779475999999997,0,0.042779475999999997,PREFIX_ASTAR,0.0018556094515977711,0.0018556094515977711,128,65,63,65,1,65,64,908,1,1,833,536870912,0,0,0,0
named_crc_linear,"CRC_n64_k48_CRC-16/CCITT-like",0.75,64,48,0.002,177,0,22,1,1,1,0,0,7.8220999999999995e-05,0.0078015810000000001,0,0.0078015810000000001,PREFIX_ASTAR,0.010026301079229966,0.010026301079229966,125,65,60,65,1,65,64,194,1,1,163,536870912,0,0,0,0
named_crc_linear,"CRC_n64_k48_CRC-16/CCITT-like",0.75,64,48,0.002,178,0,48,1,1,1,0,0,8.1959999999999995e-05,0.028676390999999999,0,0.028676390999999999,PREFIX_ASTAR,0.0028581002400197429,0.0028581002400197429,127,65,62,65,1,65,64,634,1,1,561,536870912,0,0,0,0
named_crc_linear,"CRC_n64_k48_CRC-16/CCITT-like",0.75,64,48,0.002,179,1,23,1,1,1,0,0,0.0026168379999999998,1.2314594190000001,0,1.2314594190000001,PREFIX_ASTAR,0.0021249892279235549,0.0021249892279235549,8192,3978,4214,3978,1,3978,64,26305,1,1,21764,536870912,0,0,0,0
named_crc_linear,"CRC_n64_k48_CRC-16/CCITT-like",0.75,64,48,0.002,180,0,61,1,1,1,0,0,8.4555999999999995e-05,0.048586082000000003,0,0.048586082000000003,PREFIX_ASTAR,0.0017403337853009015,0.0017403337853009015,128,65,63,65,1,65,64,1085,1,1,989,536870912,0,0,0,0
named_crc_linear,"CRC_n64_k48_CRC-16/CCITT-like",0.75,64,48,0.002,181,0,19,1,1,1,0,0,8.2939e-05,0.047596384999999998,0,0.047596384999999998,PREFIX_ASTAR,0.0017425483048765153,0.0017425483048765153,128,65,63,65,1,65,64,1086,1,1,1004,536870912,0,0,0,0
named_crc_linear,"CRC_n64_k48_CRC-16/CCITT-like",0.75,64,48,0.002,182,1,40,1,1,1,0,0,0.002436396,0.20236547799999999,0,0.20236547799999999,PREFIX_ASTAR,0.012039583154593197,0.012039583154593197,8188,3975,4213,3975,1,3975,64,4703,1,1,4141,536870912,0,0,0,0
named_crc_linear,"CRC_n64_k48_CRC-16/CCITT-like",0.75,64,48,0.002,183,0,8,1,1,1,0,0,8.0056999999999996e-05,0.0039466290000000001,0,0.0039466290000000001,PREFIX_ASTAR,0.020284906435340134,0.020284906435340134,123,64,59,64,1,64,64,108,1,1,88,536870912,0,0,0,0
named_crc_linear,"CRC_n64_k48_CRC-16/CCITT-like",0.75,64,48,0.002,184,0,46,1,1,1,0,0,7.4475999999999996e-05,0.0095622799999999994,0,0.0095622799999999994,PREFIX_ASTAR,0.0077885190561246898,0.0077885190561246898,126,64,62,64,1,64,64,242,1,1,210,536870912,0,0,0,0
named_crc_linear,"CRC_n64_k48_CRC-16/CCITT-like",0.75,64,48,0.002,185,0,3,1,1,1,0,0,8.0414999999999995e-05,0.014495401999999999,0,0.014495401999999999,PREFIX_ASTAR,0.0055476212387900658,0.0055476212387900658,126,63,63,63,1,63,64,349,1,1,316,536870912,0,0,0,0
named_crc_linear,"CRC_n64_k48_CRC-16/CCITT-like",0.75,64,48,0.002,186,0,50,1,1,1,0,0,7.6147000000000001e-05,0.042463923000000001,0,0.042463923000000001,PREFIX_ASTAR,0.0017932163262447513,0.0017932163262447513,128,65,63,65,1,65,64,1017,1,1,903,536870912,0,0,0,0
named_crc_linear,"CRC_n64_k48_CRC-16/CCITT-like",0.75,64,48,0.002,187,0,50,1,1,1,0,0,8.2139999999999996e-05,0.0057389210000000001,0,0.0057389210000000001,PREFIX_ASTAR,0.01431279503586127,0.01431279503586127,125,64,61,64,1,64,64,147,1,1,122,536870912,0,0,0,0
named_crc_linear,"CRC_n64_k48_CRC-16/CCITT-like",0.75,64,48,0.002,188,0,57,1,1,1,0,0,7.4338000000000006e-05,0.021170305,0,0.021170305,PREFIX_ASTAR,0.0035114279175477163,0.0035114279175477163,127,65,62,65,1,65,64,493,1,1,445,536870912,0,0,0,0
named_crc_linear,"CRC_n64_k48_CRC-16/CCITT-like",0.75,64,48,0.002,189,0,47,1,1,1,0,0,8.1994000000000001e-05,0.028738808000000001,0,0.028738808000000001,PREFIX_ASTAR,0.0028530758826183743,0.0028530758826183743,128,65,63,65,1,65,64,680,1,1,595,536870912,0,0,0,0
named_crc_linear,"CRC_n64_k48_CRC-16/CCITT-like",0.75,64,48,0.002,190,1,59,1,1,1,0,0,0.0024570540000000002,0.24325708700000001,0,0.24325708700000001,PREFIX_ASTAR,0.010100647139624755,0.010100647139624755,8188,3973,4215,3973,2,3973,64,5112,1,1,4651,536870912,0,0,0,0
named_crc_linear,"CRC_n64_k48_CRC-16/CCITT-like",0.75,64,48,0.002,191,0,63,1,1,1,0,0,0.000109796,0.0088438130000000007,0,0.0088438130000000007,PREFIX_ASTAR,0.012415006965886773,0.012415006965886773,125,62,63,62,2,62,64,203,1,1,178,536870912,0,0,0,0
named_crc_linear,"CRC_n64_k48_CRC-16/CCITT-like",0.75,64,48,0.002,192,0,41,1,1,1,0,0,8.585e-05,0.009662538,0,0.009662538,PREFIX_ASTAR,0.0088848292239575143,0.0088848292239575143,126,63,63,63,1,63,64,222,1,1,188,536870912,0,0,0,0
named_crc_linear,"CRC_n64_k48_CRC-16/CCITT-like",0.75,64,48,0.002,193,0,43,1,1,1,0,0,8.1803000000000003e-05,0.013274449000000001,0,0.013274449000000001,PREFIX_ASTAR,0.0061624403393315983,0.0061624403393315983,126,64,62,64,1,64,64,300,1,1,264,536870912,0,0,0,0
named_crc_linear,"CRC_n64_k48_CRC-16/CCITT-like",0.75,64,48,0.002,194,0,59,1,1,1,0,0,8.3405999999999994e-05,0.022462712999999999,0,0.022462712999999999,PREFIX_ASTAR,0.003713086660547192,0.003713086660547192,127,64,63,64,1,64,64,516,1,1,459,536870912,0,0,0,0
named_crc_linear,"CRC_n64_k48_CRC-16/CCITT-like",0.75,64,48,0.002,195,0,15,1,1,1,0,0,8.4622000000000004e-05,0.024384789,0,0.024384789,PREFIX_ASTAR,0.0034702781311743152,0.0034702781311743152,127,64,63,64,1,64,64,547,1,1,479,536870912,0,0,0,0
named_crc_linear,"CRC_n64_k48_CRC-16/CCITT-like",0.75,64,48,0.002,196,0,61,1,1,1,0,0,0.00010775,0.0091062139999999996,0,0.0091062139999999996,PREFIX_ASTAR,0.011832579379311755,0.011832579379311755,125,62,63,62,2,62,64,208,1,1,177,536870912,0,0,0,0
named_crc_linear,"CRC_n64_k48_CRC-16/CCITT-like",0.75,64,48,0.002,197,0,56,1,1,1,0,0,7.6516999999999999e-05,0.0022993699999999998,0,0.0022993699999999998,PREFIX_ASTAR,0.033277375976898026,0.033277375976898026,116,53,63,53,1,53,64,66,1,1,49,536870912,0,0,0,0
named_crc_linear,"CRC_n64_k48_CRC-16/CCITT-like",0.75,64,48,0.002,198,0,28,1,1,1,0,0,8.1866000000000005e-05,0.017029341999999999,0,0.017029341999999999,PREFIX_ASTAR,0.0048073495734597387,0.0048073495734597387,126,65,61,65,1,65,64,373,1,1,340,536870912,0,0,0,0
named_crc_linear,"CRC_n64_k48_CRC-16/CCITT-like",0.75,64,48,0.002,199,1,3,1,1,1,0,0,0.0025607289999999999,0.26399766499999999,0,0.26399766499999999,PREFIX_ASTAR,0.0096998168525467832,0.0096998168525467832,8189,3967,4222,3967,1,3967,64,5880,1,1,5096,536870912,0,0,0,0
named_crc_linear,"CRC_n64_k48_CRC-16/CCITT-like",0.75,64,48,0.002,200,0,8,1,1,1,0,0,7.9747999999999996e-05,0.0085373110000000006,0,0.0085373110000000006,PREFIX_ASTAR,0.009341114550002921,0.009341114550002921,125,63,62,63,1,63,64,210,1,1,184,536870912,0,0,0,0
named_crc_linear,"CRC_n64_k48_CRC-16/CCITT-like",0.75,64,48,0.002,201,0,39,1,1,1,0,0,8.2645999999999994e-05,0.053919399,0,0.053919399,PREFIX_ASTAR,0.001532769309984334,0.001532769309984334,128,65,63,65,1,65,64,1221,1,1,1106,536870912,0,0,0,0
named_crc_linear,"CRC_n64_k48_CRC-16/CCITT-like",0.75,64,48,0.002,202,0,12,1,1,1,0,0,7.4047000000000004e-05,0.020652196000000001,0,0.020652196000000001,PREFIX_ASTAR,0.0035854298496876555,0.0035854298496876555,127,65,62,65,1,65,64,482,1,1,440,536870912,0,0,0,0
named_crc_linear,"CRC_n64_k48_CRC-16/CCITT-like",0.75,64,48,0.002,203,0,8,1,1,1,0,0,7.7298000000000004e-05,0.011709529,0,0.011709529,PREFIX_ASTAR,0.0066012902824699442,0.0066012902824699442,126,65,61,65,1,65,64,283,1,1,252,536870912,0,0,0,0
named_crc_linear,"CRC_n64_k48_CRC-16/CCITT-like",0.75,64,48,0.002,204,0,31,1,1,1,0,0,8.3329000000000001e-05,0.043698528,0,0.043698528,PREFIX_ASTAR,0.0019069063378976975,0.0019069063378976975,128,65,63,65,1,65,64,945,1,1,849,536870912,0,0,0,0
named_crc_linear,"CRC_n64_k48_CRC-16/CCITT-like",0.75,64,48,0.002,205,0,44,1,1,1,0,0,9.1904999999999995e-05,0.045980912999999998,0,0.045980912999999998,PREFIX_ASTAR,0.0019987641393723523,0.0019987641393723523,128,65,63,65,1,65,64,990,1,1,892,536870912,0,0,0,0
named_crc_linear,"CRC_n64_k48_CRC-16/CCITT-like",0.75,64,48,0.002,206,0,55,1,1,1,0,0,7.9317e-05,0.021051039000000001,0,0.021051039000000001,PREFIX_ASTAR,0.0037678425278676268,0.0037678425278676268,127,64,63,64,1,64,64,468,1,1,415,536870912,0,0,0,0
named_crc_linear,"CRC_n64_k48_CRC-16/CCITT-like",0.75,64,48,0.002,207,1,52,1,1,1,0,0,0.0028821139999999999,0.59385786900000004,0,0.59385786900000004,PREFIX_ASTAR,0.0048532050351596835,0.0048532050351596835,8191,3971,4220,3971,1,3971,64,13113,1,1,11420,536870912,0,0,0,0
named_crc_linear,"CRC_n64_k48_CRC-16/CCITT-like",0.75,64,48,0.002,208,1,40,1,1,1,0,0,0.0024236129999999998,1.653857444,0,1.653857444,PREFIX_ASTAR,0.0014654304146905662,0.0014654304146905662,8192,3967,4225,3967,1,3967,64,34996,1,1,30716,536870912,0,0,0,0
named_crc_linear,"CRC_n64_k48_CRC-16/CCITT-like",0.75,64,48,0.002,209,0,47,1,1,1,0,0,7.4308999999999996e-05,0.0094675929999999998,0,0.0094675929999999998,PREFIX_ASTAR,0.0078487742343803756,0.0078487742343803756,126,64,62,64,1,64,64,236,1,1,195,536870912,0,0,0,0
named_crc_linear,"CRC_n64_k48_CRC-16/CCITT-like",0.75,64,48,0.002,210,0,45,1,1,1,0,0,7.3615000000000006e-05,0.019897515000000001,0,0.019897515000000001,PREFIX_ASTAR,0.0036997082298970501,0.0036997082298970501,127,65,62,65,1,65,64,469,1,1,420,536870912,0,0,0,0
named_crc_linear,"CRC_n64_k48_CRC-16/CCITT-like",0.75,64,48,0.002,211,0,16,1,1,1,0,0,7.2596999999999996e-05,0.0097906099999999999,0,0.0097906099999999999,PREFIX_ASTAR,0.0074149618869508637,0.0074149618869508637,125,63,62,63,1,63,64,241,1,1,215,536870912,0,0,0,0
named_crc_linear,"CRC_n64_k48_CRC-16/CCITT-like",0.75,64,48,0.002,212,0,15,1,1,1,0,0,7.1773000000000006e-05,0.0032254060000000001,0,0.0032254060000000001,PREFIX_ASTAR,0.022252392411994025,0.022252392411994025,120,61,59,61,1,61,64,92,1,1,73,536870912,0,0,0,0
named_crc_linear,"CRC_n64_k48_CRC-16/CCITT-like",0.75,64,48,0.002,213,0,22,1,1,1,0,0,8.2812999999999995e-05,0.019805063000000001,0,0.019805063000000001,PREFIX_ASTAR,0.0041814055325145897,0.0041814055325145897,127,64,63,64,1,64,64,461,1,1,411,536870912,0,0,0,0
named_crc_linear,"CRC_n64_k48_CRC-16/CCITT-like",0.75,64,48,0.002,214,0,41,1,1,1,0,0,7.6767000000000005e-05,0.0049346290000000003,0,0.0049346290000000003,PREFIX_ASTAR,0.015556792618046869,0.015556792618046869,124,63,61,63,1,63,64,127,1,1,107,536870912,0,0,0,0
named_crc_linear,"CRC_n64_k48_CRC-16/CCITT-like",0.75,64,48,0.002,215,0,34,1,1,1,0,0,7.4265999999999997e-05,0.027457780000000001,0,0.027457780000000001,PREFIX_ASTAR,0.0027047343230224728,0.0027047343230224728,127,64,63,64,1,64,64,634,1,1,573,536870912,0,0,0,0
named_crc_linear,"CRC_n64_k48_CRC-16/CCITT-like",0.75,64,48,0.002,216,0,11,1,1,1,0,0,7.0853999999999996e-05,0.0036020359999999999,0,0.0036020359999999999,PREFIX_ASTAR,0.019670541882424272,0.019670541882424272,121,61,60,61,1,61,64,103,1,1,84,536870912,0,0,0,0
named_crc_linear,"CRC_n64_k48_CRC-16/CCITT-like",0.75,64,48,0.002,217,0,27,1,1,1,0,0,7.4857000000000005e-05,0.022898479999999999,0,0.022898479999999999,PREFIX_ASTAR,0.0032690816158976494,0.0032690816158976494,127,64,63,64,1,64,64,526,1,1,485,536870912,0,0,0,0
named_crc_linear,"CRC_n64_k48_CRC-16/CCITT-like",0.75,64,48,0.002,218,0,34,1,1,1,0,0,7.2475e-05,0.0081703910000000008,0,0.0081703910000000008,PREFIX_ASTAR,0.0088704445111623172,0.0088704445111623172,126,63,63,63,1,63,64,209,1,1,178,536870912,0,0,0,0
named_crc_linear,"CRC_n64_k48_CRC-16/CCITT-like",0.75,64,48,0.002,219,0,28,1,1,1,0,0,7.7918999999999997e-05,0.025003554000000001,0,0.025003554000000001,PREFIX_ASTAR,0.0031163169843775006,0.0031163169843775006,127,64,63,64,1,64,64,576,1,1,527,536870912,0,0,0,0
named_crc_linear,"CRC_n64_k48_CRC-16/CCITT-like",0.75,64,48,0.002,220,0,37,1,1,1,0,0,8.2556e-05,0.024725947000000002,0,0.024725947000000002,PREFIX_ASTAR,0.0033388407732168964,0.0033388407732168964,127,65,62,65,1,65,64,551,1,1,501,536870912,0,0,0,0
named_crc_linear,"CRC_n64_k48_CRC-16/CCITT-like",0.75,64,48,0.002,221,0,27,1,1,1,0,0,8.2107000000000005e-05,0.050126418999999998,0,0.050126418999999998,PREFIX_ASTAR,0.001637998517308807,0.001637998517308807,128,65,63,65,1,65,64,1057,1,1,969,536870912,0,0,0,0
named_crc_linear,"CRC_n64_k48_CRC-16/CCITT-like",0.75,64,48,0.002,222,0,46,1,1,1,0,0,8.2531e-05,0.0074274839999999998,0,0.0074274839999999998,PREFIX_ASTAR,0.011111568870427725,0.011111568870427725,125,63,62,63,1,63,64,177,1,1,148,536870912,0,0,0,0
named_crc_linear,"CRC_n64_k48_CRC-16/CCITT-like",0.75,64,48,0.002,223,0,55,1,1,1,0,0,8.4464999999999999e-05,0.047028346999999998,0,0.047028346999999998,PREFIX_ASTAR,0.00179604441550965,0.00179604441550965,128,65,63,65,1,65,64,1009,1,1,915,536870912,0,0,0,0
named_crc_linear,"CRC_n64_k48_CRC-16/CCITT-like",0.75,64,48,0.002,224,0,8,1,1,1,0,0,7.6695999999999999e-05,0.018862441000000001,0,0.018862441000000001,PREFIX_ASTAR,0.0040660697096415038,0.0040660697096415038,127,65,62,65,1,65,64,418,1,1,359,536870912,0,0,0,0
named_crc_linear,"CRC_n64_k48_CRC-16/CCITT-like",0.75,64,48,0.002,225,0,35,1,1,1,0,0,8.0584e-05,0.0072541589999999996,0,0.0072541589999999996,PREFIX_ASTAR,0.011108661941377353,0.011108661941377353,125,62,63,62,1,62,64,171,1,1,149,536870912,0,0,0,0
named_crc_linear,"CRC_n64_k48_CRC-16/CCITT-like",0.75,64,48,0.002,226,0,44,1,1,1,0,0,8.0159000000000003e-05,0.002299017,0,0.002299017,PREFIX_ASTAR,0.034866640829537145,0.034866640829537145,123,64,59,64,1,64,64,66,1,1,49,536870912,0,0,0,0
named_crc_linear,"CRC_n64_k48_CRC-16/CCITT-like",0.75,64,48,0.002,227,1,1,1,1,1,0,0,0.0026380499999999999,1.6184142859999999,0,1.6184142859999999,PREFIX_ASTAR,0.001630021449279273,0.001630021449279273,8192,3976,4216,3976,1,3976,64,33761,1,1,29660,536870912,0,0,0,0
named_crc_linear,"CRC_n64_k48_CRC-16/CCITT-like",0.75,64,48,0.002,228,1,38,1,1,1,0,0,0.0026689439999999999,0.13667985999999999,0,0.13667985999999999,PREFIX_ASTAR,0.019526973469244115,0.019526973469244115,8186,3941,4245,3941,1,3941,64,3233,1,1,2768,536870912,0,0,0,0
named_crc_linear,"CRC_n64_k48_CRC-16/CCITT-like",0.75,64,48,0.002,229,0,25,1,1,1,0,0,8.2249000000000005e-05,0.0093154250000000004,0,0.0093154250000000004,PREFIX_ASTAR,0.0088293341420278733,0.0088293341420278733,126,64,62,64,1,64,64,227,1,1,198,536870912,0,0,0,0
named_crc_linear,"CRC_n64_k48_CRC-16/CCITT-like",0.75,64,48,0.002,230,0,43,1,1,1,0,0,7.5699999999999997e-05,0.010355598000000001,0,0.010355598000000001,PREFIX_ASTAR,0.0073100558750928716,0.0073100558750928716,126,64,62,64,1,64,64,258,1,1,215,536870912,0,0,0,0
named_crc_linear,"CRC_n64_k48_CRC-16/CCITT-like",0.75,64,48,0.002,231,0,0,1,1,1,0,0,0.000108441,0.026711941999999999,0,0.026711941999999999,PREFIX_ASTAR,0.0040596449333410506,0.0040596449333410506,127,65,62,65,2,65,64,604,1,1,537,536870912,0,0,0,0
named_crc_linear,"CRC_n64_k48_CRC-16/CCITT-like",0.75,64,48,0.002,232,0,57,1,1,1,0,0,7.6392999999999999e-05,0.014807391,0,0.014807391,PREFIX_ASTAR,0.005159112770102444,0.005159112770102444,126,64,62,64,1,64,64,358,1,1,306,536870912,0,0,0,0
named_crc_linear,"CRC_n64_k48_CRC-16/CCITT-like",0.75,64,48,0.002,233,0,26,1,1,1,0,0,7.3634999999999995e-05,0.0045228500000000001,0,0.0045228500000000001,PREFIX_ASTAR,0.016280663740782911,0.016280663740782911,124,62,62,62,1,62,64,123,1,1,97,536870912,0,0,0,0
named_crc_linear,"CRC_n64_k48_CRC-16/CCITT-like",0.75,64,48,0.002,234,0,45,1,1,1,0,0,8.0834000000000006e-05,0.031630661999999997,0,0.031630661999999997,PREFIX_ASTAR,0.0025555582744363685,0.0025555582744363685,128,65,63,65,1,65,64,717,1,1,651,536870912,0,0,0,0
named_crc_linear,"CRC_n64_k48_CRC-16/CCITT-like",0.75,64,48,0.002,235,0,44,1,1,1,0,0,7.4332999999999995e-05,0.0433582,0,0.0433582,PREFIX_ASTAR,0.0017143931251758606,0.0017143931251758606,128,65,63,65,1,65,64,996,1,1,902,536870912,0,0,0,0
named_crc_linear,"CRC_n64_k48_CRC-16/CCITT-like",0.75,64,48,0.002,236,0,38,1,1,1,0,0,7.4589e-05,0.0075347620000000004,0,0.0075347620000000004,PREFIX_ASTAR,0.0098993173241570202,0.0098993173241570202,125,64,61,64,1,64,64,191,1,1,162,536870912,0,0,0,0
named_crc_linear,"CRC_n64_k48_CRC-16/CCITT-like",0.75,64,48,0.002,237,0,4,1,1,1,0,0,7.4509000000000001e-05,0.0048468690000000002,0,0.0048468690000000002,PREFIX_ASTAR,0.015372604458672185,0.015372604458672185,123,62,61,62,1,62,64,134,1,1,109,536870912,0,0,0,0
named_crc_linear,"CRC_n64_k48_CRC-16/CCITT-like",0.75,64,48,0.002,238,0,16,1,1,1,0,0,8.0754999999999995e-05,0.0033651240000000002,0,0.0033651240000000002,PREFIX_ASTAR,0.023997629805023526,0.023997629805023526,123,61,62,61,1,61,64,94,1,1,75,536870912,0,0,0,0
named_crc_linear,"CRC_n64_k48_CRC-16/CCITT-like",0.75,64,48,0.002,239,0,61,1,1,1,0,0,8.6435999999999997e-05,0.011554787,0,0.011554787,PREFIX_ASTAR,0.0074805359891099675,0.0074805359891099675,126,63,63,63,1,63,64,270,1,1,238,536870912,0,0,0,0
named_crc_linear,"CRC_n64_k48_CRC-16/CCITT-like",0.75,64,48,0.002,240,0,37,1,1,1,0,0,7.8626000000000002e-05,0.002394209,0,0.002394209,PREFIX_ASTAR,0.032840073694485321,0.032840073694485321,122,60,62,60,1,60,64,75,1,1,54,536870912,0,0,0,0
named_crc_linear,"CRC_n64_k48_CRC-16/CCITT-like",0.75,64,48,0.002,241,1,6,1,1,1,0,0,0.002561752,0.12662484199999999,0,0.12662484199999999,PREFIX_ASTAR,0.020231038077030732,0.020231038077030732,8181,3930,4251,3930,2,3930,64,3063,1,1,2701,536870912,0,0,0,0
named_crc_linear,"CRC_n64_k48_CRC-16/CCITT-like",0.75,64,48,0.002,242,0,31,1,1,1,0,0,7.4025999999999999e-05,0.026285279000000002,0,0.026285279000000002,PREFIX_ASTAR,0.0028162531582792026,0.0028162531582792026,127,64,63,64,1,64,64,603,1,1,546,536870912,0,0,0,0
named_crc_linear,"CRC_n64_k48_CRC-16/CCITT-like",0.75,64,48,0.002,243,0,45,1,1,1,0,0,7.2918999999999998e-05,0.013329404,0,0.013329404,PREFIX_ASTAR,0.0054705371673032044,0.0054705371673032044,126,63,63,63,1,63,64,319,1,1,281,536870912,0,0,0,0
named_crc_linear,"CRC_n64_k48_CRC-16/CCITT-like",0.75,64,48,0.002,244,0,17,1,1,1,0,0,7.6520999999999995e-05,0.003427219,0,0.003427219,PREFIX_ASTAR,0.022327432241709678,0.022327432241709678,122,60,62,60,1,60,64,95,1,1,77,536870912,0,0,0,0
named_crc_linear,"CRC_n64_k48_CRC-16/CCITT-like",0.75,64,48,0.002,245,0,46,1,1,1,0,0,8.6224000000000007e-05,0.018034346,0,0.018034346,PREFIX_ASTAR,0.004781099353422631,0.004781099353422631,127,64,63,64,1,64,64,436,1,1,379,536870912,0,0,0,0
named_crc_linear,"CRC_n64_k48_CRC-16/CCITT-like",0.75,64,48,0.002,246,0,9,1,1,1,0,0,8.6120999999999998e-05,0.053979073000000002,0,0.053979073000000002,PREFIX_ASTAR,0.0015954516299307325,0.0015954516299307325,128,65,63,65,1,65,64,1143,1,1,979,536870912,0,0,0,0
named_crc_linear,"CRC_n64_k48_CRC-16/CCITT-like",0.75,64,48,0.002,247,0,36,1,1,1,0,0,8.2749000000000003e-05,0.0092831739999999999,0,0.0092831739999999999,PREFIX_ASTAR,0.0089138693296064477,0.0089138693296064477,125,64,61,64,1,64,64,211,1,1,184,536870912,0,0,0,0
named_crc_linear,"CRC_n64_k48_CRC-16/CCITT-like",0.75,64,48,0.002,248,0,8,1,1,1,0,0,8.2788999999999996e-05,0.045567997999999998,0,0.045567997999999998,PREFIX_ASTAR,0.0018168232890108536,0.0018168232890108536,128,65,63,65,1,65,64,994,1,1,835,536870912,0,0,0,0
named_crc_linear,"CRC_n64_k48_CRC-16/CCITT-like",0.75,64,48,0.002,249,1,53,1,1,1,0,0,0.0026392360000000001,0.20004048999999999,0,0.20004048999999999,PREFIX_ASTAR,0.013193508974108193,0.013193508974108193,8187,3962,4225,3962,1,3962,64,4666,1,1,4146,536870912,0,0,0,0
named_crc_linear,"CRC_n64_k48_CRC-16/CCITT-like",0.75,64,48,0.002,250,2,20,1,1,1,0,0,0.079512219999999995,5.0404333680000004,0,5.0404333680000004,PREFIX_ASTAR,0.015774877712856215,0.015774877712856215,258173,120891,137282,120891,1,120891,64,106919,1,1,91092,536870912,0,0,0,0
named_crc_linear,"CRC_n64_k48_CRC-16/CCITT-like",0.75,64,48,0.002,251,0,7,1,1,1,0,0,8.2133999999999997e-05,0.0081112990000000006,0,0.0081112990000000006,PREFIX_ASTAR,0.010125875029388018,0.010125875029388018,125,64,61,64,1,64,64,195,1,1,171,536870912,0,0,0,0
named_crc_linear,"CRC_n64_k48_CRC-16/CCITT-like",0.75,64,48,0.002,252,0,10,1,1,1,0,0,7.5203000000000005e-05,0.027625871999999999,0,0.027625871999999999,PREFIX_ASTAR,0.0027221946152505162,0.0027221946152505162,127,64,63,64,1,64,64,632,1,1,562,536870912,0,0,0,0
named_crc_linear,"CRC_n64_k48_CRC-16/CCITT-like",0.75,64,48,0.002,253,0,0,1,1,1,0,0,8.5224999999999998e-05,0.061891467999999998,0,0.061891467999999998,PREFIX_ASTAR,0.0013770072475902495,0.0013770072475902495,128,65,63,65,1,65,64,1292,1,1,1177,536870912,0,0,0,0
named_crc_linear,"CRC_n64_k48_CRC-16/CCITT-like",0.75,64,48,0.002,254,0,47,1,1,1,0,0,8.3218000000000002e-05,0.021798201999999999,0,0.021798201999999999,PREFIX_ASTAR,0.0038176543184616787,0.0038176543184616787,127,64,63,64,1,64,64,501,1,1,445,536870912,0,0,0,0
named_crc_linear,"CRC_n64_k48_CRC-16/CCITT-like",0.75,64,48,0.002,255,0,5,1,1,1,0,0,8.9194e-05,0.043145434000000003,0,0.043145434000000003,PREFIX_ASTAR,0.0020672871201156532,0.0020672871201156532,128,65,63,65,1,65,64,916,1,1,841,536870912,0,0,0,0
named_crc_linear,"CRC_n64_k48_CRC-16/CCITT-like",0.75,64,48,0.002,256,0,23,1,1,1,0,0,8.1305999999999997e-05,0.046559481,0,0.046559481,PREFIX_ASTAR,0.0017462823522452924,0.0017462823522452924,128,65,63,65,1,65,64,1018,1,1,930,536870912,0,0,0,0
named_crc_linear,"CRC_n64_k48_CRC-16/CCITT-like",0.75,64,48,0.002,257,0,15,1,1,1,0,0,8.6675000000000006e-05,0.047911337999999998,0,0.047911337999999998,PREFIX_ASTAR,0.0018090707464692389,0.0018090707464692389,128,65,63,65,1,65,64,1098,1,1,960,536870912,0,0,0,0
named_crc_linear,"CRC_n64_k48_CRC-16/CCITT-like",0.75,64,48,0.002,258,0,62,1,1,1,0,0,7.4874000000000002e-05,0.0045430289999999996,0,0.0045430289999999996,PREFIX_ASTAR,0.016481074631044621,0.016481074631044621,125,62,63,62,1,62,64,120,1,1,97,536870912,0,0,0,0
named_crc_linear,"CRC_n64_k48_CRC-16/CCITT-like",0.75,64,48,0.002,259,0,56,1,1,1,0,0,7.9988999999999996e-05,0.038091923,0,0.038091923,PREFIX_ASTAR,0.0020998939853994767,0.0020998939853994767,128,65,63,65,1,65,64,881,1,1,803,536870912,0,0,0,0
named_crc_linear,"CRC_n64_k48_CRC-16/CCITT-like",0.75,64,48,0.002,260,0,56,1,1,1,0,0,7.6465999999999996e-05,0.0049091079999999997,0,0.0049091079999999997,PREFIX_ASTAR,0.015576353178622267,0.015576353178622267,124,62,62,62,1,62,64,134,1,1,104,536870912,0,0,0,0
named_crc_linear,"CRC_n64_k48_CRC-16/CCITT-like",0.75,64,48,0.002,261,1,28,1,1,1,0,0,0.0024312029999999998,0.542305696,0,0.542305696,PREFIX_ASTAR,0.0044830858645452986,0.0044830858645452986,8191,3961,4230,3961,1,3961,64,12293,1,1,10790,536870912,0,0,0,0
named_crc_linear,"CRC_n64_k48_CRC-16/CCITT-like",0.75,64,48,0.002,262,0,56,1,1,1,0,0,7.9154999999999997e-05,0.025279807000000001,0,0.025279807000000001,PREFIX_ASTAR,0.0031311552338987394,0.0031311552338987394,127,64,63,64,1,64,64,552,1,1,494,536870912,0,0,0,0
named_crc_linear,"CRC_n64_k48_CRC-16/CCITT-like",0.75,64,48,0.002,263,0,8,1,1,1,0,0,7.6120999999999998e-05,0.013213719000000001,0,0.013213719000000001,PREFIX_ASTAR,0.0057607551666567147,0.0057607551666567147,126,65,61,65,1,65,64,295,1,1,265,536870912,0,0,0,0
named_crc_linear,"CRC_n64_k48_CRC-16/CCITT-like",0.75,64,48,0.002,264,0,8,1,1,1,0,0,7.6892999999999997e-05,0.046752162,0,0.046752162,PREFIX_ASTAR,0.0016446939929751271,0.0016446939929751271,128,65,63,65,1,65,64,1071,1,1,941,536870912,0,0,0,0
named_crc_linear,"CRC_n64_k48_CRC-16/CCITT-like",0.75,64,48,0.002,265,0,3,1,1,1,0,0,7.7880999999999995e-05,0.044749838,0,0.044749838,PREFIX_ASTAR,0.001740363842211004,0.001740363842211004,128,65,63,65,1,65,64,987,1,1,866,536870912,0,0,0,0
named_crc_linear,"CRC_n64_k48_CRC-16/CCITT-like",0.75,64,48,0.002,266,1,50,1,1,1,0,0,0.0024911339999999999,0.103496201,0,0.103496201,PREFIX_ASTAR,0.024069811026203754,0.024069811026203754,8184,3977,4207,3977,1,3977,64,2454,1,1,2237,536870912,0,0,0,0
named_crc_linear,"CRC_n64_k48_CRC-16/CCITT-like",0.75,64,48,0.002,267,0,11,1,1,1,0,0,7.9793e-05,0.057501009999999998,0,0.057501009999999998,PREFIX_ASTAR,0.0013876799729256931,0.0013876799729256931,128,65,63,65,1,65,64,1287,1,1,1156,536870912,0,0,0,0
named_crc_linear,"CRC_n64_k48_CRC-16/CCITT-like",0.75,64,48,0.002,268,0,24,1,1,1,0,0,8.2272000000000001e-05,0.0077843310000000002,0,0.0077843310000000002,PREFIX_ASTAR,0.010568923649315529,0.010568923649315529,126,65,61,65,1,65,64,197,1,1,173,536870912,0,0,0,0
named_crc_linear,"CRC_n64_k48_CRC-16/CCITT-like",0.75,64,48,0.002,269,0,47,1,1,1,0,0,7.2959000000000004e-05,0.031248544999999999,0,0.031248544999999999,PREFIX_ASTAR,0.0023347967081347311,0.0023347967081347311,128,65,63,65,1,65,64,776,1,1,702,536870912,0,0,0,0
named_crc_linear,"CRC_n64_k48_CRC-16/CCITT-like",0.75,64,48,0.002,270,0,26,1,1,1,0,0,7.4944000000000006e-05,0.036213619000000002,0,0.036213619000000002,PREFIX_ASTAR,0.0020694976660576231,0.0020694976660576231,128,65,63,65,1,65,64,833,1,1,750,536870912,0,0,0,0
named_crc_linear,"CRC_n64_k48_CRC-16/CCITT-like",0.75,64,48,0.002,271,0,59,1,1,1,0,0,7.6505e-05,0.036653936999999998,0,0.036653936999999998,PREFIX_ASTAR,0.0020872246274663483,0.0020872246274663483,128,65,63,65,1,65,64,826,1,1,744,536870912,0,0,0,0
named_crc_linear,"CRC_n64_k48_CRC-16/CCITT-like",0.75,64,48,0.002,272,0,1,1,1,1,0,0,7.5933999999999995e-05,0.0067047579999999999,0,0.0067047579999999999,PREFIX_ASTAR,0.011325390118480039,0.011325390118480039,124,63,61,63,1,63,64,166,1,1,139,536870912,0,0,0,0
named_crc_linear,"CRC_n64_k48_CRC-16/CCITT-like",0.75,64,48,0.002,273,1,21,1,1,1,0,0,0.0024506300000000001,0.38130475200000002,0,0.38130475200000002,PREFIX_ASTAR,0.006426958980044392,0.006426958980044392,8190,3948,4242,3948,2,3948,64,8594,1,1,7557,536870912,0,0,0,0
named_crc_linear,"CRC_n64_k48_CRC-16/CCITT-like",0.75,64,48,0.002,274,0,10,1,1,1,0,0,8.5204999999999995e-05,0.048148172000000003,0,0.048148172000000003,PREFIX_ASTAR,0.0017696414310391679,0.0017696414310391679,128,65,63,65,1,65,64,1003,1,1,920,536870912,0,0,0,0
named_crc_linear,"CRC_n64_k48_CRC-16/CCITT-like",0.75,64,48,0.002,275,0,63,1,1,1,0,0,0.00011128099999999999,0.024331878000000001,0,0.024331878000000001,PREFIX_ASTAR,0.0045734653116376789,0.0045734653116376789,127,64,63,64,2,64,64,543,1,1,485,536870912,0,0,0,0
named_crc_linear,"CRC_n64_k48_CRC-16/CCITT-like",0.75,64,48,0.002,276,0,60,1,1,1,0,0,8.2939e-05,0.011544412,0,0.011544412,PREFIX_ASTAR,0.0071843416537802013,0.0071843416537802013,126,64,62,64,1,64,64,275,1,1,244,536870912,0,0,0,0
named_crc_linear,"CRC_n64_k48_CRC-16/CCITT-like",0.75,64,48,0.002,277,0,31,1,1,1,0,0,7.7311000000000006e-05,0.025789299000000002,0,0.025789299000000002,PREFIX_ASTAR,0.0029977937748521199,0.0029977937748521199,127,64,63,64,1,64,64,575,1,1,523,536870912,0,0,0,0
named_crc_linear,"CRC_n64_k48_CRC-16/CCITT-like",0.75,64,48,0.002,278,0,15,1,1,1,0,0,7.4858999999999996e-05,0.0036456040000000002,0,0.0036456040000000002,PREFIX_ASTAR,0.020534045935872353,0.020534045935872353,124,61,63,61,1,61,64,103,1,1,84,536870912,0,0,0,0
named_crc_linear,"CRC_n64_k48_CRC-16/CCITT-like",0.75,64,48,0.002,279,0,8,1,1,1,0,0,7.3905000000000005e-05,0.029355814000000001,0,0.029355814000000001,PREFIX_ASTAR,0.0025175592133129063,0.0025175592133129063,127,64,63,64,1,64,64,673,1,1,606,536870912,0,0,0,0
named_crc_linear,"CRC_n64_k48_CRC-16/CCITT-like",0.75,64,48,0.002,280,0,58,1,1,1,0,0,7.7712000000000004e-05,0.003533099,0,0.003533099,PREFIX_ASTAR,0.021995421017073115,0.021995421017073115,125,63,62,63,1,63,64,99,1,1,81,536870912,0,0,0,0
named_crc_linear,"CRC_n64_k48_CRC-16/CCITT-like",0.75,64,48,0.002,281,0,23,1,1,1,0,0,8.1687999999999994e-05,0.026992965000000001,0,0.026992965000000001,PREFIX_ASTAR,0.0030262699929407529,0.0030262699929407529,127,64,63,64,1,64,64,611,1,1,550,536870912,0,0,0,0
named_crc_linear,"CRC_n64_k48_CRC-16/CCITT-like",0.75,64,48,0.002,282,0,21,1,1,1,0,0,8.0209000000000004e-05,0.0036418499999999999,0,0.0036418499999999999,PREFIX_ASTAR,0.022024245918969756,0.022024245918969756,123,63,60,63,1,63,64,94,1,1,76,536870912,0,0,0,0
named_crc_linear,"CRC_n64_k48_CRC-16/CCITT-like",0.75,64,48,0.002,283,0,3,1,1,1,0,0,8.2123e-05,0.0081153030000000008,0,0.0081153030000000008,PREFIX_ASTAR,0.010119523571701511,0.010119523571701511,126,64,62,64,1,64,64,188,1,1,161,536870912,0,0,0,0
named_crc_linear,"CRC_n64_k48_CRC-16/CCITT-like",0.75,64,48,0.002,284,1,55,1,1,1,0,0,0.0024152639999999999,0.69206910899999996,0,0.69206910899999996,PREFIX_ASTAR,0.0034899173631516619,0.0034899173631516619,8191,3984,4207,3984,1,3984,64,14782,1,1,13006,536870912,0,0,0,0
named_crc_linear,"CRC_n64_k48_CRC-16/CCITT-like",0.75,64,48,0.002,285,0,43,1,1,1,0,0,8.3784999999999998e-05,0.028151455999999998,0,0.028151455999999998,PREFIX_ASTAR,0.0029762226152707698,0.0029762226152707698,128,65,63,65,1,65,64,670,1,1,609,536870912,0,0,0,0
named_crc_linear,"CRC_n64_k48_CRC-16/CCITT-like",0.75,64,48,0.002,286,0,26,1,1,1,0,0,7.3659999999999996e-05,0.040560902000000003,0,0.040560902000000003,PREFIX_ASTAR,0.0018160345645173274,0.0018160345645173274,128,65,63,65,1,65,64,974,1,1,811,536870912,0,0,0,0
named_crc_linear,"CRC_n64_k48_CRC-16/CCITT-like",0.75,64,48,0.002,287,0,47,1,1,1,0,0,9.0299999999999999e-05,0.042451256,0,0.042451256,PREFIX_ASTAR,0.0021271455431142012,0.0021271455431142012,128,65,63,65,1,65,64,933,1,1,843,536870912,0,0,0,0
named_crc_linear,"CRC_n64_k48_CRC-16/CCITT-like",0.75,64,48,0.002,288,0,38,1,1,1,0,0,8.6741000000000002e-05,0.050300598000000002,0,0.050300598000000002,PREFIX_ASTAR,0.0017244526595886593,0.0017244526595886593,128,65,63,65,1,65,64,1081,1,1,950,536870912,0,0,0,0
named_crc_linear,"CRC_n64_k48_CRC-16/CCITT-like",0.75,64,48,0.002,289,0,2,1,1,1,0,0,7.5939000000000006e-05,0.027583514,0,0.027583514,PREFIX_ASTAR,0.0027530574965901737,0.0027530574965901737,127,64,63,64,1,64,64,632,1,1,572,536870912,0,0,0,0
named_crc_linear,"CRC_n64_k48_CRC-16/CCITT-like",0.75,64,48,0.002,290,0,17,1,1,1,0,0,7.7538000000000002e-05,0.029779956,0,0.029779956,PREFIX_ASTAR,0.0026036976011650252,0.0026036976011650252,127,65,62,65,1,65,64,673,1,1,606,536870912,0,0,0,0
named_crc_linear,"CRC_n64_k48_CRC-16/CCITT-like",0.75,64,48,0.002,291,0,10,1,1,1,0,0,7.4618999999999998e-05,0.0034569790000000002,0,0.0034569790000000002,PREFIX_ASTAR,0.021585031323592071,0.021585031323592071,117,58,59,58,1,58,64,96,1,1,78,536870912,0,0,0,0
named_crc_linear,"CRC_n64_k48_CRC-16/CCITT-like",0.75,64,48,0.002,292,0,46,1,1,1,0,0,8.1024000000000002e-05,0.0045074599999999996,0,0.0045074599999999996,PREFIX_ASTAR,0.017975533892702324,0.017975533892702324,125,65,60,65,1,65,64,117,1,1,94,536870912,0,0,0,0
named_crc_linear,"CRC_n64_k48_CRC-16/CCITT-like",0.75,64,48,0.002,293,0,14,1,1,1,0,0,7.8487999999999998e-05,0.0040703029999999999,0,0.0040703029999999999,PREFIX_ASTAR,0.019283085313304686,0.019283085313304686,122,59,63,59,1,59,64,105,1,1,85,536870912,0,0,0,0
named_crc_linear,"CRC_n64_k48_CRC-16/CCITT-like",0.75,64,48,0.002,294,0,16,1,1,1,0,0,8.5375000000000002e-05,0.050254817,0,0.050254817,PREFIX_ASTAR,0.0016988421229352005,0.0016988421229352005,128,65,63,65,1,65,64,1072,1,1,954,536870912,0,0,0,0
named_crc_linear,"CRC_n64_k48_CRC-16/CCITT-like",0.75,64,48,0.002,295,1,29,1,1,1,0,0,0.0026065340000000002,1.4483482190000001,0,1.4483482190000001,PREFIX_ASTAR,0.0017996597543370196,0.0017996597543370196,8192,3964,4228,3964,1,3964,64,31149,1,1,27502,536870912,0,0,0,0
named_crc_linear,"CRC_n64_k48_CRC-16/CCITT-like",0.75,64,48,0.002,296,0,18,1,1,1,0,0,8.4093999999999998e-05,0.055906017000000002,0,0.055906017000000002,PREFIX_ASTAR,0.001504203027019435,0.001504203027019435,128,65,63,65,1,65,64,1260,1,1,1131,536870912,0,0,0,0
named_crc_linear,"CRC_n64_k48_CRC-16/CCITT-like",0.75,64,48,0.002,297,0,13,1,1,1,0,0,7.4117999999999997e-05,0.0064888639999999996,0,0.0064888639999999996,PREFIX_ASTAR,0.011422338332256617,0.011422338332256617,125,62,63,62,1,62,64,162,1,1,137,536870912,0,0,0,0
named_crc_linear,"CRC_n64_k48_CRC-16/CCITT-like",0.75,64,48,0.002,298,0,56,1,1,1,0,0,8.3089000000000004e-05,0.042849511999999999,0,0.042849511999999999,PREFIX_ASTAR,0.0019390885945212166,0.0019390885945212166,128,65,63,65,1,65,64,979,1,1,886,536870912,0,0,0,0
named_crc_linear,"CRC_n64_k48_CRC-16/CCITT-like",0.75,64,48,0.002,299,0,5,1,1,1,0,0,7.3392999999999993e-05,0.011901323,0,0.011901323,PREFIX_ASTAR,0.0061667933892727714,0.0061667933892727714,126,64,62,64,1,64,64,286,1,1,240,536870912,0,0,0,0
named_crc_linear,"CRC_n64_k48_CRC-16/CCITT-like",0.75,64,48,0.002,300,0,12,1,1,1,0,0,8.1811000000000007e-05,0.0056248950000000004,0,0.0056248950000000004,PREFIX_ASTAR,0.014544449274164229,0.014544449274164229,124,63,61,63,1,63,64,142,1,1,120,536870912,0,0,0,0
named_crc_linear,"CRC_n64_k48_CRC-16/CCITT-like",0.75,64,48,0.002,301,0,16,1,1,1,0,0,7.8634999999999995e-05,0.047897124999999999,0,0.047897124999999999,PREFIX_ASTAR,0.0016417478084540563,0.0016417478084540563,128,65,63,65,1,65,64,1091,1,1,942,536870912,0,0,0,0
named_crc_linear,"CRC_n64_k48_CRC-16/CCITT-like",0.75,64,48,0.002,302,0,35,1,1,1,0,0,7.6516999999999999e-05,0.009553654,0,0.009553654,PREFIX_ASTAR,0.0080091868514392504,0.0080091868514392504,125,63,62,63,1,63,64,237,1,1,206,536870912,0,0,0,0
named_crc_linear,"CRC_n64_k48_CRC-16/CCITT-like",0.75,64,48,0.002,303,0,43,1,1,1,0,0,7.7492999999999998e-05,0.017273531000000002,0,0.017273531000000002,PREFIX_ASTAR,0.004486228090828678,0.004486228090828678,127,65,62,65,1,65,64,395,1,1,358,536870912,0,0,0,0
named_crc_linear,"CRC_n64_k48_CRC-16/CCITT-like",0.75,64,48,0.002,304,0,52,1,1,1,0,0,8.2204000000000001e-05,0.0069822360000000002,0,0.0069822360000000002,PREFIX_ASTAR,0.011773305857894233,0.011773305857894233,125,64,61,64,1,64,64,172,1,1,143,536870912,0,0,0,0
named_crc_linear,"CRC_n64_k48_CRC-16/CCITT-like",0.75,64,48,0.002,305,0,52,1,1,1,0,0,7.5730999999999997e-05,0.0052355090000000002,0,0.0052355090000000002,PREFIX_ASTAR,0.014464878199999273,0.014464878199999273,126,64,62,64,1,64,64,138,1,1,115,536870912,0,0,0,0
named_crc_linear,"CRC_n64_k48_CRC-16/CCITT-like",0.75,64,48,0.002,306,0,52,1,1,1,0,0,7.3176999999999994e-05,0.0061881799999999997,0,0.0061881799999999997,PREFIX_ASTAR,0.011825286271569346,0.011825286271569346,125,65,60,65,1,65,64,160,1,1,133,536870912,0,0,0,0
named_crc_linear,"CRC_n64_k48_CRC-16/CCITT-like",0.75,64,48,0.002,307,0,48,1,1,1,0,0,7.4473000000000003e-05,0.043397785000000001,0,0.043397785000000001,PREFIX_ASTAR,0.0017160553240217213,0.0017160553240217213,128,65,63,65,1,65,64,1013,1,1,921,536870912,0,0,0,0
named_crc_linear,"CRC_n64_k48_CRC-16/CCITT-like",0.75,64,48,0.002,308,0,45,1,1,1,0,0,7.9098999999999996e-05,0.0021434430000000001,0,0.0021434430000000001,PREFIX_ASTAR,0.036902777447312567,0.036902777447312567,122,63,59,63,1,63,64,66,1,1,49,536870912,0,0,0,0
named_crc_linear,"CRC_n64_k48_CRC-16/CCITT-like",0.75,64,48,0.002,309,0,47,1,1,1,0,0,7.0167999999999996e-05,0.0025547959999999998,0,0.0025547959999999998,PREFIX_ASTAR,0.027465206615322712,0.027465206615322712,124,64,60,64,1,64,64,83,1,1,58,536870912,0,0,0,0
named_crc_linear,"CRC_n64_k48_CRC-16/CCITT-like",0.75,64,48,0.002,310,2,32,1,1,1,0,0,0.082662942000000003,21.482537392000001,0,21.482537392000001,PREFIX_ASTAR,0.0038479133303304901,0.0038479133303304901,258176,118987,139189,118987,5,118987,64,445005,1,1,371227,536870912,0,0,0,0
named_crc_linear,"CRC_n64_k48_CRC-16/CCITT-like",0.75,64,48,0.002,311,1,61,1,1,1,0,0,0.0023784140000000001,1.1230903160000001,0,1.1230903160000001,PREFIX_ASTAR,0.0021177406359187234,0.0021177406359187234,8192,3936,4256,3936,1,3936,64,25084,1,1,22033,536870912,0,0,0,0
named_crc_linear,"CRC_n64_k48_CRC-16/CCITT-like",0.75,64,48,0.002,312,0,16,1,1,1,0,0,7.7968999999999998e-05,0.010524792999999999,0,0.010524792999999999,PREFIX_ASTAR,0.0074081266966485714,0.0074081266966485714,126,64,62,64,1,64,64,263,1,1,220,536870912,0,0,0,0
named_crc_linear,"CRC_n64_k48_CRC-16/CCITT-like",0.75,64,48,0.002,313,0,41,1,1,1,0,0,7.3172999999999999e-05,0.0071258739999999999,0,0.0071258739999999999,PREFIX_ASTAR,0.010268635117601012,0.010268635117601012,126,65,61,65,1,65,64,189,1,1,152,536870912,0,0,0,0
named_crc_linear,"CRC_n64_k48_CRC-16/CCITT-like",0.75,64,48,0.002,314,0,43,1,1,1,0,0,7.4023000000000006e-05,0.017566656999999999,0,0.017566656999999999,PREFIX_ASTAR,0.004213835335886618,0.004213835335886618,127,64,63,64,1,64,64,426,1,1,356,536870912,0,0,0,0
named_crc_linear,"CRC_n64_k48_CRC-16/CCITT-like",0.75,64,48,0.002,315,0,26,1,1,1,0,0,8.1173000000000004e-05,0.012245356000000001,0,0.012245356000000001,PREFIX_ASTAR,0.0066288803690149967,0.0066288803690149967,126,63,63,63,1,63,64,299,1,1,271,536870912,0,0,0,0
named_crc_linear,"CRC_n64_k48_CRC-16/CCITT-like",0.75,64,48,0.002,316,0,60,1,1,1,0,0,7.5192999999999996e-05,0.02183972,0,0.02183972,PREFIX_ASTAR,0.003442947070749991,0.003442947070749991,127,64,63,64,1,64,64,518,1,1,445,536870912,0,0,0,0
named_crc_linear,"CRC_n64_k48_CRC-16/CCITT-like",0.75,64,48,0.002,317,0,8,1,1,1,0,0,8.2689999999999996e-05,0.016043730999999999,0,0.016043730999999999,PREFIX_ASTAR,0.0051540380476336831,0.0051540380476336831,126,65,61,65,1,65,64,346,1,1,303,536870912,0,0,0,0
named_crc_linear,"CRC_n64_k48_CRC-16/CCITT-like",0.75,64,48,0.002,318,0,39,1,1,1,0,0,8.4157000000000001e-05,0.017929682999999998,0,0.017929682999999998,PREFIX_ASTAR,0.0046937249253096117,0.0046937249253096117,127,64,63,64,1,64,64,360,1,1,317,536870912,0,0,0,0
named_crc_linear,"CRC_n64_k48_CRC-16/CCITT-like",0.75,64,48,0.002,319,0,57,1,1,1,0,0,8.2717000000000001e-05,0.022931650000000001,0,0.022931650000000001,PREFIX_ASTAR,0.0036071106963519849,0.0036071106963519849,127,65,62,65,1,65,64,456,1,1,405,536870912,0,0,0,0
named_crc_linear,"CRC_n64_k48_CRC-16/CCITT-like",0.75,64,48,0.002,320,0,20,1,1,1,0,0,8.3980000000000006e-05,0.039513929000000003,0,0.039513929000000003,PREFIX_ASTAR,0.0021253264892995075,0.0021253264892995075,128,65,63,65,1,65,64,823,1,1,765,536870912,0,0,0,0
named_crc_linear,"CRC_n64_k48_CRC-16/CCITT-like",0.75,64,48,0.002,321,0,62,1,1,1,0,0,0.000104169,0.014285943000000001,0,0.014285943000000001,PREFIX_ASTAR,0.007291713259670712,0.007291713259670712,126,65,61,65,2,65,64,337,1,1,298,536870912,0,0,0,0
named_crc_linear,"CRC_n64_k48_CRC-16/CCITT-like",0.75,64,48,0.002,322,1,53,1,1,1,0,0,0.0024658309999999999,0.43122568700000002,0,0.43122568700000002,PREFIX_ASTAR,0.0057181913655343069,0.0057181913655343069,8191,3935,4256,3935,1,3935,64,9892,1,1,8726,536870912,0,0,0,0
named_crc_linear,"CRC_n64_k48_CRC-16/CCITT-like",0.75,64,48,0.002,323,0,16,1,1,1,0,0,8.2200999999999994e-05,0.019311656,0,0.019311656,PREFIX_ASTAR,0.0042565484803581835,0.0042565484803581835,127,65,62,65,1,65,64,473,1,1,415,536870912,0,0,0,0
named_crc_linear,"CRC_n64_k48_CRC-16/CCITT-like",0.75,64,48,0.002,324,0,36,1,1,1,0,0,7.6607999999999996e-05,0.015863075000000001,0,0.015863075000000001,PREFIX_ASTAR,0.0048293284876986331,0.0048293284876986331,126,64,62,64,1,64,64,382,1,1,328,536870912,0,0,0,0
named_crc_linear,"CRC_n64_k48_CRC-16/CCITT-like",0.75,64,48,0.002,325,0,34,1,1,1,0,0,7.6012000000000003e-05,0.00371587,0,0.00371587,PREFIX_ASTAR,0.020456043941257364,0.020456043941257364,125,62,63,62,1,62,64,104,1,1,83,536870912,0,0,0,0
named_crc_linear,"CRC_n64_k48_CRC-16/CCITT-like",0.75,64,48,0.002,326,0,53,1,1,1,0,0,7.6734000000000001e-05,0.035807764999999998,0,0.035807764999999998,PREFIX_ASTAR,0.0021429430180856025,0.0021429430180856025,128,65,63,65,1,65,64,811,1,1,731,536870912,0,0,0,0
named_crc_linear,"CRC_n64_k48_CRC-16/CCITT-like",0.75,64,48,0.002,327,0,18,1,1,1,0,0,7.6580000000000002e-05,0.026189572000000001,0,0.026189572000000001,PREFIX_ASTAR,0.002924064585706097,0.002924064585706097,127,65,62,65,1,65,64,605,1,1,537,536870912,0,0,0,0
named_crc_linear,"CRC_n64_k48_CRC-16/CCITT-like",0.75,64,48,0.002,328,0,2,1,1,1,0,0,7.7364e-05,0.024074083999999999,0,0.024074083999999999,PREFIX_ASTAR,0.0032135802134776966,0.0032135802134776966,127,64,63,64,1,64,64,556,1,1,500,536870912,0,0,0,0
named_crc_linear,"CRC_n64_k48_CRC-16/CCITT-like",0.75,64,48,0.002,329,0,47,1,1,1,0,0,7.5290000000000006e-05,0.05967211,0,0.05967211,PREFIX_ASTAR,0.0012617284691290454,0.0012617284691290454,128,65,63,65,1,65,64,1266,1,1,1153,536870912,0,0,0,0
named_crc_linear,"CRC_n64_k48_CRC-16/CCITT-like",0.75,64,48,0.002,330,0,0,1,1,1,0,0,0.00010658300000000001,0.0022917549999999999,0,0.0022917549999999999,PREFIX_ASTAR,0.046507152815200584,0.046507152815200584,120,57,63,57,2,57,64,66,1,1,49,536870912,0,0,0,0
named_crc_linear,"CRC_n64_k48_CRC-16/CCITT-like",0.75,64,48,0.002,331,0,35,1,1,1,0,0,8.3083000000000004e-05,0.052296087999999998,0,0.052296087999999998,PREFIX_ASTAR,0.0015887039198802023,0.0015887039198802023,128,65,63,65,1,65,64,1152,1,1,1059,536870912,0,0,0,0
named_crc_linear,"CRC_n64_k48_CRC-16/CCITT-like",0.75,64,48,0.002,332,0,35,1,1,1,0,0,7.7884000000000002e-05,0.012475062,0,0.012475062,PREFIX_ASTAR,0.0062431753846193313,0.0062431753846193313,126,64,62,64,1,64,64,281,1,1,248,536870912,0,0,0,0
named_crc_linear,"CRC_n64_k48_CRC-16/CCITT-like",0.75,64,48,0.002,333,0,6,1,1,1,0,0,7.5548000000000002e-05,0.0083186189999999993,0,0.0083186189999999993,PREFIX_ASTAR,0.0090817959086718619,0.0090817959086718619,125,63,62,63,1,63,64,197,1,1,171,536870912,0,0,0,0
named_crc_linear,"CRC_n64_k48_CRC-16/CCITT-like",0.75,64,48,0.002,334,0,40,1,1,1,0,0,8.0142999999999995e-05,0.0078777299999999995,0,0.0078777299999999995,PREFIX_ASTAR,0.010173362123352793,0.010173362123352793,126,63,63,63,1,63,64,190,1,1,161,536870912,0,0,0,0
named_crc_linear,"CRC_n64_k48_CRC-16/CCITT-like",0.75,64,48,0.002,335,0,24,1,1,1,0,0,7.7019000000000002e-05,0.011460031000000001,0,0.011460031000000001,PREFIX_ASTAR,0.0067206624484698165,0.0067206624484698165,126,64,62,64,1,64,64,261,1,1,233,536870912,0,0,0,0
named_crc_linear,"CRC_n64_k48_CRC-16/CCITT-like",0.75,64,48,0.002,336,0,7,1,1,1,0,0,7.6588000000000006e-05,0.0037071090000000001,0,0.0037071090000000001,PREFIX_ASTAR,0.020659764792456872,0.020659764792456872,119,61,58,61,1,61,64,100,1,1,80,536870912,0,0,0,0
named_crc_linear,"CRC_n64_k48_CRC-16/CCITT-like",0.75,64,48,0.002,337,0,49,1,1,1,0,0,8.0921999999999995e-05,0.025272801000000001,0,0.025272801000000001,PREFIX_ASTAR,0.003201940299375601,0.003201940299375601,127,65,62,65,1,65,64,550,1,1,501,536870912,0,0,0,0
named_crc_linear,"CRC_n64_k48_CRC-16/CCITT-like",0.75,64,48,0.002,338,0,18,1,1,1,0,0,8.0222000000000005e-05,0.024021475,0,0.024021475,PREFIX_ASTAR,0.0033395950914754404,0.0033395950914754404,127,64,63,64,1,64,64,555,1,1,497,536870912,0,0,0,0
named_crc_linear,"CRC_n64_k48_CRC-16/CCITT-like",0.75,64,48,0.002,339,0,46,1,1,1,0,0,7.4512999999999996e-05,0.017913094000000001,0,0.017913094000000001,PREFIX_ASTAR,0.0041596945787254836,0.0041596945787254836,127,64,63,64,1,64,64,437,1,1,378,536870912,0,0,0,0
named_crc_linear,"CRC_n64_k48_CRC-16/CCITT-like",0.75,64,48,0.002,340,0,16,1,1,1,0,0,7.2222000000000001e-05,0.0055380020000000002,0,0.0055380020000000002,PREFIX_ASTAR,0.013041165387805927,0.013041165387805927,123,62,61,62,1,62,64,140,1,1,119,536870912,0,0,0,0
named_crc_linear,"CRC_n64_k48_CRC-16/CCITT-like",0.75,64,48,0.002,341,0,39,1,1,1,0,0,7.1725999999999997e-05,0.0023398080000000001,0,0.0023398080000000001,PREFIX_ASTAR,0.030654652005634647,0.030654652005634647,123,64,59,64,1,64,64,73,1,1,55,536870912,0,0,0,0
named_crc_linear,"CRC_n64_k48_CRC-16/CCITT-like",0.75,64,48,0.002,342,0,61,1,1,1,0,0,7.3145999999999994e-05,0.012509177,0,0.012509177,PREFIX_ASTAR,0.0058473870822996583,0.0058473870822996583,126,64,62,64,1,64,64,299,1,1,257,536870912,0,0,0,0
named_crc_linear,"CRC_n64_k48_CRC-16/CCITT-like",0.75,64,48,0.002,343,0,34,1,1,1,0,0,8.0171000000000002e-05,0.0027655760000000001,0,0.0027655760000000001,PREFIX_ASTAR,0.028988897791997037,0.028988897791997037,122,62,60,62,1,62,64,81,1,1,61,536870912,0,0,0,0
named_crc_linear,"CRC_n64_k48_CRC-16/CCITT-like",0.75,64,48,0.002,344,0,27,1,1,1,0,0,8.1860999999999994e-05,0.0052029650000000004,0,0.0052029650000000004,PREFIX_ASTAR,0.015733528862869536,0.015733528862869536,125,64,61,64,1,64,64,135,1,1,107,536870912,0,0,0,0
named_crc_linear,"CRC_n64_k48_CRC-16/CCITT-like",0.75,64,48,0.002,345,0,46,1,1,1,0,0,7.7145999999999996e-05,0.028684494000000001,0,0.028684494000000001,PREFIX_ASTAR,0.002689466999138977,0.002689466999138977,128,65,63,65,1,65,64,686,1,1,604,536870912,0,0,0,0
named_crc_linear,"CRC_n64_k48_CRC-16/CCITT-like",0.75,64,48,0.002,346,0,53,1,1,1,0,0,8.0838000000000001e-05,0.020976597,0,0.020976597,PREFIX_ASTAR,0.0038537232707478723,0.0038537232707478723,127,64,63,64,1,64,64,501,1,1,452,536870912,0,0,0,0
named_crc_linear,"CRC_n64_k48_CRC-16/CCITT-like",0.75,64,48,0.002,347,0,6,1,1,1,0,0,7.4591999999999993e-05,0.022776887999999999,0,0.022776887999999999,PREFIX_ASTAR,0.0032748986604315741,0.0032748986604315741,127,64,63,64,1,64,64,524,1,1,478,536870912,0,0,0,0
named_crc_linear,"CRC_n64_k48_CRC-16/CCITT-like",0.75,64,48,0.002,348,0,4,1,1,1,0,0,8.3984000000000001e-05,0.026449318999999999,0,0.026449318999999999,PREFIX_ASTAR,0.0031752802406746277,0.0031752802406746277,127,65,62,65,1,65,64,600,1,1,550,536870912,0,0,0,0
named_crc_linear,"CRC_n64_k48_CRC-16/CCITT-like",0.75,64,48,0.002,349,0,17,1,1,1,0,0,8.2337999999999997e-05,0.0106356,0,0.0106356,PREFIX_ASTAR,0.0077417353040731126,0.0077417353040731126,126,65,61,65,1,65,64,254,1,1,222,536870912,0,0,0,0
named_crc_linear,"CRC_n64_k48_CRC-16/CCITT-like",0.75,64,48,0.002,350,1,16,1,1,1,0,0,0.0024443709999999999,0.28952666300000002,0,0.28952666300000002,PREFIX_ASTAR,0.008442645574235073,0.008442645574235073,8189,3979,4210,3979,1,3979,64,6472,1,1,5559,536870912,0,0,0,0
named_crc_linear,"CRC_n64_k48_CRC-16/CCITT-like",0.75,64,48,0.002,351,0,23,1,1,1,0,0,7.4988999999999996e-05,0.043681051999999998,0,0.043681051999999998,PREFIX_ASTAR,0.001716739789142441,0.001716739789142441,128,65,63,65,1,65,64,1047,1,1,942,536870912,0,0,0,0
named_crc_linear,"CRC_n64_k48_CRC-16/CCITT-like",0.75,64,48,0.002,352,0,43,1,1,1,0,0,7.5451999999999995e-05,0.0038208790000000001,0,0.0038208790000000001,PREFIX_ASTAR,0.019747288516595265,0.019747288516595265,123,61,62,61,1,61,64,104,1,1,84,536870912,0,0,0,0
named_crc_linear,"CRC_n64_k48_CRC-16/CCITT-like",0.75,64,48,0.002,353,0,0,1,1,1,0,0,0.00011298000000000001,0.063783957000000002,0,0.063783957000000002,PREFIX_ASTAR,0.001771291799911379,0.001771291799911379,128,65,63,65,2,65,64,1292,1,1,1177,536870912,0,0,0,0
named_crc_linear,"CRC_n64_k48_CRC-16/CCITT-like",0.75,64,48,0.002,354,0,44,1,1,1,0,0,8.2318999999999996e-05,0.024407442000000001,0,0.024407442000000001,PREFIX_ASTAR,0.003372700834442216,0.003372700834442216,127,64,63,64,1,64,64,530,1,1,481,536870912,0,0,0,0
named_crc_linear,"CRC_n64_k48_CRC-16/CCITT-like",0.75,64,48,0.002,355,0,20,1,1,1,0,0,7.8891000000000001e-05,0.040905136000000002,0,0.040905136000000002,PREFIX_ASTAR,0.0019286331183448453,0.0019286331183448453,127,65,62,65,1,65,64,839,1,1,773,536870912,0,0,0,0
named_crc_linear,"CRC_n64_k48_CRC-16/CCITT-like",0.75,64,48,0.002,356,0,22,1,1,1,0,0,8.2165999999999999e-05,0.016891518000000001,0,0.016891518000000001,PREFIX_ASTAR,0.0048643348691337273,0.0048643348691337273,127,65,62,65,1,65,64,393,1,1,340,536870912,0,0,0,0
named_crc_linear,"CRC_n64_k48_CRC-16/CCITT-like",0.75,64,48,0.002,357,2,53,1,1,1,0,0,0.078095442000000001,6.5557368619999998,0,6.5557368619999998,PREFIX_ASTAR,0.011912534569939242,0.011912534569939242,258174,119671,138503,119671,1,119671,64,139954,1,1,118763,536870912,0,0,0,0
named_crc_linear,"CRC_n64_k48_CRC-16/CCITT-like",0.75,64,48,0.002,358,0,21,1,1,1,0,0,8.4907999999999994e-05,0.053531415999999998,0,0.053531415999999998,PREFIX_ASTAR,0.0015861340189469301,0.0015861340189469301,128,65,63,65,1,65,64,1171,1,1,1085,536870912,0,0,0,0
named_crc_linear,"CRC_n64_k48_CRC-16/CCITT-like",0.75,64,48,0.002,359,0,61,1,1,1,0,0,9.1124000000000004e-05,0.033654837999999999,0,0.033654837999999999,PREFIX_ASTAR,0.0027076047729007045,0.0027076047729007045,127,65,62,65,1,65,64,677,1,1,609,536870912,0,0,0,0
named_crc_linear,"CRC_n64_k48_CRC-16/CCITT-like",0.75,64,48,0.002,360,0,25,1,1,1,0,0,8.0748999999999995e-05,0.010953213,0,0.010953213,PREFIX_ASTAR,0.0073721747217003813,0.0073721747217003813,126,64,62,64,1,64,64,249,1,1,214,536870912,0,0,0,0
named_crc_linear,"CRC_n64_k48_CRC-16/CCITT-like",0.75,64,48,0.002,361,0,29,1,1,1,0,0,8.9891999999999999e-05,0.016693676000000001,0,0.016693676000000001,PREFIX_ASTAR,0.005384793618853031,0.005384793618853031,127,64,63,64,1,64,64,370,1,1,332,536870912,0,0,0,0
named_crc_linear,"CRC_n64_k48_CRC-16/CCITT-like",0.75,64,48,0.002,362,0,23,1,1,1,0,0,8.2319999999999998e-05,0.019493137000000001,0,0.019493137000000001,PREFIX_ASTAR,0.0042230247496849787,0.0042230247496849787,126,64,62,64,1,64,64,416,1,1,374,536870912,0,0,0,0
named_crc_linear,"CRC_n64_k48_CRC-16/CCITT-like",0.75,64,48,0.002,363,1,36,1,1,1,0,0,0.0026384469999999999,0.38768506699999999,0,0.38768506699999999,PREFIX_ASTAR,0.0068056451604312116,0.0068056451604312116,8190,3932,4258,3932,1,3932,64,8642,1,1,7768,536870912,0,0,0,0
named_crc_linear,"CRC_n64_k48_CRC-16/CCITT-like",0.75,64,48,0.002,364,1,48,1,1,1,0,0,0.0027026870000000001,0.672896991,0,0.672896991,PREFIX_ASTAR,0.004016494405753703,0.004016494405753703,8191,3929,4262,3929,1,3929,64,14428,1,1,12658,536870912,0,0,0,0
named_crc_linear,"CRC_n64_k48_CRC-16/CCITT-like",0.75,64,48,0.002,365,0,52,1,1,1,0,0,9.0270000000000001e-05,0.012707006999999999,0,0.012707006999999999,PREFIX_ASTAR,0.0071039545346909781,0.0071039545346909781,126,63,63,63,1,63,64,283,1,1,250,536870912,0,0,0,0
named_crc_linear,"CRC_n64_k48_CRC-16/CCITT-like",0.75,64,48,0.002,366,0,18,1,1,1,0,0,8.4002e-05,0.049225523,0,0.049225523,PREFIX_ASTAR,0.0017064724736393353,0.0017064724736393353,128,65,63,65,1,65,64,1083,1,1,968,536870912,0,0,0,0
named_crc_linear,"CRC_n64_k48_CRC-16/CCITT-like",0.75,64,48,0.002,367,0,38,1,1,1,0,0,7.4832000000000005e-05,0.002401093,0,0.002401093,PREFIX_ASTAR,0.031165806572256888,0.031165806572256888,123,63,60,63,1,63,64,74,1,1,56,536870912,0,0,0,0
named_crc_linear,"CRC_n64_k48_CRC-16/CCITT-like",0.75,64,48,0.002,368,0,39,1,1,1,0,0,7.9574999999999996e-05,0.002906961,0,0.002906961,PREFIX_ASTAR,0.02737394825730376,0.02737394825730376,124,64,60,64,1,64,64,88,1,1,67,536870912,0,0,0,0
named_crc_linear,"CRC_n64_k48_CRC-16/CCITT-like",0.75,64,48,0.002,369,1,32,1,1,1,0,0,0.0024146599999999999,0.20383780300000001,0,0.20383780300000001,PREFIX_ASTAR,0.011845987174420241,0.011845987174420241,8187,3940,4247,3940,1,3940,64,4891,1,1,4437,536870912,0,0,0,0
named_crc_linear,"CRC_n64_k48_CRC-16/CCITT-like",0.75,64,48,0.002,370,0,63,1,1,1,0,0,8.9556999999999997e-05,0.025241953000000001,0,0.025241953000000001,PREFIX_ASTAR,0.0035479425859005439,0.0035479425859005439,127,65,62,65,1,65,64,556,1,1,495,536870912,0,0,0,0
named_crc_linear,"CRC_n64_k48_CRC-16/CCITT-like",0.75,64,48,0.002,371,0,2,1,1,1,0,0,8.3299000000000003e-05,0.056726382999999998,0,0.056726382999999998,PREFIX_ASTAR,0.0014684348903401792,0.0014684348903401792,128,65,63,65,1,65,64,1245,1,1,1131,536870912,0,0,0,0
named_crc_linear,"CRC_n64_k48_CRC-16/CCITT-like",0.75,64,48,0.002,372,1,5,1,1,1,0,0,0.0026173720000000002,0.39940741000000002,0,0.39940741000000002,PREFIX_ASTAR,0.0065531383105786644,0.0065531383105786644,8190,3974,4216,3974,1,3974,64,9045,1,1,7808,536870912,0,0,0,0
named_crc_linear,"CRC_n64_k48_CRC-16/CCITT-like",0.75,64,48,0.002,373,0,33,1,1,1,0,0,8.2620000000000005e-05,0.010750276,0,0.010750276,PREFIX_ASTAR,0.0076853840775808931,0.0076853840775808931,126,64,62,64,1,64,64,261,1,1,230,536870912,0,0,0,0
named_crc_linear,"CRC_n64_k48_CRC-16/CCITT-like",0.75,64,48,0.002,374,1,12,1,1,1,0,0,0.0027097359999999999,0.78417154099999997,0,0.78417154099999997,PREFIX_ASTAR,0.003455539838317086,0.003455539838317086,8191,3975,4216,3975,1,3975,64,16771,1,1,14680,536870912,0,0,0,0
named_crc_linear,"CRC_n64_k48_CRC-16/CCITT-like",0.75,64,48,0.002,375,0,45,1,1,1,0,0,8.6533999999999995e-05,0.0054773249999999999,0,0.0054773249999999999,PREFIX_ASTAR,0.015798587814307166,0.015798587814307166,124,63,61,63,1,63,64,134,1,1,112,536870912,0,0,0,0
named_crc_linear,"CRC_n64_k48_CRC-16/CCITT-like",0.75,64,48,0.002,376,0,53,1,1,1,0,0,8.0407000000000005e-05,0.011123179,0,0.011123179,PREFIX_ASTAR,0.0072287787511106311,0.0072287787511106311,126,65,61,65,1,65,64,263,1,1,228,536870912,0,0,0,0
named_crc_linear,"CRC_n64_k48_CRC-16/CCITT-like",0.75,64,48,0.002,377,1,2,1,1,1,0,0,0.0026368450000000001,1.7507653329999999,0,1.7507653329999999,PREFIX_ASTAR,0.0015061098996526682,0.0015061098996526682,8192,3979,4213,3979,1,3979,64,36436,1,1,31664,536870912,0,0,0,0
named_crc_linear,"CRC_n64_k48_CRC-16/CCITT-like",0.75,64,48,0.002,378,0,8,1,1,1,0,0,7.5099999999999996e-05,0.022604574999999998,0,0.022604574999999998,PREFIX_ASTAR,0.0033223362969664327,0.0033223362969664327,127,65,62,65,1,65,64,537,1,1,482,536870912,0,0,0,0
named_crc_linear,"CRC_n64_k48_CRC-16/CCITT-like",0.75,64,48,0.002,379,0,57,1,1,1,0,0,7.2961999999999997e-05,0.013092502000000001,0,0.013092502000000001,PREFIX_ASTAR,0.0055728080087366029,0.0055728080087366029,126,64,62,64,1,64,64,300,1,1,267,536870912,0,0,0,0
named_crc_linear,"CRC_n64_k48_CRC-16/CCITT-like",0.75,64,48,0.002,380,0,25,1,1,1,0,0,8.2437999999999999e-05,0.0058290909999999998,0,0.0058290909999999998,PREFIX_ASTAR,0.014142513815618936,0.014142513815618936,126,63,63,63,1,63,64,153,1,1,128,536870912,0,0,0,0
named_crc_linear,"CRC_n64_k48_CRC-16/CCITT-like",0.75,64,48,0.002,381,0,55,1,1,1,0,0,7.3256999999999993e-05,0.003826154,0,0.003826154,PREFIX_ASTAR,0.019146380412288683,0.019146380412288683,123,61,62,61,1,61,64,106,1,1,86,536870912,0,0,0,0
named_crc_linear,"CRC_n64_k48_CRC-16/CCITT-like",0.75,64,48,0.002,382,0,24,1,1,1,0,0,7.6303000000000005e-05,0.012030574,0,0.012030574,PREFIX_ASTAR,0.0063424238943212523,0.0063424238943212523,126,65,61,65,1,65,64,293,1,1,257,536870912,0,0,0,0
named_crc_linear,"CRC_n64_k48_CRC-16/CCITT-like",0.75,64,48,0.002,383,0,3,1,1,1,0,0,7.8572999999999995e-05,0.044583377,0,0.044583377,PREFIX_ASTAR,0.0017623833205815699,0.0017623833205815699,128,65,63,65,1,65,64,1042,1,1,851,536870912,0,0,0,0
named_crc_linear,"CRC_n64_k48_CRC-16/CCITT-like",0.75,64,48,0.002,384,0,37,1,1,1,0,0,8.1378999999999995e-05,0.015019737,0,0.015019737,PREFIX_ASTAR,0.005418137481368681,0.005418137481368681,126,65,61,65,1,65,64,356,1,1,317,536870912,0,0,0,0
named_crc_linear,"CRC_n64_k48_CRC-16/CCITT-like",0.75,64,48,0.002,385,0,44,1,1,1,0,0,7.7818000000000006e-05,0.023486182000000001,0,0.023486182000000001,PREFIX_ASTAR,0.0033133525065930257,0.0033133525065930257,127,64,63,64,1,64,64,540,1,1,489,536870912,0,0,0,0
named_crc_linear,"CRC_n64_k48_CRC-16/CCITT-like",0.75,64,48,0.002,386,0,53,1,1,1,0,0,7.3381999999999996e-05,0.0021086120000000002,0,0.0021086120000000002,PREFIX_ASTAR,0.034801091903109718,0.034801091903109718,120,59,61,59,1,59,64,66,1,1,49,536870912,0,0,0,0
named_crc_linear,"CRC_n64_k48_CRC-16/CCITT-like",0.75,64,48,0.002,387,0,19,1,1,1,0,0,7.6755999999999995e-05,0.011320581,0,0.011320581,PREFIX_ASTAR,0.0067802173757689644,0.0067802173757689644,126,65,61,65,1,65,64,274,1,1,246,536870912,0,0,0,0
named_crc_linear,"CRC_n64_k48_CRC-16/CCITT-like",0.75,64,48,0.002,388,0,20,1,1,1,0,0,8.2702999999999997e-05,0.036383169,0,0.036383169,PREFIX_ASTAR,0.0022731115038384917,0.0022731115038384917,127,65,62,65,1,65,64,816,1,1,727,536870912,0,0,0,0
named_crc_linear,"CRC_n64_k48_CRC-16/CCITT-like",0.75,64,48,0.002,389,0,38,1,1,1,0,0,7.6077999999999999e-05,0.002430223,0,0.002430223,PREFIX_ASTAR,0.031304946089309497,0.031304946089309497,122,61,61,61,1,61,64,75,1,1,54,536870912,0,0,0,0
named_crc_linear,"CRC_n64_k48_CRC-16/CCITT-like",0.75,64,48,0.002,390,0,26,1,1,1,0,0,7.4630999999999997e-05,0.020152178,0,0.020152178,PREFIX_ASTAR,0.003703371417223488,0.003703371417223488,127,64,63,64,1,64,64,477,1,1,416,536870912,0,0,0,0
named_crc_linear,"CRC_n64_k48_CRC-16/CCITT-like",0.75,64,48,0.002,391,0,6,1,1,1,0,0,7.4058000000000001e-05,0.019628146999999999,0,0.019628146999999999,PREFIX_ASTAR,0.0037730510169910591,0.0037730510169910591,127,64,63,64,1,64,64,452,1,1,405,536870912,0,0,0,0
named_crc_linear,"CRC_n64_k48_CRC-16/CCITT-like",0.75,64,48,0.002,392,0,59,1,1,1,0,0,7.7163000000000006e-05,0.0073468520000000001,0,0.0073468520000000001,PREFIX_ASTAR,0.010502865717180638,0.010502865717180638,125,65,60,65,1,65,64,182,1,1,159,536870912,0,0,0,0
named_crc_linear,"CRC_n64_k48_CRC-16/CCITT-like",0.75,64,48,0.002,393,0,22,1,1,1,0,0,7.2800999999999996e-05,0.0037015680000000001,0,0.0037015680000000001,PREFIX_ASTAR,0.01966761113128274,0.01966761113128274,123,62,61,62,1,62,64,103,1,1,84,536870912,0,0,0,0
named_crc_linear,"CRC_n64_k48_CRC-16/CCITT-like",0.75,64,48,0.002,394,0,52,1,1,1,0,0,7.8005999999999998e-05,0.034461506000000003,0,0.034461506000000003,PREFIX_ASTAR,0.0022635690964869612,0.0022635690964869612,128,65,63,65,1,65,64,767,1,1,700,536870912,0,0,0,0
named_crc_linear,"CRC_n64_k48_CRC-16/CCITT-like",0.75,64,48,0.002,395,0,32,1,1,1,0,0,7.3504000000000006e-05,0.0080382149999999996,0,0.0080382149999999996,PREFIX_ASTAR,0.009144318732454906,0.009144318732454906,125,64,61,64,1,64,64,203,1,1,168,536870912,0,0,0,0
named_crc_linear,"CRC_n64_k48_CRC-16/CCITT-like",0.75,64,48,0.002,396,0,26,1,1,1,0,0,7.4622999999999993e-05,0.017784021000000001,0,0.017784021000000001,PREFIX_ASTAR,0.004196070168833021,0.004196070168833021,126,64,62,64,1,64,64,412,1,1,371,536870912,0,0,0,0
named_crc_linear,"CRC_n64_k48_CRC-16/CCITT-like",0.75,64,48,0.002,397,0,18,1,1,1,0,0,7.3720000000000006e-05,0.031166560999999999,0,0.031166560999999999,PREFIX_ASTAR,0.0023653556130238435,0.0023653556130238435,127,64,63,64,1,64,64,652,1,1,572,536870912,0,0,0,0
named_crc_linear,"CRC_n64_k48_CRC-16/CCITT-like",0.75,64,48,0.002,398,1,59,1,1,1,0,0,0.002600757,0.240352291,0,0.240352291,PREFIX_ASTAR,0.010820604160581936,0.010820604160581936,8188,3957,4231,3957,1,3957,64,5372,1,1,4867,536870912,0,0,0,0
named_crc_linear,"CRC_n64_k48_CRC-16/CCITT-like",0.75,64,48,0.002,399,0,16,1,1,1,0,0,9.3395999999999998e-05,0.008564983,0,0.008564983,PREFIX_ASTAR,0.010904399927005108,0.010904399927005108,126,64,62,64,1,64,64,215,1,1,167,536870912,0,0,0,0
named_crc_linear,"CRC_n64_k48_CRC-16/CCITT-like",0.75,64,48,0.002,400,0,1,1,1,1,0,0,0.000106473,0.010754685999999999,0,0.010754685999999999,PREFIX_ASTAR,0.0099001495720098202,0.0099001495720098202,126,65,61,65,2,65,64,262,1,1,230,536870912,0,0,0,0
named_crc_linear,"CRC_n64_k48_CRC-16/CCITT-like",0.75,64,48,0.002,401,0,48,1,1,1,0,0,7.6074000000000004e-05,0.046899543000000002,0,0.046899543000000002,PREFIX_ASTAR,0.0016220627139159969,0.0016220627139159969,128,65,63,65,1,65,64,1056,1,1,959,536870912,0,0,0,0
named_crc_linear,"CRC_n64_k48_CRC-16/CCITT-like",0.75,64,48,0.002,402,1,45,1,1,1,0,0,0.0025545759999999998,0.103068198,0,0.103068198,PREFIX_ASTAR,0.024785297982991804,0.024785297982991804,8185,3957,4228,3957,1,3957,64,2535,1,1,2217,536870912,0,0,0,0
named_crc_linear,"CRC_n64_k48_CRC-16/CCITT-like",0.75,64,48,0.002,403,0,62,1,1,1,0,0,8.6376000000000001e-05,0.029366459000000001,0,0.029366459000000001,PREFIX_ASTAR,0.0029413147836448378,0.0029413147836448378,127,65,62,65,1,65,64,661,1,1,604,536870912,0,0,0,0
named_crc_linear,"CRC_n64_k48_CRC-16/CCITT-like",0.75,64,48,0.002,404,0,13,1,1,1,0,0,7.3232999999999995e-05,0.012073165,0,0.012073165,PREFIX_ASTAR,0.0060657665160709718,0.0060657665160709718,126,65,61,65,1,65,64,285,1,1,252,536870912,0,0,0,0
named_crc_linear,"CRC_n64_k48_CRC-16/CCITT-like",0.75,64,48,0.002,405,0,38,1,1,1,0,0,7.3905999999999993e-05,0.0028958030000000002,0,0.0028958030000000002,PREFIX_ASTAR,0.025521763738762613,0.025521763738762613,125,64,61,64,1,64,64,86,1,1,66,536870912,0,0,0,0
named_crc_linear,"CRC_n64_k48_CRC-16/CCITT-like",0.75,64,48,0.002,406,0,7,1,1,1,0,0,7.8695000000000005e-05,0.013034923,0,0.013034923,PREFIX_ASTAR,0.0060372431812600663,0.0060372431812600663,126,64,62,64,1,64,64,308,1,1,277,536870912,0,0,0,0
named_crc_linear,"CRC_n64_k48_CRC-16/CCITT-like",0.75,64,48,0.002,407,0,43,1,1,1,0,0,7.3444999999999999e-05,0.019143960000000002,0,0.019143960000000002,PREFIX_ASTAR,0.0038364580786838247,0.0038364580786838247,127,64,63,64,1,64,64,452,1,1,391,536870912,0,0,0,0
named_crc_linear,"CRC_n64_k48_CRC-16/CCITT-like",0.75,64,48,0.002,408,0,6,1,1,1,0,0,7.7378000000000004e-05,0.025541214999999999,0,0.025541214999999999,PREFIX_ASTAR,0.0030295348126547625,0.0030295348126547625,127,65,62,65,1,65,64,598,1,1,532,536870912,0,0,0,0
named_crc_linear,"CRC_n64_k48_CRC-16/CCITT-like",0.75,64,48,0.002,409,0,43,1,1,1,0,0,8.7402000000000001e-05,0.018217352999999999,0,0.018217352999999999,PREFIX_ASTAR,0.0047977332381932769,0.0047977332381932769,127,64,63,64,1,64,64,423,1,1,377,536870912,0,0,0,0
named_crc_linear,"CRC_n64_k48_CRC-16/CCITT-like",0.75,64,48,0.002,410,0,16,1,1,1,0,0,8.3793000000000002e-05,0.052233358000000001,0,0.052233358000000001,PREFIX_ASTAR,0.0016042047306244413,0.0016042047306244413,128,65,63,65,1,65,64,1175,1,1,1038,536870912,0,0,0,0
named_crc_linear,"CRC_n64_k48_CRC-16/CCITT-like",0.75,64,48,0.002,411,0,45,1,1,1,0,0,8.1947999999999995e-05,0.01609145,0,0.01609145,PREFIX_ASTAR,0.0050926423659769628,0.0050926423659769628,126,64,62,64,1,64,64,364,1,1,326,536870912,0,0,0,0
named_crc_linear,"CRC_n64_k48_CRC-16/CCITT-like",0.75,64,48,0.002,412,0,41,1,1,1,0,0,7.8781000000000003e-05,0.0025096039999999999,0,0.0025096039999999999,PREFIX_ASTAR,0.031391805240986233,0.031391805240986233,124,63,61,63,1,63,64,75,1,1,57,536870912,0,0,0,0
named_crc_linear,"CRC_n64_k48_CRC-16/CCITT-like",0.75,64,48,0.002,413,0,18,1,1,1,0,0,7.2309000000000002e-05,0.016211791999999999,0,0.016211791999999999,PREFIX_ASTAR,0.0044602718811097503,0.0044602718811097503,127,65,62,65,1,65,64,403,1,1,349,536870912,0,0,0,0
named_crc_linear,"CRC_n64_k48_CRC-16/CCITT-like",0.75,64,48,0.002,414,0,33,1,1,1,0,0,8.2194999999999995e-05,0.026027094000000001,0,0.026027094000000001,PREFIX_ASTAR,0.0031580552173823169,0.0031580552173823169,127,65,62,65,1,65,64,606,1,1,553,536870912,0,0,0,0
named_crc_linear,"CRC_n64_k48_CRC-16/CCITT-like",0.75,64,48,0.002,415,0,4,1,1,1,0,0,7.4065000000000003e-05,0.0093121839999999994,0,0.0093121839999999994,PREFIX_ASTAR,0.0079535584777964026,0.0079535584777964026,125,63,62,63,1,63,64,224,1,1,202,536870912,0,0,0,0
named_crc_linear,"CRC_n64_k48_CRC-16/CCITT-like",0.75,64,48,0.002,416,1,26,1,1,1,0,0,0.0026255459999999999,0.171039155,0,0.171039155,PREFIX_ASTAR,0.015350555257361976,0.015350555257361976,8188,3988,4200,3988,1,3988,64,3668,1,1,3197,536870912,0,0,0,0
named_crc_linear,"CRC_n64_k48_CRC-16/CCITT-like",0.75,64,48,0.002,417,0,18,1,1,1,0,0,9.0036000000000003e-05,0.0042757799999999999,0,0.0042757799999999999,PREFIX_ASTAR,0.021057210614203726,0.021057210614203726,123,62,61,62,1,62,64,113,1,1,90,536870912,0,0,0,0
named_crc_linear,"CRC_n64_k48_CRC-16/CCITT-like",0.75,64,48,0.002,418,0,9,1,1,1,0,0,8.1971000000000005e-05,0.011261802,0,0.011261802,PREFIX_ASTAR,0.0072786752954811327,0.0072786752954811327,126,63,63,63,1,63,64,252,1,1,222,536870912,0,0,0,0
named_crc_linear,"CRC_n64_k48_CRC-16/CCITT-like",0.75,64,48,0.002,419,0,21,1,1,1,0,0,8.3823e-05,0.030143492000000001,0,0.030143492000000001,PREFIX_ASTAR,0.0027807992517920616,0.0027807992517920616,127,65,62,65,1,65,64,649,1,1,571,536870912,0,0,0,0
named_crc_linear,"CRC_n64_k48_CRC-16/CCITT-like",0.75,64,48,0.002,420,0,16,1,1,1,0,0,8.2516999999999996e-05,0.036710634999999998,0,0.036710634999999998,PREFIX_ASTAR,0.0022477682557111855,0.0022477682557111855,127,65,62,65,1,65,64,766,1,1,682,536870912,0,0,0,0
named_crc_linear,"CRC_n64_k48_CRC-16/CCITT-like",0.75,64,48,0.002,421,0,57,1,1,1,0,0,8.2347000000000003e-05,0.0086180530000000005,0,0.0086180530000000005,PREFIX_ASTAR,0.00955517446922176,0.00955517446922176,126,64,62,64,1,64,64,202,1,1,175,536870912,0,0,0,0
named_crc_linear,"CRC_n64_k48_CRC-16/CCITT-like",0.75,64,48,0.002,422,0,50,1,1,1,0,0,7.9148999999999997e-05,0.0023795660000000001,0,0.0023795660000000001,PREFIX_ASTAR,0.033261947766945736,0.033261947766945736,122,63,59,63,1,63,64,68,1,1,51,536870912,0,0,0,0
named_crc_linear,"CRC_n64_k48_CRC-16/CCITT-like",0.75,64,48,0.002,423,0,1,1,1,1,0,0,8.1730000000000005e-05,0.018935704000000001,0,0.018935704000000001,PREFIX_ASTAR,0.0043161849171279819,0.0043161849171279819,126,64,62,64,1,64,64,416,1,1,364,536870912,0,0,0,0
named_crc_linear,"CRC_n64_k48_CRC-16/CCITT-like",0.75,64,48,0.002,424,0,18,1,1,1,0,0,8.0735000000000005e-05,0.011793041000000001,0,0.011793041000000001,PREFIX_ASTAR,0.0068459865440983377,0.0068459865440983377,126,64,62,64,1,64,64,267,1,1,234,536870912,0,0,0,0
named_crc_linear,"CRC_n64_k48_CRC-16/CCITT-like",0.75,64,48,0.002,425,0,45,1,1,1,0,0,7.5288000000000002e-05,0.055299312000000003,0,0.055299312000000003,PREFIX_ASTAR,0.0013614635928924396,0.0013614635928924396,128,65,63,65,1,65,64,1237,1,1,1122,536870912,0,0,0,0
named_crc_linear,"CRC_n64_k48_CRC-16/CCITT-like",0.75,64,48,0.002,426,0,48,1,1,1,0,0,8.2305999999999994e-05,0.036451095000000003,0,0.036451095000000003,PREFIX_ASTAR,0.0022579842937502973,0.0022579842937502973,128,65,63,65,1,65,64,803,1,1,718,536870912,0,0,0,0
named_crc_linear,"CRC_n64_k48_CRC-16/CCITT-like",0.75,64,48,0.002,427,1,39,1,1,1,0,0,0.002660361,0.81770813099999995,0,0.81770813099999995,PREFIX_ASTAR,0.0032534359133087796,0.0032534359133087796,8191,3984,4207,3984,1,3984,64,16794,1,1,14680,536870912,0,0,0,0
named_crc_linear,"CRC_n64_k48_CRC-16/CCITT-like",0.75,64,48,0.002,428,0,50,1,1,1,0,0,8.5513000000000006e-05,0.006066948,0,0.006066948,PREFIX_ASTAR,0.014094895819116961,0.014094895819116961,124,63,61,63,1,63,64,150,1,1,125,536870912,0,0,0,0
named_crc_linear,"CRC_n64_k48_CRC-16/CCITT-like",0.75,64,48,0.002,429,1,3,1,1,1,0,0,0.0026634749999999998,0.190352983,0,0.190352983,PREFIX_ASTAR,0.013992294515290047,0.013992294515290047,8187,3958,4229,3958,2,3958,64,4017,1,1,3243,536870912,0,0,0,0
named_crc_linear,"CRC_n64_k48_CRC-16/CCITT-like",0.75,64,48,0.002,430,0,7,1,1,1,0,0,8.8883999999999998e-05,0.0089031549999999994,0,0.0089031549999999994,PREFIX_ASTAR,0.0099834272232708528,0.0099834272232708528,124,63,61,63,1,63,64,187,1,1,162,536870912,0,0,0,0
named_crc_linear,"CRC_n64_k48_CRC-16/CCITT-like",0.75,64,48,0.002,431,0,41,1,1,1,0,0,9.0273999999999997e-05,0.0070847490000000004,0,0.0070847490000000004,PREFIX_ASTAR,0.012742018101135268,0.012742018101135268,125,64,61,64,1,64,64,167,1,1,137,536870912,0,0,0,0
named_crc_linear,"CRC_n64_k48_CRC-16/CCITT-like",0.75,64,48,0.002,432,0,7,1,1,1,0,0,8.0278000000000006e-05,0.011394064000000001,0,0.011394064000000001,PREFIX_ASTAR,0.0070455984800506652,0.0070455984800506652,126,63,63,63,1,63,64,256,1,1,222,536870912,0,0,0,0
named_crc_linear,"CRC_n64_k48_CRC-16/CCITT-like",0.75,64,48,0.002,433,0,16,1,1,1,0,0,8.3734999999999997e-05,0.048385441000000001,0,0.048385441000000001,PREFIX_ASTAR,0.0017305825527145653,0.0017305825527145653,128,65,63,65,1,65,64,1003,1,1,898,536870912,0,0,0,0
named_crc_linear,"CRC_n64_k48_CRC-16/CCITT-like",0.75,64,48,0.002,434,0,45,1,1,1,0,0,8.0909999999999996e-05,0.0047407020000000003,0,0.0047407020000000003,PREFIX_ASTAR,0.017067092595147298,0.017067092595147298,123,61,62,61,1,61,64,121,1,1,97,536870912,0,0,0,0
named_crc_linear,"CRC_n64_k48_CRC-16/CCITT-like",0.75,64,48,0.002,435,0,12,1,1,1,0,0,8.1817000000000006e-05,0.015960263999999998,0,0.015960263999999998,PREFIX_ASTAR,0.0051262936502804723,0.0051262936502804723,126,64,62,64,1,64,64,354,1,1,306,536870912,0,0,0,0
named_crc_linear,"CRC_n64_k48_CRC-16/CCITT-like",0.75,64,48,0.002,436,2,53,1,1,1,0,0,0.092941482000000006,5.1914625169999997,0,5.1914625169999997,PREFIX_ASTAR,0.017902755089852458,0.017902755089852458,258173,119117,139056,119117,2,119117,64,111940,1,1,96729,536870912,0,0,0,0
named_crc_linear,"CRC_n64_k48_CRC-16/CCITT-like",0.75,64,48,0.002,437,0,27,1,1,1,0,0,7.6606999999999993e-05,0.042801433999999999,0,0.042801433999999999,PREFIX_ASTAR,0.0017898232101288942,0.0017898232101288942,128,65,63,65,1,65,64,911,1,1,831,536870912,0,0,0,0
named_crc_linear,"CRC_n64_k48_CRC-16/CCITT-like",0.75,64,48,0.002,438,0,54,1,1,1,0,0,8.2279000000000003e-05,0.0050864919999999997,0,0.0050864919999999997,PREFIX_ASTAR,0.016175981403293273,0.016175981403293273,125,63,62,63,1,63,64,124,1,1,103,536870912,0,0,0,0
named_crc_linear,"CRC_n64_k48_CRC-16/CCITT-like",0.75,64,48,0.002,439,0,17,1,1,1,0,0,8.2395e-05,0.05920077,0,0.05920077,PREFIX_ASTAR,0.0013917893297671635,0.0013917893297671635,128,65,63,65,1,65,64,1269,1,1,1153,536870912,0,0,0,0
named_crc_linear,"CRC_n64_k48_CRC-16/CCITT-like",0.75,64,48,0.002,440,0,7,1,1,1,0,0,7.5968000000000002e-05,0.0037193880000000001,0,0.0037193880000000001,PREFIX_ASTAR,0.020424865596167973,0.020424865596167973,123,64,59,64,1,64,64,103,1,1,84,536870912,0,0,0,0
named_crc_linear,"CRC_n64_k48_CRC-16/CCITT-like",0.75,64,48,0.002,441,0,63,1,1,1,0,0,0.00010401800000000001,0.060073541000000001,0,0.060073541000000001,PREFIX_ASTAR,0.0017315110490989704,0.0017315110490989704,128,65,63,65,2,65,64,1294,1,1,1177,536870912,0,0,0,0
named_crc_linear,"CRC_n64_k48_CRC-16/CCITT-like",0.75,64,48,0.002,442,0,45,1,1,1,0,0,6.9276999999999994e-05,0.0019946790000000001,0,0.0019946790000000001,PREFIX_ASTAR,0.03473090156360998,0.03473090156360998,115,55,60,55,1,55,64,66,1,1,49,536870912,0,0,0,0
named_crc_linear,"CRC_n64_k48_CRC-16/CCITT-like",0.75,64,48,0.002,443,0,60,1,1,1,0,0,7.4464999999999999e-05,0.010205605,0,0.010205605,PREFIX_ASTAR,0.0072964807083950442,0.0072964807083950442,126,63,63,63,1,63,64,243,1,1,204,536870912,0,0,0,0
named_crc_linear,"CRC_n64_k48_CRC-16/CCITT-like",0.75,64,48,0.002,444,0,21,1,1,1,0,0,7.4967000000000002e-05,0.044132864000000001,0,0.044132864000000001,PREFIX_ASTAR,0.001698666100618351,0.001698666100618351,128,65,63,65,1,65,64,1026,1,1,926,536870912,0,0,0,0
named_crc_linear,"CRC_n64_k48_CRC-16/CCITT-like",0.75,64,48,0.002,445,0,27,1,1,1,0,0,7.6469000000000003e-05,0.054680188999999997,0,0.054680188999999997,PREFIX_ASTAR,0.0013984772437417876,0.0013984772437417876,128,65,63,65,1,65,64,1240,1,1,1128,536870912,0,0,0,0
named_crc_linear,"CRC_n64_k48_CRC-16/CCITT-like",0.75,64,48,0.002,446,0,29,1,1,1,0,0,7.1804000000000006e-05,0.002761763,0,0.002761763,PREFIX_ASTAR,0.025999334483082004,0.025999334483082004,122,62,60,62,1,62,64,81,1,1,62,536870912,0,0,0,0
named_crc_linear,"CRC_n64_k48_CRC-16/CCITT-like",0.75,64,48,0.002,447,0,63,1,1,1,0,0,7.6147000000000001e-05,0.0072474490000000004,0,0.0072474490000000004,PREFIX_ASTAR,0.010506731403008148,0.010506731403008148,125,62,63,62,1,62,64,185,1,1,161,536870912,0,0,0,0
named_crc_linear,"CRC_n64_k48_CRC-16/CCITT-like",0.75,64,48,0.002,448,0,54,1,1,1,0,0,7.7537e-05,0.026700991,0,0.026700991,PREFIX_ASTAR,0.0029038997091905688,0.0029038997091905688,127,65,62,65,1,65,64,621,1,1,566,536870912,0,0,0,0
named_crc_linear,"CRC_n64_k48_CRC-16/CCITT-like",0.75,64,48,0.002,449,0,62,1,1,1,0,0,7.4942000000000002e-05,0.054021959000000001,0,0.054021959000000001,PREFIX_ASTAR,0.0013872506918899406,0.0013872506918899406,128,65,63,65,1,65,64,1250,1,1,1131,536870912,0,0,0,0
named_crc_linear,"CRC_n64_k48_CRC-16/CCITT-like",0.75,64,48,0.002,450,0,30,1,1,1,0,0,7.5364000000000006e-05,0.031798435999999999,0,0.031798435999999999,PREFIX_ASTAR,0.0023700536718220988,0.0023700536718220988,128,65,63,65,1,65,64,750,1,1,677,536870912,0,0,0,0
named_crc_linear,"CRC_n64_k48_CRC-16/CCITT-like",0.75,64,48,0.002,451,0,16,1,1,1,0,0,7.6218999999999996e-05,0.0069837939999999998,0,0.0069837939999999998,PREFIX_ASTAR,0.01091369533522896,0.01091369533522896,125,64,61,64,1,64,64,182,1,1,154,536870912,0,0,0,0
named_crc_linear,"CRC_n64_k48_CRC-16/CCITT-like",0.75,64,48,0.002,452,1,40,1,1,1,0,0,0.0024222089999999998,1.7614024370000001,0,1.7614024370000001,PREFIX_ASTAR,0.0013751593327675177,0.0013751593327675177,8192,3983,4209,3983,1,3983,64,37229,1,1,32903,536870912,0,0,0,0
named_crc_linear,"CRC_n64_k48_CRC-16/CCITT-like",0.75,64,48,0.002,453,0,10,1,1,1,0,0,8.1073000000000001e-05,0.0039405050000000004,0,0.0039405050000000004,PREFIX_ASTAR,0.020574266496299329,0.020574266496299329,121,60,61,60,1,60,64,101,1,1,82,536870912,0,0,0,0
named_crc_linear,"CRC_n64_k48_CRC-16/CCITT-like",0.75,64,48,0.002,454,0,42,1,1,1,0,0,8.2743000000000004e-05,0.031236276,0,0.031236276,PREFIX_ASTAR,0.0026489393293874083,0.0026489393293874083,128,65,63,65,1,65,64,700,1,1,618,536870912,0,0,0,0
named_crc_linear,"CRC_n64_k48_CRC-16/CCITT-like",0.75,64,48,0.002,455,0,39,1,1,1,0,0,7.5820000000000003e-05,0.0088992919999999996,0,0.0088992919999999996,PREFIX_ASTAR,0.0085197788767915478,0.0085197788767915478,126,65,61,65,1,65,64,210,1,1,174,536870912,0,0,0,0
named_crc_linear,"CRC_n64_k48_CRC-16/CCITT-like",0.75,64,48,0.002,456,0,39,1,1,1,0,0,8.0780999999999998e-05,0.036108970999999997,0,0.036108970999999997,PREFIX_ASTAR,0.002237144891223846,0.002237144891223846,128,65,63,65,1,65,64,826,1,1,737,536870912,0,0,0,0
named_crc_linear,"CRC_n64_k48_CRC-16/CCITT-like",0.75,64,48,0.002,457,0,59,1,1,1,0,0,8.1762999999999996e-05,0.032646652999999998,0,0.032646652999999998,PREFIX_ASTAR,0.0025044833845601264,0.0025044833845601264,128,65,63,65,1,65,64,759,1,1,671,536870912,0,0,0,0
named_crc_linear,"CRC_n64_k48_CRC-16/CCITT-like",0.75,64,48,0.002,458,0,34,1,1,1,0,0,7.6448999999999999e-05,0.017637232999999999,0,0.017637232999999999,PREFIX_ASTAR,0.0043345234482075508,0.0043345234482075508,127,64,63,64,1,64,64,420,1,1,369,536870912,0,0,0,0
named_crc_linear,"CRC_n64_k48_CRC-16/CCITT-like",0.75,64,48,0.002,459,0,13,1,1,1,0,0,7.4647999999999994e-05,0.020162846000000002,0,0.020162846000000002,PREFIX_ASTAR,0.0037022551280707092,0.0037022551280707092,127,65,62,65,1,65,64,421,1,1,376,536870912,0,0,0,0
named_crc_linear,"CRC_n64_k48_CRC-16/CCITT-like",0.75,64,48,0.002,460,1,23,1,1,1,0,0,0.0026506500000000001,0.56105470499999999,0,0.56105470499999999,PREFIX_ASTAR,0.0047244056174522231,0.0047244056174522231,8191,3976,4215,3976,1,3976,64,12463,1,1,10928,536870912,0,0,0,0
named_crc_linear,"CRC_n64_k48_CRC-16/CCITT-like",0.75,64,48,0.002,461,0,25,1,1,1,0,0,9.1446999999999994e-05,0.0048566929999999996,0,0.0048566929999999996,PREFIX_ASTAR,0.018829067433333752,0.018829067433333752,125,63,62,63,1,63,64,124,1,1,102,536870912,0,0,0,0
named_crc_linear,"CRC_n64_k48_CRC-16/CCITT-like",0.75,64,48,0.002,462,1,52,1,1,1,0,0,0.00259983,1.3335781200000001,0,1.3335781200000001,PREFIX_ASTAR,0.0019495145886166756,0.0019495145886166756,8192,3985,4207,3985,1,3985,64,28466,1,1,24899,536870912,0,0,0,0
named_crc_linear,"CRC_n64_k48_CRC-16/CCITT-like",0.75,64,48,0.002,463,0,15,1,1,1,0,0,7.6880999999999998e-05,0.053903848999999997,0,0.053903848999999997,PREFIX_ASTAR,0.0014262617869829667,0.0014262617869829667,128,65,63,65,1,65,64,1135,1,1,1002,536870912,0,0,0,0
named_crc_linear,"CRC_n64_k48_CRC-16/CCITT-like",0.75,64,48,0.002,464,1,15,1,1,1,0,0,0.002552983,1.4130866790000001,0,1.4130866790000001,PREFIX_ASTAR,0.0018066711957165085,0.0018066711957165085,8192,3996,4196,3996,1,3996,64,29476,1,1,25918,536870912,0,0,0,0
named_crc_linear,"CRC_n64_k48_CRC-16/CCITT-like",0.75,64,48,0.002,465,1,30,1,1,1,0,0,0.0026606960000000002,1.2194920600000001,0,1.2194920600000001,PREFIX_ASTAR,0.0021818067433747785,0.0021818067433747785,8192,3907,4285,3907,1,3907,64,26372,1,1,22703,536870912,0,0,0,0
named_crc_linear,"CRC_n64_k48_CRC-16/CCITT-like",0.75,64,48,0.002,466,1,13,1,1,1,0,0,0.002648133,0.241982692,0,0.241982692,PREFIX_ASTAR,0.010943481032106213,0.010943481032106213,8189,3996,4193,3996,1,3996,64,5231,1,1,4593,536870912,0,0,0,0
named_crc_linear,"CRC_n64_k48_CRC-16/CCITT-like",0.75,64,48,0.002,467,1,5,1,1,1,0,0,0.002707536,0.49012875,0,0.49012875,PREFIX_ASTAR,0.0055241321795548616,0.0055241321795548616,8190,3987,4203,3987,1,3987,64,10158,1,1,8989,536870912,0,0,0,0
named_crc_linear,"CRC_n64_k48_CRC-16/CCITT-like",0.75,64,48,0.002,468,0,36,1,1,1,0,0,8.1427000000000005e-05,0.022110369000000001,0,0.022110369000000001,PREFIX_ASTAR,0.0036827517442155761,0.0036827517442155761,127,65,62,65,1,65,64,473,1,1,419,536870912,0,0,0,0
named_crc_linear,"CRC_n64_k48_CRC-16/CCITT-like",0.75,64,48,0.002,469,0,20,1,1,1,0,0,7.8714000000000006e-05,0.033735117000000002,0,0.033735117000000002,PREFIX_ASTAR,0.0023332955981744483,0.0023332955981744483,127,64,63,64,1,64,64,703,1,1,637,536870912,0,0,0,0
named_crc_linear,"CRC_n64_k48_CRC-16/CCITT-like",0.75,64,48,0.002,470,0,51,1,1,1,0,0,8.2954000000000006e-05,0.012451133,0,0.012451133,PREFIX_ASTAR,0.0066623655855254302,0.0066623655855254302,126,64,62,64,1,64,64,285,1,1,244,536870912,0,0,0,0
named_crc_linear,"CRC_n64_k48_CRC-16/CCITT-like",0.75,64,48,0.002,471,0,27,1,1,1,0,0,7.9306000000000003e-05,0.0096431810000000007,0,0.0096431810000000007,PREFIX_ASTAR,0.0082240497196931182,0.0082240497196931182,125,65,60,65,1,65,64,229,1,1,202,536870912,0,0,0,0
named_crc_linear,"CRC_n64_k48_CRC-16/CCITT-like",0.75,64,48,0.002,472,0,45,1,1,1,0,0,8.7607000000000003e-05,0.012138723000000001,0,0.012138723000000001,PREFIX_ASTAR,0.0072171512604744335,0.0072171512604744335,126,64,62,64,1,64,64,279,1,1,242,536870912,0,0,0,0
named_crc_linear,"CRC_n64_k48_CRC-16/CCITT-like",0.75,64,48,0.002,473,1,56,1,1,1,0,0,0.002609746,0.21573910099999999,0,0.21573910099999999,PREFIX_ASTAR,0.012096768679869488,0.012096768679869488,8189,3974,4215,3974,1,3974,64,4775,1,1,4322,536870912,0,0,0,0
named_crc_linear,"CRC_n64_k48_CRC-16/CCITT-like",0.75,64,48,0.002,474,0,49,1,1,1,0,0,8.6823999999999994e-05,0.013748188,0,0.013748188,PREFIX_ASTAR,0.0063153049696439995,0.0063153049696439995,126,64,62,64,1,64,64,326,1,1,292,536870912,0,0,0,0
named_crc_linear,"CRC_n64_k48_CRC-16/CCITT-like",0.75,64,48,0.002,475,0,53,1,1,1,0,0,7.3287000000000005e-05,0.011500249000000001,0,0.011500249000000001,PREFIX_ASTAR,0.0063726446270859008,0.0063726446270859008,126,64,62,64,1,64,64,292,1,1,255,536870912,0,0,0,0
named_crc_linear,"CRC_n64_k48_CRC-16/CCITT-like",0.75,64,48,0.002,476,0,44,1,1,1,0,0,7.2168000000000004e-05,0.002315414,0,0.002315414,PREFIX_ASTAR,0.031168508094016882,0.031168508094016882,122,63,59,63,1,63,64,69,1,1,52,536870912,0,0,0,0
named_crc_linear,"CRC_n64_k48_CRC-16/CCITT-like",0.75,64,48,0.002,477,0,26,1,1,1,0,0,7.8903e-05,0.0073224800000000001,0,0.0073224800000000001,PREFIX_ASTAR,0.010775447662540559,0.010775447662540559,125,64,61,64,1,64,64,181,1,1,158,536870912,0,0,0,0
named_crc_linear,"CRC_n64_k48_CRC-16/CCITT-like",0.75,64,48,0.002,478,0,55,1,1,1,0,0,7.6976000000000003e-05,0.019664609999999999,0,0.019664609999999999,PREFIX_ASTAR,0.0039144432561845875,0.0039144432561845875,127,65,62,65,1,65,64,468,1,1,423,536870912,0,0,0,0
named_crc_linear,"CRC_n64_k48_CRC-16/CCITT-like",0.75,64,48,0.002,479,0,24,1,1,1,0,0,8.0779999999999996e-05,0.0066398680000000002,0,0.0066398680000000002,PREFIX_ASTAR,0.01216590450292084,0.01216590450292084,125,62,63,62,1,62,64,173,1,1,150,536870912,0,0,0,0
named_crc_linear,"CRC_n64_k48_CRC-16/CCITT-like",0.75,64,48,0.002,480,2,33,1,1,1,0,0,0.086779930000000005,21.409013547000001,0,21.409013547000001,PREFIX_ASTAR,0.0040534296365168252,0.0040534296365168252,258176,118675,139501,118675,3,118675,64,444529,1,1,377163,536870912,0,0,0,0
named_crc_linear,"CRC_n64_k48_CRC-16/CCITT-like",0.75,64,48,0.002,481,0,6,1,1,1,0,0,8.2923000000000005e-05,0.010931642,0,0.010931642,PREFIX_ASTAR,0.0075855941861250123,0.0075855941861250123,125,62,63,62,1,62,64,257,1,1,226,536870912,0,0,0,0
named_crc_linear,"CRC_n64_k48_CRC-16/CCITT-like",0.75,64,48,0.002,482,0,56,1,1,1,0,0,7.4172999999999996e-05,0.0078691760000000003,0,0.0078691760000000003,PREFIX_ASTAR,0.0094257645273151842,0.0094257645273151842,125,62,63,62,1,62,64,197,1,1,173,536870912,0,0,0,0
named_crc_linear,"CRC_n64_k48_CRC-16/CCITT-like",0.75,64,48,0.002,483,0,16,1,1,1,0,0,8.2799000000000005e-05,0.020328895999999999,0,0.020328895999999999,PREFIX_ASTAR,0.0040729708096298002,0.0040729708096298002,127,64,63,64,1,64,64,461,1,1,419,536870912,0,0,0,0
named_crc_linear,"CRC_n64_k48_CRC-16/CCITT-like",0.75,64,48,0.002,484,1,1,1,1,1,0,0,0.002482068,0.93632859099999999,0,0.93632859099999999,PREFIX_ASTAR,0.0026508514466584308,0.0026508514466584308,8191,3990,4201,3990,1,3990,64,20180,1,1,17946,536870912,0,0,0,0
named_crc_linear,"CRC_n64_k48_CRC-16/CCITT-like",0.75,64,48,0.002,485,0,40,1,1,1,0,0,7.7572999999999997e-05,0.018494829000000001,0,0.018494829000000001,PREFIX_ASTAR,0.0041943075007614284,0.0041943075007614284,127,65,62,65,1,65,64,453,1,1,390,536870912,0,0,0,0
named_crc_linear,"CRC_n64_k48_CRC-16/CCITT-like",0.75,64,48,0.002,486,0,36,1,1,1,0,0,8.2177999999999998e-05,0.035859228,0,0.035859228,PREFIX_ASTAR,0.0022916834684784623,0.0022916834684784623,128,65,63,65,1,65,64,881,1,1,782,536870912,0,0,0,0
named_crc_linear,"CRC_n64_k48_CRC-16/CCITT-like",0.75,64,48,0.002,487,0,41,1,1,1,0,0,8.2292000000000004e-05,0.0060372660000000003,0,0.0060372660000000003,PREFIX_ASTAR,0.013630673221951791,0.013630673221951791,126,64,62,64,1,64,64,166,1,1,133,536870912,0,0,0,0
named_crc_linear,"CRC_n64_k48_CRC-16/CCITT-like",0.75,64,48,0.002,488,0,44,1,1,1,0,0,7.3206000000000003e-05,0.0039957309999999998,0,0.0039957309999999998,PREFIX_ASTAR,0.0183210531439679,0.0183210531439679,124,62,62,62,1,62,64,109,1,1,89,536870912,0,0,0,0
named_crc_linear,"CRC_n64_k48_CRC-16/CCITT-like",0.75,64,48,0.002,489,1,9,1,1,1,0,0,0.002620701,1.5578503429999999,0,1.5578503429999999,PREFIX_ASTAR,0.001682254660581347,0.001682254660581347,8192,3968,4224,3968,1,3968,64,33084,1,1,28830,536870912,0,0,0,0
named_crc_linear,"CRC_n64_k48_CRC-16/CCITT-like",0.75,64,48,0.002,490,0,58,1,1,1,0,0,8.4284999999999997e-05,0.013336907,0,0.013336907,PREFIX_ASTAR,0.0063196811674550921,0.0063196811674550921,125,64,61,64,1,64,64,310,1,1,275,536870912,0,0,0,0
named_crc_linear,"CRC_n64_k48_CRC-16/CCITT-like",0.75,64,48,0.002,491,0,10,1,1,1,0,0,7.9655999999999998e-05,0.006028299,0,0.006028299,PREFIX_ASTAR,0.013213677689178987,0.013213677689178987,123,62,61,62,1,62,64,146,1,1,122,536870912,0,0,0,0
named_crc_linear,"CRC_n64_k48_CRC-16/CCITT-like",0.75,64,48,0.002,492,0,27,1,1,1,0,0,8.0741000000000005e-05,0.0089209140000000003,0,0.0089209140000000003,PREFIX_ASTAR,0.0090507542164401551,0.0090507542164401551,126,63,63,63,1,63,64,213,1,1,174,536870912,0,0,0,0
named_crc_linear,"CRC_n64_k48_CRC-16/CCITT-like",0.75,64,48,0.002,493,0,5,1,1,1,0,0,8.1831999999999998e-05,0.016212503,0,0.016212503,PREFIX_ASTAR,0.0050474624430293094,0.0050474624430293094,126,65,61,65,1,65,64,353,1,1,319,536870912,0,0,0,0
named_crc_linear,"CRC_n64_k48_CRC-16/CCITT-like",0.75,64,48,0.002,494,0,45,1,1,1,0,0,8.2545000000000003e-05,0.025600603999999999,0,0.025600603999999999,PREFIX_ASTAR,0.0032243379882755893,0.0032243379882755893,127,65,62,65,1,65,64,582,1,1,512,536870912,0,0,0,0
named_crc_linear,"CRC_n64_k48_CRC-16/CCITT-like",0.75,64,48,0.002,495,0,16,1,1,1,0,0,7.6574000000000002e-05,0.014154686,0,0.014154686,PREFIX_ASTAR,0.0054097985642351945,0.0054097985642351945,126,64,62,64,1,64,64,336,1,1,293,536870912,0,0,0,0
named_crc_linear,"CRC_n64_k48_CRC-16/CCITT-like",0.75,64,48,0.002,496,0,42,1,1,1,0,0,7.5141000000000004e-05,0.011630547,0,0.011630547,PREFIX_ASTAR,0.0064606591590232179,0.0064606591590232179,126,63,63,63,1,63,64,294,1,1,252,536870912,0,0,0,0
named_crc_linear,"CRC_n64_k48_CRC-16/CCITT-like",0.75,64,48,0.002,497,0,44,1,1,1,0,0,7.3008000000000003e-05,0.0029544770000000001,0,0.0029544770000000001,PREFIX_ASTAR,0.024710972534225179,0.024710972534225179,123,63,60,63,1,63,64,87,1,1,68,536870912,0,0,0,0
named_crc_linear,"CRC_n64_k48_CRC-16/CCITT-like",0.75,64,48,0.002,498,1,56,1,1,1,0,0,0.0024683299999999999,1.0207158670000001,0,1.0207158670000001,PREFIX_ASTAR,0.0024182341823045257,0.0024182341823045257,8191,3992,4199,3992,1,3992,64,21957,1,1,19487,536870912,0,0,0,0
named_crc_linear,"CRC_n64_k48_CRC-16/CCITT-like",0.75,64,48,0.002,499,0,10,1,1,1,0,0,7.7995000000000001e-05,0.046573220999999998,0,0.046573220999999998,PREFIX_ASTAR,0.0016746748093716774,0.0016746748093716774,128,65,63,65,1,65,64,1038,1,1,953,536870912,0,0,0,0
named_crc_linear,"CRC_n64_k48_CRC-16/CCITT-like",0.75,64,48,0.002,500,0,49,1,1,1,0,0,6.9078000000000005e-05,0.0021480639999999999,0,0.0021480639999999999,PREFIX_ASTAR,0.032158259716656493,0.032158259716656493,118,58,60,58,1,58,64,66,1,1,49,536870912,0,0,0,0
named_crc_linear,"CRC_n64_k48_CRC-16/CCITT-like",0.75,64,48,0.002,501,0,3,1,1,1,0,0,7.4422e-05,0.0042833070000000001,0,0.0042833070000000001,PREFIX_ASTAR,0.01737489281062506,0.01737489281062506,124,63,61,63,1,63,64,111,1,1,91,536870912,0,0,0,0
named_crc_linear,"CRC_n64_k48_CRC-16/CCITT-like",0.75,64,48,0.002,502,0,11,1,1,1,0,0,7.4349000000000003e-05,0.019350415999999999,0,0.019350415999999999,PREFIX_ASTAR,0.0038422429781354577,0.0038422429781354577,127,65,62,65,1,65,64,465,1,1,395,536870912,0,0,0,0
named_crc_linear,"CRC_n64_k48_CRC-16/CCITT-like",0.75,64,48,0.002,503,0,18,1,1,1,0,0,8.1506000000000002e-05,0.015646571000000001,0,0.015646571000000001,PREFIX_ASTAR,0.0052091924805760951,0.0052091924805760951,126,65,61,65,1,65,64,372,1,1,318,536870912,0,0,0,0
named_crc_linear,"CRC_n64_k48_CRC-16/CCITT-like",0.75,64,48,0.002,504,0,11,1,1,1,0,0,8.0766999999999994e-05,0.0093368719999999995,0,0.0093368719999999995,PREFIX_ASTAR,0.0086503274329989745,0.0086503274329989745,126,64,62,64,1,64,64,226,1,1,201,536870912,0,0,0,0
named_crc_linear,"CRC_n64_k48_CRC-16/CCITT-like",0.75,64,48,0.002,505,0,21,1,1,1,0,0,8.3931000000000007e-05,0.055376302000000002,0,0.055376302000000002,PREFIX_ASTAR,0.0015156483363587552,0.0015156483363587552,128,65,63,65,1,65,64,1158,1,1,1070,536870912,0,0,0,0
named_crc_linear,"CRC_n64_k48_CRC-16/CCITT-like",0.75,64,48,0.002,506,1,39,1,1,1,0,0,0.0026755910000000002,0.19490485299999999,0,0.19490485299999999,PREFIX_ASTAR,0.013727677678708186,0.013727677678708186,8189,3960,4229,3960,1,3960,64,4356,1,1,3858,536870912,0,0,0,0
named_crc_linear,"CRC_n64_k48_CRC-16/CCITT-like",0.75,64,48,0.002,507,0,20,1,1,1,0,0,7.8349000000000005e-05,0.011733858,0,0.011733858,PREFIX_ASTAR,0.0066771730150475663,0.0066771730150475663,126,65,61,65,1,65,64,281,1,1,242,536870912,0,0,0,0
named_crc_linear,"CRC_n64_k48_CRC-16/CCITT-like",0.75,64,48,0.002,508,0,43,1,1,1,0,0,7.4027000000000001e-05,0.0055522169999999999,0,0.0055522169999999999,PREFIX_ASTAR,0.013332872256253674,0.013332872256253674,124,62,62,62,1,62,64,148,1,1,121,536870912,0,0,0,0
named_crc_linear,"CRC_n64_k48_CRC-16/CCITT-like",0.75,64,48,0.002,509,0,11,1,1,1,0,0,7.4900000000000005e-05,0.0076803740000000002,0,0.0076803740000000002,PREFIX_ASTAR,0.0097521292582887237,0.0097521292582887237,125,63,62,63,1,63,64,191,1,1,168,536870912,0,0,0,0
named_crc_linear,"CRC_n64_k48_CRC-16/CCITT-like",0.75,64,48,0.002,510,0,63,1,1,1,0,0,7.9841999999999999e-05,0.033368009999999997,0,0.033368009999999997,PREFIX_ASTAR,0.0023927708005362022,0.0023927708005362022,127,65,62,65,1,65,64,745,1,1,686,536870912,0,0,0,0
named_crc_linear,"CRC_n64_k48_CRC-16/CCITT-like",0.75,64,48,0.002,511,0,63,1,1,1,0,0,0.00010301,0.020709018999999999,0,0.020709018999999999,PREFIX_ASTAR,0.0049741612579523933,0.0049741612579523933,127,65,62,65,2,65,64,509,1,1,444,536870912,0,0,0,0
named_crc_linear,"CRC_n64_k48_CRC-16/CCITT-like",0.75,64,48,0.002,512,0,20,1,1,1,0,0,7.9314000000000007e-05,0.027341391999999999,0,0.027341391999999999,PREFIX_ASTAR,0.0029008764440376705,0.0029008764440376705,127,65,62,65,1,65,64,640,1,1,575,536870912,0,0,0,0
named_crc_linear,"CRC_n64_k48_CRC-16/CCITT-like",0.75,64,48,0.002,513,0,36,1,1,1,0,0,7.3658999999999994e-05,0.011260134,0,0.011260134,PREFIX_ASTAR,0.0065415740167923397,0.0065415740167923397,126,64,62,64,1,64,64,287,1,1,250,536870912,0,0,0,0
named_crc_linear,"CRC_n64_k48_CRC-16/CCITT-like",0.75,64,48,0.002,514,0,52,1,1,1,0,0,8.0408999999999995e-05,0.0073961419999999996,0,0.0073961419999999996,PREFIX_ASTAR,0.010871749082156617,0.010871749082156617,126,65,61,65,1,65,64,181,1,1,157,536870912,0,0,0,0
named_crc_linear,"CRC_n64_k48_CRC-16/CCITT-like",0.75,64,48,0.002,515,0,18,1,1,1,0,0,8.2501000000000002e-05,0.014133256,0,0.014133256,PREFIX_ASTAR,0.005837366845969535,0.005837366845969535,126,64,62,64,1,64,64,331,1,1,292,536870912,0,0,0,0
named_crc_linear,"CRC_n64_k48_CRC-16/CCITT-like",0.75,64,48,0.002,516,0,22,1,1,1,0,0,7.2751999999999997e-05,0.004453345,0,0.004453345,PREFIX_ASTAR,0.016336484148432244,0.016336484148432244,124,61,63,61,1,61,64,130,1,1,99,536870912,0,0,0,0
named_crc_linear,"CRC_n64_k48_CRC-16/CCITT-like",0.75,64,48,0.002,517,0,2,1,1,1,0,0,7.5562999999999995e-05,0.011690099000000001,0,0.011690099000000001,PREFIX_ASTAR,0.0064638460290199415,0.0064638460290199415,126,64,62,64,1,64,64,287,1,1,251,536870912,0,0,0,0
named_crc_linear,"CRC_n64_k48_CRC-16/CCITT-like",0.75,64,48,0.002,518,0,51,1,1,1,0,0,7.0164000000000001e-05,0.0036040019999999998,0,0.0036040019999999998,PREFIX_ASTAR,0.019468357675717161,0.019468357675717161,121,64,57,64,1,64,64,104,1,1,84,536870912,0,0,0,0
named_crc_linear,"CRC_n64_k48_CRC-16/CCITT-like",0.75,64,48,0.002,519,0,50,1,1,1,0,0,8.0474000000000002e-05,0.032063245999999997,0,0.032063245999999997,PREFIX_ASTAR,0.0025098519345171729,0.0025098519345171729,128,65,63,65,1,65,64,729,1,1,675,536870912,0,0,0,0
named_crc_linear,"CRC_n64_k48_CRC-16/CCITT-like",0.75,64,48,0.002,520,0,40,1,1,1,0,0,8.3249000000000002e-05,0.025235898999999999,0,0.025235898999999999,PREFIX_ASTAR,0.0032988323498996412,0.0032988323498996412,127,64,63,64,1,64,64,593,1,1,526,536870912,0,0,0,0
named_crc_linear,"CRC_n64_k48_CRC-16/CCITT-like",0.75,64,48,0.002,521,0,30,1,1,1,0,0,7.9321999999999997e-05,0.044199989000000002,0,0.044199989000000002,PREFIX_ASTAR,0.001794615831239234,0.001794615831239234,128,65,63,65,1,65,64,1027,1,1,926,536870912,0,0,0,0
named_crc_linear,"CRC_n64_k48_CRC-16/CCITT-like",0.75,64,48,0.002,522,0,21,1,1,1,0,0,7.4371999999999999e-05,0.012726929,0,0.012726929,PREFIX_ASTAR,0.0058436721066016791,0.0058436721066016791,126,65,61,65,1,65,64,300,1,1,268,536870912,0,0,0,0
named_crc_linear,"CRC_n64_k48_CRC-16/CCITT-like",0.75,64,48,0.002,523,0,0,1,1,1,0,0,7.9158000000000003e-05,0.051732189999999997,0,0.051732189999999997,PREFIX_ASTAR,0.0015301497964806826,0.0015301497964806826,128,65,63,65,1,65,64,1168,1,1,1060,536870912,0,0,0,0
named_crc_linear,"CRC_n64_k48_CRC-16/CCITT-like",0.75,64,48,0.002,524,0,32,1,1,1,0,0,7.4536000000000006e-05,0.0026098200000000001,0,0.0026098200000000001,PREFIX_ASTAR,0.028559824049168143,0.028559824049168143,122,63,59,63,1,63,64,81,1,1,60,536870912,0,0,0,0
named_crc_linear,"CRC_n64_k48_CRC-16/CCITT-like",0.75,64,48,0.002,525,1,3,1,1,1,0,0,0.0024546120000000001,0.51168316700000005,0,0.51168316700000005,PREFIX_ASTAR,0.0047971325974848801,0.0047971325974848801,8190,3965,4225,3965,1,3965,64,11300,1,1,9846,536870912,0,0,0,0
named_crc_linear,"CRC_n64_k48_CRC-16/CCITT-like",0.75,64,48,0.002,526,0,24,1,1,1,0,0,7.7161000000000002e-05,0.042424793000000002,0,0.042424793000000002,PREFIX_ASTAR,0.0018187713962446439,0.0018187713962446439,128,65,63,65,1,65,64,963,1,1,877,536870912,0,0,0,0
named_crc_linear,"CRC_n64_k48_CRC-16/CCITT-like",0.75,64,48,0.002,527,1,48,1,1,1,0,0,0.0026311020000000002,1.352963922,0,1.352963922,PREFIX_ASTAR,0.001944694871176321,0.001944694871176321,8192,3942,4250,3942,1,3942,64,28705,1,1,25133,536870912,0,0,0,0
named_crc_linear,"CRC_n64_k48_CRC-16/CCITT-like",0.75,64,48,0.002,528,0,3,1,1,1,0,0,7.6435999999999998e-05,0.010895330999999999,0,0.010895330999999999,PREFIX_ASTAR,0.0070154821363389514,0.0070154821363389514,126,64,62,64,1,64,64,263,1,1,234,536870912,0,0,0,0
named_crc_linear,"CRC_n64_k48_CRC-16/CCITT-like",0.75,64,48,0.002,529,0,6,1,1,1,0,0,7.3256000000000005e-05,0.0056322799999999999,0,0.0056322799999999999,PREFIX_ASTAR,0.013006455644960833,0.013006455644960833,123,64,59,64,1,64,64,150,1,1,124,536870912,0,0,0,0
named_crc_linear,"CRC_n64_k48_CRC-16/CCITT-like",0.75,64,48,0.002,530,0,44,1,1,1,0,0,7.3337999999999995e-05,0.007632626,0,0.007632626,PREFIX_ASTAR,0.0096084886119141687,0.0096084886119141687,126,65,61,65,1,65,64,198,1,1,170,536870912,0,0,0,0
named_crc_linear,"CRC_n64_k48_CRC-16/CCITT-like",0.75,64,48,0.002,531,1,20,1,1,1,0,0,0.002499205,0.19083401999999999,0,0.19083401999999999,PREFIX_ASTAR,0.013096223618828551,0.013096223618828551,8188,3979,4209,3979,1,3979,64,4418,1,1,3803,536870912,0,0,0,0
named_crc_linear,"CRC_n64_k48_CRC-16/CCITT-like",0.75,64,48,0.002,532,0,18,1,1,1,0,0,8.6697e-05,0.0091474569999999995,0,0.0091474569999999995,PREFIX_ASTAR,0.009477716047203065,0.009477716047203065,126,64,62,64,1,64,64,229,1,1,200,536870912,0,0,0,0
named_crc_linear,"CRC_n64_k48_CRC-16/CCITT-like",0.75,64,48,0.002,533,0,27,1,1,1,0,0,7.1940999999999994e-05,0.0063259229999999998,0,0.0063259229999999998,PREFIX_ASTAR,0.011372411583258284,0.011372411583258284,124,63,61,63,1,63,64,161,1,1,135,536870912,0,0,0,0
named_crc_linear,"CRC_n64_k48_CRC-16/CCITT-like",0.75,64,48,0.002,534,0,50,1,1,1,0,0,8.3858999999999998e-05,0.043747326000000003,0,0.043747326000000003,PREFIX_ASTAR,0.0019168943034369688,0.0019168943034369688,128,65,63,65,1,65,64,966,1,1,895,536870912,0,0,0,0
named_crc_linear,"CRC_n64_k48_CRC-16/CCITT-like",0.75,64,48,0.002,535,1,34,1,1,1,0,0,0.002734092,0.30831364999999999,0,0.30831364999999999,PREFIX_ASTAR,0.00886789151242574,0.00886789151242574,8189,3959,4230,3959,1,3959,64,6788,1,1,6124,536870912,0,0,0,0
named_crc_linear,"CRC_n64_k48_CRC-16/CCITT-like",0.75,64,48,0.002,536,0,17,1,1,1,0,0,7.4517000000000005e-05,0.0041200009999999999,0,0.0041200009999999999,PREFIX_ASTAR,0.018086646095474251,0.018086646095474251,123,62,61,62,1,62,64,113,1,1,91,536870912,0,0,0,0
named_crc_linear,"CRC_n64_k48_CRC-16/CCITT-like",0.75,64,48,0.002,537,0,12,1,1,1,0,0,7.9407999999999996e-05,0.003759259,0,0.003759259,PREFIX_ASTAR,0.02112331180160771,0.02112331180160771,119,62,57,62,1,62,64,103,1,1,83,536870912,0,0,0,0
named_crc_linear,"CRC_n64_k48_CRC-16/CCITT-like",0.75,64,48,0.002,538,0,46,1,1,1,0,0,7.7107999999999994e-05,0.012464670000000001,0,0.012464670000000001,PREFIX_ASTAR,0.0061861244621799049,0.0061861244621799049,126,65,61,65,1,65,64,316,1,1,269,536870912,0,0,0,0
named_crc_linear,"CRC_n64_k48_CRC-16/CCITT-like",0.75,64,48,0.002,539,0,30,1,1,1,0,0,8.1741000000000002e-05,0.0061864670000000002,0,0.0061864670000000002,PREFIX_ASTAR,0.013212872549065564,0.013212872549065564,125,63,62,63,1,63,64,157,1,1,132,536870912,0,0,0,0
named_crc_linear,"CRC_n64_k48_CRC-16/CCITT-like",0.75,64,48,0.002,540,1,4,1,1,1,0,0,0.0024592139999999999,0.39086858600000002,0,0.39086858600000002,PREFIX_ASTAR,0.0062916644828551142,0.0062916644828551142,8189,3981,4208,3981,1,3981,64,8658,1,1,7562,536870912,0,0,0,0
named_crc_linear,"CRC_n64_k48_CRC-16/CCITT-like",0.75,64,48,0.002,541,0,45,1,1,1,0,0,7.7564000000000005e-05,0.012325835,0,0.012325835,PREFIX_ASTAR,0.0062927988245826752,0.0062927988245826752,126,64,62,64,1,64,64,284,1,1,245,536870912,0,0,0,0
named_crc_linear,"CRC_n64_k48_CRC-16/CCITT-like",0.75,64,48,0.002,542,0,48,1,1,1,0,0,7.6458999999999994e-05,0.013723755000000001,0,0.013723755000000001,PREFIX_ASTAR,0.0055712886159801009,0.0055712886159801009,126,65,61,65,1,65,64,311,1,1,268,536870912,0,0,0,0
named_crc_linear,"CRC_n64_k48_CRC-16/CCITT-like",0.75,64,48,0.002,543,0,20,1,1,1,0,0,7.7428000000000005e-05,0.033610273000000003,0,0.033610273000000003,PREFIX_ASTAR,0.0023037004192140898,0.0023037004192140898,127,64,63,64,1,64,64,707,1,1,645,536870912,0,0,0,0
named_crc_linear,"CRC_n64_k48_CRC-16/CCITT-like",0.75,64,48,0.002,544,0,49,1,1,1,0,0,7.3675000000000002e-05,0.0072755010000000002,0,0.0072755010000000002,PREFIX_ASTAR,0.010126450398398681,0.010126450398398681,125,64,61,64,1,64,64,178,1,1,150,536870912,0,0,0,0
named_crc_linear,"CRC_n64_k48_CRC-16/CCITT-like",0.75,64,48,0.002,545,0,46,1,1,1,0,0,7.5073000000000004e-05,0.035363741999999997,0,0.035363741999999997,PREFIX_ASTAR,0.0021228805481048928,0.0021228805481048928,128,65,63,65,1,65,64,786,1,1,712,536870912,0,0,0,0
named_crc_linear,"CRC_n64_k48_CRC-16/CCITT-like",0.75,64,48,0.002,546,0,2,1,1,1,0,0,7.5467000000000001e-05,0.015633316000000001,0,0.015633316000000001,PREFIX_ASTAR,0.0048273187850869257,0.0048273187850869257,126,64,62,64,1,64,64,374,1,1,333,536870912,0,0,0,0
named_crc_linear,"CRC_n64_k48_CRC-16/CCITT-like",0.75,64,48,0.002,547,0,11,1,1,1,0,0,7.4454000000000002e-05,0.0048470780000000003,0,0.0048470780000000003,PREFIX_ASTAR,0.015360594568521489,0.015360594568521489,123,62,61,62,1,62,64,132,1,1,112,536870912,0,0,0,0
named_crc_linear,"CRC_n64_k48_CRC-16/CCITT-like",0.75,64,48,0.002,548,0,5,1,1,1,0,0,7.9262000000000001e-05,0.021778247000000001,0,0.021778247000000001,PREFIX_ASTAR,0.0036395032162138668,0.0036395032162138668,127,65,62,65,1,65,64,511,1,1,463,536870912,0,0,0,0
named_crc_linear,"CRC_n64_k48_CRC-16/CCITT-like",0.75,64,48,0.002,549,0,40,1,1,1,0,0,7.6168000000000007e-05,0.0062376080000000004,0,0.0062376080000000004,PREFIX_ASTAR,0.01221109117469389,0.01221109117469389,125,64,61,64,1,64,64,164,1,1,136,536870912,0,0,0,0
named_crc_linear,"CRC_n64_k48_CRC-16/CCITT-like",0.75,64,48,0.002,550,0,20,1,1,1,0,0,7.9019999999999999e-05,0.036622222000000003,0,0.036622222000000003,PREFIX_ASTAR,0.0021577063237724898,0.0021577063237724898,128,65,63,65,1,65,64,848,1,1,756,536870912,0,0,0,0
named_crc_linear,"CRC_n64_k48_CRC-16/CCITT-like",0.75,64,48,0.002,551,0,39,1,1,1,0,0,7.6025999999999993e-05,0.011063366,0,0.011063366,PREFIX_ASTAR,0.0068718688326861819,0.0068718688326861819,126,64,62,64,1,64,64,273,1,1,243,536870912,0,0,0,0
named_crc_linear,"CRC_n64_k48_CRC-16/CCITT-like",0.75,64,48,0.002,552,0,29,1,1,1,0,0,8.1472999999999997e-05,0.0073891080000000001,0,0.0073891080000000001,PREFIX_ASTAR,0.011026094083345378,0.011026094083345378,125,65,60,65,1,65,64,182,1,1,156,536870912,0,0,0,0
named_crc_linear,"CRC_n64_k48_CRC-16/CCITT-like",0.75,64,48,0.002,553,0,14,1,1,1,0,0,8.9959999999999999e-05,0.0054046229999999999,0,0.0054046229999999999,PREFIX_ASTAR,0.016645009281868503,0.016645009281868503,124,62,62,62,1,62,64,138,1,1,114,536870912,0,0,0,0
named_crc_linear,"CRC_n64_k48_CRC-16/CCITT-like",0.75,64,48,0.002,554,0,20,1,1,1,0,0,7.6532000000000005e-05,0.024034007,0,0.024034007,PREFIX_ASTAR,0.003184321282755722,0.003184321282755722,127,64,63,64,1,64,64,548,1,1,502,536870912,0,0,0,0
named_crc_linear,"CRC_n64_k48_CRC-16/CCITT-like",0.75,64,48,0.002,555,0,24,1,1,1,0,0,7.4474999999999994e-05,0.034308310000000002,0,0.034308310000000002,PREFIX_ASTAR,0.0021707568807673707,0.0021707568807673707,127,65,62,65,1,65,64,779,1,1,689,536870912,0,0,0,0
named_crc_linear,"CRC_n64_k48_CRC-16/CCITT-like",0.75,64,48,0.002,556,2,40,1,1,1,0,0,0.0023911029999999999,0.40516457900000002,0,0.40516457900000002,PREFIX_ASTAR,0.005901559820213207,0.005901559820213207,8190,3960,4230,3960,1,3960,64,9244,1,1,8214,536870912,0,0,0,0
named_crc_linear,"CRC_n64_k48_CRC-16/CCITT-like",0.75,64,48,0.002,557,0,37,1,1,1,0,0,8.2379000000000005e-05,0.034201057,0,0.034201057,PREFIX_ASTAR,0.0024086682467152989,0.0024086682467152989,128,65,63,65,1,65,64,770,1,1,678,536870912,0,0,0,0
named_crc_linear,"CRC_n64_k48_CRC-16/CCITT-like",0.75,64,48,0.002,558,1,59,1,1,1,0,0,0.002606194,0.29669801299999998,0,0.29669801299999998,PREFIX_ASTAR,0.0087839954627535709,0.0087839954627535709,8189,3985,4204,3985,1,3985,64,6342,1,1,5739,536870912,0,0,0,0
named_crc_linear,"CRC_n64_k48_CRC-16/CCITT-like",0.75,64,48,0.002,559,0,1,1,1,1,0,0,0.00010419,0.017190193999999999,0,0.017190193999999999,PREFIX_ASTAR,0.0060610136220684892,0.0060610136220684892,126,64,62,64,2,64,64,414,1,1,354,536870912,0,0,0,0
named_crc_linear,"CRC_n64_k48_CRC-16/CCITT-like",0.75,64,48,0.002,560,0,12,1,1,1,0,0,7.1864000000000002e-05,0.0067307670000000003,0,0.0067307670000000003,PREFIX_ASTAR,0.01067694068150034,0.01067694068150034,125,64,61,64,1,64,64,177,1,1,148,536870912,0,0,0,0
named_crc_linear,"CRC_n64_k48_CRC-16/CCITT-like",0.75,64,48,0.002,561,0,55,1,1,1,0,0,7.1587000000000004e-05,0.0021942490000000001,0,0.0021942490000000001,PREFIX_ASTAR,0.032624829725341108,0.032624829725341108,122,63,59,63,1,63,64,66,1,1,49,536870912,0,0,0,0
named_crc_linear,"CRC_n64_k48_CRC-16/CCITT-like",0.75,64,48,0.002,562,1,60,1,1,1,0,0,0.002662855,0.37593896100000002,0,0.37593896100000002,PREFIX_ASTAR,0.0070832110428692705,0.0070832110428692705,8189,3975,4214,3975,1,3975,64,8107,1,1,7249,536870912,0,0,0,0
named_crc_linear,"CRC_n64_k48_CRC-16/CCITT-like",0.75,64,48,0.002,563,0,51,1,1,1,0,0,8.4451999999999997e-05,0.017280499000000001,0,0.017280499000000001,PREFIX_ASTAR,0.0048871273914022966,0.0048871273914022966,127,64,63,64,1,64,64,374,1,1,336,536870912,0,0,0,0
named_crc_linear,"CRC_n64_k48_CRC-16/CCITT-like",0.75,64,48,0.002,564,0,40,1,1,1,0,0,8.3174e-05,0.04405038,0,0.04405038,PREFIX_ASTAR,0.0018881562429200385,0.0018881562429200385,128,65,63,65,1,65,64,937,1,1,841,536870912,0,0,0,0
named_crc_linear,"CRC_n64_k48_CRC-16/CCITT-like",0.75,64,48,0.002,565,1,62,1,1,1,0,0,0.0025583419999999999,1.771888184,0,1.771888184,PREFIX_ASTAR,0.0014438507029402934,0.0014438507029402934,8192,3981,4211,3981,1,3981,64,37487,1,1,32772,536870912,0,0,0,0
named_crc_linear,"CRC_n64_k48_CRC-16/CCITT-like",0.75,64,48,0.002,566,0,19,1,1,1,0,0,8.0909999999999996e-05,0.0053793670000000003,0,0.0053793670000000003,PREFIX_ASTAR,0.01504080312795167,0.01504080312795167,124,64,60,64,1,64,64,139,1,1,116,536870912,0,0,0,0
named_crc_linear,"CRC_n64_k48_CRC-16/CCITT-like",0.75,64,48,0.002,567,0,26,1,1,1,0,0,8.0541e-05,0.015422139,0,0.015422139,PREFIX_ASTAR,0.0052224273169889082,0.0052224273169889082,127,64,63,64,1,64,64,365,1,1,326,536870912,0,0,0,0
named_crc_linear,"CRC_n64_k48_CRC-16/CCITT-like",0.75,64,48,0.002,568,1,46,1,1,1,0,0,0.0025087220000000001,0.35125637700000001,0,0.35125637700000001,PREFIX_ASTAR,0.0071421393724618414,0.0071421393724618414,8190,3961,4229,3961,1,3961,64,7583,1,1,6668,536870912,0,0,0,0
named_crc_linear,"CRC_n64_k48_CRC-16/CCITT-like",0.75,64,48,0.002,569,0,50,1,1,1,0,0,7.5352000000000006e-05,0.018715198999999998,0,0.018715198999999998,PREFIX_ASTAR,0.0040262462611271197,0.0040262462611271197,127,64,63,64,1,64,64,443,1,1,394,536870912,0,0,0,0
named_crc_linear,"CRC_n64_k48_CRC-16/CCITT-like",0.75,64,48,0.002,570,0,55,1,1,1,0,0,7.2328000000000003e-05,0.0030447370000000001,0,0.0030447370000000001,PREFIX_ASTAR,0.023755089520047217,0.023755089520047217,124,63,61,63,1,63,64,87,1,1,67,536870912,0,0,0,0
named_crc_linear,"CRC_n64_k48_CRC-16/CCITT-like",0.75,64,48,0.002,571,1,37,1,1,1,0,0,0.002493299,1.4338885990000001,0,1.4338885990000001,PREFIX_ASTAR,0.0017388373139578886,0.0017388373139578886,8192,3961,4231,3961,1,3961,64,31166,1,1,27195,536870912,0,0,0,0
named_crc_linear,"CRC_n64_k48_CRC-16/CCITT-like",0.75,64,48,0.002,572,0,14,1,1,1,0,0,7.2676999999999996e-05,0.0038045930000000002,0,0.0038045930000000002,PREFIX_ASTAR,0.019102437501199207,0.019102437501199207,121,62,59,62,1,62,64,102,1,1,83,536870912,0,0,0,0
named_crc_linear,"CRC_n64_k48_CRC-16/CCITT-like",0.75,64,48,0.002,573,0,49,1,1,1,0,0,7.7682999999999995e-05,0.052466728999999997,0,0.052466728999999997,PREFIX_ASTAR,0.0014806145052419792,0.0014806145052419792,128,65,63,65,1,65,64,1175,1,1,1061,536870912,0,0,0,0
named_crc_linear,"CRC_n64_k48_CRC-16/CCITT-like",0.75,64,48,0.002,574,0,40,1,1,1,0,0,7.3922000000000001e-05,0.013095898,0,0.013095898,PREFIX_ASTAR,0.0056446682770436973,0.0056446682770436973,126,63,63,63,1,63,64,320,1,1,282,536870912,0,0,0,0
named_crc_linear,"CRC_n64_k48_CRC-16/CCITT-like",0.75,64,48,0.002,575,0,49,1,1,1,0,0,8.3530999999999997e-05,0.017706448999999999,0,0.017706448999999999,PREFIX_ASTAR,0.0047175466972513803,0.0047175466972513803,127,65,62,65,1,65,64,419,1,1,379,536870912,0,0,0,0
named_crc_linear,"CRC_n64_k48_CRC-16/CCITT-like",0.75,64,48,0.002,576,0,28,1,1,1,0,0,7.5360999999999999e-05,0.053221027999999997,0,0.053221027999999997,PREFIX_ASTAR,0.0014160004575635029,0.0014160004575635029,128,65,63,65,1,65,64,1203,1,1,1091,536870912,0,0,0,0
named_crc_linear,"CRC_n64_k48_CRC-16/CCITT-like",0.75,64,48,0.002,577,0,19,1,1,1,0,0,8.1285999999999994e-05,0.049184294000000003,0,0.049184294000000003,PREFIX_ASTAR,0.0016526820533400354,0.0016526820533400354,128,65,63,65,1,65,64,1119,1,1,1024,536870912,0,0,0,0
named_crc_linear,"CRC_n64_k48_CRC-16/CCITT-like",0.75,64,48,0.002,578,0,43,1,1,1,0,0,7.6798999999999994e-05,0.016475683000000001,0,0.016475683000000001,PREFIX_ASTAR,0.0046613545550736801,0.0046613545550736801,127,65,62,65,1,65,64,398,1,1,359,536870912,0,0,0,0
named_crc_linear,"CRC_n64_k48_CRC-16/CCITT-like",0.75,64,48,0.002,579,0,0,1,1,1,0,0,7.5315000000000007e-05,0.042653493000000001,0,0.042653493000000001,PREFIX_ASTAR,0.0017657404986738134,0.0017657404986738134,128,65,63,65,1,65,64,950,1,1,864,536870912,0,0,0,0
named_crc_linear,"CRC_n64_k48_CRC-16/CCITT-like",0.75,64,48,0.002,580,0,46,1,1,1,0,0,8.8998000000000004e-05,0.050859047999999997,0,0.050859047999999997,PREFIX_ASTAR,0.0017498951219063323,0.0017498951219063323,128,65,63,65,1,65,64,1108,1,1,993,536870912,0,0,0,0
named_crc_linear,"CRC_n64_k48_CRC-16/CCITT-like",0.75,64,48,0.002,581,0,46,1,1,1,0,0,8.2751999999999996e-05,0.02805562,0,0.02805562,PREFIX_ASTAR,0.0029495694623750961,0.0029495694623750961,127,64,63,64,1,64,64,573,1,1,502,536870912,0,0,0,0
named_crc_linear,"CRC_n64_k48_CRC-16/CCITT-like",0.75,64,48,0.002,582,0,22,1,1,1,0,0,8.3458e-05,0.0035841039999999998,0,0.0035841039999999998,PREFIX_ASTAR,0.023285596623312272,0.023285596623312272,120,61,59,61,1,61,64,89,1,1,71,536870912,0,0,0,0
named_crc_linear,"CRC_n64_k48_CRC-16/CCITT-like",0.75,64,48,0.002,583,0,1,1,1,1,0,0,8.4092999999999996e-05,0.054487811999999997,0,0.054487811999999997,PREFIX_ASTAR,0.0015433359665827653,0.0015433359665827653,128,65,63,65,1,65,64,1173,1,1,1032,536870912,0,0,0,0
named_crc_linear,"CRC_n64_k48_CRC-16/CCITT-like",0.75,64,48,0.002,584,0,0,1,1,1,0,0,0.000111841,0.028951154,0,0.028951154,PREFIX_ASTAR,0.0038630929875886812,0.0038630929875886812,127,64,63,64,2,64,64,635,1,1,576,536870912,0,0,0,0
named_crc_linear,"CRC_n64_k48_CRC-16/CCITT-like",0.75,64,48,0.002,585,0,56,1,1,1,0,0,8.0483999999999997e-05,0.0090453289999999995,0,0.0090453289999999995,PREFIX_ASTAR,0.0088978521400382461,0.0088978521400382461,125,63,62,63,1,63,64,204,1,1,173,536870912,0,0,0,0
named_crc_linear,"CRC_n64_k48_CRC-16/CCITT-like",0.75,64,48,0.002,586,0,39,1,1,1,0,0,8.3203999999999998e-05,0.0028836719999999999,0,0.0028836719999999999,PREFIX_ASTAR,0.028853489578565109,0.028853489578565109,124,63,61,63,1,63,64,80,1,1,60,536870912,0,0,0,0
named_crc_linear,"CRC_n64_k48_CRC-16/CCITT-like",0.75,64,48,0.002,587,0,5,1,1,1,0,0,8.2867999999999993e-05,0.0063286380000000001,0,0.0063286380000000001,PREFIX_ASTAR,0.013094128626096166,0.013094128626096166,125,64,61,64,1,64,64,148,1,1,127,536870912,0,0,0,0
named_crc_linear,"CRC_n64_k48_CRC-16/CCITT-like",0.75,64,48,0.002,588,0,27,1,1,1,0,0,8.2385999999999994e-05,0.0069598699999999999,0,0.0069598699999999999,PREFIX_ASTAR,0.011837290064325913,0.011837290064325913,125,65,60,65,1,65,64,162,1,1,140,536870912,0,0,0,0
named_crc_linear,"CRC_n64_k48_CRC-16/CCITT-like",0.75,64,48,0.002,589,0,6,1,1,1,0,0,8.1236000000000006e-05,0.014532273,0,0.014532273,PREFIX_ASTAR,0.0055900408697249224,0.0055900408697249224,126,64,62,64,1,64,64,322,1,1,287,536870912,0,0,0,0
named_crc_linear,"CRC_n64_k48_CRC-16/CCITT-like",0.75,64,48,0.002,590,0,29,1,1,1,0,0,8.1340000000000004e-05,0.0039651249999999999,0,0.0039651249999999999,PREFIX_ASTAR,0.020513855174805334,0.020513855174805334,124,63,61,63,1,63,64,107,1,1,79,536870912,0,0,0,0
named_crc_linear,"CRC_n64_k48_CRC-16/CCITT-like",0.75,64,48,0.002,591,0,35,1,1,1,0,0,7.9388000000000006e-05,0.009706938,0,0.009706938,PREFIX_ASTAR,0.0081784801757258576,0.0081784801757258576,126,63,63,63,1,63,64,225,1,1,199,536870912,0,0,0,0
named_crc_linear,"CRC_n64_k48_CRC-16/CCITT-like",0.75,64,48,0.002,592,0,40,1,1,1,0,0,8.6534999999999997e-05,0.011405201,0,0.011405201,PREFIX_ASTAR,0.0075873279217087012,0.0075873279217087012,125,64,61,64,1,64,64,261,1,1,225,536870912,0,0,0,0
named_crc_linear,"CRC_n64_k48_CRC-16/CCITT-like",0.75,64,48,0.002,593,1,25,1,1,1,0,0,0.0026021619999999999,0.58331953299999995,0,0.58331953299999995,PREFIX_ASTAR,0.0044609546788483764,0.0044609546788483764,8191,3963,4228,3963,1,3963,64,12249,1,1,10899,536870912,0,0,0,0
named_crc_linear,"CRC_n64_k48_CRC-16/CCITT-like",0.75,64,48,0.002,594,0,63,1,1,1,0,0,0.00011199100000000001,0.061015279999999998,0,0.061015279999999998,PREFIX_ASTAR,0.0018354582655361084,0.0018354582655361084,128,65,63,65,2,65,64,1293,1,1,1177,536870912,0,0,0,0
named_crc_linear,"CRC_n64_k48_CRC-16/CCITT-like",0.75,64,48,0.002,595,0,18,1,1,1,0,0,8.3975999999999997e-05,0.029858183999999999,0,0.029858183999999999,PREFIX_ASTAR,0.0028124952274391503,0.0028124952274391503,127,64,63,64,1,64,64,638,1,1,563,536870912,0,0,0,0
named_crc_linear,"CRC_n64_k48_CRC-16/CCITT-like",0.75,64,48,0.002,596,0,26,1,1,1,0,0,8.0309999999999995e-05,0.0032444230000000002,0,0.0032444230000000002,PREFIX_ASTAR,0.024753245800562994,0.024753245800562994,123,62,61,62,1,62,64,89,1,1,71,536870912,0,0,0,0
named_crc_linear,"CRC_n64_k48_CRC-16/CCITT-like",0.75,64,48,0.002,597,0,44,1,1,1,0,0,8.1914000000000002e-05,0.042105674000000003,0,0.042105674000000003,PREFIX_ASTAR,0.0019454385173836666,0.0019454385173836666,128,65,63,65,1,65,64,975,1,1,860,536870912,0,0,0,0
named_crc_linear,"CRC_n64_k48_CRC-16/CCITT-like",0.75,64,48,0.002,598,0,5,1,1,1,0,0,7.5034e-05,0.011593235,0,0.011593235,PREFIX_ASTAR,0.0064722228092503947,0.0064722228092503947,125,64,61,64,1,64,64,274,1,1,243,536870912,0,0,0,0
named_crc_linear,"CRC_n64_k48_CRC-16/CCITT-like",0.75,64,48,0.002,599,0,37,1,1,1,0,0,7.8156000000000002e-05,0.028677194999999999,0,0.028677194999999999,PREFIX_ASTAR,0.0027253711529317986,0.0027253711529317986,128,65,63,65,1,65,64,667,1,1,603,536870912,0,0,0,0
named_crc_linear,"CRC_n64_k48_CRC-16/CCITT-like",0.75,64,48,0.0050000000000000001,0,0,47,1,1,1,0,0,8.3908999999999999e-05,0.020120701000000001,0,0.020120701000000001,PREFIX_ASTAR,0.0041702821387783655,0.0041702821387783655,127,64,63,64,1,64,64,477,1,1,422,536870912,0,0,0,0
named_crc_linear,"CRC_n64_k48_CRC-16/CCITT-like",0.75,64,48,0.0050000000000000001,1,1,38,1,1,1,0,0,0.0024258750000000001,0.84183701799999999,0,0.84183701799999999,PREFIX_ASTAR,0.0028816444847760306,0.0028816444847760306,8191,3949,4242,3949,1,3949,64,17774,1,1,15583,536870912,0,0,0,0
named_crc_linear,"CRC_n64_k48_CRC-16/CCITT-like",0.75,64,48,0.0050000000000000001,2,0,15,1,1,1,0,0,7.7435000000000007e-05,0.037053119000000002,0,0.037053119000000002,PREFIX_ASTAR,0.002089837565361232,0.002089837565361232,128,65,63,65,1,65,64,834,1,1,731,536870912,0,0,0,0
named_crc_linear,"CRC_n64_k48_CRC-16/CCITT-like",0.75,64,48,0.0050000000000000001,3,1,24,1,1,1,0,0,0.0025509899999999999,0.52281409700000003,0,0.52281409700000003,PREFIX_ASTAR,0.0048793443303040843,0.0048793443303040843,8190,4001,4189,4001,1,4001,64,11133,1,1,9613,536870912,0,0,0,0
named_crc_linear,"CRC_n64_k48_CRC-16/CCITT-like",0.75,64,48,0.0050000000000000001,4,0,62,1,1,1,0,0,8.3405999999999994e-05,0.0025458109999999998,0,0.0025458109999999998,PREFIX_ASTAR,0.032762054999369551,0.032762054999369551,124,64,60,64,1,64,64,70,1,1,53,536870912,0,0,0,0
named_crc_linear,"CRC_n64_k48_CRC-16/CCITT-like",0.75,64,48,0.0050000000000000001,5,1,6,1,1,1,0,0,0.0026794309999999999,1.8258785129999999,0,1.8258785129999999,PREFIX_ASTAR,0.001467474961188724,0.001467474961188724,8192,3973,4219,3973,1,3973,64,37391,1,1,32700,536870912,0,0,0,0
named_crc_linear,"CRC_n64_k48_CRC-16/CCITT-like",0.75,64,48,0.0050000000000000001,6,0,20,1,1,1,0,0,8.4049999999999997e-05,0.014609982000000001,0,0.014609982000000001,PREFIX_ASTAR,0.0057529160542429134,0.0057529160542429134,126,63,63,63,1,63,64,324,1,1,295,536870912,0,0,0,0
named_crc_linear,"CRC_n64_k48_CRC-16/CCITT-like",0.75,64,48,0.0050000000000000001,7,0,36,1,1,1,0,0,7.4583000000000001e-05,0.0029715900000000001,0,0.0029715900000000001,PREFIX_ASTAR,0.025098684542618599,0.025098684542618599,124,63,61,63,1,63,64,89,1,1,67,536870912,0,0,0,0
named_crc_linear,"CRC_n64_k48_CRC-16/CCITT-like",0.75,64,48,0.0050000000000000001,8,0,53,1,1,1,0,0,7.8634999999999995e-05,0.056270916999999997,0,0.056270916999999997,PREFIX_ASTAR,0.0013974359081441662,0.0013974359081441662,128,65,63,65,1,65,64,1215,1,1,1123,536870912,0,0,0,0
named_crc_linear,"CRC_n64_k48_CRC-16/CCITT-like",0.75,64,48,0.0050000000000000001,9,0,18,1,1,1,0,0,7.5935999999999999e-05,0.0080365999999999996,0,0.0080365999999999996,PREFIX_ASTAR,0.0094487718687006946,0.0094487718687006946,125,63,62,63,1,63,64,190,1,1,168,536870912,0,0,0,0
named_crc_linear,"CRC_n64_k48_CRC-16/CCITT-like",0.75,64,48,0.0050000000000000001,10,0,24,1,1,1,0,0,8.2542999999999999e-05,0.011293687,0,0.011293687,PREFIX_ASTAR,0.0073087734767219954,0.0073087734767219954,126,63,63,63,1,63,64,269,1,1,235,536870912,0,0,0,0
named_crc_linear,"CRC_n64_k48_CRC-16/CCITT-like",0.75,64,48,0.0050000000000000001,11,0,59,1,1,1,0,0,8.2816000000000001e-05,0.010372274000000001,0,0.010372274000000001,PREFIX_ASTAR,0.0079843629275508921,0.0079843629275508921,126,64,62,64,1,64,64,249,1,1,224,536870912,0,0,0,0
named_crc_linear,"CRC_n64_k48_CRC-16/CCITT-like",0.75,64,48,0.0050000000000000001,12,0,30,1,1,1,0,0,9.0712999999999997e-05,0.01806551,0,0.01806551,PREFIX_ASTAR,0.0050213362368402552,0.0050213362368402552,127,64,63,64,1,64,64,417,1,1,367,536870912,0,0,0,0
named_crc_linear,"CRC_n64_k48_CRC-16/CCITT-like",0.75,64,48,0.0050000000000000001,13,1,5,1,1,1,0,0,0.0025064570000000001,0.16238965999999999,0,0.16238965999999999,PREFIX_ASTAR,0.015434831257113294,0.015434831257113294,8187,3946,4241,3946,1,3946,64,3680,1,1,3259,536870912,0,0,0,0
named_crc_linear,"CRC_n64_k48_CRC-16/CCITT-like",0.75,64,48,0.0050000000000000001,14,1,13,1,1,1,0,0,0.0024975639999999999,0.187331836,0,0.187331836,PREFIX_ASTAR,0.013332298734316574,0.013332298734316574,8188,3982,4206,3982,1,3982,64,4352,1,1,3729,536870912,0,0,0,0
named_crc_linear,"CRC_n64_k48_CRC-16/CCITT-like",0.75,64,48,0.0050000000000000001,15,1,9,1,1,1,0,0,7.7457000000000001e-05,0.025985622999999999,0,0.025985622999999999,PREFIX_ASTAR,0.0029807636322592688,0.0029807636322592688,127,64,63,64,1,64,64,573,1,1,508,536870912,0,0,0,0
named_crc_linear,"CRC_n64_k48_CRC-16/CCITT-like",0.75,64,48,0.0050000000000000001,16,0,4,1,1,1,0,0,7.9235999999999998e-05,0.0061972620000000003,0,0.0061972620000000003,PREFIX_ASTAR,0.012785646306384979,0.012785646306384979,125,65,60,65,1,65,64,151,1,1,127,536870912,0,0,0,0
named_crc_linear,"CRC_n64_k48_CRC-16/CCITT-like",0.75,64,48,0.0050000000000000001,17,0,29,1,1,1,0,0,7.6273999999999995e-05,0.002744888,0,0.002744888,PREFIX_ASTAR,0.02778765472398145,0.02778765472398145,121,59,62,59,1,59,64,79,1,1,61,536870912,0,0,0,0
named_crc_linear,"CRC_n64_k48_CRC-16/CCITT-like",0.75,64,48,0.0050000000000000001,18,1,57,1,1,1,0,0,0.0024502439999999999,0.25586636499999998,0,0.25586636499999998,PREFIX_ASTAR,0.009576264547315548,0.009576264547315548,8189,3991,4198,3991,1,3991,64,5278,1,1,4674,536870912,0,0,0,0
named_crc_linear,"CRC_n64_k48_CRC-16/CCITT-like",0.75,64,48,0.0050000000000000001,19,0,61,1,1,1,0,0,8.6231999999999997e-05,0.029076280999999999,0,0.029076280999999999,PREFIX_ASTAR,0.0029657162826291299,0.0029657162826291299,127,64,63,64,1,64,64,609,1,1,555,536870912,0,0,0,0
named_crc_linear,"CRC_n64_k48_CRC-16/CCITT-like",0.75,64,48,0.0050000000000000001,20,0,62,1,1,1,0,0,8.5897999999999996e-05,0.026597168000000001,0,0.026597168000000001,PREFIX_ASTAR,0.0032295919625728573,0.0032295919625728573,127,64,63,64,1,64,64,559,1,1,503,536870912,0,0,0,0
named_crc_linear,"CRC_n64_k48_CRC-16/CCITT-like",0.75,64,48,0.0050000000000000001,21,0,41,1,1,1,0,0,8.5457999999999994e-05,0.0078880879999999997,0,0.0078880879999999997,PREFIX_ASTAR,0.01083380408534996,0.01083380408534996,125,62,63,62,1,62,64,182,1,1,151,536870912,0,0,0,0
named_crc_linear,"CRC_n64_k48_CRC-16/CCITT-like",0.75,64,48,0.0050000000000000001,22,0,34,1,1,1,0,0,8.2334000000000001e-05,0.0044001179999999997,0,0.0044001179999999997,PREFIX_ASTAR,0.018711770911598282,0.018711770911598282,126,64,62,64,1,64,64,112,1,1,90,536870912,0,0,0,0
named_crc_linear,"CRC_n64_k48_CRC-16/CCITT-like",0.75,64,48,0.0050000000000000001,23,0,41,1,1,1,0,0,8.0803999999999994e-05,0.0024269629999999999,0,0.0024269629999999999,PREFIX_ASTAR,0.033294285903823009,0.033294285903823009,123,64,59,64,1,64,64,69,1,1,51,536870912,0,0,0,0
named_crc_linear,"CRC_n64_k48_CRC-16/CCITT-like",0.75,64,48,0.0050000000000000001,24,0,39,1,1,1,0,0,8.3652000000000005e-05,0.015723938,0,0.015723938,PREFIX_ASTAR,0.0053200413280693427,0.0053200413280693427,126,65,61,65,1,65,64,340,1,1,297,536870912,0,0,0,0
named_crc_linear,"CRC_n64_k48_CRC-16/CCITT-like",0.75,64,48,0.0050000000000000001,25,0,37,1,1,1,0,0,8.2018e-05,0.0027950140000000002,0,0.0027950140000000002,PREFIX_ASTAR,0.029344396843808292,0.029344396843808292,123,61,62,61,1,61,64,76,1,1,57,536870912,0,0,0,0
named_crc_linear,"CRC_n64_k48_CRC-16/CCITT-like",0.75,64,48,0.0050000000000000001,26,0,42,1,1,1,0,0,8.1779000000000004e-05,0.0055930850000000002,0,0.0055930850000000002,PREFIX_ASTAR,0.014621447734121688,0.014621447734121688,125,62,63,62,1,62,64,130,1,1,108,536870912,0,0,0,0
named_crc_linear,"CRC_n64_k48_CRC-16/CCITT-like",0.75,64,48,0.0050000000000000001,27,1,52,1,1,1,0,0,0.002645255,0.84538168300000005,0,0.84538168300000005,PREFIX_ASTAR,0.0031290659038326952,0.0031290659038326952,8191,3943,4248,3943,1,3943,64,16737,1,1,14895,536870912,0,0,0,0
named_crc_linear,"CRC_n64_k48_CRC-16/CCITT-like",0.75,64,48,0.0050000000000000001,28,0,13,1,1,1,0,0,8.2818999999999994e-05,0.022623468000000001,0,0.022623468000000001,PREFIX_ASTAR,0.0036607561670032197,0.0036607561670032197,127,65,62,65,1,65,64,498,1,1,451,536870912,0,0,0,0
named_crc_linear,"CRC_n64_k48_CRC-16/CCITT-like",0.75,64,48,0.0050000000000000001,29,0,18,1,1,1,0,0,8.2210000000000001e-05,0.0063700429999999997,0,0.0063700429999999997,PREFIX_ASTAR,0.012905721358552839,0.012905721358552839,125,65,60,65,1,65,64,151,1,1,128,536870912,0,0,0,0
named_crc_linear,"CRC_n64_k48_CRC-16/CCITT-like",0.75,64,48,0.0050000000000000001,30,1,58,1,1,1,0,0,0.0027081639999999999,0.741448985,0,0.741448985,PREFIX_ASTAR,0.0036525291082568543,0.0036525291082568543,8191,3952,4239,3952,1,3952,64,14593,1,1,12675,536870912,0,0,0,0
named_crc_linear,"CRC_n64_k48_CRC-16/CCITT-like",0.75,64,48,0.0050000000000000001,31,1,2,1,1,1,0,0,0.0026989359999999999,0.26588708599999999,0,0.26588708599999999,PREFIX_ASTAR,0.010150684791062022,0.010150684791062022,8188,3987,4201,3987,2,3987,64,5398,1,1,4556,536870912,0,0,0,0
named_crc_linear,"CRC_n64_k48_CRC-16/CCITT-like",0.75,64,48,0.0050000000000000001,32,0,63,1,1,1,0,0,0.000114545,0.041473531000000001,0,0.041473531000000001,PREFIX_ASTAR,0.0027618820302520177,0.0027618820302520177,127,64,63,64,2,64,64,832,1,1,756,536870912,0,0,0,0
named_crc_linear,"CRC_n64_k48_CRC-16/CCITT-like",0.75,64,48,0.0050000000000000001,33,0,8,1,1,1,0,0,8.3518999999999998e-05,0.013614236,0,0.013614236,PREFIX_ASTAR,0.0061346813732331357,0.0061346813732331357,126,64,62,64,1,64,64,292,1,1,262,536870912,0,0,0,0
named_crc_linear,"CRC_n64_k48_CRC-16/CCITT-like",0.75,64,48,0.0050000000000000001,34,1,36,1,1,1,0,0,7.8954000000000003e-05,0.022181434999999999,0,0.022181434999999999,PREFIX_ASTAR,0.0035594631276109957,0.0035594631276109957,127,65,62,65,1,65,64,495,1,1,438,536870912,0,0,0,0
named_crc_linear,"CRC_n64_k48_CRC-16/CCITT-like",0.75,64,48,0.0050000000000000001,35,0,25,1,1,1,0,0,7.8955000000000006e-05,0.003271571,0,0.003271571,PREFIX_ASTAR,0.024133665446967222,0.024133665446967222,123,63,60,63,1,63,64,88,1,1,70,536870912,0,0,0,0
named_crc_linear,"CRC_n64_k48_CRC-16/CCITT-like",0.75,64,48,0.0050000000000000001,36,1,15,1,1,1,0,0,0.0025054000000000001,0.39789892999999998,0,0.39789892999999998,PREFIX_ASTAR,0.0062965738560794831,0.0062965738560794831,8190,4005,4185,4005,1,4005,64,7805,1,1,6888,536870912,0,0,0,0
named_crc_linear,"CRC_n64_k48_CRC-16/CCITT-like",0.75,64,48,0.0050000000000000001,37,0,25,1,1,1,0,0,8.3449999999999996e-05,0.0088553390000000003,0,0.0088553390000000003,PREFIX_ASTAR,0.0094236934351129859,0.0094236934351129859,126,63,63,63,1,63,64,201,1,1,172,536870912,0,0,0,0
named_crc_linear,"CRC_n64_k48_CRC-16/CCITT-like",0.75,64,48,0.0050000000000000001,38,0,3,1,1,1,0,0,9.2607000000000003e-05,0.014358101,0,0.014358101,PREFIX_ASTAR,0.0064498083695051318,0.0064498083695051318,126,65,61,65,1,65,64,306,1,1,264,536870912,0,0,0,0
named_crc_linear,"CRC_n64_k48_CRC-16/CCITT-like",0.75,64,48,0.0050000000000000001,39,0,3,1,1,1,0,0,8.3565000000000004e-05,0.015338030000000001,0,0.015338030000000001,PREFIX_ASTAR,0.0054482224901111808,0.0054482224901111808,126,64,62,64,1,64,64,329,1,1,293,536870912,0,0,0,0
named_crc_linear,"CRC_n64_k48_CRC-16/CCITT-like",0.75,64,48,0.0050000000000000001,40,0,26,1,1,1,0,0,8.5956000000000002e-05,0.048191563,0,0.048191563,PREFIX_ASTAR,0.0017836317116338392,0.0017836317116338392,128,65,63,65,1,65,64,942,1,1,858,536870912,0,0,0,0
named_crc_linear,"CRC_n64_k48_CRC-16/CCITT-like",0.75,64,48,0.0050000000000000001,41,0,48,1,1,1,0,0,8.5201e-05,0.011245444,0,0.011245444,PREFIX_ASTAR,0.0075764905325214366,0.0075764905325214366,126,64,62,64,1,64,64,238,1,1,211,536870912,0,0,0,0
named_crc_linear,"CRC_n64_k48_CRC-16/CCITT-like",0.75,64,48,0.0050000000000000001,42,1,5,1,1,1,0,0,0.002719661,1.1066764090000001,0,1.1066764090000001,PREFIX_ASTAR,0.0024575033658280499,0.0024575033658280499,8191,3997,4194,3997,1,3997,64,21755,1,1,19308,536870912,0,0,0,0
named_crc_linear,"CRC_n64_k48_CRC-16/CCITT-like",0.75,64,48,0.0050000000000000001,43,1,39,1,1,1,0,0,0.00257493,1.6616744029999999,0,1.6616744029999999,PREFIX_ASTAR,0.0015495996058862082,0.0015495996058862082,8192,3987,4205,3987,1,3987,64,32616,1,1,28931,536870912,0,0,0,0
named_crc_linear,"CRC_n64_k48_CRC-16/CCITT-like",0.75,64,48,0.0050000000000000001,44,0,35,1,1,1,0,0,8.4401999999999996e-05,0.020457499000000001,0,0.020457499000000001,PREFIX_ASTAR,0.0041257242637528658,0.0041257242637528658,127,65,62,65,1,65,64,437,1,1,396,536870912,0,0,0,0
named_crc_linear,"CRC_n64_k48_CRC-16/CCITT-like",0.75,64,48,0.0050000000000000001,45,0,48,1,1,1,0,0,8.5210999999999994e-05,0.025481502,0,0.025481502,PREFIX_ASTAR,0.0033440336444845362,0.0033440336444845362,127,64,63,64,1,64,64,536,1,1,487,536870912,0,0,0,0
named_crc_linear,"CRC_n64_k48_CRC-16/CCITT-like",0.75,64,48,0.0050000000000000001,46,2,5,1,1,1,0,0,0.085792926000000005,6.5757490839999999,0,6.5757490839999999,PREFIX_ASTAR,0.013046867346071626,0.013046867346071626,258173,119280,138893,119280,3,119280,64,134592,1,1,114670,536870912,0,0,0,0
named_crc_linear,"CRC_n64_k48_CRC-16/CCITT-like",0.75,64,48,0.0050000000000000001,47,0,18,1,1,1,0,0,8.5352999999999994e-05,0.016087227999999999,0,0.016087227999999999,PREFIX_ASTAR,0.0053056374908094792,0.0053056374908094792,126,64,62,64,1,64,64,338,1,1,293,536870912,0,0,0,0
named_crc_linear,"CRC_n64_k48_CRC-16/CCITT-like",0.75,64,48,0.0050000000000000001,48,0,26,1,1,1,0,0,8.4190999999999994e-05,0.021681648000000001,0,0.021681648000000001,PREFIX_ASTAR,0.0038830535391036693,0.0038830535391036693,127,65,62,65,1,65,64,470,1,1,423,536870912,0,0,0,0
named_crc_linear,"CRC_n64_k48_CRC-16/CCITT-like",0.75,64,48,0.0050000000000000001,49,0,48,1,1,1,0,0,8.1674000000000004e-05,0.0081557239999999996,0,0.0081557239999999996,PREFIX_ASTAR,0.010014316325564722,0.010014316325564722,125,62,63,62,1,62,64,190,1,1,158,536870912,0,0,0,0
named_crc_linear,"CRC_n64_k48_CRC-16/CCITT-like",0.75,64,48,0.0050000000000000001,50,0,14,1,1,1,0,0,8.5651999999999999e-05,0.053876006999999997,0,0.053876006999999997,PREFIX_ASTAR,0.0015897985906787786,0.0015897985906787786,128,65,63,65,1,65,64,1094,1,1,979,536870912,0,0,0,0
named_crc_linear,"CRC_n64_k48_CRC-16/CCITT-like",0.75,64,48,0.0050000000000000001,51,0,41,1,1,1,0,0,8.161e-05,0.056765585,0,0.056765585,PREFIX_ASTAR,0.0014376668539573757,0.0014376668539573757,128,65,63,65,1,65,64,1173,1,1,1042,536870912,0,0,0,0
named_crc_linear,"CRC_n64_k48_CRC-16/CCITT-like",0.75,64,48,0.0050000000000000001,52,0,38,1,1,1,0,0,9.3144000000000001e-05,0.042231692000000001,0,0.042231692000000001,PREFIX_ASTAR,0.0022055474357977416,0.0022055474357977416,128,65,63,65,1,65,64,896,1,1,817,536870912,0,0,0,0
named_crc_linear,"CRC_n64_k48_CRC-16/CCITT-like",0.75,64,48,0.0050000000000000001,53,1,14,1,1,1,0,0,0.0025048520000000001,0.184514235,0,0.184514235,PREFIX_ASTAR,0.013575386202587568,0.013575386202587568,8186,3976,4210,3976,1,3976,64,3860,1,1,3424,536870912,0,0,0,0
named_crc_linear,"CRC_n64_k48_CRC-16/CCITT-like",0.75,64,48,0.0050000000000000001,54,2,51,1,1,1,0,0,0.080252399000000002,7.7378593440000003,0,7.7378593440000003,PREFIX_ASTAR,0.010371395425044573,0.010371395425044573,258174,118177,139997,118177,1,118177,64,156798,1,1,133337,536870912,0,0,0,0
named_crc_linear,"CRC_n64_k48_CRC-16/CCITT-like",0.75,64,48,0.0050000000000000001,55,0,7,1,1,1,0,0,8.4282000000000004e-05,0.058930734999999998,0,0.058930734999999998,PREFIX_ASTAR,0.0014301874904495931,0.0014301874904495931,128,65,63,65,1,65,64,1203,1,1,1097,536870912,0,0,0,0
named_crc_linear,"CRC_n64_k48_CRC-16/CCITT-like",0.75,64,48,0.0050000000000000001,56,0,20,1,1,1,0,0,8.4260999999999998e-05,0.021603299999999999,0,0.021603299999999999,PREFIX_ASTAR,0.0039003763313938148,0.0039003763313938148,127,65,62,65,1,65,64,453,1,1,415,536870912,0,0,0,0
named_crc_linear,"CRC_n64_k48_CRC-16/CCITT-like",0.75,64,48,0.0050000000000000001,57,1,13,1,1,1,0,0,0.0026915379999999998,0.70014492800000006,0,0.70014492800000006,PREFIX_ASTAR,0.0038442583704612647,0.0038442583704612647,8191,3972,4219,3972,1,3972,64,14454,1,1,12926,536870912,0,0,0,0
named_crc_linear,"CRC_n64_k48_CRC-16/CCITT-like",0.75,64,48,0.0050000000000000001,58,0,4,1,1,1,0,0,8.5301000000000002e-05,0.013124291,0,0.013124291,PREFIX_ASTAR,0.0064994749049682001,0.0064994749049682001,126,64,62,64,1,64,64,288,1,1,256,536870912,0,0,0,0
named_crc_linear,"CRC_n64_k48_CRC-16/CCITT-like",0.75,64,48,0.0050000000000000001,59,0,21,1,1,1,0,0,8.4309999999999997e-05,0.052626395999999999,0,0.052626395999999999,PREFIX_ASTAR,0.0016020477632555344,0.0016020477632555344,128,65,63,65,1,65,64,1095,1,1,987,536870912,0,0,0,0
named_crc_linear,"CRC_n64_k48_CRC-16/CCITT-like",0.75,64,48,0.0050000000000000001,60,0,38,1,1,1,0,0,7.9756e-05,0.047067431,0,0.047067431,PREFIX_ASTAR,0.0016945050601975707,0.0016945050601975707,128,65,63,65,1,65,64,972,1,1,873,536870912,0,0,0,0
named_crc_linear,"CRC_n64_k48_CRC-16/CCITT-like",0.75,64,48,0.0050000000000000001,61,0,7,1,1,1,0,0,7.5184000000000004e-05,0.018721081000000001,0,0.018721081000000001,PREFIX_ASTAR,0.0040160074089738733,0.0040160074089738733,127,65,62,65,1,65,64,429,1,1,380,536870912,0,0,0,0
named_crc_linear,"CRC_n64_k48_CRC-16/CCITT-like",0.75,64,48,0.0050000000000000001,62,0,9,1,1,1,0,0,8.1017e-05,0.061115877999999998,0,0.061115877999999998,PREFIX_ASTAR,0.0013256293233650347,0.0013256293233650347,128,65,63,65,1,65,64,1306,1,1,1177,536870912,0,0,0,0
named_crc_linear,"CRC_n64_k48_CRC-16/CCITT-like",0.75,64,48,0.0050000000000000001,63,1,61,1,1,1,0,0,0.0024814329999999999,0.33767561400000001,0,0.33767561400000001,PREFIX_ASTAR,0.0073485703353159517,0.0073485703353159517,8189,3981,4208,3981,2,3981,64,7369,1,1,6477,536870912,0,0,0,0
named_crc_linear,"CRC_n64_k48_CRC-16/CCITT-like",0.75,64,48,0.0050000000000000001,64,1,19,1,1,1,0,0,0.0024723869999999999,0.115148949,0,0.115148949,PREFIX_ASTAR,0.02147120769638983,0.02147120769638983,8184,3954,4230,3954,1,3954,64,2651,1,1,2441,536870912,0,0,0,0
named_crc_linear,"CRC_n64_k48_CRC-16/CCITT-like",0.75,64,48,0.0050000000000000001,65,1,7,1,1,1,0,0,0.0027218419999999999,1.5846959389999999,0,1.5846959389999999,PREFIX_ASTAR,0.0017175799678754652,0.0017175799678754652,8192,3960,4232,3960,1,3960,64,31845,1,1,28013,536870912,0,0,0,0
named_crc_linear,"CRC_n64_k48_CRC-16/CCITT-like",0.75,64,48,0.0050000000000000001,66,1,46,1,1,1,0,0,0.002726904,0.12080171300000001,0,0.12080171300000001,PREFIX_ASTAR,0.022573388508157991,0.022573388508157991,8185,3920,4265,3920,1,3920,64,2640,1,1,2375,536870912,0,0,0,0
named_crc_linear,"CRC_n64_k48_CRC-16/CCITT-like",0.75,64,48,0.0050000000000000001,67,1,17,1,1,1,0,0,0.0027826560000000001,0.33205512500000001,0,0.33205512500000001,PREFIX_ASTAR,0.0083801025507436455,0.0083801025507436455,8189,3928,4261,3928,1,3928,64,7001,1,1,6115,536870912,0,0,0,0
named_crc_linear,"CRC_n64_k48_CRC-16/CCITT-like",0.75,64,48,0.0050000000000000001,68,0,35,1,1,1,0,0,9.0910999999999997e-05,0.019534309,0,0.019534309,PREFIX_ASTAR,0.0046539143002191684,0.0046539143002191684,126,63,63,63,1,63,64,405,1,1,363,536870912,0,0,0,0
named_crc_linear,"CRC_n64_k48_CRC-16/CCITT-like",0.75,64,48,0.0050000000000000001,69,0,43,1,1,1,0,0,8.4216999999999997e-05,0.030679214,0,0.030679214,PREFIX_ASTAR,0.0027450833649128037,0.0027450833649128037,128,65,63,65,1,65,64,655,1,1,587,536870912,0,0,0,0
named_crc_linear,"CRC_n64_k48_CRC-16/CCITT-like",0.75,64,48,0.0050000000000000001,70,0,18,1,1,1,0,0,8.3399999999999994e-05,0.0066939130000000001,0,0.0066939130000000001,PREFIX_ASTAR,0.0124590803615165,0.0124590803615165,125,63,62,63,1,63,64,160,1,1,131,536870912,0,0,0,0
named_crc_linear,"CRC_n64_k48_CRC-16/CCITT-like",0.75,64,48,0.0050000000000000001,71,0,43,1,1,1,0,0,8.4367e-05,0.055110175999999997,0,0.055110175999999997,PREFIX_ASTAR,0.0015308787981370266,0.0015308787981370266,128,65,63,65,1,65,64,1097,1,1,1014,536870912,0,0,0,0
named_crc_linear,"CRC_n64_k48_CRC-16/CCITT-like",0.75,64,48,0.0050000000000000001,72,0,61,1,1,1,0,0,8.6426000000000002e-05,0.015563331,0,0.015563331,PREFIX_ASTAR,0.0055531813851417804,0.0055531813851417804,126,64,62,64,1,64,64,335,1,1,298,536870912,0,0,0,0
named_crc_linear,"CRC_n64_k48_CRC-16/CCITT-like",0.75,64,48,0.0050000000000000001,73,0,40,1,1,1,0,0,8.5030000000000004e-05,0.043277743,0,0.043277743,PREFIX_ASTAR,0.0019647512579387518,0.0019647512579387518,128,65,63,65,1,65,64,907,1,1,813,536870912,0,0,0,0
named_crc_linear,"CRC_n64_k48_CRC-16/CCITT-like",0.75,64,48,0.0050000000000000001,74,0,46,1,1,1,0,0,8.6540999999999997e-05,0.0040206269999999997,0,0.0040206269999999997,PREFIX_ASTAR,0.021524254799064921,0.021524254799064921,125,64,61,64,1,64,64,108,1,1,88,536870912,0,0,0,0
named_crc_linear,"CRC_n64_k48_CRC-16/CCITT-like",0.75,64,48,0.0050000000000000001,75,1,44,1,1,1,0,0,0.0027439809999999999,0.41120666900000002,0,0.41120666900000002,PREFIX_ASTAR,0.0066729973195060214,0.0066729973195060214,8190,3986,4204,3986,1,3986,64,8303,1,1,7351,536870912,0,0,0,0
named_crc_linear,"CRC_n64_k48_CRC-16/CCITT-like",0.75,64,48,0.0050000000000000001,76,0,12,1,1,1,0,0,9.3382999999999997e-05,0.01112898,0,0.01112898,PREFIX_ASTAR,0.0083909756329870293,0.0083909756329870293,125,65,60,65,1,65,64,242,1,1,217,536870912,0,0,0,0
named_crc_linear,"CRC_n64_k48_CRC-16/CCITT-like",0.75,64,48,0.0050000000000000001,77,0,58,1,1,1,0,0,8.5921999999999995e-05,0.026434974,0,0.026434974,PREFIX_ASTAR,0.003250315283079151,0.003250315283079151,127,64,63,64,1,64,64,553,1,1,496,536870912,0,0,0,0
named_crc_linear,"CRC_n64_k48_CRC-16/CCITT-like",0.75,64,48,0.0050000000000000001,78,0,26,1,1,1,0,0,9.1833e-05,0.025525590000000001,0,0.025525590000000001,PREFIX_ASTAR,0.0035976837362035508,0.0035976837362035508,127,65,62,65,1,65,64,545,1,1,488,536870912,0,0,0,0
named_crc_linear,"CRC_n64_k48_CRC-16/CCITT-like",0.75,64,48,0.0050000000000000001,79,0,17,1,1,1,0,0,0.000104969,0.018990013,0,0.018990013,PREFIX_ASTAR,0.0055275896862208573,0.0055275896862208573,127,65,62,65,1,65,64,399,1,1,353,536870912,0,0,0,0
named_crc_linear,"CRC_n64_k48_CRC-16/CCITT-like",0.75,64,48,0.0050000000000000001,80,0,27,1,1,1,0,0,8.5618000000000006e-05,0.0091956099999999999,0,0.0091956099999999999,PREFIX_ASTAR,0.0093107471934977676,0.0093107471934977676,126,65,61,65,1,65,64,220,1,1,182,536870912,0,0,0,0
named_crc_linear,"CRC_n64_k48_CRC-16/CCITT-like",0.75,64,48,0.0050000000000000001,81,0,10,1,1,1,0,0,8.4668999999999999e-05,0.011525959000000001,0,0.011525959000000001,PREFIX_ASTAR,0.007345939717467327,0.007345939717467327,126,65,61,65,1,65,64,256,1,1,221,536870912,0,0,0,0
named_crc_linear,"CRC_n64_k48_CRC-16/CCITT-like",0.75,64,48,0.0050000000000000001,82,0,2,1,1,1,0,0,8.5667999999999994e-05,0.042543124000000002,0,0.042543124000000002,PREFIX_ASTAR,0.0020136744071732951,0.0020136744071732951,127,64,63,64,1,64,64,855,1,1,776,536870912,0,0,0,0
named_crc_linear,"CRC_n64_k48_CRC-16/CCITT-like",0.75,64,48,0.0050000000000000001,83,0,13,1,1,1,0,0,8.4901999999999995e-05,0.061561078999999998,0,0.061561078999999998,PREFIX_ASTAR,0.0013791506156024327,0.0013791506156024327,128,65,63,65,1,65,64,1281,1,1,1177,536870912,0,0,0,0
named_crc_linear,"CRC_n64_k48_CRC-16/CCITT-like",0.75,64,48,0.0050000000000000001,84,0,53,1,1,1,0,0,7.7293999999999996e-05,0.058455954999999997,0,0.058455954999999997,PREFIX_ASTAR,0.0013222604951026802,0.0013222604951026802,128,65,63,65,1,65,64,1210,1,1,1094,536870912,0,0,0,0
named_crc_linear,"CRC_n64_k48_CRC-16/CCITT-like",0.75,64,48,0.0050000000000000001,85,0,62,1,1,1,0,0,8.6923999999999996e-05,0.056133074999999998,0,0.056133074999999998,PREFIX_ASTAR,0.0015485344424833309,0.0015485344424833309,128,65,63,65,1,65,64,1208,1,1,1089,536870912,0,0,0,0
named_crc_linear,"CRC_n64_k48_CRC-16/CCITT-like",0.75,64,48,0.0050000000000000001,86,0,4,1,1,1,0,0,8.7046999999999995e-05,0.0048290939999999999,0,0.0048290939999999999,PREFIX_ASTAR,0.018025534396307049,0.018025534396307049,120,59,61,59,1,59,64,116,1,1,96,536870912,0,0,0,0
named_crc_linear,"CRC_n64_k48_CRC-16/CCITT-like",0.75,64,48,0.0050000000000000001,87,0,34,1,1,1,0,0,8.6194999999999997e-05,0.0062801159999999996,0,0.0062801159999999996,PREFIX_ASTAR,0.013725064951029568,0.013725064951029568,124,62,62,62,1,62,64,152,1,1,127,536870912,0,0,0,0
named_crc_linear,"CRC_n64_k48_CRC-16/CCITT-like",0.75,64,48,0.0050000000000000001,88,0,32,1,1,1,0,0,8.2849000000000006e-05,0.016571393,0,0.016571393,PREFIX_ASTAR,0.0049995193524165413,0.0049995193524165413,126,63,63,63,1,63,64,337,1,1,303,536870912,0,0,0,0
named_crc_linear,"CRC_n64_k48_CRC-16/CCITT-like",0.75,64,48,0.0050000000000000001,89,0,44,1,1,1,0,0,8.7799000000000004e-05,0.017649653000000001,0,0.017649653000000001,PREFIX_ASTAR,0.0049745453919122374,0.0049745453919122374,126,64,62,64,1,64,64,368,1,1,330,536870912,0,0,0,0
named_crc_linear,"CRC_n64_k48_CRC-16/CCITT-like",0.75,64,48,0.0050000000000000001,90,1,7,1,1,1,0,0,8.4819000000000002e-05,0.024683476999999999,0,0.024683476999999999,PREFIX_ASTAR,0.0034362662926296812,0.0034362662926296812,127,64,63,64,1,64,64,509,1,1,458,536870912,0,0,0,0
named_crc_linear,"CRC_n64_k48_CRC-16/CCITT-like",0.75,64,48,0.0050000000000000001,91,1,39,1,1,1,0,0,0.002717485,0.17159203000000001,0,0.17159203000000001,PREFIX_ASTAR,0.015836895221765252,0.015836895221765252,8187,3955,4232,3955,1,3955,64,3641,1,1,3185,536870912,0,0,0,0
named_crc_linear,"CRC_n64_k48_CRC-16/CCITT-like",0.75,64,48,0.0050000000000000001,92,0,47,1,1,1,0,0,8.6242000000000005e-05,0.033244920999999997,0,0.033244920999999997,PREFIX_ASTAR,0.0025941406207582811,0.0025941406207582811,127,64,63,64,1,64,64,689,1,1,611,536870912,0,0,0,0
named_crc_linear,"CRC_n64_k48_CRC-16/CCITT-like",0.75,64,48,0.0050000000000000001,93,0,52,1,1,1,0,0,8.4468000000000005e-05,0.047181986000000002,0,0.047181986000000002,PREFIX_ASTAR,0.0017902595282869188,0.0017902595282869188,128,65,63,65,1,65,64,1028,1,1,921,536870912,0,0,0,0
named_crc_linear,"CRC_n64_k48_CRC-16/CCITT-like",0.75,64,48,0.0050000000000000001,94,0,63,1,1,1,0,0,0.000104175,0.033854525000000003,0,0.033854525000000003,PREFIX_ASTAR,0.0030771366604611934,0.0030771366604611934,127,65,62,65,2,65,64,712,1,1,625,536870912,0,0,0,0
named_crc_linear,"CRC_n64_k48_CRC-16/CCITT-like",0.75,64,48,0.0050000000000000001,95,0,30,1,1,1,0,0,7.5439999999999996e-05,0.020141831999999998,0,0.020141831999999998,PREFIX_ASTAR,0.0037454388458805538,0.0037454388458805538,127,64,63,64,1,64,64,454,1,1,404,536870912,0,0,0,0
named_crc_linear,"CRC_n64_k48_CRC-16/CCITT-like",0.75,64,48,0.0050000000000000001,96,0,11,1,1,1,0,0,8.6557000000000005e-05,0.0097516229999999992,0,0.0097516229999999992,PREFIX_ASTAR,0.0088761634858115432,0.0088761634858115432,125,63,62,63,1,63,64,224,1,1,195,536870912,0,0,0,0
named_crc_linear,"CRC_n64_k48_CRC-16/CCITT-like",0.75,64,48,0.0050000000000000001,97,1,20,1,1,1,0,0,0.002696197,0.33411868700000003,0,0.33411868700000003,PREFIX_ASTAR,0.0080695785806197667,0.0080695785806197667,8189,3990,4199,3990,1,3990,64,6852,1,1,6182,536870912,0,0,0,0
named_crc_linear,"CRC_n64_k48_CRC-16/CCITT-like",0.75,64,48,0.0050000000000000001,98,0,21,1,1,1,0,0,9.6179000000000002e-05,0.048758756,0,0.048758756,PREFIX_ASTAR,0.001972548274201253,0.001972548274201253,128,65,63,65,1,65,64,911,1,1,822,536870912,0,0,0,0
named_crc_linear,"CRC_n64_k48_CRC-16/CCITT-like",0.75,64,48,0.0050000000000000001,99,0,48,1,1,1,0,0,8.1024000000000002e-05,0.002677647,0,0.002677647,PREFIX_ASTAR,0.030259403125206571,0.030259403125206571,122,63,59,63,1,63,64,74,1,1,56,536870912,0,0,0,0
named_crc_linear,"CRC_n64_k48_CRC-16/CCITT-like",0.75,64,48,0.0050000000000000001,100,0,0,1,1,1,0,0,0.000116742,0.022321694,0,0.022321694,PREFIX_ASTAR,0.0052299794092688489,0.0052299794092688489,127,64,63,64,2,64,64,476,1,1,429,536870912,0,0,0,0
named_crc_linear,"CRC_n64_k48_CRC-16/CCITT-like",0.75,64,48,0.0050000000000000001,101,0,30,1,1,1,0,0,8.3776000000000006e-05,0.033786228000000001,0,0.033786228000000001,PREFIX_ASTAR,0.0024795902046242037,0.0024795902046242037,127,64,63,64,1,64,64,689,1,1,632,536870912,0,0,0,0
named_crc_linear,"CRC_n64_k48_CRC-16/CCITT-like",0.75,64,48,0.0050000000000000001,102,1,56,1,1,1,0,0,0.0027630329999999998,0.86892134600000004,0,0.86892134600000004,PREFIX_ASTAR,0.003179842471035347,0.003179842471035347,8191,3990,4201,3990,1,3990,64,17193,1,1,15000,536870912,0,0,0,0
named_crc_linear,"CRC_n64_k48_CRC-16/CCITT-like",0.75,64,48,0.0050000000000000001,103,0,42,1,1,1,0,0,9.4822999999999997e-05,0.058445533000000001,0,0.058445533000000001,PREFIX_ASTAR,0.0016224165497814862,0.0016224165497814862,128,65,63,65,1,65,64,1176,1,1,1082,536870912,0,0,0,0
named_crc_linear,"CRC_n64_k48_CRC-16/CCITT-like",0.75,64,48,0.0050000000000000001,104,0,42,1,1,1,0,0,9.1248000000000005e-05,0.011649167,0,0.011649167,PREFIX_ASTAR,0.0078330064287000095,0.0078330064287000095,126,63,63,63,1,63,64,254,1,1,219,536870912,0,0,0,0
named_crc_linear,"CRC_n64_k48_CRC-16/CCITT-like",0.75,64,48,0.0050000000000000001,105,0,57,1,1,1,0,0,9.5749999999999996e-05,0.061771576000000002,0,0.061771576000000002,PREFIX_ASTAR,0.001550065680694305,0.001550065680694305,128,65,63,65,1,65,64,1241,1,1,1131,536870912,0,0,0,0
named_crc_linear,"CRC_n64_k48_CRC-16/CCITT-like",0.75,64,48,0.0050000000000000001,106,0,15,1,1,1,0,0,8.6065999999999999e-05,0.017940864000000001,0,0.017940864000000001,PREFIX_ASTAR,0.0047972048614827022,0.0047972048614827022,126,65,61,65,1,65,64,372,1,1,328,536870912,0,0,0,0
named_crc_linear,"CRC_n64_k48_CRC-16/CCITT-like",0.75,64,48,0.0050000000000000001,107,0,54,1,1,1,0,0,8.4301000000000005e-05,0.0084628250000000002,0,0.0084628250000000002,PREFIX_ASTAR,0.0099613308794640094,0.0099613308794640094,126,64,62,64,1,64,64,196,1,1,165,536870912,0,0,0,0
named_crc_linear,"CRC_n64_k48_CRC-16/CCITT-like",0.75,64,48,0.0050000000000000001,108,0,42,1,1,1,0,0,8.3894999999999996e-05,0.036035785000000001,0,0.036035785000000001,PREFIX_ASTAR,0.0023281024681438187,0.0023281024681438187,128,65,63,65,1,65,64,758,1,1,692,536870912,0,0,0,0
named_crc_linear,"CRC_n64_k48_CRC-16/CCITT-like",0.75,64,48,0.0050000000000000001,109,1,51,1,1,1,0,0,0.0024982369999999999,0.176483168,0,0.176483168,PREFIX_ASTAR,0.01415566724187544,0.01415566724187544,8188,3993,4195,3993,1,3993,64,3792,1,1,3431,536870912,0,0,0,0
named_crc_linear,"CRC_n64_k48_CRC-16/CCITT-like",0.75,64,48,0.0050000000000000001,110,1,54,1,1,1,0,0,0.0026947289999999999,0.14447906699999999,0,0.14447906699999999,PREFIX_ASTAR,0.018651345526753713,0.018651345526753713,8184,3942,4242,3942,2,3942,64,3286,1,1,2933,536870912,0,0,0,0
named_crc_linear,"CRC_n64_k48_CRC-16/CCITT-like",0.75,64,48,0.0050000000000000001,111,1,29,1,1,1,0,0,0.0027866900000000001,0.33120608499999998,0,0.33120608499999998,PREFIX_ASTAR,0.0084137644995260288,0.0084137644995260288,8190,3977,4213,3977,1,3977,64,7061,1,1,6393,536870912,0,0,0,0
named_crc_linear,"CRC_n64_k48_CRC-16/CCITT-like",0.75,64,48,0.0050000000000000001,112,0,38,1,1,1,0,0,8.6798000000000005e-05,0.058192872999999999,0,0.058192872999999999,PREFIX_ASTAR,0.0014915572221361197,0.0014915572221361197,128,65,63,65,1,65,64,1176,1,1,1068,536870912,0,0,0,0
named_crc_linear,"CRC_n64_k48_CRC-16/CCITT-like",0.75,64,48,0.0050000000000000001,113,0,49,1,1,1,0,0,8.2503999999999995e-05,0.0094333179999999996,0,0.0094333179999999996,PREFIX_ASTAR,0.0087460212832854781,0.0087460212832854781,126,64,62,64,1,64,64,217,1,1,181,536870912,0,0,0,0
named_crc_linear,"CRC_n64_k48_CRC-16/CCITT-like",0.75,64,48,0.0050000000000000001,114,1,41,1,1,1,0,0,0.002665209,0.234656064,0,0.234656064,PREFIX_ASTAR,0.011357937888193675,0.011357937888193675,8189,3987,4202,3987,1,3987,64,4953,1,1,4396,536870912,0,0,0,0
named_crc_linear,"CRC_n64_k48_CRC-16/CCITT-like",0.75,64,48,0.0050000000000000001,115,0,55,1,1,1,0,0,8.5665000000000001e-05,0.017834444000000001,0,0.017834444000000001,PREFIX_ASTAR,0.004803345705646893,0.004803345705646893,127,64,63,64,1,64,64,382,1,1,339,536870912,0,0,0,0
named_crc_linear,"CRC_n64_k48_CRC-16/CCITT-like",0.75,64,48,0.0050000000000000001,116,0,40,1,1,1,0,0,8.5950000000000002e-05,0.057561583999999999,0,0.057561583999999999,PREFIX_ASTAR,0.0014931833703533941,0.0014931833703533941,128,65,63,65,1,65,64,1168,1,1,1063,536870912,0,0,0,0
named_crc_linear,"CRC_n64_k48_CRC-16/CCITT-like",0.75,64,48,0.0050000000000000001,117,0,22,1,1,1,0,0,8.1373999999999997e-05,0.0036122239999999998,0,0.0036122239999999998,PREFIX_ASTAR,0.022527395864708279,0.022527395864708279,122,61,61,61,1,61,64,96,1,1,73,536870912,0,0,0,0
named_crc_linear,"CRC_n64_k48_CRC-16/CCITT-like",0.75,64,48,0.0050000000000000001,118,0,32,1,1,1,0,0,8.1902000000000003e-05,0.0030725459999999998,0,0.0030725459999999998,PREFIX_ASTAR,0.026656069591797813,0.026656069591797813,123,64,59,64,1,64,64,81,1,1,63,536870912,0,0,0,0
named_crc_linear,"CRC_n64_k48_CRC-16/CCITT-like",0.75,64,48,0.0050000000000000001,119,0,25,1,1,1,0,0,8.5080999999999994e-05,0.014178611000000001,0,0.014178611000000001,PREFIX_ASTAR,0.0060006583155430377,0.0060006583155430377,126,65,61,65,1,65,64,308,1,1,268,536870912,0,0,0,0
named_crc_linear,"CRC_n64_k48_CRC-16/CCITT-like",0.75,64,48,0.0050000000000000001,120,0,29,1,1,1,0,0,8.2917999999999995e-05,0.036144382000000003,0,0.036144382000000003,PREFIX_ASTAR,0.0022940771265642329,0.0022940771265642329,128,65,63,65,1,65,64,816,1,1,736,536870912,0,0,0,0
named_crc_linear,"CRC_n64_k48_CRC-16/CCITT-like",0.75,64,48,0.0050000000000000001,121,0,43,1,1,1,0,0,7.6516999999999999e-05,0.028940437999999999,0,0.028940437999999999,PREFIX_ASTAR,0.0026439475449542265,0.0026439475449542265,127,64,63,64,1,64,64,625,1,1,568,536870912,0,0,0,0
named_crc_linear,"CRC_n64_k48_CRC-16/CCITT-like",0.75,64,48,0.0050000000000000001,122,0,5,1,1,1,0,0,7.4614000000000001e-05,0.0061542050000000003,0,0.0061542050000000003,PREFIX_ASTAR,0.012124068015283858,0.012124068015283858,125,64,61,64,1,64,64,153,1,1,131,536870912,0,0,0,0
named_crc_linear,"CRC_n64_k48_CRC-16/CCITT-like",0.75,64,48,0.0050000000000000001,123,1,9,1,1,1,0,0,0.0026867000000000002,1.5734999839999999,0,1.5734999839999999,PREFIX_ASTAR,0.0017074674466599805,0.0017074674466599805,8192,3958,4234,3958,1,3958,64,31642,1,1,27543,536870912,0,0,0,0
named_crc_linear,"CRC_n64_k48_CRC-16/CCITT-like",0.75,64,48,0.0050000000000000001,124,0,1,1,1,1,0,0,0.000113851,0.006991728,0,0.006991728,PREFIX_ASTAR,0.016283671218331148,0.016283671218331148,124,64,60,64,2,64,64,161,1,1,128,536870912,0,0,0,0
named_crc_linear,"CRC_n64_k48_CRC-16/CCITT-like",0.75,64,48,0.0050000000000000001,125,0,63,1,1,1,0,0,8.5475000000000004e-05,0.062789254000000003,0,0.062789254000000003,PREFIX_ASTAR,0.0013612998173222444,0.0013612998173222444,128,65,63,65,1,65,64,1320,1,1,1177,536870912,0,0,0,0
named_crc_linear,"CRC_n64_k48_CRC-16/CCITT-like",0.75,64,48,0.0050000000000000001,126,1,1,1,1,1,0,0,0.0025118879999999999,1.849922512,0,1.849922512,PREFIX_ASTAR,0.0013578341707320117,0.0013578341707320117,8192,3963,4229,3963,1,3963,64,36845,1,1,32275,536870912,0,0,0,0
named_crc_linear,"CRC_n64_k48_CRC-16/CCITT-like",0.75,64,48,0.0050000000000000001,127,0,24,1,1,1,0,0,8.0813e-05,0.00383059,0,0.00383059,PREFIX_ASTAR,0.021096750108991043,0.021096750108991043,123,61,62,61,1,61,64,105,1,1,85,536870912,0,0,0,0
named_crc_linear,"CRC_n64_k48_CRC-16/CCITT-like",0.75,64,48,0.0050000000000000001,128,2,24,1,1,1,0,0,0.0027192829999999999,0.70629023599999996,0,0.70629023599999996,PREFIX_ASTAR,0.0038500928674879771,0.0038500928674879771,8191,3978,4213,3978,1,3978,64,14971,1,1,13204,536870912,0,0,0,0
named_crc_linear,"CRC_n64_k48_CRC-16/CCITT-like",0.75,64,48,0.0050000000000000001,129,0,59,1,1,1,0,0,8.4940999999999999e-05,0.025724586000000001,0,0.025724586000000001,PREFIX_ASTAR,0.003301938464626797,0.003301938464626797,127,64,63,64,1,64,64,529,1,1,479,536870912,0,0,0,0
named_crc_linear,"CRC_n64_k48_CRC-16/CCITT-like",0.75,64,48,0.0050000000000000001,130,0,13,1,1,1,0,0,8.5181999999999999e-05,0.051107993999999997,0,0.051107993999999997,PREFIX_ASTAR,0.0016667059951521478,0.0016667059951521478,128,65,63,65,1,65,64,1069,1,1,976,536870912,0,0,0,0
named_crc_linear,"CRC_n64_k48_CRC-16/CCITT-like",0.75,64,48,0.0050000000000000001,131,0,63,1,1,1,0,0,8.6063000000000006e-05,0.063252771999999999,0,0.063252771999999999,PREFIX_ASTAR,0.0013606202112375408,0.0013606202112375408,128,65,63,65,1,65,64,1299,1,1,1177,536870912,0,0,0,0
named_crc_linear,"CRC_n64_k48_CRC-16/CCITT-like",0.75,64,48,0.0050000000000000001,132,0,24,1,1,1,0,0,8.4347999999999999e-05,0.025069807999999999,0,0.025069807999999999,PREFIX_ASTAR,0.0033645251690798748,0.0033645251690798748,127,65,62,65,1,65,64,529,1,1,478,536870912,0,0,0,0
named_crc_linear,"CRC_n64_k48_CRC-16/CCITT-like",0.75,64,48,0.0050000000000000001,133,0,39,1,1,1,0,0,8.2185e-05,0.020182291000000002,0,0.020182291000000002,PREFIX_ASTAR,0.0040721343280601787,0.0040721343280601787,127,65,62,65,1,65,64,442,1,1,390,536870912,0,0,0,0
named_crc_linear,"CRC_n64_k48_CRC-16/CCITT-like",0.75,64,48,0.0050000000000000001,134,0,59,1,1,1,0,0,8.4362000000000003e-05,0.023733164000000001,0,0.023733164000000001,PREFIX_ASTAR,0.0035546040131859366,0.0035546040131859366,127,65,62,65,1,65,64,540,1,1,490,536870912,0,0,0,0
named_crc_linear,"CRC_n64_k48_CRC-16/CCITT-like",0.75,64,48,0.0050000000000000001,135,1,19,1,1,1,0,0,0.0025278850000000001,0.42854057600000001,0,0.42854057600000001,PREFIX_ASTAR,0.005898822985667523,0.005898822985667523,8190,3987,4203,3987,1,3987,64,9170,1,1,8095,536870912,0,0,0,0
named_crc_linear,"CRC_n64_k48_CRC-16/CCITT-like",0.75,64,48,0.0050000000000000001,136,2,47,1,1,1,0,0,0.089866373999999999,4.882031542,0,4.882031542,PREFIX_ASTAR,0.0184075775067985,0.0184075775067985,258172,119779,138393,119779,7,119779,64,99905,1,1,86238,536870912,0,0,0,0
named_crc_linear,"CRC_n64_k48_CRC-16/CCITT-like",0.75,64,48,0.0050000000000000001,137,1,39,1,1,1,0,0,0.002688157,0.17950724500000001,0,0.17950724500000001,PREFIX_ASTAR,0.014975200583129667,0.014975200583129667,8188,3953,4235,3953,1,3953,64,4065,1,1,3610,536870912,0,0,0,0
named_crc_linear,"CRC_n64_k48_CRC-16/CCITT-like",0.75,64,48,0.0050000000000000001,138,0,62,1,1,1,0,0,8.7794999999999995e-05,0.0082175860000000007,0,0.0082175860000000007,PREFIX_ASTAR,0.010683794486604703,0.010683794486604703,125,65,60,65,1,65,64,201,1,1,165,536870912,0,0,0,0
named_crc_linear,"CRC_n64_k48_CRC-16/CCITT-like",0.75,64,48,0.0050000000000000001,139,0,18,1,1,1,0,0,7.9604999999999994e-05,0.028679844999999999,0,0.028679844999999999,PREFIX_ASTAR,0.0027756426159206925,0.0027756426159206925,127,64,63,64,1,64,64,622,1,1,559,536870912,0,0,0,0
named_crc_linear,"CRC_n64_k48_CRC-16/CCITT-like",0.75,64,48,0.0050000000000000001,140,1,26,1,1,1,0,0,0.0024792920000000001,1.103455724,0,1.103455724,PREFIX_ASTAR,0.002246843209089194,0.002246843209089194,8192,3968,4224,3968,1,3968,64,22820,1,1,19917,536870912,0,0,0,0
named_crc_linear,"CRC_n64_k48_CRC-16/CCITT-like",0.75,64,48,0.0050000000000000001,141,1,39,1,1,1,0,0,0.0027359250000000002,0.53168936600000005,0,0.53168936600000005,PREFIX_ASTAR,0.0051457207440180402,0.0051457207440180402,8190,3970,4220,3970,1,3970,64,11313,1,1,9788,536870912,0,0,0,0
named_crc_linear,"CRC_n64_k48_CRC-16/CCITT-like",0.75,64,48,0.0050000000000000001,142,0,7,1,1,1,0,0,8.5133e-05,0.010198542,0,0.010198542,PREFIX_ASTAR,0.0083475657598899924,0.0083475657598899924,126,63,63,63,1,63,64,238,1,1,208,536870912,0,0,0,0
named_crc_linear,"CRC_n64_k48_CRC-16/CCITT-like",0.75,64,48,0.0050000000000000001,143,0,25,1,1,1,0,0,8.0790000000000004e-05,0.0046603240000000004,0,0.0046603240000000004,PREFIX_ASTAR,0.017335704556163907,0.017335704556163907,125,63,62,63,1,63,64,129,1,1,102,536870912,0,0,0,0
named_crc_linear,"CRC_n64_k48_CRC-16/CCITT-like",0.75,64,48,0.0050000000000000001,144,0,50,1,1,1,0,0,7.9330000000000001e-05,0.0079104250000000004,0,0.0079104250000000004,PREFIX_ASTAR,0.01002853828966206,0.01002853828966206,125,62,63,62,1,62,64,186,1,1,160,536870912,0,0,0,0
named_crc_linear,"CRC_n64_k48_CRC-16/CCITT-like",0.75,64,48,0.0050000000000000001,145,0,23,1,1,1,0,0,7.9504000000000003e-05,0.062214160999999997,0,0.062214160999999997,PREFIX_ASTAR,0.0012779084170242206,0.0012779084170242206,128,65,63,65,1,65,64,1230,1,1,1131,536870912,0,0,0,0
named_crc_linear,"CRC_n64_k48_CRC-16/CCITT-like",0.75,64,48,0.0050000000000000001,146,0,17,1,1,1,0,0,8.5463000000000005e-05,0.047278633,0,0.047278633,PREFIX_ASTAR,0.0018076453268012214,0.0018076453268012214,128,65,63,65,1,65,64,968,1,1,847,536870912,0,0,0,0
named_crc_linear,"CRC_n64_k48_CRC-16/CCITT-like",0.75,64,48,0.0050000000000000001,147,0,63,1,1,1,0,0,8.6075000000000005e-05,0.063074147999999997,0,0.063074147999999997,PREFIX_ASTAR,0.0013646636970823611,0.0013646636970823611,128,65,63,65,1,65,64,1277,1,1,1177,536870912,0,0,0,0
named_crc_linear,"CRC_n64_k48_CRC-16/CCITT-like",0.75,64,48,0.0050000000000000001,148,0,29,1,1,1,0,0,9.1199999999999994e-05,0.0097825889999999995,0,0.0097825889999999995,PREFIX_ASTAR,0.0093226854363400117,0.0093226854363400117,126,65,61,65,1,65,64,219,1,1,185,536870912,0,0,0,0
named_crc_linear,"CRC_n64_k48_CRC-16/CCITT-like",0.75,64,48,0.0050000000000000001,149,0,20,1,1,1,0,0,8.6007000000000005e-05,0.027486963999999999,0,0.027486963999999999,PREFIX_ASTAR,0.0031290105375042514,0.0031290105375042514,127,64,63,64,1,64,64,577,1,1,523,536870912,0,0,0,0
named_crc_linear,"CRC_n64_k48_CRC-16/CCITT-like",0.75,64,48,0.0050000000000000001,150,1,20,1,1,1,0,0,0.0025556620000000002,1.0190214230000001,0,1.0190214230000001,PREFIX_ASTAR,0.0025079570873751886,0.0025079570873751886,8191,3983,4208,3983,1,3983,64,20612,1,1,17867,536870912,0,0,0,0
named_crc_linear,"CRC_n64_k48_CRC-16/CCITT-like",0.75,64,48,0.0050000000000000001,151,0,59,1,1,1,0,0,8.5313000000000001e-05,0.049916008999999997,0,0.049916008999999997,PREFIX_ASTAR,0.0017091310324909991,0.0017091310324909991,128,65,63,65,1,65,64,1057,1,1,972,536870912,0,0,0,0
named_crc_linear,"CRC_n64_k48_CRC-16/CCITT-like",0.75,64,48,0.0050000000000000001,152,0,16,1,1,1,0,0,8.3536999999999997e-05,0.018266290000000001,0,0.018266290000000001,PREFIX_ASTAR,0.0045732877338529061,0.0045732877338529061,127,64,63,64,1,64,64,414,1,1,360,536870912,0,0,0,0
named_crc_linear,"CRC_n64_k48_CRC-16/CCITT-like",0.75,64,48,0.0050000000000000001,153,0,36,1,1,1,0,0,8.3848000000000001e-05,0.047287047999999998,0,0.047287047999999998,PREFIX_ASTAR,0.00177317053075506,0.00177317053075506,128,65,63,65,1,65,64,1042,1,1,941,536870912,0,0,0,0
named_crc_linear,"CRC_n64_k48_CRC-16/CCITT-like",0.75,64,48,0.0050000000000000001,154,0,20,1,1,1,0,0,8.2830999999999993e-05,0.014576637,0,0.014576637,PREFIX_ASTAR,0.0056824492508114176,0.0056824492508114176,126,65,61,65,1,65,64,326,1,1,285,536870912,0,0,0,0
named_crc_linear,"CRC_n64_k48_CRC-16/CCITT-like",0.75,64,48,0.0050000000000000001,155,0,50,1,1,1,0,0,7.4740999999999995e-05,0.0023631210000000001,0,0.0023631210000000001,PREFIX_ASTAR,0.031628088447438786,0.031628088447438786,124,64,60,64,1,64,64,68,1,1,51,536870912,0,0,0,0
named_crc_linear,"CRC_n64_k48_CRC-16/CCITT-like",0.75,64,48,0.0050000000000000001,156,0,59,1,1,1,0,0,7.5568999999999994e-05,0.0055076370000000001,0,0.0055076370000000001,PREFIX_ASTAR,0.013720766274175294,0.013720766274175294,125,63,62,63,1,63,64,143,1,1,119,536870912,0,0,0,0
named_crc_linear,"CRC_n64_k48_CRC-16/CCITT-like",0.75,64,48,0.0050000000000000001,157,0,14,1,1,1,0,0,8.1230000000000007e-05,0.051729158999999997,0,0.051729158999999997,PREFIX_ASTAR,0.0015702942319243971,0.0015702942319243971,128,65,63,65,1,65,64,1143,1,1,1044,536870912,0,0,0,0
named_crc_linear,"CRC_n64_k48_CRC-16/CCITT-like",0.75,64,48,0.0050000000000000001,158,0,13,1,1,1,0,0,8.5068999999999995e-05,0.0070617850000000001,0,0.0070617850000000001,PREFIX_ASTAR,0.012046387705091558,0.012046387705091558,125,65,60,65,1,65,64,157,1,1,132,536870912,0,0,0,0
named_crc_linear,"CRC_n64_k48_CRC-16/CCITT-like",0.75,64,48,0.0050000000000000001,159,1,51,1,1,1,0,0,0.0026983250000000001,0.35589565899999998,0,0.35589565899999998,PREFIX_ASTAR,0.0075817867730721611,0.0075817867730721611,8190,3949,4241,3949,1,3949,64,7622,1,1,6828,536870912,0,0,0,0
named_crc_linear,"CRC_n64_k48_CRC-16/CCITT-like",0.75,64,48,0.0050000000000000001,160,0,8,1,1,1,0,0,8.7802999999999999e-05,0.0041896049999999999,0,0.0041896049999999999,PREFIX_ASTAR,0.020957345620887888,0.020957345620887888,123,62,61,62,1,62,64,106,1,1,88,536870912,0,0,0,0
named_crc_linear,"CRC_n64_k48_CRC-16/CCITT-like",0.75,64,48,0.0050000000000000001,161,0,25,1,1,1,0,0,8.4472e-05,0.0079127869999999993,0,0.0079127869999999993,PREFIX_ASTAR,0.01067537897835491,0.01067537897835491,125,63,62,63,1,63,64,181,1,1,155,536870912,0,0,0,0
named_crc_linear,"CRC_n64_k48_CRC-16/CCITT-like",0.75,64,48,0.0050000000000000001,162,0,42,1,1,1,0,0,8.2739999999999997e-05,0.011044376999999999,0,0.011044376999999999,PREFIX_ASTAR,0.0074915950442474028,0.0074915950442474028,125,64,61,64,1,64,64,248,1,1,213,536870912,0,0,0,0
named_crc_linear,"CRC_n64_k48_CRC-16/CCITT-like",0.75,64,48,0.0050000000000000001,163,0,58,1,1,1,0,0,8.5144999999999999e-05,0.056340883000000001,0,0.056340883000000001,PREFIX_ASTAR,0.0015112471701943329,0.0015112471701943329,128,65,63,65,1,65,64,1173,1,1,1089,536870912,0,0,0,0
named_crc_linear,"CRC_n64_k48_CRC-16/CCITT-like",0.75,64,48,0.0050000000000000001,164,1,57,1,1,1,0,0,0.002665171,0.23621287699999999,0,0.23621287699999999,PREFIX_ASTAR,0.011282920024719907,0.011282920024719907,8188,3976,4212,3976,1,3976,64,4959,1,1,4443,536870912,0,0,0,0
named_crc_linear,"CRC_n64_k48_CRC-16/CCITT-like",0.75,64,48,0.0050000000000000001,165,0,9,1,1,1,0,0,7.9157000000000001e-05,0.0034226460000000001,0,0.0034226460000000001,PREFIX_ASTAR,0.02312742831131236,0.02312742831131236,118,58,60,58,1,58,64,96,1,1,78,536870912,0,0,0,0
named_crc_linear,"CRC_n64_k48_CRC-16/CCITT-like",0.75,64,48,0.0050000000000000001,166,1,3,1,1,1,0,0,0.0027581720000000001,0.65769133099999999,0,0.65769133099999999,PREFIX_ASTAR,0.0041937180406594107,0.0041937180406594107,8191,3991,4200,3991,1,3991,64,13797,1,1,11734,536870912,0,0,0,0
named_crc_linear,"CRC_n64_k48_CRC-16/CCITT-like",0.75,64,48,0.0050000000000000001,167,0,7,1,1,1,0,0,0.000103724,0.0066906070000000003,0,0.0066906070000000003,PREFIX_ASTAR,0.015502928209652725,0.015502928209652725,125,63,62,63,1,63,64,147,1,1,126,536870912,0,0,0,0
named_crc_linear,"CRC_n64_k48_CRC-16/CCITT-like",0.75,64,48,0.0050000000000000001,168,2,26,1,1,1,0,0,0.080990106000000006,21.371531977,0,21.371531977,PREFIX_ASTAR,0.0037896256612376406,0.0037896256612376406,258176,120142,138034,120142,1,120142,64,412775,1,1,351367,536870912,0,0,0,0
named_crc_linear,"CRC_n64_k48_CRC-16/CCITT-like",0.75,64,48,0.0050000000000000001,169,1,1,1,1,1,0,0,0.0026722429999999999,0.98186681799999997,0,0.98186681799999997,PREFIX_ASTAR,0.0027215941622746641,0.0027215941622746641,8191,3967,4224,3967,2,3967,64,19821,1,1,17217,536870912,0,0,0,0
named_crc_linear,"CRC_n64_k48_CRC-16/CCITT-like",0.75,64,48,0.0050000000000000001,170,1,18,1,1,1,0,0,0.0026798210000000002,0.56260908799999998,0,0.56260908799999998,PREFIX_ASTAR,0.0047632024742550912,0.0047632024742550912,8191,3921,4270,3921,1,3921,64,12039,1,1,10773,536870912,0,0,0,0
named_crc_linear,"CRC_n64_k48_CRC-16/CCITT-like",0.75,64,48,0.0050000000000000001,171,0,54,1,1,1,0,0,8.6963000000000001e-05,0.026747226999999998,0,0.026747226999999998,PREFIX_ASTAR,0.0032512903113283485,0.0032512903113283485,127,64,63,64,1,64,64,559,1,1,503,536870912,0,0,0,0
named_crc_linear,"CRC_n64_k48_CRC-16/CCITT-like",0.75,64,48,0.0050000000000000001,172,1,5,1,1,1,0,0,0.0026152720000000001,1.243727612,0,1.243727612,PREFIX_ASTAR,0.0021027691069706667,0.0021027691069706667,8192,3966,4226,3966,1,3966,64,25519,1,1,20613,536870912,0,0,0,0
named_crc_linear,"CRC_n64_k48_CRC-16/CCITT-like",0.75,64,48,0.0050000000000000001,173,0,5,1,1,1,0,0,7.9147000000000006e-05,0.0086658470000000008,0,0.0086658470000000008,PREFIX_ASTAR,0.0091332099447405425,0.0091332099447405425,125,63,62,63,1,63,64,215,1,1,186,536870912,0,0,0,0
named_crc_linear,"CRC_n64_k48_CRC-16/CCITT-like",0.75,64,48,0.0050000000000000001,174,0,37,1,1,1,0,0,7.9976999999999997e-05,0.051874271999999999,0,0.051874271999999999,PREFIX_ASTAR,0.0015417469376726868,0.0015417469376726868,128,65,63,65,1,65,64,1152,1,1,1038,536870912,0,0,0,0
named_crc_linear,"CRC_n64_k48_CRC-16/CCITT-like",0.75,64,48,0.0050000000000000001,175,1,21,1,1,1,0,0,0.0024557490000000001,0.36050104799999999,0,0.36050104799999999,PREFIX_ASTAR,0.0068120439971647469,0.0068120439971647469,8190,3990,4200,3990,1,3990,64,7776,1,1,6903,536870912,0,0,0,0
named_crc_linear,"CRC_n64_k48_CRC-16/CCITT-like",0.75,64,48,0.0050000000000000001,176,0,56,1,1,1,0,0,8.5629000000000003e-05,0.0078372479999999998,0,0.0078372479999999998,PREFIX_ASTAR,0.010925901540949069,0.010925901540949069,126,63,63,63,1,63,64,193,1,1,164,536870912,0,0,0,0
named_crc_linear,"CRC_n64_k48_CRC-16/CCITT-like",0.75,64,48,0.0050000000000000001,177,1,43,1,1,1,0,0,0.0027076919999999998,0.58127252900000004,0,0.58127252900000004,PREFIX_ASTAR,0.004658214288327394,0.004658214288327394,8191,3979,4212,3979,2,3979,64,12302,1,1,10691,536870912,0,0,0,0
named_crc_linear,"CRC_n64_k48_CRC-16/CCITT-like",0.75,64,48,0.0050000000000000001,178,0,38,1,1,1,0,0,8.2682999999999994e-05,0.039755289999999999,0,0.039755289999999999,PREFIX_ASTAR,0.002079798688426119,0.002079798688426119,128,65,63,65,1,65,64,837,1,1,758,536870912,0,0,0,0
named_crc_linear,"CRC_n64_k48_CRC-16/CCITT-like",0.75,64,48,0.0050000000000000001,179,0,62,1,1,1,0,0,0.00011451300000000001,0.014749491999999999,0,0.014749491999999999,PREFIX_ASTAR,0.0077638606129621281,0.0077638606129621281,126,65,61,65,2,65,64,337,1,1,299,536870912,0,0,0,0
named_crc_linear,"CRC_n64_k48_CRC-16/CCITT-like",0.75,64,48,0.0050000000000000001,180,0,38,1,1,1,0,0,8.4765000000000006e-05,0.025262646,0,0.025262646,PREFIX_ASTAR,0.0033553492377639306,0.0033553492377639306,127,64,63,64,1,64,64,537,1,1,488,536870912,0,0,0,0
named_crc_linear,"CRC_n64_k48_CRC-16/CCITT-like",0.75,64,48,0.0050000000000000001,181,0,50,1,1,1,0,0,8.4827000000000006e-05,0.047708477999999999,0,0.047708477999999999,PREFIX_ASTAR,0.0017780277962336172,0.0017780277962336172,128,65,63,65,1,65,64,970,1,1,896,536870912,0,0,0,0
named_crc_linear,"CRC_n64_k48_CRC-16/CCITT-like",0.75,64,48,0.0050000000000000001,182,0,47,1,1,1,0,0,8.3975999999999997e-05,0.023255639000000002,0,0.023255639000000002,PREFIX_ASTAR,0.00361099516551663,0.00361099516551663,127,65,62,65,1,65,64,501,1,1,446,536870912,0,0,0,0
named_crc_linear,"CRC_n64_k48_CRC-16/CCITT-like",0.75,64,48,0.0050000000000000001,183,0,21,1,1,1,0,0,7.4653999999999994e-05,0.0058985289999999996,0,0.0058985289999999996,PREFIX_ASTAR,0.012656375852352341,0.012656375852352341,125,65,60,65,1,65,64,152,1,1,130,536870912,0,0,0,0
named_crc_linear,"CRC_n64_k48_CRC-16/CCITT-like",0.75,64,48,0.0050000000000000001,184,0,3,1,1,1,0,0,7.7307999999999999e-05,0.032829814999999998,0,0.032829814999999998,PREFIX_ASTAR,0.0023548107109345575,0.0023548107109345575,127,65,62,65,1,65,64,714,1,1,649,536870912,0,0,0,0
named_crc_linear,"CRC_n64_k48_CRC-16/CCITT-like",0.75,64,48,0.0050000000000000001,185,0,28,1,1,1,0,0,8.1328000000000005e-05,0.054029309999999997,0,0.054029309999999997,PREFIX_ASTAR,0.0015052570539953224,0.0015052570539953224,128,65,63,65,1,65,64,1189,1,1,1082,536870912,0,0,0,0
named_crc_linear,"CRC_n64_k48_CRC-16/CCITT-like",0.75,64,48,0.0050000000000000001,186,0,23,1,1,1,0,0,7.4068999999999998e-05,0.004675355,0,0.004675355,PREFIX_ASTAR,0.015842433355328096,0.015842433355328096,125,64,61,64,1,64,64,125,1,1,102,536870912,0,0,0,0
named_crc_linear,"CRC_n64_k48_CRC-16/CCITT-like",0.75,64,48,0.0050000000000000001,187,1,26,1,1,1,0,0,0.0024690369999999999,0.28077477299999998,0,0.28077477299999998,PREFIX_ASTAR,0.0087936568289915425,0.0087936568289915425,8189,3984,4205,3984,1,3984,64,6278,1,1,5402,536870912,0,0,0,0
named_crc_linear,"CRC_n64_k48_CRC-16/CCITT-like",0.75,64,48,0.0050000000000000001,188,0,20,1,1,1,0,0,7.6494000000000003e-05,0.0042024100000000002,0,0.0042024100000000002,PREFIX_ASTAR,0.018202412425251224,0.018202412425251224,123,61,62,61,1,61,64,115,1,1,93,536870912,0,0,0,0
named_crc_linear,"CRC_n64_k48_CRC-16/CCITT-like",0.75,64,48,0.0050000000000000001,189,1,46,1,1,1,0,0,0.002697194,1.556716494,0,1.556716494,PREFIX_ASTAR,0.0017326173458016949,0.0017326173458016949,8192,3979,4213,3979,1,3979,64,31604,1,1,27658,536870912,0,0,0,0
named_crc_linear,"CRC_n64_k48_CRC-16/CCITT-like",0.75,64,48,0.0050000000000000001,190,0,37,1,1,1,0,0,9.1676999999999997e-05,0.0051492389999999999,0,0.0051492389999999999,PREFIX_ASTAR,0.017803990065328099,0.017803990065328099,124,62,62,62,1,62,64,130,1,1,105,536870912,0,0,0,0
named_crc_linear,"CRC_n64_k48_CRC-16/CCITT-like",0.75,64,48,0.0050000000000000001,191,1,50,1,1,1,0,0,0.0024438120000000001,0.43169570400000001,0,0.43169570400000001,PREFIX_ASTAR,0.005660959739363077,0.005660959739363077,8190,3963,4227,3963,1,3963,64,9236,1,1,8181,536870912,0,0,0,0
named_crc_linear,"CRC_n64_k48_CRC-16/CCITT-like",0.75,64,48,0.0050000000000000001,192,1,40,1,1,1,0,0,0.0026744709999999999,0.249884407,0,0.249884407,PREFIX_ASTAR,0.010702832690156613,0.010702832690156613,8188,3976,4212,3976,1,3976,64,5541,1,1,4998,536870912,0,0,0,0
named_crc_linear,"CRC_n64_k48_CRC-16/CCITT-like",0.75,64,48,0.0050000000000000001,193,0,57,1,1,1,0,0,9.4710000000000006e-05,0.041636542999999998,0,0.041636542999999998,PREFIX_ASTAR,0.0022746845241210351,0.0022746845241210351,128,65,63,65,1,65,64,861,1,1,782,536870912,0,0,0,0
named_crc_linear,"CRC_n64_k48_CRC-16/CCITT-like",0.75,64,48,0.0050000000000000001,194,1,14,1,1,1,0,0,0.0025060640000000001,1.0710205530000001,0,1.0710205530000001,PREFIX_ASTAR,0.002339884134791202,0.002339884134791202,8191,3986,4205,3986,1,3986,64,21495,1,1,18953,536870912,0,0,0,0
named_crc_linear,"CRC_n64_k48_CRC-16/CCITT-like",0.75,64,48,0.0050000000000000001,195,0,11,1,1,1,0,0,8.5904999999999998e-05,0.0060782409999999999,0,0.0060782409999999999,PREFIX_ASTAR,0.014133200707244086,0.014133200707244086,124,62,62,62,1,62,64,159,1,1,133,536870912,0,0,0,0
named_crc_linear,"CRC_n64_k48_CRC-16/CCITT-like",0.75,64,48,0.0050000000000000001,196,0,38,1,1,1,0,0,7.7243000000000006e-05,0.030859930000000001,0,0.030859930000000001,PREFIX_ASTAR,0.0025030192874708401,0.0025030192874708401,127,65,62,65,1,65,64,684,1,1,602,536870912,0,0,0,0
named_crc_linear,"CRC_n64_k48_CRC-16/CCITT-like",0.75,64,48,0.0050000000000000001,197,0,60,1,1,1,0,0,7.4808000000000006e-05,0.0051043909999999998,0,0.0051043909999999998,PREFIX_ASTAR,0.014655617095163755,0.014655617095163755,125,64,61,64,1,64,64,129,1,1,110,536870912,0,0,0,0
named_crc_linear,"CRC_n64_k48_CRC-16/CCITT-like",0.75,64,48,0.0050000000000000001,198,0,63,1,1,1,0,0,0.00010872800000000001,0.024793307000000001,0,0.024793307000000001,PREFIX_ASTAR,0.0043853770697067562,0.0043853770697067562,127,64,63,64,2,64,64,575,1,1,507,536870912,0,0,0,0
named_crc_linear,"CRC_n64_k48_CRC-16/CCITT-like",0.75,64,48,0.0050000000000000001,199,0,11,1,1,1,0,0,7.9402999999999999e-05,0.056304535000000003,0,0.056304535000000003,PREFIX_ASTAR,0.0014102416439457318,0.0014102416439457318,128,65,63,65,1,65,64,1212,1,1,1096,536870912,0,0,0,0
named_crc_linear,"CRC_n64_k48_CRC-16/CCITT-like",0.75,64,48,0.0050000000000000001,200,0,32,1,1,1,0,0,8.3627000000000004e-05,0.035833482,0,0.035833482,PREFIX_ASTAR,0.0023337670617664228,0.0023337670617664228,128,65,63,65,1,65,64,817,1,1,741,536870912,0,0,0,0
named_crc_linear,"CRC_n64_k48_CRC-16/CCITT-like",0.75,64,48,0.0050000000000000001,201,0,8,1,1,1,0,0,8.4288000000000003e-05,0.044758541999999998,0,0.044758541999999998,PREFIX_ASTAR,0.0018831712614767479,0.0018831712614767479,128,65,63,65,1,65,64,880,1,1,756,536870912,0,0,0,0
named_crc_linear,"CRC_n64_k48_CRC-16/CCITT-like",0.75,64,48,0.0050000000000000001,202,0,13,1,1,1,0,0,8.5476000000000006e-05,0.029479511999999999,0,0.029479511999999999,PREFIX_ASTAR,0.0028995052563963748,0.0028995052563963748,127,64,63,64,1,64,64,610,1,1,546,536870912,0,0,0,0
named_crc_linear,"CRC_n64_k48_CRC-16/CCITT-like",0.75,64,48,0.0050000000000000001,203,0,43,1,1,1,0,0,8.3557e-05,0.0074528379999999998,0,0.0074528379999999998,PREFIX_ASTAR,0.011211433818902276,0.011211433818902276,126,64,62,64,1,64,64,177,1,1,150,536870912,0,0,0,0
named_crc_linear,"CRC_n64_k48_CRC-16/CCITT-like",0.75,64,48,0.0050000000000000001,204,0,48,1,1,1,0,0,8.1849999999999997e-05,0.0025443789999999998,0,0.0025443789999999998,PREFIX_ASTAR,0.032168949672985038,0.032168949672985038,123,64,59,64,1,64,64,70,1,1,52,536870912,0,0,0,0
named_crc_linear,"CRC_n64_k48_CRC-16/CCITT-like",0.75,64,48,0.0050000000000000001,205,0,17,1,1,1,0,0,8.3636999999999999e-05,0.015139105999999999,0,0.015139105999999999,PREFIX_ASTAR,0.0055245666421782106,0.0055245666421782106,126,63,63,63,1,63,64,325,1,1,285,536870912,0,0,0,0
named_crc_linear,"CRC_n64_k48_CRC-16/CCITT-like",0.75,64,48,0.0050000000000000001,206,1,9,1,1,1,0,0,0.0026689539999999999,0.98990813700000002,0,0.98990813700000002,PREFIX_ASTAR,0.0026961633107577937,0.0026961633107577937,8192,3966,4226,3966,1,3966,64,20995,1,1,18369,536870912,0,0,0,0
named_crc_linear,"CRC_n64_k48_CRC-16/CCITT-like",0.75,64,48,0.0050000000000000001,207,0,28,1,1,1,0,0,8.5820000000000002e-05,0.021490258000000002,0,0.021490258000000002,PREFIX_ASTAR,0.0039934373984714371,0.0039934373984714371,127,65,62,65,1,65,64,455,1,1,408,536870912,0,0,0,0
named_crc_linear,"CRC_n64_k48_CRC-16/CCITT-like",0.75,64,48,0.0050000000000000001,208,0,59,1,1,1,0,0,7.8011999999999998e-05,0.039510070000000001,0,0.039510070000000001,PREFIX_ASTAR,0.0019744839733262937,0.0019744839733262937,128,65,63,65,1,65,64,803,1,1,727,536870912,0,0,0,0
named_crc_linear,"CRC_n64_k48_CRC-16/CCITT-like",0.75,64,48,0.0050000000000000001,209,2,51,1,1,1,0,0,0.079516965999999994,3.3874257019999998,0,3.3874257019999998,PREFIX_ASTAR,0.02347415795807763,0.02347415795807763,258172,121190,136982,121190,4,121190,64,69291,1,1,60403,536870912,0,0,0,0
named_crc_linear,"CRC_n64_k48_CRC-16/CCITT-like",0.75,64,48,0.0050000000000000001,210,0,11,1,1,1,0,0,8.2867000000000005e-05,0.0037961399999999999,0,0.0037961399999999999,PREFIX_ASTAR,0.021829279215202814,0.021829279215202814,121,62,59,62,1,62,64,99,1,1,80,536870912,0,0,0,0
named_crc_linear,"CRC_n64_k48_CRC-16/CCITT-like",0.75,64,48,0.0050000000000000001,211,2,41,1,1,1,0,0,0.079593207999999999,11.368416377999999,0,11.368416377999999,PREFIX_ASTAR,0.0070012572862855078,0.0070012572862855078,258175,116619,141556,116619,2,116619,64,230350,1,1,196237,536870912,0,0,0,0
named_crc_linear,"CRC_n64_k48_CRC-16/CCITT-like",0.75,64,48,0.0050000000000000001,212,0,38,1,1,1,0,0,8.3772999999999999e-05,0.0080127549999999999,0,0.0080127549999999999,PREFIX_ASTAR,0.010454955879719273,0.010454955879719273,126,64,62,64,1,64,64,203,1,1,175,536870912,0,0,0,0
named_crc_linear,"CRC_n64_k48_CRC-16/CCITT-like",0.75,64,48,0.0050000000000000001,213,1,44,1,1,1,0,0,0.002722295,0.15325412499999999,0,0.15325412499999999,PREFIX_ASTAR,0.017763273908614208,0.017763273908614208,8186,3962,4224,3962,1,3962,64,3512,1,1,3217,536870912,0,0,0,0
named_crc_linear,"CRC_n64_k48_CRC-16/CCITT-like",0.75,64,48,0.0050000000000000001,214,0,23,1,1,1,0,0,9.2330999999999994e-05,0.0036586430000000001,0,0.0036586430000000001,PREFIX_ASTAR,0.02523640595707206,0.02523640595707206,123,64,59,64,1,64,64,91,1,1,73,536870912,0,0,0,0
named_crc_linear,"CRC_n64_k48_CRC-16/CCITT-like",0.75,64,48,0.0050000000000000001,215,0,55,1,1,1,0,0,9.4699999999999998e-05,0.021448384000000001,0,0.021448384000000001,PREFIX_ASTAR,0.0044152510510815169,0.0044152510510815169,127,64,63,64,1,64,64,428,1,1,386,536870912,0,0,0,0
named_crc_linear,"CRC_n64_k48_CRC-16/CCITT-like",0.75,64,48,0.0050000000000000001,216,1,51,1,1,1,0,0,0.0027206880000000002,0.25418873400000003,0,0.25418873400000003,PREFIX_ASTAR,0.010703416934284742,0.010703416934284742,8189,3995,4194,3995,1,3995,64,5495,1,1,4966,536870912,0,0,0,0
named_crc_linear,"CRC_n64_k48_CRC-16/CCITT-like",0.75,64,48,0.0050000000000000001,217,1,26,1,1,1,0,0,0.002608071,1.008666625,0,1.008666625,PREFIX_ASTAR,0.0025856620367507451,0.0025856620367507451,8191,3980,4211,3980,1,3980,64,20582,1,1,18049,536870912,0,0,0,0
named_crc_linear,"CRC_n64_k48_CRC-16/CCITT-like",0.75,64,48,0.0050000000000000001,218,0,13,1,1,1,0,0,8.3269000000000005e-05,0.006794965,0,0.006794965,PREFIX_ASTAR,0.012254514923917931,0.012254514923917931,125,64,61,64,1,64,64,159,1,1,137,536870912,0,0,0,0
named_crc_linear,"CRC_n64_k48_CRC-16/CCITT-like",0.75,64,48,0.0050000000000000001,219,0,50,1,1,1,0,0,8.5279999999999997e-05,0.063080098000000001,0,0.063080098000000001,PREFIX_ASTAR,0.0013519319516593015,0.0013519319516593015,128,65,63,65,1,65,64,1261,1,1,1153,536870912,0,0,0,0
named_crc_linear,"CRC_n64_k48_CRC-16/CCITT-like",0.75,64,48,0.0050000000000000001,220,0,14,1,1,1,0,0,8.3967000000000004e-05,0.021622142,0,0.021622142,PREFIX_ASTAR,0.003883380286744949,0.003883380286744949,127,64,63,64,1,64,64,493,1,1,427,536870912,0,0,0,0
named_crc_linear,"CRC_n64_k48_CRC-16/CCITT-like",0.75,64,48,0.0050000000000000001,221,1,54,1,1,1,0,0,0.002567635,0.15834351499999999,0,0.15834351499999999,PREFIX_ASTAR,0.016215599356879253,0.016215599356879253,8186,3967,4219,3967,1,3967,64,3593,1,1,3252,536870912,0,0,0,0
named_crc_linear,"CRC_n64_k48_CRC-16/CCITT-like",0.75,64,48,0.0050000000000000001,222,0,13,1,1,1,0,0,7.7979999999999995e-05,0.0036353039999999998,0,0.0036353039999999998,PREFIX_ASTAR,0.021450750748768191,0.021450750748768191,123,64,59,64,1,64,64,100,1,1,81,536870912,0,0,0,0
named_crc_linear,"CRC_n64_k48_CRC-16/CCITT-like",0.75,64,48,0.0050000000000000001,223,2,19,1,1,1,0,0,0.0026792249999999999,0.18664983199999999,0,0.18664983199999999,PREFIX_ASTAR,0.014354285622930537,0.014354285622930537,8188,3968,4220,3968,1,3968,64,3937,1,1,3573,536870912,0,0,0,0
named_crc_linear,"CRC_n64_k48_CRC-16/CCITT-like",0.75,64,48,0.0050000000000000001,224,0,6,1,1,1,0,0,8.3917000000000003e-05,0.008889302,0,0.008889302,PREFIX_ASTAR,0.0094402237656004938,0.0094402237656004938,125,63,62,63,1,63,64,203,1,1,173,536870912,0,0,0,0
named_crc_linear,"CRC_n64_k48_CRC-16/CCITT-like",0.75,64,48,0.0050000000000000001,225,1,29,1,1,1,0,0,0.0025304009999999998,0.93298787900000002,0,0.93298787900000002,PREFIX_ASTAR,0.0027121477748587126,0.0027121477748587126,8192,3919,4273,3919,2,3919,64,20176,1,1,17641,536870912,0,0,0,0
named_crc_linear,"CRC_n64_k48_CRC-16/CCITT-like",0.75,64,48,0.0050000000000000001,226,1,35,1,1,1,0,0,0.0025899289999999999,0.220437831,0,0.220437831,PREFIX_ASTAR,0.011749022335462917,0.011749022335462917,8189,3980,4209,3980,1,3980,64,5030,1,1,4355,536870912,0,0,0,0
named_crc_linear,"CRC_n64_k48_CRC-16/CCITT-like",0.75,64,48,0.0050000000000000001,227,0,7,1,1,1,0,0,7.7047999999999998e-05,0.034147045000000001,0,0.034147045000000001,PREFIX_ASTAR,0.0022563592252272486,0.0022563592252272486,128,65,63,65,1,65,64,756,1,1,668,536870912,0,0,0,0
named_crc_linear,"CRC_n64_k48_CRC-16/CCITT-like",0.75,64,48,0.0050000000000000001,228,0,15,1,1,1,0,0,7.9699999999999999e-05,0.011872442,0,0.011872442,PREFIX_ASTAR,0.006713025003617621,0.006713025003617621,126,64,62,64,1,64,64,291,1,1,237,536870912,0,0,0,0
named_crc_linear,"CRC_n64_k48_CRC-16/CCITT-like",0.75,64,48,0.0050000000000000001,229,0,5,1,1,1,0,0,7.5474000000000003e-05,0.021603139,0,0.021603139,PREFIX_ASTAR,0.0034936589539140586,0.0034936589539140586,127,64,63,64,1,64,64,440,1,1,392,536870912,0,0,0,0
named_crc_linear,"CRC_n64_k48_CRC-16/CCITT-like",0.75,64,48,0.0050000000000000001,230,0,15,1,1,1,0,0,8.6763999999999998e-05,0.0039663659999999998,0,0.0039663659999999998,PREFIX_ASTAR,0.021874935394262659,0.021874935394262659,122,62,60,62,1,62,64,98,1,1,80,536870912,0,0,0,0
named_crc_linear,"CRC_n64_k48_CRC-16/CCITT-like",0.75,64,48,0.0050000000000000001,231,0,0,1,1,1,0,0,8.5069999999999997e-05,0.0066356790000000002,0,0.0066356790000000002,PREFIX_ASTAR,0.01282008969993877,0.01282008969993877,124,62,62,62,1,62,64,158,1,1,125,536870912,0,0,0,0
named_crc_linear,"CRC_n64_k48_CRC-16/CCITT-like",0.75,64,48,0.0050000000000000001,232,1,26,1,1,1,0,0,0.0026664750000000002,1.27232122,0,1.27232122,PREFIX_ASTAR,0.0020957561330306193,0.0020957561330306193,8192,3971,4221,3971,1,3971,64,26455,1,1,23367,536870912,0,0,0,0
named_crc_linear,"CRC_n64_k48_CRC-16/CCITT-like",0.75,64,48,0.0050000000000000001,233,1,43,1,1,1,0,0,0.0025764609999999999,0.31446438599999998,0,0.31446438599999998,PREFIX_ASTAR,0.0081931726284578382,0.0081931726284578382,8189,3971,4218,3971,1,3971,64,6654,1,1,5953,536870912,0,0,0,0
named_crc_linear,"CRC_n64_k48_CRC-16/CCITT-like",0.75,64,48,0.0050000000000000001,234,1,32,1,1,1,0,0,0.0024615710000000001,0.28577564900000002,0,0.28577564900000002,PREFIX_ASTAR,0.0086136485337839266,0.0086136485337839266,8189,3975,4214,3975,1,3975,64,6481,1,1,5756,536870912,0,0,0,0
named_crc_linear,"CRC_n64_k48_CRC-16/CCITT-like",0.75,64,48,0.0050000000000000001,235,1,37,1,1,1,0,0,7.6213999999999999e-05,0.007175135,0,0.007175135,PREFIX_ASTAR,0.010621960423044304,0.010621960423044304,125,63,62,63,1,63,64,171,1,1,144,536870912,0,0,0,0
named_crc_linear,"CRC_n64_k48_CRC-16/CCITT-like",0.75,64,48,0.0050000000000000001,236,0,13,1,1,1,0,0,7.5234999999999994e-05,0.010538605,0,0.010538605,PREFIX_ASTAR,0.0071389904071743841,0.0071389904071743841,125,62,63,62,1,62,64,248,1,1,212,536870912,0,0,0,0
named_crc_linear,"CRC_n64_k48_CRC-16/CCITT-like",0.75,64,48,0.0050000000000000001,237,2,38,1,1,1,0,0,0.079427582999999996,3.9028774089999998,0,3.9028774089999998,PREFIX_ASTAR,0.02035103198907573,0.02035103198907573,258172,119769,138403,119769,3,119769,64,80224,1,1,69631,536870912,0,0,0,0
named_crc_linear,"CRC_n64_k48_CRC-16/CCITT-like",0.75,64,48,0.0050000000000000001,238,0,16,1,1,1,0,0,8.2315e-05,0.0089897269999999994,0,0.0089897269999999994,PREFIX_ASTAR,0.009156562818870919,0.009156562818870919,125,64,61,64,1,64,64,226,1,1,196,536870912,0,0,0,0
named_crc_linear,"CRC_n64_k48_CRC-16/CCITT-like",0.75,64,48,0.0050000000000000001,239,0,24,1,1,1,0,0,8.1453999999999996e-05,0.0038108899999999999,0,0.0038108899999999999,PREFIX_ASTAR,0.021374009745754929,0.021374009745754929,124,64,60,64,1,64,64,105,1,1,82,536870912,0,0,0,0
named_crc_linear,"CRC_n64_k48_CRC-16/CCITT-like",0.75,64,48,0.0050000000000000001,240,1,50,1,1,1,0,0,0.0025100859999999999,0.71913407100000004,0,0.71913407100000004,PREFIX_ASTAR,0.0034904284211003537,0.0034904284211003537,8191,3997,4194,3997,1,3997,64,14950,1,1,13275,536870912,0,0,0,0
named_crc_linear,"CRC_n64_k48_CRC-16/CCITT-like",0.75,64,48,0.0050000000000000001,241,0,3,1,1,1,0,0,7.9493000000000006e-05,0.046185390999999999,0,0.046185390999999999,PREFIX_ASTAR,0.0017211719610644848,0.0017211719610644848,128,65,63,65,1,65,64,970,1,1,890,536870912,0,0,0,0
named_crc_linear,"CRC_n64_k48_CRC-16/CCITT-like",0.75,64,48,0.0050000000000000001,242,0,60,1,1,1,0,0,7.7081000000000003e-05,0.0065247370000000001,0,0.0065247370000000001,PREFIX_ASTAR,0.011813656243922169,0.011813656243922169,125,64,61,64,1,64,64,163,1,1,138,536870912,0,0,0,0
named_crc_linear,"CRC_n64_k48_CRC-16/CCITT-like",0.75,64,48,0.0050000000000000001,243,0,12,1,1,1,0,0,7.4850000000000003e-05,0.025455780000000001,0,0.025455780000000001,PREFIX_ASTAR,0.0029403931052201112,0.0029403931052201112,127,64,63,64,1,64,64,569,1,1,518,536870912,0,0,0,0
named_crc_linear,"CRC_n64_k48_CRC-16/CCITT-like",0.75,64,48,0.0050000000000000001,244,0,53,1,1,1,0,0,7.5965999999999997e-05,0.0054546919999999997,0,0.0054546919999999997,PREFIX_ASTAR,0.013926725835299225,0.013926725835299225,126,64,62,64,1,64,64,143,1,1,121,536870912,0,0,0,0
named_crc_linear,"CRC_n64_k48_CRC-16/CCITT-like",0.75,64,48,0.0050000000000000001,245,0,50,1,1,1,0,0,7.3279000000000001e-05,0.0096879640000000003,0,0.0096879640000000003,PREFIX_ASTAR,0.0075639215835236378,0.0075639215835236378,126,64,62,64,1,64,64,245,1,1,216,536870912,0,0,0,0
named_crc_linear,"CRC_n64_k48_CRC-16/CCITT-like",0.75,64,48,0.0050000000000000001,246,1,44,1,1,1,0,0,0.0024497030000000001,0.37659385400000001,0,0.37659385400000001,PREFIX_ASTAR,0.0065048937309529226,0.0065048937309529226,8190,3989,4201,3989,1,3989,64,8135,1,1,7194,536870912,0,0,0,0
named_crc_linear,"CRC_n64_k48_CRC-16/CCITT-like",0.75,64,48,0.0050000000000000001,247,1,33,1,1,1,0,0,0.0025014500000000001,0.203278136,0,0.203278136,PREFIX_ASTAR,0.012305553608578938,0.012305553608578938,8188,3986,4202,3986,1,3986,64,4549,1,1,4039,536870912,0,0,0,0
named_crc_linear,"CRC_n64_k48_CRC-16/CCITT-like",0.75,64,48,0.0050000000000000001,248,1,8,1,1,1,0,0,0.0026096790000000002,0.13278108799999999,0,0.13278108799999999,PREFIX_ASTAR,0.019653996207652707,0.019653996207652707,8181,3917,4264,3917,2,3917,64,3097,1,1,2634,536870912,0,0,0,0
named_crc_linear,"CRC_n64_k48_CRC-16/CCITT-like",0.75,64,48,0.0050000000000000001,249,0,31,1,1,1,0,0,7.8064000000000003e-05,0.055796023,0,0.055796023,PREFIX_ASTAR,0.0013990961327118242,0.0013990961327118242,128,65,63,65,1,65,64,1197,1,1,1074,536870912,0,0,0,0
named_crc_linear,"CRC_n64_k48_CRC-16/CCITT-like",0.75,64,48,0.0050000000000000001,250,1,3,1,1,1,0,0,8.9747999999999995e-05,0.010070442000000001,0,0.010070442000000001,PREFIX_ASTAR,0.0089120219350848733,0.0089120219350848733,126,65,61,65,1,65,64,223,1,1,190,536870912,0,0,0,0
named_crc_linear,"CRC_n64_k48_CRC-16/CCITT-like",0.75,64,48,0.0050000000000000001,251,0,24,1,1,1,0,0,8.7445e-05,0.029970288000000001,0,0.029970288000000001,PREFIX_ASTAR,0.0029177230462383275,0.0029177230462383275,127,64,63,64,1,64,64,609,1,1,554,536870912,0,0,0,0
named_crc_linear,"CRC_n64_k48_CRC-16/CCITT-like",0.75,64,48,0.0050000000000000001,252,0,43,1,1,1,0,0,9.3163000000000002e-05,0.0087087220000000003,0,0.0087087220000000003,PREFIX_ASTAR,0.010697666086941345,0.010697666086941345,125,64,61,64,1,64,64,197,1,1,168,536870912,0,0,0,0
named_crc_linear,"CRC_n64_k48_CRC-16/CCITT-like",0.75,64,48,0.0050000000000000001,253,0,22,1,1,1,0,0,8.4314999999999995e-05,0.0082524250000000007,0,0.0082524250000000007,PREFIX_ASTAR,0.010216996822146216,0.010216996822146216,125,63,62,63,1,63,64,184,1,1,156,536870912,0,0,0,0
named_crc_linear,"CRC_n64_k48_CRC-16/CCITT-like",0.75,64,48,0.0050000000000000001,254,0,47,1,1,1,0,0,8.2699000000000002e-05,0.028104526000000001,0,0.028104526000000001,PREFIX_ASTAR,0.0029425509613647282,0.0029425509613647282,128,65,63,65,1,65,64,627,1,1,543,536870912,0,0,0,0
named_crc_linear,"CRC_n64_k48_CRC-16/CCITT-like",0.75,64,48,0.0050000000000000001,255,0,37,1,1,1,0,0,8.1688999999999997e-05,0.0046358060000000001,0,0.0046358060000000001,PREFIX_ASTAR,0.017621315473512048,0.017621315473512048,124,62,62,62,1,62,64,113,1,1,92,536870912,0,0,0,0
named_crc_linear,"CRC_n64_k48_CRC-16/CCITT-like",0.75,64,48,0.0050000000000000001,256,1,44,1,1,1,0,0,0.0026349250000000002,0.36512520100000001,0,0.36512520100000001,PREFIX_ASTAR,0.0072164972255640064,0.0072164972255640064,8189,3977,4212,3977,1,3977,64,7663,1,1,6762,536870912,0,0,0,0
named_crc_linear,"CRC_n64_k48_CRC-16/CCITT-like",0.75,64,48,0.0050000000000000001,257,0,63,1,1,1,0,0,7.9013999999999999e-05,0.039746103999999997,0,0.039746103999999997,PREFIX_ASTAR,0.0019879684308177731,0.0019879684308177731,127,65,62,65,1,65,64,799,1,1,737,536870912,0,0,0,0
named_crc_linear,"CRC_n64_k48_CRC-16/CCITT-like",0.75,64,48,0.0050000000000000001,258,1,48,1,1,1,0,0,0.0025239310000000001,0.14868400000000001,0,0.14868400000000001,PREFIX_ASTAR,0.016975135186032123,0.016975135186032123,8186,3967,4219,3967,2,3967,64,3372,1,1,3103,536870912,0,0,0,0
named_crc_linear,"CRC_n64_k48_CRC-16/CCITT-like",0.75,64,48,0.0050000000000000001,259,1,35,1,1,1,0,0,0.0026850810000000002,0.80789429499999998,0,0.80789429499999998,PREFIX_ASTAR,0.0033235548469865111,0.0033235548469865111,8191,3972,4219,3972,1,3972,64,16945,1,1,14967,536870912,0,0,0,0
named_crc_linear,"CRC_n64_k48_CRC-16/CCITT-like",0.75,64,48,0.0050000000000000001,260,0,51,1,1,1,0,0,8.1984000000000007e-05,0.0037687889999999998,0,0.0037687889999999998,PREFIX_ASTAR,0.021753406730915425,0.021753406730915425,123,61,62,61,1,61,64,100,1,1,80,536870912,0,0,0,0
named_crc_linear,"CRC_n64_k48_CRC-16/CCITT-like",0.75,64,48,0.0050000000000000001,261,0,26,1,1,1,0,0,8.4367e-05,0.040108447999999998,0,0.040108447999999998,PREFIX_ASTAR,0.0021034720665332155,0.0021034720665332155,128,65,63,65,1,65,64,875,1,1,784,536870912,0,0,0,0
named_crc_linear,"CRC_n64_k48_CRC-16/CCITT-like",0.75,64,48,0.0050000000000000001,262,1,62,1,1,1,0,0,0.0025430560000000001,1.7795057649999999,0,1.7795057649999999,PREFIX_ASTAR,0.0014290799445653946,0.0014290799445653946,8192,3987,4205,3987,1,3987,64,36496,1,1,32162,536870912,0,0,0,0
named_crc_linear,"CRC_n64_k48_CRC-16/CCITT-like",0.75,64,48,0.0050000000000000001,263,0,54,1,1,1,0,0,7.4537999999999997e-05,0.0022860229999999999,0,0.0022860229999999999,PREFIX_ASTAR,0.032605971156020742,0.032605971156020742,122,61,61,61,1,61,64,66,1,1,49,536870912,0,0,0,0
named_crc_linear,"CRC_n64_k48_CRC-16/CCITT-like",0.75,64,48,0.0050000000000000001,264,1,47,1,1,1,0,0,0.002667123,1.536832588,0,1.536832588,PREFIX_ASTAR,0.0017354674938738349,0.0017354674938738349,8192,3979,4213,3979,1,3979,64,31600,1,1,27639,536870912,0,0,0,0
named_crc_linear,"CRC_n64_k48_CRC-16/CCITT-like",0.75,64,48,0.0050000000000000001,265,0,53,1,1,1,0,0,8.6976000000000002e-05,0.0039912120000000001,0,0.0039912120000000001,PREFIX_ASTAR,0.02179187675322684,0.02179187675322684,124,63,61,63,1,63,64,102,1,1,82,536870912,0,0,0,0
named_crc_linear,"CRC_n64_k48_CRC-16/CCITT-like",0.75,64,48,0.0050000000000000001,266,1,15,1,1,1,0,0,0.002684863,1.2109242069999999,0,1.2109242069999999,PREFIX_ASTAR,0.0022172015263049408,0.0022172015263049408,8192,3985,4207,3985,1,3985,64,25143,1,1,21077,536870912,0,0,0,0
named_crc_linear,"CRC_n64_k48_CRC-16/CCITT-like",0.75,64,48,0.0050000000000000001,267,0,22,1,1,1,0,0,7.3986999999999995e-05,0.0040226619999999998,0,0.0040226619999999998,PREFIX_ASTAR,0.01839254702483082,0.01839254702483082,123,63,60,63,1,63,64,110,1,1,88,536870912,0,0,0,0
named_crc_linear,"CRC_n64_k48_CRC-16/CCITT-like",0.75,64,48,0.0050000000000000001,268,0,41,1,1,1,0,0,7.7510999999999997e-05,0.026607232000000001,0,0.026607232000000001,PREFIX_ASTAR,0.0029131553406231809,0.0029131553406231809,127,64,63,64,1,64,64,585,1,1,527,536870912,0,0,0,0
named_crc_linear,"CRC_n64_k48_CRC-16/CCITT-like",0.75,64,48,0.0050000000000000001,269,0,50,1,1,1,0,0,7.7181000000000005e-05,0.0065914299999999997,0,0.0065914299999999997,PREFIX_ASTAR,0.011709295251561499,0.011709295251561499,125,63,62,63,1,63,64,163,1,1,133,536870912,0,0,0,0
named_crc_linear,"CRC_n64_k48_CRC-16/CCITT-like",0.75,64,48,0.0050000000000000001,270,0,34,1,1,1,0,0,7.5537000000000005e-05,0.023652783,0,0.023652783,PREFIX_ASTAR,0.0031935776859746273,0.0031935776859746273,127,64,63,64,1,64,64,528,1,1,483,536870912,0,0,0,0
named_crc_linear,"CRC_n64_k48_CRC-16/CCITT-like",0.75,64,48,0.0050000000000000001,271,1,52,1,1,1,0,0,0.0026131650000000002,0.22842346599999999,0,0.22842346599999999,PREFIX_ASTAR,0.011440002403255716,0.011440002403255716,8188,3934,4254,3934,2,3934,64,4739,1,1,4289,536870912,0,0,0,0
named_crc_linear,"CRC_n64_k48_CRC-16/CCITT-like",0.75,64,48,0.0050000000000000001,272,0,3,1,1,1,0,0,7.7997000000000006e-05,0.022968420999999999,0,0.022968420999999999,PREFIX_ASTAR,0.0033958363964157576,0.0033958363964157576,127,65,62,65,1,65,64,513,1,1,466,536870912,0,0,0,0
named_crc_linear,"CRC_n64_k48_CRC-16/CCITT-like",0.75,64,48,0.0050000000000000001,273,1,46,1,1,1,0,0,0.0024851740000000002,0.107642,0,0.107642,PREFIX_ASTAR,0.023087400828672822,0.023087400828672822,8185,3991,4194,3991,1,3991,64,2442,1,1,2238,536870912,0,0,0,0
named_crc_linear,"CRC_n64_k48_CRC-16/CCITT-like",0.75,64,48,0.0050000000000000001,274,0,60,1,1,1,0,0,8.1209000000000001e-05,0.017515678999999999,0,0.017515678999999999,PREFIX_ASTAR,0.0046363603717560712,0.0046363603717560712,126,64,62,64,1,64,64,397,1,1,352,536870912,0,0,0,0
named_crc_linear,"CRC_n64_k48_CRC-16/CCITT-like",0.75,64,48,0.0050000000000000001,275,0,22,1,1,1,0,0,8.0799999999999999e-05,0.012873819999999999,0,0.012873819999999999,PREFIX_ASTAR,0.0062763033815914785,0.0062763033815914785,126,63,63,63,1,63,64,299,1,1,262,536870912,0,0,0,0
named_crc_linear,"CRC_n64_k48_CRC-16/CCITT-like",0.75,64,48,0.0050000000000000001,276,0,6,1,1,1,0,0,7.6857e-05,0.0047681490000000002,0,0.0047681490000000002,PREFIX_ASTAR,0.016118833534774186,0.016118833534774186,123,62,61,62,1,62,64,126,1,1,105,536870912,0,0,0,0
named_crc_linear,"CRC_n64_k48_CRC-16/CCITT-like",0.75,64,48,0.0050000000000000001,277,0,15,1,1,1,0,0,7.3213999999999994e-05,0.0078866070000000003,0,0.0078866070000000003,PREFIX_ASTAR,0.0092833331241178856,0.0092833331241178856,125,64,61,64,1,64,64,200,1,1,174,536870912,0,0,0,0
named_crc_linear,"CRC_n64_k48_CRC-16/CCITT-like",0.75,64,48,0.0050000000000000001,278,1,2,1,1,1,0,0,0.0025558790000000001,0.62829173000000005,0,0.62829173000000005,PREFIX_ASTAR,0.004067981286336524,0.004067981286336524,8190,3986,4204,3986,1,3986,64,13126,1,1,11133,536870912,0,0,0,0
named_crc_linear,"CRC_n64_k48_CRC-16/CCITT-like",0.75,64,48,0.0050000000000000001,279,0,42,1,1,1,0,0,7.5920999999999994e-05,0.032858224999999998,0,0.032858224999999998,PREFIX_ASTAR,0.0023105630325436022,0.0023105630325436022,128,65,63,65,1,65,64,729,1,1,662,536870912,0,0,0,0
named_crc_linear,"CRC_n64_k48_CRC-16/CCITT-like",0.75,64,48,0.0050000000000000001,280,1,42,1,1,1,0,0,0.002557368,0.1501922,0,0.1501922,PREFIX_ASTAR,0.017027302349922301,0.017027302349922301,8188,3986,4202,3986,1,3986,64,3541,1,1,3003,536870912,0,0,0,0
named_crc_linear,"CRC_n64_k48_CRC-16/CCITT-like",0.75,64,48,0.0050000000000000001,281,1,46,1,1,1,0,0,8.6769999999999998e-05,0.021777026000000001,0,0.021777026000000001,PREFIX_ASTAR,0.0039844742803723521,0.0039844742803723521,127,64,63,64,1,64,64,495,1,1,446,536870912,0,0,0,0
named_crc_linear,"CRC_n64_k48_CRC-16/CCITT-like",0.75,64,48,0.0050000000000000001,282,1,14,1,1,1,0,0,7.7438e-05,0.055790041999999998,0,0.055790041999999998,PREFIX_ASTAR,0.0013880254831139937,0.0013880254831139937,128,65,63,65,1,65,64,1198,1,1,1088,536870912,0,0,0,0
named_crc_linear,"CRC_n64_k48_CRC-16/CCITT-like",0.75,64,48,0.0050000000000000001,283,0,53,1,1,1,0,0,7.8459000000000002e-05,0.026190115,0,0.026190115,PREFIX_ASTAR,0.0029957485868236928,0.0029957485868236928,127,64,63,64,1,64,64,596,1,1,532,536870912,0,0,0,0
named_crc_linear,"CRC_n64_k48_CRC-16/CCITT-like",0.75,64,48,0.0050000000000000001,284,1,2,1,1,1,0,0,0.0024822580000000002,0.33727737299999999,0,0.33727737299999999,PREFIX_ASTAR,0.0073596932338535507,0.0073596932338535507,8190,3963,4227,3963,1,3963,64,7295,1,1,6538,536870912,0,0,0,0
named_crc_linear,"CRC_n64_k48_CRC-16/CCITT-like",0.75,64,48,0.0050000000000000001,285,1,45,1,1,1,0,0,0.0024382140000000002,0.73611949399999999,0,0.73611949399999999,PREFIX_ASTAR,0.0033122529967940235,0.0033122529967940235,8191,3996,4195,3996,1,3996,64,15209,1,1,13619,536870912,0,0,0,0
named_crc_linear,"CRC_n64_k48_CRC-16/CCITT-like",0.75,64,48,0.0050000000000000001,286,0,39,1,1,1,0,0,8.4135000000000007e-05,0.010102411,0,0.010102411,PREFIX_ASTAR,0.008328209968887626,0.008328209968887626,126,64,62,64,1,64,64,234,1,1,199,536870912,0,0,0,0
named_crc_linear,"CRC_n64_k48_CRC-16/CCITT-like",0.75,64,48,0.0050000000000000001,287,1,5,1,1,1,0,0,0.002721364,1.7074931719999999,0,1.7074931719999999,PREFIX_ASTAR,0.0015937773834916395,0.0015937773834916395,8192,3961,4231,3961,1,3961,64,35819,1,1,31634,536870912,0,0,0,0
named_crc_linear,"CRC_n64_k48_CRC-16/CCITT-like",0.75,64,48,0.0050000000000000001,288,0,54,1,1,1,0,0,8.2828e-05,0.0038265719999999999,0,0.0038265719999999999,PREFIX_ASTAR,0.021645483215786871,0.021645483215786871,122,63,59,63,1,63,64,95,1,1,76,536870912,0,0,0,0
named_crc_linear,"CRC_n64_k48_CRC-16/CCITT-like",0.75,64,48,0.0050000000000000001,289,0,6,1,1,1,0,0,8.5796000000000003e-05,0.017037129000000002,0,0.017037129000000002,PREFIX_ASTAR,0.0050358249914055353,0.0050358249914055353,126,64,62,64,1,64,64,346,1,1,312,536870912,0,0,0,0
named_crc_linear,"CRC_n64_k48_CRC-16/CCITT-like",0.75,64,48,0.0050000000000000001,290,0,35,1,1,1,0,0,8.4031999999999998e-05,0.059163782999999998,0,0.059163782999999998,PREFIX_ASTAR,0.0014203283789341193,0.0014203283789341193,128,65,63,65,1,65,64,1221,1,1,1120,536870912,0,0,0,0
named_crc_linear,"CRC_n64_k48_CRC-16/CCITT-like",0.75,64,48,0.0050000000000000001,291,1,39,1,1,1,0,0,0.0027375960000000001,0.21023572400000001,0,0.21023572400000001,PREFIX_ASTAR,0.013021554795321084,0.013021554795321084,8189,3985,4204,3985,1,3985,64,4494,1,1,3899,536870912,0,0,0,0
named_crc_linear,"CRC_n64_k48_CRC-16/CCITT-like",0.75,64,48,0.0050000000000000001,292,0,62,1,1,1,0,0,8.4431999999999994e-05,0.02200738,0,0.02200738,PREFIX_ASTAR,0.0038365311999883672,0.0038365311999883672,127,65,62,65,1,65,64,449,1,1,405,536870912,0,0,0,0
named_crc_linear,"CRC_n64_k48_CRC-16/CCITT-like",0.75,64,48,0.0050000000000000001,293,1,33,1,1,1,0,0,0.002758539,0.29161178100000001,0,0.29161178100000001,PREFIX_ASTAR,0.0094596281074117508,0.0094596281074117508,8189,3973,4216,3973,1,3973,64,5822,1,1,5180,536870912,0,0,0,0
named_crc_linear,"CRC_n64_k48_CRC-16/CCITT-like",0.75,64,48,0.0050000000000000001,294,0,49,1,1,1,0,0,8.4340999999999998e-05,0.031935065999999998,0,0.031935065999999998,PREFIX_ASTAR,0.00264101536536671,0.00264101536536671,128,65,63,65,1,65,64,672,1,1,611,536870912,0,0,0,0
named_crc_linear,"CRC_n64_k48_CRC-16/CCITT-like",0.75,64,48,0.0050000000000000001,295,1,47,1,1,1,0,0,0.0027013419999999998,0.35974255999999999,0,0.35974255999999999,PREFIX_ASTAR,0.0075090976169180533,0.0075090976169180533,8190,3986,4204,3986,1,3986,64,7490,1,1,6572,536870912,0,0,0,0
named_crc_linear,"CRC_n64_k48_CRC-16/CCITT-like",0.75,64,48,0.0050000000000000001,296,0,41,1,1,1,0,0,8.8562999999999999e-05,0.0077489209999999998,0,0.0077489209999999998,PREFIX_ASTAR,0.011429075093164584,0.011429075093164584,125,65,60,65,1,65,64,189,1,1,159,536870912,0,0,0,0
named_crc_linear,"CRC_n64_k48_CRC-16/CCITT-like",0.75,64,48,0.0050000000000000001,297,0,32,1,1,1,0,0,8.3596000000000004e-05,0.012935283000000001,0,0.012935283000000001,PREFIX_ASTAR,0.006462634022000137,0.006462634022000137,126,65,61,65,1,65,64,284,1,1,254,536870912,0,0,0,0
named_crc_linear,"CRC_n64_k48_CRC-16/CCITT-like",0.75,64,48,0.0050000000000000001,298,0,2,1,1,1,0,0,8.4802000000000006e-05,0.0049526819999999999,0,0.0049526819999999999,PREFIX_ASTAR,0.017122439922450099,0.017122439922450099,122,62,60,62,1,62,64,118,1,1,94,536870912,0,0,0,0
named_crc_linear,"CRC_n64_k48_CRC-16/CCITT-like",0.75,64,48,0.0050000000000000001,299,0,17,1,1,1,0,0,8.5729000000000005e-05,0.023551012,0,0.023551012,PREFIX_ASTAR,0.0036401408143310362,0.0036401408143310362,127,64,63,64,1,64,64,485,1,1,430,536870912,0,0,0,0
named_crc_linear,"CRC_n64_k48_CRC-16/CCITT-like",0.75,64,48,0.0050000000000000001,300,0,52,1,1,1,0,0,8.8256000000000003e-05,0.0030010639999999999,0,0.0030010639999999999,PREFIX_ASTAR,0.029408236545438553,0.029408236545438553,124,63,61,63,1,63,64,76,1,1,57,536870912,0,0,0,0
named_crc_linear,"CRC_n64_k48_CRC-16/CCITT-like",0.75,64,48,0.0050000000000000001,301,0,37,1,1,1,0,0,8.4272999999999998e-05,0.0094449300000000007,0,0.0094449300000000007,PREFIX_ASTAR,0.0089225648046094563,0.0089225648046094563,126,64,62,64,1,64,64,212,1,1,179,536870912,0,0,0,0
named_crc_linear,"CRC_n64_k48_CRC-16/CCITT-like",0.75,64,48,0.0050000000000000001,302,0,15,1,1,1,0,0,8.5296999999999993e-05,0.019589333,0,0.019589333,PREFIX_ASTAR,0.0043542574930958595,0.0043542574930958595,126,64,62,64,1,64,64,407,1,1,367,536870912,0,0,0,0
named_crc_linear,"CRC_n64_k48_CRC-16/CCITT-like",0.75,64,48,0.0050000000000000001,303,1,47,1,1,1,0,0,0.002715786,0.164747167,0,0.164747167,PREFIX_ASTAR,0.016484568745270139,0.016484568745270139,8188,3933,4255,3933,1,3933,64,3524,1,1,3177,536870912,0,0,0,0
named_crc_linear,"CRC_n64_k48_CRC-16/CCITT-like",0.75,64,48,0.0050000000000000001,304,0,63,1,1,1,0,0,8.7843999999999994e-05,0.057285414999999999,0,0.057285414999999999,PREFIX_ASTAR,0.0015334444203642409,0.0015334444203642409,128,65,63,65,1,65,64,1162,1,1,1041,536870912,0,0,0,0
named_crc_linear,"CRC_n64_k48_CRC-16/CCITT-like",0.75,64,48,0.0050000000000000001,305,1,7,1,1,1,0,0,0.0026823889999999999,1.2917557310000001,0,1.2917557310000001,PREFIX_ASTAR,0.0020765450739850442,0.0020765450739850442,8191,3995,4196,3995,1,3995,64,24909,1,1,21921,536870912,0,0,0,0
named_crc_linear,"CRC_n64_k48_CRC-16/CCITT-like",0.75,64,48,0.0050000000000000001,306,0,19,1,1,1,0,0,9.5266999999999994e-05,0.030747203000000001,0,0.030747203000000001,PREFIX_ASTAR,0.0030983956491912449,0.0030983956491912449,127,64,63,64,1,64,64,636,1,1,581,536870912,0,0,0,0
named_crc_linear,"CRC_n64_k48_CRC-16/CCITT-like",0.75,64,48,0.0050000000000000001,307,0,61,1,1,1,0,0,0.00011421699999999999,0.014987616,0,0.014987616,PREFIX_ASTAR,0.0076207583647726227,0.0076207583647726227,126,65,61,65,2,65,64,327,1,1,280,536870912,0,0,0,0
named_crc_linear,"CRC_n64_k48_CRC-16/CCITT-like",0.75,64,48,0.0050000000000000001,308,0,30,1,1,1,0,0,7.8959000000000001e-05,0.0027758850000000001,0,0.0027758850000000001,PREFIX_ASTAR,0.028444622165543602,0.028444622165543602,120,60,60,60,1,60,64,78,1,1,58,536870912,0,0,0,0
named_crc_linear,"CRC_n64_k48_CRC-16/CCITT-like",0.75,64,48,0.0050000000000000001,309,0,9,1,1,1,0,0,8.6045999999999996e-05,0.060320886999999997,0,0.060320886999999997,PREFIX_ASTAR,0.0014264710663157191,0.0014264710663157191,128,65,63,65,1,65,64,1253,1,1,1129,536870912,0,0,0,0
named_crc_linear,"CRC_n64_k48_CRC-16/CCITT-like",0.75,64,48,0.0050000000000000001,310,0,14,1,1,1,0,0,8.5810999999999995e-05,0.029846597999999998,0,0.029846597999999998,PREFIX_ASTAR,0.0028750680395802563,0.0028750680395802563,127,65,62,65,1,65,64,607,1,1,544,536870912,0,0,0,0
named_crc_linear,"CRC_n64_k48_CRC-16/CCITT-like",0.75,64,48,0.0050000000000000001,311,0,63,1,1,1,0,0,0.00012026100000000001,0.052176922000000001,0,0.052176922000000001,PREFIX_ASTAR,0.002304869574330199,0.002304869574330199,128,65,63,65,2,65,64,1047,1,1,955,536870912,0,0,0,0
named_crc_linear,"CRC_n64_k48_CRC-16/CCITT-like",0.75,64,48,0.0050000000000000001,312,0,58,1,1,1,0,0,8.5860999999999997e-05,0.011368929,0,0.011368929,PREFIX_ASTAR,0.0075522505242138459,0.0075522505242138459,126,64,62,64,1,64,64,256,1,1,221,536870912,0,0,0,0
named_crc_linear,"CRC_n64_k48_CRC-16/CCITT-like",0.75,64,48,0.0050000000000000001,313,1,52,1,1,1,0,0,0.0026918710000000002,0.91653403099999997,0,0.91653403099999997,PREFIX_ASTAR,0.0029370115117962271,0.0029370115117962271,8191,3990,4201,3990,1,3990,64,18444,1,1,16199,536870912,0,0,0,0
named_crc_linear,"CRC_n64_k48_CRC-16/CCITT-like",0.75,64,48,0.0050000000000000001,314,0,8,1,1,1,0,0,8.5093000000000007e-05,0.0085440700000000008,0,0.0085440700000000008,PREFIX_ASTAR,0.0099593051086894185,0.0099593051086894185,125,62,63,62,1,62,64,192,1,1,167,536870912,0,0,0,0
named_crc_linear,"CRC_n64_k48_CRC-16/CCITT-like",0.75,64,48,0.0050000000000000001,315,0,42,1,1,1,0,0,8.4005999999999995e-05,0.043955455999999997,0,0.043955455999999997,PREFIX_ASTAR,0.0019111620637037642,0.0019111620637037642,128,65,63,65,1,65,64,922,1,1,856,536870912,0,0,0,0
named_crc_linear,"CRC_n64_k48_CRC-16/CCITT-like",0.75,64,48,0.0050000000000000001,316,1,13,1,1,1,0,0,0.0026568080000000001,0.54019813100000003,0,0.54019813100000003,PREFIX_ASTAR,0.0049182102779248603,0.0049182102779248603,8190,3976,4214,3976,1,3976,64,10814,1,1,9433,536870912,0,0,0,0
named_crc_linear,"CRC_n64_k48_CRC-16/CCITT-like",0.75,64,48,0.0050000000000000001,317,1,23,1,1,1,0,0,0.002760247,0.42919787300000001,0,0.42919787300000001,PREFIX_ASTAR,0.006431175859997796,0.006431175859997796,8190,3987,4203,3987,1,3987,64,8751,1,1,7637,536870912,0,0,0,0
named_crc_linear,"CRC_n64_k48_CRC-16/CCITT-like",0.75,64,48,0.0050000000000000001,318,0,29,1,1,1,0,0,8.9170000000000002e-05,0.037601173000000002,0,0.037601173000000002,PREFIX_ASTAR,0.0023714685709405928,0.0023714685709405928,128,65,63,65,1,65,64,783,1,1,713,536870912,0,0,0,0
named_crc_linear,"CRC_n64_k48_CRC-16/CCITT-like",0.75,64,48,0.0050000000000000001,319,0,26,1,1,1,0,0,8.1855999999999997e-05,0.0036491029999999999,0,0.0036491029999999999,PREFIX_ASTAR,0.022431814064990768,0.022431814064990768,121,63,58,63,1,63,64,87,1,1,69,536870912,0,0,0,0
named_crc_linear,"CRC_n64_k48_CRC-16/CCITT-like",0.75,64,48,0.0050000000000000001,320,0,20,1,1,1,0,0,8.4763000000000001e-05,0.0097684929999999996,0,0.0097684929999999996,PREFIX_ASTAR,0.0086771828571715216,0.0086771828571715216,126,63,63,63,1,63,64,212,1,1,185,536870912,0,0,0,0
named_crc_linear,"CRC_n64_k48_CRC-16/CCITT-like",0.75,64,48,0.0050000000000000001,321,0,6,1,1,1,0,0,8.4376000000000007e-05,0.030339591999999999,0,0.030339591999999999,PREFIX_ASTAR,0.002781052559968506,0.002781052559968506,127,64,63,64,1,64,64,626,1,1,563,536870912,0,0,0,0
named_crc_linear,"CRC_n64_k48_CRC-16/CCITT-like",0.75,64,48,0.0050000000000000001,322,1,22,1,1,1,0,0,0.0026925030000000002,0.111702414,0,0.111702414,PREFIX_ASTAR,0.024104250781903425,0.024104250781903425,8180,3938,4242,3938,1,3938,64,2424,1,1,2225,536870912,0,0,0,0
named_crc_linear,"CRC_n64_k48_CRC-16/CCITT-like",0.75,64,48,0.0050000000000000001,323,1,26,1,1,1,0,0,0.0027381490000000001,1.7340624330000001,0,1.7340624330000001,PREFIX_ASTAR,0.0015790371487737547,0.0015790371487737547,8192,3958,4234,3958,1,3958,64,33579,1,1,29406,536870912,0,0,0,0
named_crc_linear,"CRC_n64_k48_CRC-16/CCITT-like",0.75,64,48,0.0050000000000000001,324,0,28,1,1,1,0,0,8.6142000000000003e-05,0.040601775,0,0.040601775,PREFIX_ASTAR,0.0021216313818792406,0.0021216313818792406,128,65,63,65,1,65,64,809,1,1,747,536870912,0,0,0,0
named_crc_linear,"CRC_n64_k48_CRC-16/CCITT-like",0.75,64,48,0.0050000000000000001,325,0,21,1,1,1,0,0,8.1723000000000003e-05,0.004284113,0,0.004284113,PREFIX_ASTAR,0.019075827364964465,0.019075827364964465,123,63,60,63,1,63,64,114,1,1,88,536870912,0,0,0,0
named_crc_linear,"CRC_n64_k48_CRC-16/CCITT-like",0.75,64,48,0.0050000000000000001,326,0,44,1,1,1,0,0,8.3721999999999996e-05,0.010236879000000001,0,0.010236879000000001,PREFIX_ASTAR,0.0081784692385247493,0.0081784692385247493,126,64,62,64,1,64,64,220,1,1,188,536870912,0,0,0,0
named_crc_linear,"CRC_n64_k48_CRC-16/CCITT-like",0.75,64,48,0.0050000000000000001,327,1,1,1,1,1,0,0,8.4437999999999994e-05,0.057104942999999998,0,0.057104942999999998,PREFIX_ASTAR,0.001478646077976122,0.001478646077976122,128,65,63,65,1,65,64,1206,1,1,1105,536870912,0,0,0,0
named_crc_linear,"CRC_n64_k48_CRC-16/CCITT-like",0.75,64,48,0.0050000000000000001,328,0,57,1,1,1,0,0,8.9771000000000005e-05,0.016562593,0,0.016562593,PREFIX_ASTAR,0.0054201054146533695,0.0054201054146533695,126,63,63,63,1,63,64,343,1,1,302,536870912,0,0,0,0
named_crc_linear,"CRC_n64_k48_CRC-16/CCITT-like",0.75,64,48,0.0050000000000000001,329,0,6,1,1,1,0,0,8.3951999999999999e-05,0.023859704999999998,0,0.023859704999999998,PREFIX_ASTAR,0.0035185682304119019,0.0035185682304119019,127,65,62,65,1,65,64,495,1,1,436,536870912,0,0,0,0
named_crc_linear,"CRC_n64_k48_CRC-16/CCITT-like",0.75,64,48,0.0050000000000000001,330,0,16,1,1,1,0,0,8.4618999999999997e-05,0.010908931,0,0.010908931,PREFIX_ASTAR,0.0077568553692382866,0.0077568553692382866,125,63,62,63,1,63,64,212,1,1,181,536870912,0,0,0,0
named_crc_linear,"CRC_n64_k48_CRC-16/CCITT-like",0.75,64,48,0.0050000000000000001,331,0,43,1,1,1,0,0,9.6259000000000001e-05,0.020437212999999999,0,0.020437212999999999,PREFIX_ASTAR,0.0047099866307602706,0.0047099866307602706,127,64,63,64,1,64,64,430,1,1,374,536870912,0,0,0,0
named_crc_linear,"CRC_n64_k48_CRC-16/CCITT-like",0.75,64,48,0.0050000000000000001,332,0,2,1,1,1,0,0,9.6007000000000004e-05,0.012380947,0,0.012380947,PREFIX_ASTAR,0.0077544149086495569,0.0077544149086495569,125,65,60,65,1,65,64,257,1,1,223,536870912,0,0,0,0
named_crc_linear,"CRC_n64_k48_CRC-16/CCITT-like",0.75,64,48,0.0050000000000000001,333,2,16,1,1,1,0,0,0.087956015999999998,7.2637744120000001,0,7.2637744120000001,PREFIX_ASTAR,0.012108858426921092,0.012108858426921092,258174,120031,138143,120031,4,120031,64,141209,1,1,120368,536870912,0,0,0,0
named_crc_linear,"CRC_n64_k48_CRC-16/CCITT-like",0.75,64,48,0.0050000000000000001,334,1,12,1,1,1,0,0,0.0024522789999999999,0.75161530700000001,0,0.75161530700000001,PREFIX_ASTAR,0.0032626783637337495,0.0032626783637337495,8191,3975,4216,3975,1,3975,64,15106,1,1,13256,536870912,0,0,0,0
named_crc_linear,"CRC_n64_k48_CRC-16/CCITT-like",0.75,64,48,0.0050000000000000001,335,1,8,1,1,1,0,0,0.002693249,0.47250555599999999,0,0.47250555599999999,PREFIX_ASTAR,0.005699930859648982,0.005699930859648982,8190,4008,4182,4008,1,4008,64,9423,1,1,8162,536870912,0,0,0,0
named_crc_linear,"CRC_n64_k48_CRC-16/CCITT-like",0.75,64,48,0.0050000000000000001,336,0,3,1,1,1,0,0,8.5138999999999999e-05,0.04115328,0,0.04115328,PREFIX_ASTAR,0.0020688265917078786,0.0020688265917078786,128,65,63,65,1,65,64,890,1,1,810,536870912,0,0,0,0
named_crc_linear,"CRC_n64_k48_CRC-16/CCITT-like",0.75,64,48,0.0050000000000000001,337,0,12,1,1,1,0,0,8.6164999999999999e-05,0.047201545999999997,0,0.047201545999999997,PREFIX_ASTAR,0.0018254698691436929,0.0018254698691436929,128,65,63,65,1,65,64,957,1,1,882,536870912,0,0,0,0
named_crc_linear,"CRC_n64_k48_CRC-16/CCITT-like",0.75,64,48,0.0050000000000000001,338,0,29,1,1,1,0,0,8.5264000000000002e-05,0.024028998999999999,0,0.024028998999999999,PREFIX_ASTAR,0.0035483791896616253,0.0035483791896616253,127,64,63,64,1,64,64,509,1,1,444,536870912,0,0,0,0
named_crc_linear,"CRC_n64_k48_CRC-16/CCITT-like",0.75,64,48,0.0050000000000000001,339,0,40,1,1,1,0,0,8.1495000000000005e-05,0.0047602080000000001,0,0.0047602080000000001,PREFIX_ASTAR,0.017120050216293071,0.017120050216293071,123,63,60,63,1,63,64,118,1,1,93,536870912,0,0,0,0
named_crc_linear,"CRC_n64_k48_CRC-16/CCITT-like",0.75,64,48,0.0050000000000000001,340,0,63,1,1,1,0,0,8.5043999999999994e-05,0.027138167000000001,0,0.027138167000000001,PREFIX_ASTAR,0.003133741494036793,0.003133741494036793,127,64,63,64,1,64,64,574,1,1,519,536870912,0,0,0,0
named_crc_linear,"CRC_n64_k48_CRC-16/CCITT-like",0.75,64,48,0.0050000000000000001,341,0,57,1,1,1,0,0,8.2636e-05,0.0041833089999999996,0,0.0041833089999999996,PREFIX_ASTAR,0.019753740400242966,0.019753740400242966,124,63,61,63,1,63,64,101,1,1,81,536870912,0,0,0,0
named_crc_linear,"CRC_n64_k48_CRC-16/CCITT-like",0.75,64,48,0.0050000000000000001,342,1,37,1,1,1,0,0,0.0026611849999999999,0.134158743,0,0.134158743,PREFIX_ASTAR,0.019836090742144177,0.019836090742144177,8187,3993,4194,3993,1,3993,64,2934,1,1,2614,536870912,0,0,0,0
named_crc_linear,"CRC_n64_k48_CRC-16/CCITT-like",0.75,64,48,0.0050000000000000001,343,0,28,1,1,1,0,0,8.7410999999999994e-05,0.058735769,0,0.058735769,PREFIX_ASTAR,0.0014882072966474653,0.0014882072966474653,128,65,63,65,1,65,64,1195,1,1,1099,536870912,0,0,0,0
named_crc_linear,"CRC_n64_k48_CRC-16/CCITT-like",0.75,64,48,0.0050000000000000001,344,0,17,1,1,1,0,0,8.3832000000000006e-05,0.028872891000000001,0,0.028872891000000001,PREFIX_ASTAR,0.0029034847947855308,0.0029034847947855308,127,64,63,64,1,64,64,590,1,1,540,536870912,0,0,0,0
named_crc_linear,"CRC_n64_k48_CRC-16/CCITT-like",0.75,64,48,0.0050000000000000001,345,0,36,1,1,1,0,0,8.3373000000000003e-05,0.024878577999999998,0,0.024878577999999998,PREFIX_ASTAR,0.0033511963585700117,0.0033511963585700117,127,64,63,64,1,64,64,526,1,1,478,536870912,0,0,0,0
named_crc_linear,"CRC_n64_k48_CRC-16/CCITT-like",0.75,64,48,0.0050000000000000001,346,0,50,1,1,1,0,0,8.3883999999999998e-05,0.0066793119999999997,0,0.0066793119999999997,PREFIX_ASTAR,0.012558778508924272,0.012558778508924272,126,64,62,64,1,64,64,150,1,1,128,536870912,0,0,0,0
named_crc_linear,"CRC_n64_k48_CRC-16/CCITT-like",0.75,64,48,0.0050000000000000001,347,1,29,1,1,1,0,0,0.0026595939999999999,0.31171145700000003,0,0.31171145700000003,PREFIX_ASTAR,0.0085322304980275394,0.0085322304980275394,8189,3963,4226,3963,1,3963,64,6638,1,1,5885,536870912,0,0,0,0
named_crc_linear,"CRC_n64_k48_CRC-16/CCITT-like",0.75,64,48,0.0050000000000000001,348,1,38,1,1,1,0,0,0.002506491,1.416441568,0,1.416441568,PREFIX_ASTAR,0.0017695689371352876,0.0017695689371352876,8192,3961,4231,3961,1,3961,64,29331,1,1,25561,536870912,0,0,0,0
named_crc_linear,"CRC_n64_k48_CRC-16/CCITT-like",0.75,64,48,0.0050000000000000001,349,0,55,1,1,1,0,0,7.7088000000000005e-05,0.058594088000000003,0,0.058594088000000003,PREFIX_ASTAR,0.0013156276107582732,0.0013156276107582732,128,65,63,65,1,65,64,1300,1,1,1177,536870912,0,0,0,0
named_crc_linear,"CRC_n64_k48_CRC-16/CCITT-like",0.75,64,48,0.0050000000000000001,350,1,7,1,1,1,0,0,0.0026507100000000001,1.8555200540000001,0,1.8555200540000001,PREFIX_ASTAR,0.0014285536792155845,0.0014285536792155845,8192,3967,4225,3967,1,3967,64,36808,1,1,32324,536870912,0,0,0,0
named_crc_linear,"CRC_n64_k48_CRC-16/CCITT-like",0.75,64,48,0.0050000000000000001,351,1,9,1,1,1,0,0,0.0027139529999999999,0.61949677199999997,0,0.61949677199999997,PREFIX_ASTAR,0.0043808993406667827,0.0043808993406667827,8191,3968,4223,3968,1,3968,64,13058,1,1,11464,536870912,0,0,0,0
named_crc_linear,"CRC_n64_k48_CRC-16/CCITT-like",0.75,64,48,0.0050000000000000001,352,1,13,1,1,1,0,0,0.0024551730000000002,0.156106194,0,0.156106194,PREFIX_ASTAR,0.015727582212400875,0.015727582212400875,8187,3991,4196,3991,1,3991,64,3541,1,1,3103,536870912,0,0,0,0
named_crc_linear,"CRC_n64_k48_CRC-16/CCITT-like",0.75,64,48,0.0050000000000000001,353,0,38,1,1,1,0,0,8.6093000000000004e-05,0.041043969999999999,0,0.041043969999999999,PREFIX_ASTAR,0.0020975797419206768,0.0020975797419206768,128,65,63,65,1,65,64,878,1,1,785,536870912,0,0,0,0
named_crc_linear,"CRC_n64_k48_CRC-16/CCITT-like",0.75,64,48,0.0050000000000000001,354,1,16,1,1,1,0,0,0.002628633,0.20986150000000001,0,0.20986150000000001,PREFIX_ASTAR,0.012525560905644913,0.012525560905644913,8188,3958,4230,3958,1,3958,64,4760,1,1,4208,536870912,0,0,0,0
named_crc_linear,"CRC_n64_k48_CRC-16/CCITT-like",0.75,64,48,0.0050000000000000001,355,1,32,1,1,1,0,0,0.0026693289999999998,1.2345742449999999,0,1.2345742449999999,PREFIX_ASTAR,0.0021621453799240725,0.0021621453799240725,8191,3989,4202,3989,1,3989,64,24229,1,1,21207,536870912,0,0,0,0
named_crc_linear,"CRC_n64_k48_CRC-16/CCITT-like",0.75,64,48,0.0050000000000000001,356,0,16,1,1,1,0,0,9.1533000000000006e-05,0.0040678160000000001,0,0.0040678160000000001,PREFIX_ASTAR,0.022501755241633351,0.022501755241633351,123,62,61,62,1,62,64,100,1,1,81,536870912,0,0,0,0
named_crc_linear,"CRC_n64_k48_CRC-16/CCITT-like",0.75,64,48,0.0050000000000000001,357,0,5,1,1,1,0,0,8.3524999999999997e-05,0.0094480650000000003,0,0.0094480650000000003,PREFIX_ASTAR,0.0088404345228361575,0.0088404345228361575,125,65,60,65,1,65,64,210,1,1,187,536870912,0,0,0,0
named_crc_linear,"CRC_n64_k48_CRC-16/CCITT-like",0.75,64,48,0.0050000000000000001,358,0,44,1,1,1,0,0,8.4194000000000001e-05,0.026178195000000001,0,0.026178195000000001,PREFIX_ASTAR,0.0032161881290898777,0.0032161881290898777,127,65,62,65,1,65,64,551,1,1,496,536870912,0,0,0,0
named_crc_linear,"CRC_n64_k48_CRC-16/CCITT-like",0.75,64,48,0.0050000000000000001,359,0,20,1,1,1,0,0,8.9884999999999997e-05,0.0053362770000000004,0,0.0053362770000000004,PREFIX_ASTAR,0.016844140587154676,0.016844140587154676,125,64,61,64,1,64,64,134,1,1,106,536870912,0,0,0,0
named_crc_linear,"CRC_n64_k48_CRC-16/CCITT-like",0.75,64,48,0.0050000000000000001,360,0,10,1,1,1,0,0,8.2125000000000004e-05,0.012662517999999999,0,0.012662517999999999,PREFIX_ASTAR,0.006485676861426772,0.006485676861426772,126,64,62,64,1,64,64,280,1,1,250,536870912,0,0,0,0
named_crc_linear,"CRC_n64_k48_CRC-16/CCITT-like",0.75,64,48,0.0050000000000000001,361,1,7,1,1,1,0,0,0.002702964,0.25613594000000001,0,0.25613594000000001,PREFIX_ASTAR,0.010552849397081877,0.010552849397081877,8189,3974,4215,3974,2,3974,64,5350,1,1,4590,536870912,0,0,0,0
named_crc_linear,"CRC_n64_k48_CRC-16/CCITT-like",0.75,64,48,0.0050000000000000001,362,0,1,1,1,1,0,0,7.8688000000000003e-05,0.052455795,0,0.052455795,PREFIX_ASTAR,0.0015000821167613608,0.0015000821167613608,128,65,63,65,1,65,64,1192,1,1,1061,536870912,0,0,0,0
named_crc_linear,"CRC_n64_k48_CRC-16/CCITT-like",0.75,64,48,0.0050000000000000001,363,0,30,1,1,1,0,0,8.4036999999999995e-05,0.010403514000000001,0,0.010403514000000001,PREFIX_ASTAR,0.0080777514212986099,0.0080777514212986099,126,65,61,65,1,65,64,249,1,1,217,536870912,0,0,0,0
named_crc_linear,"CRC_n64_k48_CRC-16/CCITT-like",0.75,64,48,0.0050000000000000001,364,0,32,1,1,1,0,0,8.6059999999999999e-05,0.040571361,0,0.040571361,PREFIX_ASTAR,0.0021212007159434458,0.0021212007159434458,128,65,63,65,1,65,64,871,1,1,764,536870912,0,0,0,0
named_crc_linear,"CRC_n64_k48_CRC-16/CCITT-like",0.75,64,48,0.0050000000000000001,365,2,0,1,1,1,0,0,0.086198910000000004,3.4189153249999999,0,3.4189153249999999,PREFIX_ASTAR,0.025212355909984406,0.025212355909984406,258172,120581,137591,120581,4,120581,64,67299,1,1,59027,536870912,0,0,0,0
named_crc_linear,"CRC_n64_k48_CRC-16/CCITT-like",0.75,64,48,0.0050000000000000001,366,1,19,1,1,1,0,0,0.0026925339999999999,1.697125116,0,1.697125116,PREFIX_ASTAR,0.0015865265174709723,0.0015865265174709723,8192,3994,4198,3994,1,3994,64,32671,1,1,28894,536870912,0,0,0,0
named_crc_linear,"CRC_n64_k48_CRC-16/CCITT-like",0.75,64,48,0.0050000000000000001,367,0,50,1,1,1,0,0,8.7655e-05,0.014382525,0,0.014382525,PREFIX_ASTAR,0.0060945487666456341,0.0060945487666456341,126,65,61,65,1,65,64,290,1,1,254,536870912,0,0,0,0
named_crc_linear,"CRC_n64_k48_CRC-16/CCITT-like",0.75,64,48,0.0050000000000000001,368,1,56,1,1,1,0,0,0.0027056039999999999,0.46089216399999999,0,0.46089216399999999,PREFIX_ASTAR,0.0058703623349083455,0.0058703623349083455,8190,3978,4212,3978,1,3978,64,9316,1,1,8290,536870912,0,0,0,0
named_crc_linear,"CRC_n64_k48_CRC-16/CCITT-like",0.75,64,48,0.0050000000000000001,369,0,63,1,1,1,0,0,8.6129000000000002e-05,0.055281205,0,0.055281205,PREFIX_ASTAR,0.0015580159658241893,0.0015580159658241893,128,65,63,65,1,65,64,1127,1,1,1015,536870912,0,0,0,0
named_crc_linear,"CRC_n64_k48_CRC-16/CCITT-like",0.75,64,48,0.0050000000000000001,370,0,11,1,1,1,0,0,9.5601999999999997e-05,0.027269537,0,0.027269537,PREFIX_ASTAR,0.0035058167654258301,0.0035058167654258301,127,65,62,65,1,65,64,573,1,1,520,536870912,0,0,0,0
named_crc_linear,"CRC_n64_k48_CRC-16/CCITT-like",0.75,64,48,0.0050000000000000001,371,0,34,1,1,1,0,0,8.2480999999999999e-05,0.024343057000000001,0,0.024343057000000001,PREFIX_ASTAR,0.0033882761725448039,0.0033882761725448039,127,64,63,64,1,64,64,518,1,1,471,536870912,0,0,0,0
named_crc_linear,"CRC_n64_k48_CRC-16/CCITT-like",0.75,64,48,0.0050000000000000001,372,0,1,1,1,1,0,0,8.5333000000000004e-05,0.044243778999999997,0,0.044243778999999997,PREFIX_ASTAR,0.0019287005298530221,0.0019287005298530221,128,65,63,65,1,65,64,866,1,1,764,536870912,0,0,0,0
named_crc_linear,"CRC_n64_k48_CRC-16/CCITT-like",0.75,64,48,0.0050000000000000001,373,1,10,1,1,1,0,0,0.002735328,1.1939811339999999,0,1.1939811339999999,PREFIX_ASTAR,0.0022909306706013666,0.0022909306706013666,8191,3991,4200,3991,1,3991,64,23864,1,1,21109,536870912,0,0,0,0
named_crc_linear,"CRC_n64_k48_CRC-16/CCITT-like",0.75,64,48,0.0050000000000000001,374,1,2,1,1,1,0,0,0.0027000330000000001,0.34351069200000001,0,0.34351069200000001,PREFIX_ASTAR,0.0078601134197010675,0.0078601134197010675,8189,3980,4209,3980,1,3980,64,7485,1,1,6636,536870912,0,0,0,0
named_crc_linear,"CRC_n64_k48_CRC-16/CCITT-like",0.75,64,48,0.0050000000000000001,375,0,58,1,1,1,0,0,8.3539000000000001e-05,0.015217682,0,0.015217682,PREFIX_ASTAR,0.0054896008472249585,0.0054896008472249585,127,64,63,64,1,64,64,351,1,1,313,536870912,0,0,0,0
named_crc_linear,"CRC_n64_k48_CRC-16/CCITT-like",0.75,64,48,0.0050000000000000001,376,0,61,1,1,1,0,0,0.00011251699999999999,0.0096258990000000003,0,0.0096258990000000003,PREFIX_ASTAR,0.011688986140411403,0.011688986140411403,125,65,60,65,2,65,64,216,1,1,191,536870912,0,0,0,0
named_crc_linear,"CRC_n64_k48_CRC-16/CCITT-like",0.75,64,48,0.0050000000000000001,377,1,33,1,1,1,0,0,0.002690057,1.3735028229999999,0,1.3735028229999999,PREFIX_ASTAR,0.0019585376563874745,0.0019585376563874745,8192,3984,4208,3984,1,3984,64,27415,1,1,24021,536870912,0,0,0,0
named_crc_linear,"CRC_n64_k48_CRC-16/CCITT-like",0.75,64,48,0.0050000000000000001,378,1,17,1,1,1,0,0,0.0026674810000000002,0.177541331,0,0.177541331,PREFIX_ASTAR,0.015024563491641279,0.015024563491641279,8188,3981,4207,3981,1,3981,64,3746,1,1,3382,536870912,0,0,0,0
named_crc_linear,"CRC_n64_k48_CRC-16/CCITT-like",0.75,64,48,0.0050000000000000001,379,0,35,1,1,1,0,0,8.2086e-05,0.0044089519999999998,0,0.0044089519999999998,PREFIX_ASTAR,0.018618029862878981,0.018618029862878981,123,63,60,63,1,63,64,108,1,1,85,536870912,0,0,0,0
named_crc_linear,"CRC_n64_k48_CRC-16/CCITT-like",0.75,64,48,0.0050000000000000001,380,1,9,1,1,1,0,0,0.002962035,0.34871705400000003,0,0.34871705400000003,PREFIX_ASTAR,0.0084940927494759118,0.0084940927494759118,8189,3986,4203,3986,1,3986,64,6869,1,1,5944,536870912,0,0,0,0
named_crc_linear,"CRC_n64_k48_CRC-16/CCITT-like",0.75,64,48,0.0050000000000000001,381,2,40,1,1,1,0,0,0.003044326,0.25013963,0,0.25013963,PREFIX_ASTAR,0.012170506528693593,0.012170506528693593,8189,3997,4192,3997,1,3997,64,5062,1,1,4582,536870912,0,0,0,0
named_crc_linear,"CRC_n64_k48_CRC-16/CCITT-like",0.75,64,48,0.0050000000000000001,382,3,53,0,0,0,0,0,0.92180112999999997,52.659033483999998,0,inf,PREFIX_ASTAR,0.017505090181347164,0,2000000,889488,1110512,889488,11,889488,64,1000000,0,0,833516,536870912,0,0,0,0
named_crc_linear,"CRC_n64_k48_CRC-16/CCITT-like",0.75,64,48,0.0050000000000000001,383,0,24,1,1,1,0,0,0.00020545900000000001,0.019855021,0,0.019855021,PREFIX_ASTAR,0.010347961858111357,0.010347961858111357,125,64,61,64,1,64,64,196,1,1,170,536870912,0,0,0,0
named_crc_linear,"CRC_n64_k48_CRC-16/CCITT-like",0.75,64,48,0.0050000000000000001,384,1,26,1,1,1,0,0,0.0055921800000000004,0.27377006700000001,0,0.27377006700000001,PREFIX_ASTAR,0.020426557443915153,0.020426557443915153,8186,3972,4214,3972,1,3972,64,2508,1,1,2302,536870912,0,0,0,0
named_crc_linear,"CRC_n64_k48_CRC-16/CCITT-like",0.75,64,48,0.0050000000000000001,385,0,47,1,1,1,0,0,0.000207505,0.041633139999999999,0,0.041633139999999999,PREFIX_ASTAR,0.0049841304307097663,0.0049841304307097663,127,65,62,65,1,65,64,373,1,1,332,536870912,0,0,0,0
named_crc_linear,"CRC_n64_k48_CRC-16/CCITT-like",0.75,64,48,0.0050000000000000001,386,0,1,1,1,1,0,0,0.00021311400000000001,0.104570805,0,0.104570805,PREFIX_ASTAR,0.0020379875625897688,0.0020379875625897688,128,65,63,65,1,65,64,928,1,1,797,536870912,0,0,0,0
named_crc_linear,"CRC_n64_k48_CRC-16/CCITT-like",0.75,64,48,0.0050000000000000001,387,2,4,1,1,1,0,0,0.0062320040000000002,2.965123615,0,2.965123615,PREFIX_ASTAR,0.0021017686980986119,0.0021017686980986119,8192,3978,4214,3978,1,3978,64,24264,1,1,21131,536870912,0,0,0,0
named_crc_linear,"CRC_n64_k48_CRC-16/CCITT-like",0.75,64,48,0.0050000000000000001,388,0,57,1,1,1,0,0,0.000194076,0.031713914000000003,0,0.031713914000000003,PREFIX_ASTAR,0.0061195852394630313,0.0061195852394630313,126,64,62,64,1,64,64,302,1,1,269,536870912,0,0,0,0
named_crc_linear,"CRC_n64_k48_CRC-16/CCITT-like",0.75,64,48,0.0050000000000000001,389,0,34,1,1,1,0,0,0.00018455199999999999,0.052125029000000003,0,0.052125029000000003,PREFIX_ASTAR,0.0035405639774320312,0.0035405639774320312,127,64,63,64,1,64,64,482,1,1,429,536870912,0,0,0,0
named_crc_linear,"CRC_n64_k48_CRC-16/CCITT-like",0.75,64,48,0.0050000000000000001,390,0,47,1,1,1,0,0,0.00019558600000000001,0.10900662999999999,0,0.10900662999999999,PREFIX_ASTAR,0.0017942578355096385,0.0017942578355096385,128,65,63,65,1,65,64,936,1,1,847,536870912,0,0,0,0
named_crc_linear,"CRC_n64_k48_CRC-16/CCITT-like",0.75,64,48,0.0050000000000000001,391,0,53,1,1,1,0,0,0.000189295,0.019842484000000001,0,0.019842484000000001,PREFIX_ASTAR,0.0095398842201409855,0.0095398842201409855,126,65,61,65,1,65,64,202,1,1,177,536870912,0,0,0,0
named_crc_linear,"CRC_n64_k48_CRC-16/CCITT-like",0.75,64,48,0.0050000000000000001,392,0,17,1,1,1,0,0,0.00017516100000000001,0.063923068999999999,0,0.063923068999999999,PREFIX_ASTAR,0.0027401844551612504,0.0027401844551612504,127,65,62,65,1,65,64,583,1,1,522,536870912,0,0,0,0
named_crc_linear,"CRC_n64_k48_CRC-16/CCITT-like",0.75,64,48,0.0050000000000000001,393,0,51,1,1,1,0,0,0.00024037,0.026762002,0,0.026762002,PREFIX_ASTAR,0.0089817645182150418,0.0089817645182150418,126,64,62,64,1,64,64,218,1,1,187,536870912,0,0,0,0
named_crc_linear,"CRC_n64_k48_CRC-16/CCITT-like",0.75,64,48,0.0050000000000000001,394,0,7,1,1,1,0,0,0.00022630999999999999,0.11398272199999999,0,0.11398272199999999,PREFIX_ASTAR,0.0019854763601802735,0.0019854763601802735,128,65,63,65,1,65,64,955,1,1,868,536870912,0,0,0,0
named_crc_linear,"CRC_n64_k48_CRC-16/CCITT-like",0.75,64,48,0.0050000000000000001,395,1,14,1,1,1,0,0,0.006332949,2.3028246989999999,0,2.3028246989999999,PREFIX_ASTAR,0.0027500786328851167,0.0027500786328851167,8191,3987,4204,3987,1,3987,64,19158,1,1,16932,536870912,0,0,0,0
named_crc_linear,"CRC_n64_k48_CRC-16/CCITT-like",0.75,64,48,0.0050000000000000001,396,0,47,1,1,1,0,0,0.00019324199999999999,0.0259343,0,0.0259343,PREFIX_ASTAR,0.0074512132581176279,0.0074512132581176279,126,64,62,64,1,64,64,231,1,1,205,536870912,0,0,0,0
named_crc_linear,"CRC_n64_k48_CRC-16/CCITT-like",0.75,64,48,0.0050000000000000001,397,0,9,1,1,1,0,0,0.00019562799999999999,0.063914184999999998,0,0.063914184999999998,PREFIX_ASTAR,0.0030607915910998472,0.0030607915910998472,127,65,62,65,1,65,64,576,1,1,517,536870912,0,0,0,0
named_crc_linear,"CRC_n64_k48_CRC-16/CCITT-like",0.75,64,48,0.0050000000000000001,398,1,50,1,1,1,0,0,0.0058970710000000003,1.398966036,0,1.398966036,PREFIX_ASTAR,0.0042153067681766077,0.0042153067681766077,8190,3983,4207,3983,1,3983,64,11816,1,1,10458,536870912,0,0,0,0
named_crc_linear,"CRC_n64_k48_CRC-16/CCITT-like",0.75,64,48,0.0050000000000000001,399,0,60,1,1,1,0,0,0.00043619399999999999,0.021098855999999999,0,0.021098855999999999,PREFIX_ASTAR,0.020673822315295198,0.020673822315295198,125,65,60,65,2,65,64,181,1,1,151,536870912,0,0,0,0
named_crc_linear,"CRC_n64_k48_CRC-16/CCITT-like",0.75,64,48,0.0050000000000000001,400,1,4,1,1,1,0,0,0.0061482560000000004,0.41248647599999999,0,0.41248647599999999,PREFIX_ASTAR,0.014905351709033973,0.014905351709033973,8185,3950,4235,3950,2,3950,64,3417,1,1,3094,536870912,0,0,0,0
named_crc_linear,"CRC_n64_k48_CRC-16/CCITT-like",0.75,64,48,0.0050000000000000001,401,0,15,1,1,1,0,0,0.000200189,0.052117447999999997,0,0.052117447999999997,PREFIX_ASTAR,0.0038411128649276922,0.0038411128649276922,127,65,62,65,1,65,64,486,1,1,442,536870912,0,0,0,0
named_crc_linear,"CRC_n64_k48_CRC-16/CCITT-like",0.75,64,48,0.0050000000000000001,402,0,17,1,1,1,0,0,0.00017419000000000001,0.060484263000000003,0,0.060484263000000003,PREFIX_ASTAR,0.0028799226668265762,0.0028799226668265762,127,64,63,64,1,64,64,524,1,1,469,536870912,0,0,0,0
named_crc_linear,"CRC_n64_k48_CRC-16/CCITT-like",0.75,64,48,0.0050000000000000001,403,0,41,1,1,1,0,0,0.00031459700000000001,0.092889825999999995,0,0.092889825999999995,PREFIX_ASTAR,0.0033867756410696694,0.0033867756410696694,128,65,63,65,1,65,64,821,1,1,705,536870912,0,0,0,0
named_crc_linear,"CRC_n64_k48_CRC-16/CCITT-like",0.75,64,48,0.0050000000000000001,404,0,18,1,1,1,0,0,0.00021046699999999999,0.021580381999999999,0,0.021580381999999999,PREFIX_ASTAR,0.009752700392421227,0.009752700392421227,126,63,63,63,1,63,64,216,1,1,186,536870912,0,0,0,0
named_crc_linear,"CRC_n64_k48_CRC-16/CCITT-like",0.75,64,48,0.0050000000000000001,405,0,42,1,1,1,0,0,0.00017658999999999999,0.060459882,0,0.060459882,PREFIX_ASTAR,0.0029207797659942503,0.0029207797659942503,127,64,63,64,1,64,64,555,1,1,502,536870912,0,0,0,0
named_crc_linear,"CRC_n64_k48_CRC-16/CCITT-like",0.75,64,48,0.0050000000000000001,406,0,6,1,1,1,0,0,0.00065137699999999997,0.036421849999999999,0,0.036421849999999999,PREFIX_ASTAR,0.017884237071977397,0.017884237071977397,126,63,63,63,1,63,64,268,1,1,233,536870912,0,0,0,0
named_crc_linear,"CRC_n64_k48_CRC-16/CCITT-like",0.75,64,48,0.0050000000000000001,407,0,47,1,1,1,0,0,0.00017624000000000001,0.13492177299999999,0,0.13492177299999999,PREFIX_ASTAR,0.0013062383934133448,0.0013062383934133448,128,65,63,65,1,65,64,1136,1,1,1045,536870912,0,0,0,0
named_crc_linear,"CRC_n64_k48_CRC-16/CCITT-like",0.75,64,48,0.0050000000000000001,408,0,38,1,1,1,0,0,0.00024528700000000001,0.0072110519999999999,0,0.0072110519999999999,PREFIX_ASTAR,0.034015425211189713,0.034015425211189713,122,62,60,62,1,62,64,78,1,1,60,536870912,0,0,0,0
named_crc_linear,"CRC_n64_k48_CRC-16/CCITT-like",0.75,64,48,0.0050000000000000001,409,1,60,1,1,1,0,0,0.0062820300000000001,0.86360060900000002,0,0.86360060900000002,PREFIX_ASTAR,0.0072742306275979012,0.0072742306275979012,8190,3963,4227,3963,1,3963,64,7609,1,1,6668,536870912,0,0,0,0
named_crc_linear,"CRC_n64_k48_CRC-16/CCITT-like",0.75,64,48,0.0050000000000000001,410,0,56,1,1,1,0,0,0.00046973799999999998,0.031456628,0,0.031456628,PREFIX_ASTAR,0.014932878374630618,0.014932878374630618,126,64,62,64,1,64,64,311,1,1,274,536870912,0,0,0,0
named_crc_linear,"CRC_n64_k48_CRC-16/CCITT-like",0.75,64,48,0.0050000000000000001,411,0,15,1,1,1,0,0,0.000243828,0.024660029999999999,0,0.024660029999999999,PREFIX_ASTAR,0.0098875792121907394,0.0098875792121907394,125,64,61,64,1,64,64,209,1,1,186,536870912,0,0,0,0
named_crc_linear,"CRC_n64_k48_CRC-16/CCITT-like",0.75,64,48,0.0050000000000000001,412,0,47,1,1,1,0,0,0.00019933200000000001,0.0084795519999999996,0,0.0084795519999999996,PREFIX_ASTAR,0.023507373974474124,0.023507373974474124,121,63,58,63,1,63,64,97,1,1,79,536870912,0,0,0,0
named_crc_linear,"CRC_n64_k48_CRC-16/CCITT-like",0.75,64,48,0.0050000000000000001,413,1,50,1,1,1,0,0,0.0080301480000000008,1.353407507,0,1.353407507,PREFIX_ASTAR,0.0059332817044881374,0.0059332817044881374,8190,3989,4201,3989,1,3989,64,11502,1,1,10278,536870912,0,0,0,0
named_crc_linear,"CRC_n64_k48_CRC-16/CCITT-like",0.75,64,48,0.0050000000000000001,414,0,12,1,1,1,0,0,0.00023375800000000001,0.028091847999999999,0,0.028091847999999999,PREFIX_ASTAR,0.0083212040731531801,0.0083212040731531801,125,65,60,65,1,65,64,265,1,1,233,536870912,0,0,0,0
named_crc_linear,"CRC_n64_k48_CRC-16/CCITT-like",0.75,64,48,0.0050000000000000001,415,0,48,1,1,1,0,0,0.00027119900000000002,0.013799578999999999,0,0.013799578999999999,PREFIX_ASTAR,0.019652700999066713,0.019652700999066713,125,64,61,64,1,64,64,137,1,1,110,536870912,0,0,0,0
named_crc_linear,"CRC_n64_k48_CRC-16/CCITT-like",0.75,64,48,0.0050000000000000001,416,0,56,1,1,1,0,0,0.000221845,0.0081106110000000002,0,0.0081106110000000002,PREFIX_ASTAR,0.027352439908657929,0.027352439908657929,124,62,62,62,1,62,64,92,1,1,74,536870912,0,0,0,0
named_crc_linear,"CRC_n64_k48_CRC-16/CCITT-like",0.75,64,48,0.0050000000000000001,417,2,26,1,1,1,0,0,0.24991814600000001,8.5330653180000002,0,8.5330653180000002,PREFIX_ASTAR,0.029288202619615761,0.029288202619615761,258173,120524,137649,120524,3,120524,64,80785,1,1,70183,536870912,0,0,0,0
named_crc_linear,"CRC_n64_k48_CRC-16/CCITT-like",0.75,64,48,0.0050000000000000001,418,0,25,1,1,1,0,0,0.00015623699999999999,0.040164801999999999,0,0.040164801999999999,PREFIX_ASTAR,0.003889898423998206,0.003889898423998206,127,65,62,65,1,65,64,498,1,1,436,536870912,0,0,0,0
named_crc_linear,"CRC_n64_k48_CRC-16/CCITT-like",0.75,64,48,0.0050000000000000001,419,0,10,1,1,1,0,0,0.000137696,0.023063281000000001,0,0.023063281000000001,PREFIX_ASTAR,0.0059703560824671906,0.0059703560824671906,126,63,63,63,1,63,64,291,1,1,263,536870912,0,0,0,0
named_crc_linear,"CRC_n64_k48_CRC-16/CCITT-like",0.75,64,48,0.0050000000000000001,420,0,33,1,1,1,0,0,0.00024652400000000003,0.0062748669999999999,0,0.0062748669999999999,PREFIX_ASTAR,0.039287525934812648,0.039287525934812648,122,62,60,62,1,62,64,81,1,1,60,536870912,0,0,0,0
named_crc_linear,"CRC_n64_k48_CRC-16/CCITT-like",0.75,64,48,0.0050000000000000001,421,0,28,1,1,1,0,0,0.00016596499999999999,0.100435173,0,0.100435173,PREFIX_ASTAR,0.0016524589448359886,0.0016524589448359886,128,65,63,65,1,65,64,1168,1,1,1050,536870912,0,0,0,0
named_crc_linear,"CRC_n64_k48_CRC-16/CCITT-like",0.75,64,48,0.0050000000000000001,422,0,48,1,1,1,0,0,0.00013712500000000001,0.025495738,0,0.025495738,PREFIX_ASTAR,0.0053783499030308525,0.0053783499030308525,127,64,63,64,1,64,64,325,1,1,293,536870912,0,0,0,0
named_crc_linear,"CRC_n64_k48_CRC-16/CCITT-like",0.75,64,48,0.0050000000000000001,423,0,39,1,1,1,0,0,0.000142022,0.0050063490000000002,0,0.0050063490000000002,PREFIX_ASTAR,0.028368377833826605,0.028368377833826605,124,62,62,62,1,62,64,78,1,1,58,536870912,0,0,0,0
named_crc_linear,"CRC_n64_k48_CRC-16/CCITT-like",0.75,64,48,0.0050000000000000001,424,0,20,1,1,1,0,0,0.000213754,0.028622746000000001,0,0.028622746000000001,PREFIX_ASTAR,0.0074679766923830436,0.0074679766923830436,125,64,61,64,1,64,64,231,1,1,197,536870912,0,0,0,0
named_crc_linear,"CRC_n64_k48_CRC-16/CCITT-like",0.75,64,48,0.0050000000000000001,425,0,42,1,1,1,0,0,0.000163883,0.063210257000000006,0,0.063210257000000006,PREFIX_ASTAR,0.0025926646683306475,0.0025926646683306475,127,65,62,65,1,65,64,554,1,1,499,536870912,0,0,0,0
named_crc_linear,"CRC_n64_k48_CRC-16/CCITT-like",0.75,64,48,0.0050000000000000001,426,0,17,1,1,1,0,0,0.000178665,0.103591961,0,0.103591961,PREFIX_ASTAR,0.0017246994677511704,0.0017246994677511704,128,65,63,65,1,65,64,959,1,1,822,536870912,0,0,0,0
named_crc_linear,"CRC_n64_k48_CRC-16/CCITT-like",0.75,64,48,0.0050000000000000001,427,1,23,1,1,1,0,0,0.006023629,0.84662446599999996,0,0.84662446599999996,PREFIX_ASTAR,0.0071148770699475629,0.0071148770699475629,8190,3984,4206,3984,1,3984,64,8714,1,1,7725,536870912,0,0,0,0
named_crc_linear,"CRC_n64_k48_CRC-16/CCITT-like",0.75,64,48,0.0050000000000000001,428,0,54,1,1,1,0,0,0.00014291799999999999,0.014482561,0,0.014482561,PREFIX_ASTAR,0.0098682822741088406,0.0098682822741088406,126,63,63,63,1,63,64,197,1,1,174,536870912,0,0,0,0
named_crc_linear,"CRC_n64_k48_CRC-16/CCITT-like",0.75,64,48,0.0050000000000000001,429,0,36,1,1,1,0,0,0.00031177000000000001,0.034517210999999999,0,0.034517210999999999,PREFIX_ASTAR,0.0090323056518094701,0.0090323056518094701,126,64,62,64,1,64,64,432,1,1,389,536870912,0,0,0,0
named_crc_linear,"CRC_n64_k48_CRC-16/CCITT-like",0.75,64,48,0.0050000000000000001,430,0,3,1,1,1,0,0,0.00016104699999999999,0.031119404999999999,0,0.031119404999999999,PREFIX_ASTAR,0.0051751310797876759,0.0051751310797876759,126,63,63,63,1,63,64,382,1,1,340,536870912,0,0,0,0
named_crc_linear,"CRC_n64_k48_CRC-16/CCITT-like",0.75,64,48,0.0050000000000000001,431,1,22,1,1,1,0,0,0.0044552209999999997,1.54180406,0,1.54180406,PREFIX_ASTAR,0.0028896155585425034,0.0028896155585425034,8191,3958,4233,3958,1,3958,64,16255,1,1,14214,536870912,0,0,0,0
named_crc_linear,"CRC_n64_k48_CRC-16/CCITT-like",0.75,64,48,0.0050000000000000001,432,1,18,1,1,1,0,0,0.004505617,0.54619882799999997,0,0.54619882799999997,PREFIX_ASTAR,0.008249041867222754,0.008249041867222754,8189,3978,4211,3978,1,3978,64,5724,1,1,5136,536870912,0,0,0,0
named_crc_linear,"CRC_n64_k48_CRC-16/CCITT-like",0.75,64,48,0.0050000000000000001,433,0,29,1,1,1,0,0,0.00018972100000000001,0.046627433000000003,0,0.046627433000000003,PREFIX_ASTAR,0.0040688707868606023,0.0040688707868606023,127,64,63,64,1,64,64,532,1,1,464,536870912,0,0,0,0
named_crc_linear,"CRC_n64_k48_CRC-16/CCITT-like",0.75,64,48,0.0050000000000000001,434,0,4,1,1,1,0,0,0.00017494200000000001,0.11195820200000001,0,0.11195820200000001,PREFIX_ASTAR,0.0015625652866415271,0.0015625652866415271,128,65,63,65,1,65,64,1005,1,1,918,536870912,0,0,0,0
named_crc_linear,"CRC_n64_k48_CRC-16/CCITT-like",0.75,64,48,0.0050000000000000001,435,1,3,1,1,1,0,0,0.0043898059999999996,0.330908384,0,0.330908384,PREFIX_ASTAR,0.013265925592263023,0.013265925592263023,8187,3961,4226,3961,1,3961,64,3767,1,1,3130,536870912,0,0,0,0
named_crc_linear,"CRC_n64_k48_CRC-16/CCITT-like",0.75,64,48,0.0050000000000000001,436,0,8,1,1,1,0,0,0.00019681399999999999,0.008991153,0,0.008991153,PREFIX_ASTAR,0.021889739836481483,0.021889739836481483,122,61,61,61,1,61,64,100,1,1,82,536870912,0,0,0,0
named_crc_linear,"CRC_n64_k48_CRC-16/CCITT-like",0.75,64,48,0.0050000000000000001,437,0,51,1,1,1,0,0,0.00029111099999999998,0.022592806999999999,0,0.022592806999999999,PREFIX_ASTAR,0.012885118701717763,0.012885118701717763,125,63,62,63,1,63,64,264,1,1,231,536870912,0,0,0,0
named_crc_linear,"CRC_n64_k48_CRC-16/CCITT-like",0.75,64,48,0.0050000000000000001,438,0,46,1,1,1,0,0,0.00013840200000000001,0.010303260999999999,0,0.010303260999999999,PREFIX_ASTAR,0.013432834517149475,0.013432834517149475,124,62,62,62,1,62,64,141,1,1,117,536870912,0,0,0,0
named_crc_linear,"CRC_n64_k48_CRC-16/CCITT-like",0.75,64,48,0.0050000000000000001,439,0,60,1,1,1,0,0,0.00013764300000000001,0.089400639000000004,0,0.089400639000000004,PREFIX_ASTAR,0.0015396198678177234,0.0015396198678177234,128,65,63,65,1,65,64,1039,1,1,947,536870912,0,0,0,0
named_crc_linear,"CRC_n64_k48_CRC-16/CCITT-like",0.75,64,48,0.0050000000000000001,440,0,54,1,1,1,0,0,0.00027099399999999999,0.032732909999999997,0,0.032732909999999997,PREFIX_ASTAR,0.008278946173743796,0.008278946173743796,127,65,62,65,1,65,64,433,1,1,389,536870912,0,0,0,0
named_crc_linear,"CRC_n64_k48_CRC-16/CCITT-like",0.75,64,48,0.0050000000000000001,441,1,37,1,1,1,0,0,0.0078242529999999998,2.5747571460000001,0,2.5747571460000001,PREFIX_ASTAR,0.0030388314533490372,0.0030388314533490372,8192,3978,4214,3978,1,3978,64,24705,1,1,21615,536870912,0,0,0,0
named_crc_linear,"CRC_n64_k48_CRC-16/CCITT-like",0.75,64,48,0.0050000000000000001,442,0,46,1,1,1,0,0,0.00019504400000000001,0.091124834000000002,0,0.091124834000000002,PREFIX_ASTAR,0.0021404044478149612,0.0021404044478149612,128,65,63,65,1,65,64,824,1,1,737,536870912,0,0,0,0
named_crc_linear,"CRC_n64_k48_CRC-16/CCITT-like",0.75,64,48,0.0050000000000000001,443,1,12,1,1,1,0,0,0.00439186,3.254742314,0,3.254742314,PREFIX_ASTAR,0.0013493725697142855,0.0013493725697142855,8192,3972,4220,3972,1,3972,64,32320,1,1,28480,536870912,0,0,0,0
named_crc_linear,"CRC_n64_k48_CRC-16/CCITT-like",0.75,64,48,0.0050000000000000001,444,0,41,1,1,1,0,0,0.00013707899999999999,0.015735531000000001,0,0.015735531000000001,PREFIX_ASTAR,0.0087114314731418976,0.0087114314731418976,126,64,62,64,1,64,64,215,1,1,183,536870912,0,0,0,0
named_crc_linear,"CRC_n64_k48_CRC-16/CCITT-like",0.75,64,48,0.0050000000000000001,445,0,61,1,1,1,0,0,0.00019662299999999999,0.014578407999999999,0,0.014578407999999999,PREFIX_ASTAR,0.013487275153775364,0.013487275153775364,125,63,62,63,1,63,64,177,1,1,152,536870912,0,0,0,0
named_crc_linear,"CRC_n64_k48_CRC-16/CCITT-like",0.75,64,48,0.0050000000000000001,446,0,27,1,1,1,0,0,0.00014033399999999999,0.025140771999999999,0,0.025140771999999999,PREFIX_ASTAR,0.0055819288285976262,0.0055819288285976262,126,63,63,63,1,63,64,339,1,1,289,536870912,0,0,0,0
named_crc_linear,"CRC_n64_k48_CRC-16/CCITT-like",0.75,64,48,0.0050000000000000001,447,0,62,1,1,1,0,0,0.00018773999999999999,0.041648735999999999,0,0.041648735999999999,PREFIX_ASTAR,0.0045076998255121114,0.0045076998255121114,127,64,63,64,2,64,64,456,1,1,413,536870912,0,0,0,0
named_crc_linear,"CRC_n64_k48_CRC-16/CCITT-like",0.75,64,48,0.0050000000000000001,448,1,19,1,1,1,0,0,0.0046654269999999998,0.75605282699999998,0,0.75605282699999998,PREFIX_ASTAR,0.0061707685407543615,0.0061707685407543615,8190,3946,4244,3946,1,3946,64,7978,1,1,7096,536870912,0,0,0,0
named_crc_linear,"CRC_n64_k48_CRC-16/CCITT-like",0.75,64,48,0.0050000000000000001,449,1,10,1,1,1,0,0,0.006001691,0.61338132599999995,0,0.61338132599999995,PREFIX_ASTAR,0.0097846001265450983,0.0097846001265450983,8189,3972,4217,3972,2,3972,64,6494,1,1,5664,536870912,0,0,0,0
named_crc_linear,"CRC_n64_k48_CRC-16/CCITT-like",0.75,64,48,0.0050000000000000001,450,0,9,1,1,1,0,0,0.00020956300000000001,0.032639046999999997,0,0.032639046999999997,PREFIX_ASTAR,0.0064206225138865123,0.0064206225138865123,127,64,63,64,1,64,64,317,1,1,285,536870912,0,0,0,0
named_crc_linear,"CRC_n64_k48_CRC-16/CCITT-like",0.75,64,48,0.0050000000000000001,451,0,39,1,1,1,0,0,0.000174966,0.033186299000000002,0,0.033186299000000002,PREFIX_ASTAR,0.005272235991123927,0.005272235991123927,127,64,63,64,1,64,64,405,1,1,351,536870912,0,0,0,0
named_crc_linear,"CRC_n64_k48_CRC-16/CCITT-like",0.75,64,48,0.0050000000000000001,452,0,32,1,1,1,0,0,0.00013875199999999999,0.0045799309999999998,0,0.0045799309999999998,PREFIX_ASTAR,0.030295652925775518,0.030295652925775518,120,61,59,61,1,61,64,77,1,1,59,536870912,0,0,0,0
named_crc_linear,"CRC_n64_k48_CRC-16/CCITT-like",0.75,64,48,0.0050000000000000001,453,1,21,1,1,1,0,0,0.004503656,0.355432574,0,0.355432574,PREFIX_ASTAR,0.012670915187418922,0.012670915187418922,8187,3965,4222,3965,1,3965,64,4159,1,1,3752,536870912,0,0,0,0
named_crc_linear,"CRC_n64_k48_CRC-16/CCITT-like",0.75,64,48,0.0050000000000000001,454,0,21,1,1,1,0,0,0.00013728699999999999,0.047940668999999998,0,0.047940668999999998,PREFIX_ASTAR,0.002863685527625824,0.002863685527625824,127,65,62,65,1,65,64,581,1,1,525,536870912,0,0,0,0
named_crc_linear,"CRC_n64_k48_CRC-16/CCITT-like",0.75,64,48,0.0050000000000000001,455,0,5,1,1,1,0,0,0.000135928,0.023058242,0,0.023058242,PREFIX_ASTAR,0.0058949854026165574,0.0058949854026165574,126,63,63,63,1,63,64,304,1,1,269,536870912,0,0,0,0
named_crc_linear,"CRC_n64_k48_CRC-16/CCITT-like",0.75,64,48,0.0050000000000000001,456,0,38,1,1,1,0,0,0.00013696199999999999,0.112579147,0,0.112579147,PREFIX_ASTAR,0.0012165840979413353,0.0012165840979413353,128,65,63,65,1,65,64,1178,1,1,1070,536870912,0,0,0,0
named_crc_linear,"CRC_n64_k48_CRC-16/CCITT-like",0.75,64,48,0.0050000000000000001,457,2,54,1,1,1,0,0,0.221560017,43.684641102000001,0,43.684641102000001,PREFIX_ASTAR,0.0050718058203265493,0.0050718058203265493,258175,121008,137167,121008,3,121008,64,379275,1,1,321996,536870912,0,0,0,0
named_crc_linear,"CRC_n64_k48_CRC-16/CCITT-like",0.75,64,48,0.0050000000000000001,458,0,31,1,1,1,0,0,0.00019237799999999999,0.069802081000000002,0,0.069802081000000002,PREFIX_ASTAR,0.0027560496369728573,0.0027560496369728573,127,64,63,64,1,64,64,627,1,1,564,536870912,0,0,0,0
named_crc_linear,"CRC_n64_k48_CRC-16/CCITT-like",0.75,64,48,0.0050000000000000001,459,0,30,1,1,1,0,0,0.000193029,0.029247525,0,0.029247525,PREFIX_ASTAR,0.0065998404993243016,0.0065998404993243016,126,64,62,64,1,64,64,274,1,1,240,536870912,0,0,0,0
named_crc_linear,"CRC_n64_k48_CRC-16/CCITT-like",0.75,64,48,0.0050000000000000001,460,0,45,1,1,1,0,0,0.00018870399999999999,0.0081598120000000007,0,0.0081598120000000007,PREFIX_ASTAR,0.023126023001510326,0.023126023001510326,124,63,61,63,1,63,64,95,1,1,74,536870912,0,0,0,0
named_crc_linear,"CRC_n64_k48_CRC-16/CCITT-like",0.75,64,48,0.0050000000000000001,461,0,6,1,1,1,0,0,0.00018767299999999999,0.018385935999999999,0,0.018385935999999999,PREFIX_ASTAR,0.010207421585716386,0.010207421585716386,124,64,60,64,1,64,64,161,1,1,139,536870912,0,0,0,0
named_crc_linear,"CRC_n64_k48_CRC-16/CCITT-like",0.75,64,48,0.0050000000000000001,462,0,44,1,1,1,0,0,0.00019958899999999999,0.074187557000000001,0,0.074187557000000001,PREFIX_ASTAR,0.0026903298621896929,0.0026903298621896929,128,65,63,65,1,65,64,692,1,1,616,536870912,0,0,0,0
named_crc_linear,"CRC_n64_k48_CRC-16/CCITT-like",0.75,64,48,0.0050000000000000001,463,1,58,1,1,1,0,0,0.0057374720000000004,1.5901174339999999,0,1.5901174339999999,PREFIX_ASTAR,0.0036082064615612537,0.0036082064615612537,8191,3974,4217,3974,1,3974,64,13580,1,1,11988,536870912,0,0,0,0
named_crc_linear,"CRC_n64_k48_CRC-16/CCITT-like",0.75,64,48,0.0050000000000000001,464,0,4,1,1,1,0,0,0.000211626,0.136532391,0,0.136532391,PREFIX_ASTAR,0.0015500058151036115,0.0015500058151036115,128,65,63,65,1,65,64,1162,1,1,1026,536870912,0,0,0,0
named_crc_linear,"CRC_n64_k48_CRC-16/CCITT-like",0.75,64,48,0.0050000000000000001,465,0,47,1,1,1,0,0,0.00021206099999999999,0.12553831800000001,0,0.12553831800000001,PREFIX_ASTAR,0.0016892133284755334,0.0016892133284755334,128,65,63,65,1,65,64,1155,1,1,1031,536870912,0,0,0,0
named_crc_linear,"CRC_n64_k48_CRC-16/CCITT-like",0.75,64,48,0.0050000000000000001,466,0,2,1,1,1,0,0,0.00024515300000000002,0.045475137999999998,0,0.045475137999999998,PREFIX_ASTAR,0.0053909237174827275,0.0053909237174827275,127,64,63,64,1,64,64,417,1,1,371,536870912,0,0,0,0
named_crc_linear,"CRC_n64_k48_CRC-16/CCITT-like",0.75,64,48,0.0050000000000000001,467,0,29,1,1,1,0,0,0.00021063000000000001,0.019117801,0,0.019117801,PREFIX_ASTAR,0.011017480514626133,0.011017480514626133,124,63,61,63,1,63,64,175,1,1,152,536870912,0,0,0,0
named_crc_linear,"CRC_n64_k48_CRC-16/CCITT-like",0.75,64,48,0.0050000000000000001,468,0,6,1,1,1,0,0,0.000191015,0.090538448999999993,0,0.090538448999999993,PREFIX_ASTAR,0.0021097666473168766,0.0021097666473168766,128,65,63,65,1,65,64,803,1,1,723,536870912,0,0,0,0
named_crc_linear,"CRC_n64_k48_CRC-16/CCITT-like",0.75,64,48,0.0050000000000000001,469,1,40,1,1,1,0,0,0.0059635670000000003,3.208225111,0,3.208225111,PREFIX_ASTAR,0.0018588368314781888,0.0018588368314781888,8192,3971,4221,3971,1,3971,64,27291,1,1,24205,536870912,0,0,0,0
named_crc_linear,"CRC_n64_k48_CRC-16/CCITT-like",0.75,64,48,0.0050000000000000001,470,0,10,1,1,1,0,0,0.000219745,0.012011743,0,0.012011743,PREFIX_ASTAR,0.018294180952755982,0.018294180952755982,124,62,62,62,1,62,64,146,1,1,125,536870912,0,0,0,0
named_crc_linear,"CRC_n64_k48_CRC-16/CCITT-like",0.75,64,48,0.0050000000000000001,471,0,51,1,1,1,0,0,0.000207381,0.038801954,0,0.038801954,PREFIX_ASTAR,0.005344601975457215,0.005344601975457215,127,65,62,65,1,65,64,384,1,1,335,536870912,0,0,0,0
named_crc_linear,"CRC_n64_k48_CRC-16/CCITT-like",0.75,64,48,0.0050000000000000001,472,0,50,1,1,1,0,0,0.00019218999999999999,0.0048998740000000002,0,0.0048998740000000002,PREFIX_ASTAR,0.039223457582786815,0.039223457582786815,117,60,57,60,1,60,64,66,1,1,49,536870912,0,0,0,0
named_crc_linear,"CRC_n64_k48_CRC-16/CCITT-like",0.75,64,48,0.0050000000000000001,473,0,29,1,1,1,0,0,0.00017009499999999999,0.034106442000000001,0,0.034106442000000001,PREFIX_ASTAR,0.0049871810140735282,0.0049871810140735282,126,63,63,63,1,63,64,272,1,1,239,536870912,0,0,0,0
named_crc_linear,"CRC_n64_k48_CRC-16/CCITT-like",0.75,64,48,0.0050000000000000001,474,0,59,1,1,1,0,0,0.00019403000000000001,0.093539052999999997,0,0.093539052999999997,PREFIX_ASTAR,0.0020743207652529905,0.0020743207652529905,128,65,63,65,1,65,64,890,1,1,810,536870912,0,0,0,0
named_crc_linear,"CRC_n64_k48_CRC-16/CCITT-like",0.75,64,48,0.0050000000000000001,475,1,48,1,1,1,0,0,0.0063341250000000003,2.3756485459999999,0,2.3756485459999999,PREFIX_ASTAR,0.0026662719157954104,0.0026662719157954104,8191,3979,4212,3979,1,3979,64,20936,1,1,18498,536870912,0,0,0,0
named_crc_linear,"CRC_n64_k48_CRC-16/CCITT-like",0.75,64,48,0.0050000000000000001,476,0,19,1,1,1,0,0,0.00018952199999999999,0.022459275000000001,0,0.022459275000000001,PREFIX_ASTAR,0.0084384736372834831,0.0084384736372834831,125,64,61,64,1,64,64,223,1,1,194,536870912,0,0,0,0
named_crc_linear,"CRC_n64_k48_CRC-16/CCITT-like",0.75,64,48,0.0050000000000000001,477,0,28,1,1,1,0,0,0.00018382199999999999,0.0087980090000000007,0,0.0087980090000000007,PREFIX_ASTAR,0.020893590811284685,0.020893590811284685,121,60,61,60,1,60,64,92,1,1,73,536870912,0,0,0,0
named_crc_linear,"CRC_n64_k48_CRC-16/CCITT-like",0.75,64,48,0.0050000000000000001,478,0,24,1,1,1,0,0,0.00024117400000000001,0.032590358,0,0.032590358,PREFIX_ASTAR,0.0074001641835293739,0.0074001641835293739,127,65,62,65,1,65,64,306,1,1,269,536870912,0,0,0,0
named_crc_linear,"CRC_n64_k48_CRC-16/CCITT-like",0.75,64,48,0.0050000000000000001,479,1,32,1,1,1,0,0,0.0061113549999999997,1.299355279,0,1.299355279,PREFIX_ASTAR,0.00470337489582016,0.00470337489582016,8191,3944,4247,3944,1,3944,64,11194,1,1,10113,536870912,0,0,0,0
named_crc_linear,"CRC_n64_k48_CRC-16/CCITT-like",0.75,64,48,0.0050000000000000001,480,0,42,1,1,1,0,0,0.00035040100000000002,0.018380873999999998,0,0.018380873999999998,PREFIX_ASTAR,0.019063348130235813,0.019063348130235813,124,65,59,65,1,65,64,166,1,1,143,536870912,0,0,0,0
named_crc_linear,"CRC_n64_k48_CRC-16/CCITT-like",0.75,64,48,0.0050000000000000001,481,0,46,1,1,1,0,0,0.00032254400000000002,0.033592442,0,0.033592442,PREFIX_ASTAR,0.0096016836168088052,0.0096016836168088052,126,64,62,64,1,64,64,299,1,1,265,536870912,0,0,0,0
named_crc_linear,"CRC_n64_k48_CRC-16/CCITT-like",0.75,64,48,0.0050000000000000001,482,0,62,1,1,1,0,0,0.00019347900000000001,0.088658204000000004,0,0.088658204000000004,PREFIX_ASTAR,0.0021823022717672017,0.0021823022717672017,127,64,63,64,1,64,64,764,1,1,682,536870912,0,0,0,0
named_crc_linear,"CRC_n64_k48_CRC-16/CCITT-like",0.75,64,48,0.0050000000000000001,483,0,16,1,1,1,0,0,0.00017073500000000001,0.015345274000000001,0,0.015345274000000001,PREFIX_ASTAR,0.011126226876105308,0.011126226876105308,126,63,63,63,1,63,64,174,1,1,145,536870912,0,0,0,0
named_crc_linear,"CRC_n64_k48_CRC-16/CCITT-like",0.75,64,48,0.0050000000000000001,484,0,38,1,1,1,0,0,0.000266867,0.032990765999999998,0,0.032990765999999998,PREFIX_ASTAR,0.0080891422769631977,0.0080891422769631977,127,65,62,65,1,65,64,338,1,1,290,536870912,0,0,0,0
named_crc_linear,"CRC_n64_k48_CRC-16/CCITT-like",0.75,64,48,0.0050000000000000001,485,0,38,1,1,1,0,0,0.000237078,0.016803254,0,0.016803254,PREFIX_ASTAR,0.014109052925106053,0.014109052925106053,125,63,62,63,1,63,64,186,1,1,149,536870912,0,0,0,0
named_crc_linear,"CRC_n64_k48_CRC-16/CCITT-like",0.75,64,48,0.0050000000000000001,486,0,35,1,1,1,0,0,0.00033530300000000001,0.020819793,0,0.020819793,PREFIX_ASTAR,0.016105011226576559,0.016105011226576559,124,61,63,61,1,61,64,172,1,1,145,536870912,0,0,0,0
named_crc_linear,"CRC_n64_k48_CRC-16/CCITT-like",0.75,64,48,0.0050000000000000001,487,1,12,1,1,1,0,0,0.0059062860000000002,1.1212798310000001,0,1.1212798310000001,PREFIX_ASTAR,0.0052674504942557907,0.0052674504942557907,8190,3955,4235,3955,1,3955,64,9572,1,1,8221,536870912,0,0,0,0
named_crc_linear,"CRC_n64_k48_CRC-16/CCITT-like",0.75,64,48,0.0050000000000000001,488,1,0,1,1,1,0,0,0.0057898699999999999,1.472568012,0,1.472568012,PREFIX_ASTAR,0.0039318183967179642,0.0039318183967179642,8190,3971,4219,3971,2,3971,64,12843,1,1,11383,536870912,0,0,0,0
named_crc_linear,"CRC_n64_k48_CRC-16/CCITT-like",0.75,64,48,0.0050000000000000001,489,0,32,1,1,1,0,0,0.000192776,0.0073912220000000002,0,0.0073912220000000002,PREFIX_ASTAR,0.026081749404902193,0.026081749404902193,124,62,62,62,1,62,64,94,1,1,73,536870912,0,0,0,0
named_crc_linear,"CRC_n64_k48_CRC-16/CCITT-like",0.75,64,48,0.0050000000000000001,490,0,14,1,1,1,0,0,0.00018996,0.055151327999999999,0,0.055151327999999999,PREFIX_ASTAR,0.0034443413583803459,0.0034443413583803459,127,64,63,64,1,64,64,500,1,1,454,536870912,0,0,0,0
named_crc_linear,"CRC_n64_k48_CRC-16/CCITT-like",0.75,64,48,0.0050000000000000001,491,2,3,1,1,1,0,0,0.169212317,25.110022627999999,0,25.110022627999999,PREFIX_ASTAR,0.006738835703449849,0.006738835703449849,258174,119728,138446,119728,3,119728,64,212389,1,1,181456,536870912,0,0,0,0
named_crc_linear,"CRC_n64_k48_CRC-16/CCITT-like",0.75,64,48,0.0050000000000000001,492,0,63,1,1,1,0,0,0.000181812,0.10131132299999999,0,0.10131132299999999,PREFIX_ASTAR,0.0017945871657405956,0.0017945871657405956,128,65,63,65,2,65,64,1201,1,1,1089,536870912,0,0,0,0
named_crc_linear,"CRC_n64_k48_CRC-16/CCITT-like",0.75,64,48,0.0050000000000000001,493,0,40,1,1,1,0,0,0.00015470800000000001,0.035367375,0,0.035367375,PREFIX_ASTAR,0.0043743138980486965,0.0043743138980486965,127,65,62,65,1,65,64,468,1,1,417,536870912,0,0,0,0
named_crc_linear,"CRC_n64_k48_CRC-16/CCITT-like",0.75,64,48,0.0050000000000000001,494,1,62,1,1,1,0,0,0.0045472339999999998,3.2607350500000001,0,3.2607350500000001,PREFIX_ASTAR,0.0013945426200758016,0.0013945426200758016,8192,3929,4263,3929,1,3929,64,33834,1,1,29623,536870912,0,0,0,0
named_crc_linear,"CRC_n64_k48_CRC-16/CCITT-like",0.75,64,48,0.0050000000000000001,495,1,29,1,1,1,0,0,0.0043418099999999998,2.166214868,0,2.166214868,PREFIX_ASTAR,0.0020043302555709354,0.0020043302555709354,8191,3996,4195,3996,1,3996,64,23005,1,1,20187,536870912,0,0,0,0
named_crc_linear,"CRC_n64_k48_CRC-16/CCITT-like",0.75,64,48,0.0050000000000000001,496,0,21,1,1,1,0,0,0.00014130800000000001,0.042037403000000001,0,0.042037403000000001,PREFIX_ASTAR,0.0033614826301234641,0.0033614826301234641,127,65,62,65,1,65,64,527,1,1,477,536870912,0,0,0,0
named_crc_linear,"CRC_n64_k48_CRC-16/CCITT-like",0.75,64,48,0.0050000000000000001,497,1,0,1,1,1,0,0,0.0047941859999999998,3.059552643,0,3.059552643,PREFIX_ASTAR,0.0015669565323442613,0.0015669565323442613,8192,3989,4203,3989,2,3989,64,32043,1,1,28162,536870912,0,0,0,0
named_crc_linear,"CRC_n64_k48_CRC-16/CCITT-like",0.75,64,48,0.0050000000000000001,498,0,6,1,1,1,0,0,0.00014695499999999999,0.016723419,0,0.016723419,PREFIX_ASTAR,0.0087873777485333593,0.0087873777485333593,124,63,61,63,1,63,64,232,1,1,204,536870912,0,0,0,0
named_crc_linear,"CRC_n64_k48_CRC-16/CCITT-like",0.75,64,48,0.0050000000000000001,499,0,56,1,1,1,0,0,0.000157078,0.024804182000000001,0,0.024804182000000001,PREFIX_ASTAR,0.0063327224417237381,0.0063327224417237381,126,64,62,64,1,64,64,315,1,1,286,536870912,0,0,0,0
named_crc_linear,"CRC_n64_k48_CRC-16/CCITT-like",0.75,64,48,0.0050000000000000001,500,0,7,1,1,1,0,0,0.00013511400000000001,0.093825014999999998,0,0.093825014999999998,PREFIX_ASTAR,0.0014400637186149131,0.0014400637186149131,128,65,63,65,1,65,64,1132,1,1,1014,536870912,0,0,0,0
named_crc_linear,"CRC_n64_k48_CRC-16/CCITT-like",0.75,64,48,0.0050000000000000001,501,0,22,1,1,1,0,0,0.000155179,0.019504205,0,0.019504205,PREFIX_ASTAR,0.0079561817567032345,0.0079561817567032345,126,64,62,64,1,64,64,269,1,1,218,536870912,0,0,0,0
named_crc_linear,"CRC_n64_k48_CRC-16/CCITT-like",0.75,64,48,0.0050000000000000001,502,0,40,1,1,1,0,0,0.00015971299999999999,0.065849710000000006,0,0.065849710000000006,PREFIX_ASTAR,0.0024254169076826609,0.0024254169076826609,127,65,62,65,1,65,64,651,1,1,590,536870912,0,0,0,0
named_crc_linear,"CRC_n64_k48_CRC-16/CCITT-like",0.75,64,48,0.0050000000000000001,503,0,18,1,1,1,0,0,0.00020531100000000001,0.043157381000000002,0,0.043157381000000002,PREFIX_ASTAR,0.0047572627263920393,0.0047572627263920393,127,64,63,64,1,64,64,424,1,1,367,536870912,0,0,0,0
named_crc_linear,"CRC_n64_k48_CRC-16/CCITT-like",0.75,64,48,0.0050000000000000001,504,0,32,1,1,1,0,0,0.000171309,0.033616123999999997,0,0.033616123999999997,PREFIX_ASTAR,0.0050960366519352445,0.0050960366519352445,127,64,63,64,1,64,64,397,1,1,352,536870912,0,0,0,0
named_crc_linear,"CRC_n64_k48_CRC-16/CCITT-like",0.75,64,48,0.0050000000000000001,505,1,61,1,1,1,0,0,0.0060421110000000002,1.165280259,0,1.165280259,PREFIX_ASTAR,0.0051851140129886989,0.0051851140129886989,8190,4004,4186,4004,2,4004,64,11293,1,1,10050,536870912,0,0,0,0
named_crc_linear,"CRC_n64_k48_CRC-16/CCITT-like",0.75,64,48,0.0050000000000000001,506,0,27,1,1,1,0,0,0.000161263,0.106967681,0,0.106967681,PREFIX_ASTAR,0.0015075862026026348,0.0015075862026026348,128,65,63,65,1,65,64,1235,1,1,1118,536870912,0,0,0,0
named_crc_linear,"CRC_n64_k48_CRC-16/CCITT-like",0.75,64,48,0.0050000000000000001,507,0,28,1,1,1,0,0,0.000150214,0.045275377999999998,0,0.045275377999999998,PREFIX_ASTAR,0.0033177856626619442,0.0033177856626619442,127,64,63,64,1,64,64,547,1,1,492,536870912,0,0,0,0
named_crc_linear,"CRC_n64_k48_CRC-16/CCITT-like",0.75,64,48,0.0050000000000000001,508,0,31,1,1,1,0,0,0.000162559,0.067823291999999993,0,0.067823291999999993,PREFIX_ASTAR,0.0023968019718063819,0.0023968019718063819,128,65,63,65,1,65,64,789,1,1,715,536870912,0,0,0,0
named_crc_linear,"CRC_n64_k48_CRC-16/CCITT-like",0.75,64,48,0.0050000000000000001,509,1,9,1,1,1,0,0,0.0061007020000000004,0.29932744999999999,0,0.29932744999999999,PREFIX_ASTAR,0.020381364956672036,0.020381364956672036,8183,3942,4241,3942,1,3942,64,3152,1,1,2715,536870912,0,0,0,0
named_crc_linear,"CRC_n64_k48_CRC-16/CCITT-like",0.75,64,48,0.0050000000000000001,510,0,36,1,1,1,0,0,0.00016766900000000001,0.12617036200000001,0,0.12617036200000001,PREFIX_ASTAR,0.0013289095580149004,0.0013289095580149004,128,65,63,65,1,65,64,1133,1,1,1028,536870912,0,0,0,0
named_crc_linear,"CRC_n64_k48_CRC-16/CCITT-like",0.75,64,48,0.0050000000000000001,511,0,37,1,1,1,0,0,0.00019641400000000001,0.069617257000000002,0,0.069617257000000002,PREFIX_ASTAR,0.002821340691432298,0.002821340691432298,128,65,63,65,1,65,64,703,1,1,622,536870912,0,0,0,0
named_crc_linear,"CRC_n64_k48_CRC-16/CCITT-like",0.75,64,48,0.0050000000000000001,512,1,9,1,1,1,0,0,0.0055844800000000002,2.8988796670000001,0,2.8988796670000001,PREFIX_ASTAR,0.001926426979212725,0.001926426979212725,8192,3964,4228,3964,1,3964,64,28080,1,1,24453,536870912,0,0,0,0
named_crc_linear,"CRC_n64_k48_CRC-16/CCITT-like",0.75,64,48,0.0050000000000000001,513,0,13,1,1,1,0,0,0.000242852,0.037725600999999997,0,0.037725600999999997,PREFIX_ASTAR,0.0064373262072087338,0.0064373262072087338,126,63,63,63,1,63,64,356,1,1,314,536870912,0,0,0,0
named_crc_linear,"CRC_n64_k48_CRC-16/CCITT-like",0.75,64,48,0.0050000000000000001,514,1,29,1,1,1,0,0,0.0063430070000000003,0.98361729399999998,0,0.98361729399999998,PREFIX_ASTAR,0.0064486533926273164,0.0064486533926273164,8190,3979,4211,3979,1,3979,64,9366,1,1,8185,536870912,0,0,0,0
named_crc_linear,"CRC_n64_k48_CRC-16/CCITT-like",0.75,64,48,0.0050000000000000001,515,2,21,1,1,1,0,0,0.17811064200000001,15.17692592,0,15.17692592,PREFIX_ASTAR,0.01173562043715899,0.01173562043715899,258173,119380,138793,119380,3,119380,64,135730,1,1,116574,536870912,0,0,0,0
named_crc_linear,"CRC_n64_k48_CRC-16/CCITT-like",0.75,64,48,0.0050000000000000001,516,0,12,1,1,1,0,0,0.000173356,0.054596569999999997,0,0.054596569999999997,PREFIX_ASTAR,0.0031752177838278118,0.0031752177838278118,127,64,63,64,1,64,64,595,1,1,541,536870912,0,0,0,0
named_crc_linear,"CRC_n64_k48_CRC-16/CCITT-like",0.75,64,48,0.0050000000000000001,517,0,62,1,1,1,0,0,0.00018849000000000001,0.027524623000000002,0,0.027524623000000002,PREFIX_ASTAR,0.0068480501985440454,0.0068480501985440454,126,64,62,64,2,64,64,360,1,1,313,536870912,0,0,0,0
named_crc_linear,"CRC_n64_k48_CRC-16/CCITT-like",0.75,64,48,0.0050000000000000001,518,1,29,1,1,1,0,0,0.0047668809999999997,1.904496556,0,1.904496556,PREFIX_ASTAR,0.0025029612077702278,0.0025029612077702278,8191,3972,4219,3972,2,3972,64,17473,1,1,15314,536870912,0,0,0,0
named_crc_linear,"CRC_n64_k48_CRC-16/CCITT-like",0.75,64,48,0.0050000000000000001,519,0,26,1,1,1,0,0,0.00015599200000000001,0.108212823,0,0.108212823,PREFIX_ASTAR,0.001441529715937639,0.001441529715937639,128,65,63,65,1,65,64,1291,1,1,1177,536870912,0,0,0,0
named_crc_linear,"CRC_n64_k48_CRC-16/CCITT-like",0.75,64,48,0.0050000000000000001,520,0,45,1,1,1,0,0,0.00014597300000000001,0.049522349,0,0.049522349,PREFIX_ASTAR,0.002947618660011463,0.002947618660011463,127,65,62,65,1,65,64,596,1,1,548,536870912,0,0,0,0
named_crc_linear,"CRC_n64_k48_CRC-16/CCITT-like",0.75,64,48,0.0050000000000000001,521,0,2,1,1,1,0,0,0.00014964700000000001,0.063908725,0,0.063908725,PREFIX_ASTAR,0.002341573861784913,0.002341573861784913,127,64,63,64,1,64,64,778,1,1,717,536870912,0,0,0,0
named_crc_linear,"CRC_n64_k48_CRC-16/CCITT-like",0.75,64,48,0.0050000000000000001,522,0,46,1,1,1,0,0,0.00027100799999999999,0.080539617999999993,0,0.080539617999999993,PREFIX_ASTAR,0.0033649029723483419,0.0033649029723483419,128,65,63,65,1,65,64,836,1,1,744,536870912,0,0,0,0
named_crc_linear,"CRC_n64_k48_CRC-16/CCITT-like",0.75,64,48,0.0050000000000000001,523,0,54,1,1,1,0,0,0.00024046399999999999,0.037179825,0,0.037179825,PREFIX_ASTAR,0.0064675936478990953,0.0064675936478990953,126,63,63,63,1,63,64,345,1,1,304,536870912,0,0,0,0
named_crc_linear,"CRC_n64_k48_CRC-16/CCITT-like",0.75,64,48,0.0050000000000000001,524,0,24,1,1,1,0,0,0.000186739,0.049177020000000002,0,0.049177020000000002,PREFIX_ASTAR,0.0037972817385030651,0.0037972817385030651,127,65,62,65,1,65,64,462,1,1,396,536870912,0,0,0,0
named_crc_linear,"CRC_n64_k48_CRC-16/CCITT-like",0.75,64,48,0.0050000000000000001,525,0,58,1,1,1,0,0,0.00018352099999999999,0.092044268999999998,0,0.092044268999999998,PREFIX_ASTAR,0.0019938340756446228,0.0019938340756446228,128,65,63,65,1,65,64,1081,1,1,984,536870912,0,0,0,0
named_crc_linear,"CRC_n64_k48_CRC-16/CCITT-like",0.75,64,48,0.0050000000000000001,526,1,48,1,1,1,0,0,0.0058701530000000003,2.3335613660000001,0,2.3335613660000001,PREFIX_ASTAR,0.0025155340183155911,0.0025155340183155911,8191,3999,4192,3999,1,3999,64,19250,1,1,17165,536870912,0,0,0,0
named_crc_linear,"CRC_n64_k48_CRC-16/CCITT-like",0.75,64,48,0.0050000000000000001,527,0,38,1,1,1,0,0,0.00017427299999999999,0.033117513000000001,0,0.033117513000000001,PREFIX_ASTAR,0.0052622610882646888,0.0052622610882646888,127,65,62,65,1,65,64,422,1,1,367,536870912,0,0,0,0
named_crc_linear,"CRC_n64_k48_CRC-16/CCITT-like",0.75,64,48,0.0050000000000000001,528,0,19,1,1,1,0,0,0.00013074899999999999,0.0097371149999999993,0,0.0097371149999999993,PREFIX_ASTAR,0.013427899331578194,0.013427899331578194,124,64,60,64,1,64,64,149,1,1,122,536870912,0,0,0,0
named_crc_linear,"CRC_n64_k48_CRC-16/CCITT-like",0.75,64,48,0.0050000000000000001,529,0,12,1,1,1,0,0,0.00016326200000000001,0.100090982,0,0.100090982,PREFIX_ASTAR,0.0016311359598809813,0.0016311359598809813,128,65,63,65,1,65,64,1120,1,1,1020,536870912,0,0,0,0
named_crc_linear,"CRC_n64_k48_CRC-16/CCITT-like",0.75,64,48,0.0050000000000000001,530,2,60,1,1,1,0,0,0.21191822599999999,10.088073719,0,10.088073719,PREFIX_ASTAR,0.021006807831000545,0.021006807831000545,258171,117138,141033,117138,2,117138,64,93957,2,2,81367,536870912,0,0,0,0
named_crc_linear,"CRC_n64_k48_CRC-16/CCITT-like",0.75,64,48,0.0050000000000000001,531,0,63,1,1,1,0,0,0.00023794800000000001,0.032175361999999999,0,0.032175361999999999,PREFIX_ASTAR,0.0073953480305831527,0.0073953480305831527,126,65,61,65,2,65,64,299,1,1,269,536870912,0,0,0,0
named_crc_linear,"CRC_n64_k48_CRC-16/CCITT-like",0.75,64,48,0.0050000000000000001,532,0,56,1,1,1,0,0,0.00015930100000000001,0.087671350999999995,0,0.087671350999999995,PREFIX_ASTAR,0.0018170245830932846,0.0018170245830932846,128,65,63,65,1,65,64,754,1,1,688,536870912,0,0,0,0
named_crc_linear,"CRC_n64_k48_CRC-16/CCITT-like",0.75,64,48,0.0050000000000000001,533,0,2,1,1,1,0,0,0.00020898499999999999,0.123777611,0,0.123777611,PREFIX_ASTAR,0.0016883909643400695,0.0016883909643400695,128,65,63,65,1,65,64,1252,1,1,1104,536870912,0,0,0,0
named_crc_linear,"CRC_n64_k48_CRC-16/CCITT-like",0.75,64,48,0.0050000000000000001,534,0,61,1,1,1,0,0,0.00013723699999999999,0.093729676999999997,0,0.093729676999999997,PREFIX_ASTAR,0.0014641787360474953,0.0014641787360474953,128,65,63,65,1,65,64,1037,1,1,958,536870912,0,0,0,0
named_crc_linear,"CRC_n64_k48_CRC-16/CCITT-like",0.75,64,48,0.0050000000000000001,535,2,29,1,1,1,0,0,0.099483405999999996,3.1234006910000001,0,3.1234006910000001,PREFIX_ASTAR,0.031850990584288114,0.031850990584288114,258170,119037,139133,119037,2,119037,64,61922,1,1,54304,536870912,0,0,0,0
named_crc_linear,"CRC_n64_k48_CRC-16/CCITT-like",0.75,64,48,0.0050000000000000001,536,1,34,1,1,1,0,0,0.0028623670000000002,0.31355701600000002,0,0.31355701600000002,PREFIX_ASTAR,0.0091286970277839365,0.0091286970277839365,8189,3971,4218,3971,2,3971,64,6497,1,1,5649,536870912,0,0,0,0
named_crc_linear,"CRC_n64_k48_CRC-16/CCITT-like",0.75,64,48,0.0050000000000000001,537,0,50,1,1,1,0,0,8.4853999999999998e-05,0.0096449569999999991,0,0.0096449569999999991,PREFIX_ASTAR,0.0087977582481705216,0.0087977582481705216,125,64,61,64,1,64,64,209,1,1,185,536870912,0,0,0,0
named_crc_linear,"CRC_n64_k48_CRC-16/CCITT-like",0.75,64,48,0.0050000000000000001,538,0,53,1,1,1,0,0,8.3261000000000001e-05,0.016385237,0,0.016385237,PREFIX_ASTAR,0.0050814644914809592,0.0050814644914809592,126,65,61,65,1,65,64,340,1,1,305,536870912,0,0,0,0
named_crc_linear,"CRC_n64_k48_CRC-16/CCITT-like",0.75,64,48,0.0050000000000000001,539,1,42,1,1,1,0,0,0.0027033579999999999,0.96299903099999995,0,0.96299903099999995,PREFIX_ASTAR,0.0028072281622057,0.0028072281622057,8192,3953,4239,3953,1,3953,64,20011,1,1,17584,536870912,0,0,0,0
named_crc_linear,"CRC_n64_k48_CRC-16/CCITT-like",0.75,64,48,0.0050000000000000001,540,0,10,1,1,1,0,0,9.4783000000000004e-05,0.053666922999999998,0,0.053666922999999998,PREFIX_ASTAR,0.0017661344213827949,0.0017661344213827949,128,65,63,65,1,65,64,1079,1,1,994,536870912,0,0,0,0
named_crc_linear,"CRC_n64_k48_CRC-16/CCITT-like",0.75,64,48,0.0050000000000000001,541,1,23,1,1,1,0,0,0.0027135330000000002,0.44352595,0,0.44352595,PREFIX_ASTAR,0.0061180929774233058,0.0061180929774233058,8190,3984,4206,3984,1,3984,64,9369,1,1,8403,536870912,0,0,0,0
named_crc_linear,"CRC_n64_k48_CRC-16/CCITT-like",0.75,64,48,0.0050000000000000001,542,0,39,1,1,1,0,0,7.8406999999999997e-05,0.0085246790000000003,0,0.0085246790000000003,PREFIX_ASTAR,0.009197648380660433,0.009197648380660433,126,65,61,65,1,65,64,198,1,1,170,536870912,0,0,0,0
named_crc_linear,"CRC_n64_k48_CRC-16/CCITT-like",0.75,64,48,0.0050000000000000001,543,0,53,1,1,1,0,0,7.5897999999999997e-05,0.033258854999999997,0,0.033258854999999997,PREFIX_ASTAR,0.0022820388735571326,0.0022820388735571326,128,65,63,65,1,65,64,748,1,1,668,536870912,0,0,0,0
named_crc_linear,"CRC_n64_k48_CRC-16/CCITT-like",0.75,64,48,0.0050000000000000001,544,0,47,1,1,1,0,0,8.0570999999999998e-05,0.05702455,0,0.05702455,PREFIX_ASTAR,0.0014129177696272921,0.0014129177696272921,128,65,63,65,1,65,64,1157,1,1,1040,536870912,0,0,0,0
named_crc_linear,"CRC_n64_k48_CRC-16/CCITT-like",0.75,64,48,0.0050000000000000001,545,0,60,1,1,1,0,0,8.5328999999999996e-05,0.013951933999999999,0,0.013951933999999999,PREFIX_ASTAR,0.0061159262938027086,0.0061159262938027086,126,64,62,64,1,64,64,301,1,1,266,536870912,0,0,0,0
named_crc_linear,"CRC_n64_k48_CRC-16/CCITT-like",0.75,64,48,0.0050000000000000001,546,0,54,1,1,1,0,0,7.5703000000000003e-05,0.0035707719999999998,0,0.0035707719999999998,PREFIX_ASTAR,0.021200737543590014,0.021200737543590014,124,63,61,63,1,63,64,94,1,1,74,536870912,0,0,0,0
named_crc_linear,"CRC_n64_k48_CRC-16/CCITT-like",0.75,64,48,0.0050000000000000001,547,0,16,1,1,1,0,0,7.7610999999999999e-05,0.021711048,0,0.021711048,PREFIX_ASTAR,0.0035747237996065413,0.0035747237996065413,127,65,62,65,1,65,64,475,1,1,426,536870912,0,0,0,0
named_crc_linear,"CRC_n64_k48_CRC-16/CCITT-like",0.75,64,48,0.0050000000000000001,548,1,40,1,1,1,0,0,0.002665859,0.128104734,0,0.128104734,PREFIX_ASTAR,0.020809995983442735,0.020809995983442735,8186,3970,4216,3970,1,3970,64,2746,1,1,2483,536870912,0,0,0,0
named_crc_linear,"CRC_n64_k48_CRC-16/CCITT-like",0.75,64,48,0.0050000000000000001,549,0,29,1,1,1,0,0,8.5133e-05,0.011696565000000001,0,0.011696565000000001,PREFIX_ASTAR,0.0072784616680196274,0.0072784616680196274,126,64,62,64,1,64,64,262,1,1,225,536870912,0,0,0,0
named_crc_linear,"CRC_n64_k48_CRC-16/CCITT-like",0.75,64,48,0.0050000000000000001,550,0,54,1,1,1,0,0,8.2307999999999999e-05,0.00624773,0,0.00624773,PREFIX_ASTAR,0.013174064820342748,0.013174064820342748,125,64,61,64,1,64,64,154,1,1,131,536870912,0,0,0,0
named_crc_linear,"CRC_n64_k48_CRC-16/CCITT-like",0.75,64,48,0.0050000000000000001,551,0,5,1,1,1,0,0,9.2046000000000006e-05,0.023844866999999999,0,0.023844866999999999,PREFIX_ASTAR,0.0038602018623127574,0.0038602018623127574,127,65,62,65,1,65,64,504,1,1,457,536870912,0,0,0,0
named_crc_linear,"CRC_n64_k48_CRC-16/CCITT-like",0.75,64,48,0.0050000000000000001,552,0,10,1,1,1,0,0,8.6106999999999994e-05,0.050362661000000003,0,0.050362661000000003,PREFIX_ASTAR,0.0017097388877049208,0.0017097388877049208,128,65,63,65,1,65,64,1034,1,1,860,536870912,0,0,0,0
named_crc_linear,"CRC_n64_k48_CRC-16/CCITT-like",0.75,64,48,0.0050000000000000001,553,0,14,1,1,1,0,0,8.5080999999999994e-05,0.031980632000000002,0,0.031980632000000002,PREFIX_ASTAR,0.0026603914519262779,0.0026603914519262779,127,65,62,65,1,65,64,659,1,1,586,536870912,0,0,0,0
named_crc_linear,"CRC_n64_k48_CRC-16/CCITT-like",0.75,64,48,0.0050000000000000001,554,0,57,1,1,1,0,0,8.4209999999999995e-05,0.011135414999999999,0,0.011135414999999999,PREFIX_ASTAR,0.007562358475189295,0.007562358475189295,126,64,62,64,1,64,64,245,1,1,219,536870912,0,0,0,0
named_crc_linear,"CRC_n64_k48_CRC-16/CCITT-like",0.75,64,48,0.0050000000000000001,555,1,42,1,1,1,0,0,0.0027111219999999998,0.112263261,0,0.112263261,PREFIX_ASTAR,0.024149681524038392,0.024149681524038392,8184,3955,4229,3955,2,3955,64,2433,1,1,2231,536870912,0,0,0,0
named_crc_linear,"CRC_n64_k48_CRC-16/CCITT-like",0.75,64,48,0.0050000000000000001,556,1,63,1,1,1,0,0,0.002746437,0.864915502,0,0.864915502,PREFIX_ASTAR,0.0031753818652217889,0.0031753818652217889,8191,3988,4203,3988,2,3988,64,16972,1,1,14840,536870912,0,0,0,0
named_crc_linear,"CRC_n64_k48_CRC-16/CCITT-like",0.75,64,48,0.0050000000000000001,557,1,46,1,1,1,0,0,0.0028244780000000001,1.480589911,0,1.480589911,PREFIX_ASTAR,0.0019076707054503223,0.0019076707054503223,8192,3985,4207,3985,1,3985,64,29527,1,1,26014,536870912,0,0,0,0
named_crc_linear,"CRC_n64_k48_CRC-16/CCITT-like",0.75,64,48,0.0050000000000000001,558,1,33,1,1,1,0,0,0.002743882,1.3574212219999999,0,1.3574212219999999,PREFIX_ASTAR,0.0020213931796036117,0.0020213931796036117,8192,3920,4272,3920,2,3920,64,27500,1,1,24285,536870912,0,0,0,0
named_crc_linear,"CRC_n64_k48_CRC-16/CCITT-like",0.75,64,48,0.0050000000000000001,559,0,56,1,1,1,0,0,8.5603e-05,0.027423168000000001,0,0.027423168000000001,PREFIX_ASTAR,0.003121557655191406,0.003121557655191406,127,65,62,65,1,65,64,568,1,1,517,536870912,0,0,0,0
named_crc_linear,"CRC_n64_k48_CRC-16/CCITT-like",0.75,64,48,0.0050000000000000001,560,0,52,1,1,1,0,0,9.1331999999999999e-05,0.031133208999999998,0,0.031133208999999998,PREFIX_ASTAR,0.0029335877326362343,0.0029335877326362343,128,65,63,65,1,65,64,662,1,1,594,536870912,0,0,0,0
named_crc_linear,"CRC_n64_k48_CRC-16/CCITT-like",0.75,64,48,0.0050000000000000001,561,0,49,1,1,1,0,0,7.6345000000000002e-05,0.0099182220000000008,0,0.0099182220000000008,PREFIX_ASTAR,0.0076974481918230904,0.0076974481918230904,125,62,63,62,1,62,64,216,1,1,188,536870912,0,0,0,0
named_crc_linear,"CRC_n64_k48_CRC-16/CCITT-like",0.75,64,48,0.0050000000000000001,562,1,62,1,1,1,0,0,0.0026804490000000001,1.7167248239999999,0,1.7167248239999999,PREFIX_ASTAR,0.0015613737056323945,0.0015613737056323945,8192,3967,4225,3967,1,3967,64,35782,1,1,31426,536870912,0,0,0,0
named_crc_linear,"CRC_n64_k48_CRC-16/CCITT-like",0.75,64,48,0.0050000000000000001,563,0,39,1,1,1,0,0,7.9343000000000003e-05,0.0052866709999999997,0,0.0052866709999999997,PREFIX_ASTAR,0.015008121367870254,0.015008121367870254,125,65,60,65,1,65,64,136,1,1,109,536870912,0,0,0,0
named_crc_linear,"CRC_n64_k48_CRC-16/CCITT-like",0.75,64,48,0.0050000000000000001,564,0,31,1,1,1,0,0,7.4902999999999998e-05,0.0048547599999999996,0,0.0048547599999999996,PREFIX_ASTAR,0.015428775057881337,0.015428775057881337,125,62,63,62,1,62,64,125,1,1,102,536870912,0,0,0,0
named_crc_linear,"CRC_n64_k48_CRC-16/CCITT-like",0.75,64,48,0.0050000000000000001,565,0,5,1,1,1,0,0,7.9590000000000002e-05,0.028819118000000001,0,0.028819118000000001,PREFIX_ASTAR,0.0027617083909368774,0.0027617083909368774,127,65,62,65,1,65,64,625,1,1,569,536870912,0,0,0,0
named_crc_linear,"CRC_n64_k48_CRC-16/CCITT-like",0.75,64,48,0.0050000000000000001,566,0,25,1,1,1,0,0,7.7163999999999995e-05,0.0033329850000000001,0,0.0033329850000000001,PREFIX_ASTAR,0.023151619344221469,0.023151619344221469,123,61,62,61,1,61,64,88,1,1,68,536870912,0,0,0,0
named_crc_linear,"CRC_n64_k48_CRC-16/CCITT-like",0.75,64,48,0.0050000000000000001,567,1,56,1,1,1,0,0,0.0024619300000000002,0.83757480500000003,0,0.83757480500000003,PREFIX_ASTAR,0.002939355368981043,0.002939355368981043,8191,3976,4215,3976,1,3976,64,17642,1,1,15654,536870912,0,0,0,0
named_crc_linear,"CRC_n64_k48_CRC-16/CCITT-like",0.75,64,48,0.0050000000000000001,568,0,22,1,1,1,0,0,8.8782000000000005e-05,0.017934802,0,0.017934802,PREFIX_ASTAR,0.0049502637386239336,0.0049502637386239336,127,65,62,65,1,65,64,418,1,1,372,536870912,0,0,0,0
named_crc_linear,"CRC_n64_k48_CRC-16/CCITT-like",0.75,64,48,0.0050000000000000001,569,1,62,1,1,1,0,0,0.002538602,0.241791329,0,0.241791329,PREFIX_ASTAR,0.010499144078074032,0.010499144078074032,8188,3973,4215,3973,2,3973,64,5230,1,1,4613,536870912,0,0,0,0
named_crc_linear,"CRC_n64_k48_CRC-16/CCITT-like",0.75,64,48,0.0050000000000000001,570,0,56,1,1,1,0,0,9.2646999999999996e-05,0.041651417000000003,0,0.041651417000000003,PREFIX_ASTAR,0.0022243420914107195,0.0022243420914107195,128,65,63,65,1,65,64,857,1,1,784,536870912,0,0,0,0
named_crc_linear,"CRC_n64_k48_CRC-16/CCITT-like",0.75,64,48,0.0050000000000000001,571,1,16,1,1,1,0,0,0.00250117,1.794399817,0,1.794399817,PREFIX_ASTAR,0.001393875532255474,0.001393875532255474,8192,3998,4194,3998,1,3998,64,36862,1,1,32313,536870912,0,0,0,0
named_crc_linear,"CRC_n64_k48_CRC-16/CCITT-like",0.75,64,48,0.0050000000000000001,572,0,56,1,1,1,0,0,7.9845999999999994e-05,0.024040817999999999,0,0.024040817999999999,PREFIX_ASTAR,0.0033212680200815129,0.0033212680200815129,127,65,62,65,1,65,64,547,1,1,494,536870912,0,0,0,0
named_crc_linear,"CRC_n64_k48_CRC-16/CCITT-like",0.75,64,48,0.0050000000000000001,573,1,48,1,1,1,0,0,0.0025081840000000001,0.44894668399999998,0,0.44894668399999998,PREFIX_ASTAR,0.0055868193025789235,0.0055868193025789235,8190,3962,4228,3962,1,3962,64,10153,1,1,8686,536870912,0,0,0,0
named_crc_linear,"CRC_n64_k48_CRC-16/CCITT-like",0.75,64,48,0.0050000000000000001,574,0,50,1,1,1,0,0,8.1384999999999994e-05,0.045161025,0,0.045161025,PREFIX_ASTAR,0.0018021070159501471,0.0018021070159501471,128,65,63,65,1,65,64,981,1,1,904,536870912,0,0,0,0
named_crc_linear,"CRC_n64_k48_CRC-16/CCITT-like",0.75,64,48,0.0050000000000000001,575,1,52,1,1,1,0,0,0.0025016729999999998,0.300602914,0,0.300602914,PREFIX_ASTAR,0.008322184794256518,0.008322184794256518,8189,3983,4206,3983,1,3983,64,6599,1,1,5970,536870912,0,0,0,0
named_crc_linear,"CRC_n64_k48_CRC-16/CCITT-like",0.75,64,48,0.0050000000000000001,576,0,35,1,1,1,0,0,8.1476000000000004e-05,0.042006507999999998,0,0.042006507999999998,PREFIX_ASTAR,0.0019396042156134476,0.0019396042156134476,128,65,63,65,1,65,64,913,1,1,838,536870912,0,0,0,0
named_crc_linear,"CRC_n64_k48_CRC-16/CCITT-like",0.75,64,48,0.0050000000000000001,577,1,35,1,1,1,0,0,0.0027021430000000002,0.40630661099999998,0,0.40630661099999998,PREFIX_ASTAR,0.0066505021745757427,0.0066505021745757427,8190,3960,4230,3960,1,3960,64,9277,1,1,8153,536870912,0,0,0,0
named_crc_linear,"CRC_n64_k48_CRC-16/CCITT-like",0.75,64,48,0.0050000000000000001,578,0,27,1,1,1,0,0,7.7873999999999993e-05,0.0048293659999999999,0,0.0048293659999999999,PREFIX_ASTAR,0.016125097994229471,0.016125097994229471,124,64,60,64,1,64,64,128,1,1,105,536870912,0,0,0,0
named_crc_linear,"CRC_n64_k48_CRC-16/CCITT-like",0.75,64,48,0.0050000000000000001,579,1,41,1,1,1,0,0,0.0024226690000000001,1.7215233329999999,0,1.7215233329999999,PREFIX_ASTAR,0.0014072821166926351,0.0014072821166926351,8192,3961,4231,3961,1,3961,64,35298,1,1,31315,536870912,0,0,0,0
named_crc_linear,"CRC_n64_k48_CRC-16/CCITT-like",0.75,64,48,0.0050000000000000001,580,1,41,1,1,1,0,0,0.002648212,0.17855424,0,0.17855424,PREFIX_ASTAR,0.014831414812664208,0.014831414812664208,8188,3979,4209,3979,1,3979,64,4040,1,1,3504,536870912,0,0,0,0
named_crc_linear,"CRC_n64_k48_CRC-16/CCITT-like",0.75,64,48,0.0050000000000000001,581,0,37,1,1,1,0,0,7.8212000000000003e-05,0.0063423999999999998,0,0.0063423999999999998,PREFIX_ASTAR,0.012331609485368315,0.012331609485368315,124,64,60,64,1,64,64,157,1,1,130,536870912,0,0,0,0
named_crc_linear,"CRC_n64_k48_CRC-16/CCITT-like",0.75,64,48,0.0050000000000000001,582,1,19,1,1,1,0,0,0.002520446,0.472238298,0,0.472238298,PREFIX_ASTAR,0.0053372333643299718,0.0053372333643299718,8190,3980,4210,3980,1,3980,64,9757,1,1,8791,536870912,0,0,0,0
named_crc_linear,"CRC_n64_k48_CRC-16/CCITT-like",0.75,64,48,0.0050000000000000001,583,1,51,1,1,1,0,0,0.0027576060000000001,1.0542949859999999,0,1.0542949859999999,PREFIX_ASTAR,0.002615592444826443,0.002615592444826443,8192,3956,4236,3956,1,3956,64,21478,1,1,18971,536870912,0,0,0,0
named_crc_linear,"CRC_n64_k48_CRC-16/CCITT-like",0.75,64,48,0.0050000000000000001,584,0,28,1,1,1,0,0,8.5817999999999997e-05,0.010425937999999999,0,0.010425937999999999,PREFIX_ASTAR,0.0082312018352689222,0.0082312018352689222,126,65,61,65,1,65,64,228,1,1,180,536870912,0,0,0,0
named_crc_linear,"CRC_n64_k48_CRC-16/CCITT-like",0.75,64,48,0.0050000000000000001,585,0,33,1,1,1,0,0,8.3380999999999993e-05,0.037214311999999999,0,0.037214311999999999,PREFIX_ASTAR,0.0022405627168386182,0.0022405627168386182,128,65,63,65,1,65,64,791,1,1,711,536870912,0,0,0,0
named_crc_linear,"CRC_n64_k48_CRC-16/CCITT-like",0.75,64,48,0.0050000000000000001,586,1,42,1,1,1,0,0,0.002540376,1.8986187560000001,0,1.8986187560000001,PREFIX_ASTAR,0.0013380126957936783,0.0013380126957936783,8192,3990,4202,3990,1,3990,64,37048,1,1,32810,536870912,0,0,0,0
named_crc_linear,"CRC_n64_k48_CRC-16/CCITT-like",0.75,64,48,0.0050000000000000001,587,1,36,1,1,1,0,0,0.0024758369999999998,0.81253965900000003,0,0.81253965900000003,PREFIX_ASTAR,0.0030470352709270031,0.0030470352709270031,8191,3984,4207,3984,1,3984,64,17032,1,1,15057,536870912,0,0,0,0
named_crc_linear,"CRC_n64_k48_CRC-16/CCITT-like",0.75,64,48,0.0050000000000000001,588,0,24,1,1,1,0,0,8.5865000000000005e-05,0.030094284999999998,0,0.030094284999999998,PREFIX_ASTAR,0.0028531995360580923,0.0028531995360580923,127,64,63,64,1,64,64,644,1,1,592,536870912,0,0,0,0
named_crc_linear,"CRC_n64_k48_CRC-16/CCITT-like",0.75,64,48,0.0050000000000000001,589,0,27,1,1,1,0,0,8.6051999999999995e-05,0.0064534709999999997,0,0.0064534709999999997,PREFIX_ASTAR,0.01333421967806162,0.01333421967806162,125,64,61,64,1,64,64,151,1,1,127,536870912,0,0,0,0
named_crc_linear,"CRC_n64_k48_CRC-16/CCITT-like",0.75,64,48,0.0050000000000000001,590,0,57,1,1,1,0,0,8.4382000000000006e-05,0.043852378999999997,0,0.043852378999999997,PREFIX_ASTAR,0.0019242285578166696,0.0019242285578166696,128,65,63,65,1,65,64,867,1,1,790,536870912,0,0,0,0
named_crc_linear,"CRC_n64_k48_CRC-16/CCITT-like",0.75,64,48,0.0050000000000000001,591,3,15,1,1,1,0,0,0.090192020999999997,26.840152810999999,0,26.840152810999999,PREFIX_ASTAR,0.0033603393257521344,0.0033603393257521344,258176,120191,137985,120191,1,120191,64,513239,1,1,432772,536870912,0,0,0,0
named_crc_linear,"CRC_n64_k48_CRC-16/CCITT-like",0.75,64,48,0.0050000000000000001,592,1,48,1,1,1,0,0,0.002807141,0.96985310499999999,0,0.96985310499999999,PREFIX_ASTAR,0.002894398116094086,0.002894398116094086,8191,3991,4200,3991,1,3991,64,19082,1,1,16743,536870912,0,0,0,0
named_crc_linear,"CRC_n64_k48_CRC-16/CCITT-like",0.75,64,48,0.0050000000000000001,593,0,5,1,1,1,0,0,9.0561000000000002e-05,0.033747903000000003,0,0.033747903000000003,PREFIX_ASTAR,0.0026834556209314694,0.0026834556209314694,127,64,63,64,1,64,64,696,1,1,620,536870912,0,0,0,0
named_crc_linear,"CRC_n64_k48_CRC-16/CCITT-like",0.75,64,48,0.0050000000000000001,594,1,37,1,1,1,0,0,0.0026898080000000001,1.5734399939999999,0,1.5734399939999999,PREFIX_ASTAR,0.0017095078364964965,0.0017095078364964965,8192,3958,4234,3958,1,3958,64,30902,1,1,27144,536870912,0,0,0,0
named_crc_linear,"CRC_n64_k48_CRC-16/CCITT-like",0.75,64,48,0.0050000000000000001,595,0,51,1,1,1,0,0,9.0888000000000001e-05,0.012483695,0,0.012483695,PREFIX_ASTAR,0.0072805367321133688,0.0072805367321133688,126,64,62,64,1,64,64,274,1,1,235,536870912,0,0,0,0
named_crc_linear,"CRC_n64_k48_CRC-16/CCITT-like",0.75,64,48,0.0050000000000000001,596,1,61,1,1,1,0,0,8.4432999999999996e-05,0.032118808999999998,0,0.032118808999999998,PREFIX_ASTAR,0.0026287711975870589,0.0026287711975870589,127,65,62,65,1,65,64,659,1,1,590,536870912,0,0,0,0
named_crc_linear,"CRC_n64_k48_CRC-16/CCITT-like",0.75,64,48,0.0050000000000000001,597,2,39,1,1,1,0,0,0.092041426999999995,9.9377454499999995,0,9.9377454499999995,PREFIX_ASTAR,0.0092618016292618961,0.0092618016292618961,258174,119899,138275,119899,4,119899,64,193392,2,2,163379,536870912,0,0,0,0
named_crc_linear,"CRC_n64_k48_CRC-16/CCITT-like",0.75,64,48,0.0050000000000000001,598,0,46,1,1,1,0,0,8.6333000000000002e-05,0.037719295999999999,0,0.037719295999999999,PREFIX_ASTAR,0.0022888285083581626,0.0022888285083581626,127,65,62,65,1,65,64,769,1,1,681,536870912,0,0,0,0
named_crc_linear,"CRC_n64_k48_CRC-16/CCITT-like",0.75,64,48,0.0050000000000000001,599,0,29,1,1,1,0,0,8.5505000000000002e-05,0.025256627,0,0.025256627,PREFIX_ASTAR,0.0033854481043727653,0.0033854481043727653,127,65,62,65,1,65,64,529,1,1,474,536870912,0,0,0,0
named_crc_linear,"CRC_n64_k48_CRC-16/CCITT-like",0.75,64,48,0.01,0,0,45,1,1,1,0,0,7.4616999999999994e-05,0.0084614419999999996,0,0.0084614419999999996,PREFIX_ASTAR,0.0088184732578678662,0.0088184732578678662,126,64,62,64,1,64,64,210,1,1,179,536870912,0,0,0,0
named_crc_linear,"CRC_n64_k48_CRC-16/CCITT-like",0.75,64,48,0.01,1,0,9,1,1,1,0,0,7.5530000000000004e-05,0.054363219999999997,0,0.054363219999999997,PREFIX_ASTAR,0.0013893584669929413,0.0013893584669929413,128,65,63,65,1,65,64,1170,1,1,1069,536870912,0,0,0,0
named_crc_linear,"CRC_n64_k48_CRC-16/CCITT-like",0.75,64,48,0.01,2,0,33,1,1,1,0,0,7.4997e-05,0.007238034,0,0.007238034,PREFIX_ASTAR,0.010361515295451776,0.010361515295451776,125,63,62,63,1,63,64,172,1,1,146,536870912,0,0,0,0
named_crc_linear,"CRC_n64_k48_CRC-16/CCITT-like",0.75,64,48,0.01,3,0,5,1,1,1,0,0,7.8411999999999994e-05,0.022787029,0,0.022787029,PREFIX_ASTAR,0.0034410804497593782,0.0034410804497593782,127,65,62,65,1,65,64,508,1,1,459,536870912,0,0,0,0
named_crc_linear,"CRC_n64_k48_CRC-16/CCITT-like",0.75,64,48,0.01,4,1,30,1,1,1,0,0,0.0023826390000000002,0.102387215,0,0.102387215,PREFIX_ASTAR,0.02327086443361117,0.02327086443361117,8184,3957,4227,3957,1,3957,64,2433,1,1,2231,536870912,0,0,0,0
named_crc_linear,"CRC_n64_k48_CRC-16/CCITT-like",0.75,64,48,0.01,5,0,44,1,1,1,0,0,7.9269000000000003e-05,0.012041186000000001,0,0.012041186000000001,PREFIX_ASTAR,0.0065831555130865015,0.0065831555130865015,126,64,62,64,1,64,64,281,1,1,252,536870912,0,0,0,0
named_crc_linear,"CRC_n64_k48_CRC-16/CCITT-like",0.75,64,48,0.01,6,0,0,1,1,1,0,0,8.5929999999999999e-05,0.043903812,0,0.043903812,PREFIX_ASTAR,0.0019572332352370677,0.0019572332352370677,128,65,63,65,1,65,64,948,1,1,865,536870912,0,0,0,0
named_crc_linear,"CRC_n64_k48_CRC-16/CCITT-like",0.75,64,48,0.01,7,2,34,1,1,1,0,0,0.0024444200000000001,1.17469398,0,1.17469398,PREFIX_ASTAR,0.002080899401561588,0.002080899401561588,8192,3945,4247,3945,1,3945,64,24891,1,1,22265,536870912,0,0,0,0
named_crc_linear,"CRC_n64_k48_CRC-16/CCITT-like",0.75,64,48,0.01,8,1,30,1,1,1,0,0,0.0023867929999999999,1.06266137,0,1.06266137,PREFIX_ASTAR,0.0022460522866282417,0.0022460522866282417,8191,3999,4192,3999,1,3999,64,21526,1,1,19126,536870912,0,0,0,0
named_crc_linear,"CRC_n64_k48_CRC-16/CCITT-like",0.75,64,48,0.01,9,1,1,1,1,1,0,0,0.0023992979999999998,1.7607067750000001,0,1.7607067750000001,PREFIX_ASTAR,0.0013626902753299168,0.0013626902753299168,8192,4006,4186,4006,1,4006,64,35870,1,1,30438,536870912,0,0,0,0
named_crc_linear,"CRC_n64_k48_CRC-16/CCITT-like",0.75,64,48,0.01,10,1,23,1,1,1,0,0,0.0023958899999999999,0.38931605000000002,0,0.38931605000000002,PREFIX_ASTAR,0.0061541002483714701,0.0061541002483714701,8189,3996,4193,3996,1,3996,64,8296,1,1,7315,536870912,0,0,0,0
named_crc_linear,"CRC_n64_k48_CRC-16/CCITT-like",0.75,64,48,0.01,11,0,38,1,1,1,0,0,8.5289000000000003e-05,0.055609788,0,0.055609788,PREFIX_ASTAR,0.001533704821892146,0.001533704821892146,128,65,63,65,1,65,64,1246,1,1,1113,536870912,0,0,0,0
named_crc_linear,"CRC_n64_k48_CRC-16/CCITT-like",0.75,64,48,0.01,12,1,28,1,1,1,0,0,0.0023751110000000001,0.44954771799999999,0,0.44954771799999999,PREFIX_ASTAR,0.0052833345713924861,0.0052833345713924861,8190,3981,4209,3981,1,3981,64,9906,1,1,8779,536870912,0,0,0,0
named_crc_linear,"CRC_n64_k48_CRC-16/CCITT-like",0.75,64,48,0.01,13,1,50,1,1,1,0,0,0.0023708179999999998,1.4586879770000001,0,1.4586879770000001,PREFIX_ASTAR,0.0016253085220294509,0.0016253085220294509,8192,3992,4200,3992,1,3992,64,29849,1,1,26521,536870912,0,0,0,0
named_crc_linear,"CRC_n64_k48_CRC-16/CCITT-like",0.75,64,48,0.01,14,0,49,1,1,1,0,0,7.7029999999999999e-05,0.035548169999999997,0,0.035548169999999997,PREFIX_ASTAR,0.0021669188596768838,0.0021669188596768838,128,65,63,65,1,65,64,775,1,1,704,536870912,0,0,0,0
named_crc_linear,"CRC_n64_k48_CRC-16/CCITT-like",0.75,64,48,0.01,15,1,17,1,1,1,0,0,0.0024424109999999998,0.28550951800000002,0,0.28550951800000002,PREFIX_ASTAR,0.0085545694487144889,0.0085545694487144889,8189,3972,4217,3972,1,3972,64,6311,1,1,5651,536870912,0,0,0,0
named_crc_linear,"CRC_n64_k48_CRC-16/CCITT-like",0.75,64,48,0.01,16,2,45,1,1,1,0,0,0.076269461999999996,7.6535037600000004,0,7.6535037600000004,PREFIX_ASTAR,0.009965300128107599,0.009965300128107599,258174,120292,137882,120292,1,120292,64,157958,1,1,135406,536870912,0,0,0,0
named_crc_linear,"CRC_n64_k48_CRC-16/CCITT-like",0.75,64,48,0.01,17,0,42,1,1,1,0,0,7.8034000000000005e-05,0.0023720210000000002,0,0.0023720210000000002,PREFIX_ASTAR,0.032897685138537983,0.032897685138537983,120,60,60,60,1,60,64,72,1,1,54,536870912,0,0,0,0
named_crc_linear,"CRC_n64_k48_CRC-16/CCITT-like",0.75,64,48,0.01,18,1,25,1,1,1,0,0,0.0023796730000000001,0.220476334,0,0.220476334,PREFIX_ASTAR,0.010793326235186767,0.010793326235186767,8188,3973,4215,3973,1,3973,64,4922,1,1,4402,536870912,0,0,0,0
named_crc_linear,"CRC_n64_k48_CRC-16/CCITT-like",0.75,64,48,0.01,19,2,56,1,1,1,0,0,0.080103505000000005,5.8720689689999999,0,5.8720689689999999,PREFIX_ASTAR,0.013641444850679514,0.013641444850679514,258173,120285,137888,120285,7,120285,64,121815,1,1,105755,536870912,0,0,0,0
named_crc_linear,"CRC_n64_k48_CRC-16/CCITT-like",0.75,64,48,0.01,20,1,22,1,1,1,0,0,0.002492368,0.615878339,0,0.615878339,PREFIX_ASTAR,0.004046851207735039,0.004046851207735039,8191,3977,4214,3977,1,3977,64,13075,1,1,11563,536870912,0,0,0,0
named_crc_linear,"CRC_n64_k48_CRC-16/CCITT-like",0.75,64,48,0.01,21,1,16,1,1,1,0,0,0.002215846,0.133901042,0,0.133901042,PREFIX_ASTAR,0.0165483850379596,0.0165483850379596,8182,3915,4267,3915,1,3915,64,3122,1,1,2744,536870912,0,0,0,0
named_crc_linear,"CRC_n64_k48_CRC-16/CCITT-like",0.75,64,48,0.01,22,0,21,1,1,1,0,0,7.4476999999999999e-05,0.022471669,0,0.022471669,PREFIX_ASTAR,0.0033142620603747769,0.0033142620603747769,127,65,62,65,1,65,64,526,1,1,460,536870912,0,0,0,0
named_crc_linear,"CRC_n64_k48_CRC-16/CCITT-like",0.75,64,48,0.01,23,0,13,1,1,1,0,0,7.5214000000000002e-05,0.023457372000000001,0,0.023457372000000001,PREFIX_ASTAR,0.0032064120396777611,0.0032064120396777611,127,64,63,64,1,64,64,515,1,1,474,536870912,0,0,0,0
named_crc_linear,"CRC_n64_k48_CRC-16/CCITT-like",0.75,64,48,0.01,24,0,0,1,1,1,0,0,7.6990000000000007e-05,0.0097127169999999992,0,0.0097127169999999992,PREFIX_ASTAR,0.0079267212253790586,0.0079267212253790586,125,64,61,64,1,64,64,221,1,1,189,536870912,0,0,0,0
named_crc_linear,"CRC_n64_k48_CRC-16/CCITT-like",0.75,64,48,0.01,25,0,29,1,1,1,0,0,7.6882e-05,0.01346872,0,0.01346872,PREFIX_ASTAR,0.0057081890484025205,0.0057081890484025205,126,63,63,63,1,63,64,309,1,1,270,536870912,0,0,0,0
named_crc_linear,"CRC_n64_k48_CRC-16/CCITT-like",0.75,64,48,0.01,26,0,22,1,1,1,0,0,7.5783000000000003e-05,0.0057136549999999998,0,0.0057136549999999998,PREFIX_ASTAR,0.013263488957593696,0.013263488957593696,124,63,61,63,1,63,64,141,1,1,121,536870912,0,0,0,0
named_crc_linear,"CRC_n64_k48_CRC-16/CCITT-like",0.75,64,48,0.01,27,0,35,1,1,1,0,0,7.5290999999999995e-05,0.0057402670000000003,0,0.0057402670000000003,PREFIX_ASTAR,0.0131162888416166,0.0131162888416166,124,62,62,62,1,62,64,144,1,1,119,536870912,0,0,0,0
named_crc_linear,"CRC_n64_k48_CRC-16/CCITT-like",0.75,64,48,0.01,28,0,36,1,1,1,0,0,7.5162999999999998e-05,0.041286501000000003,0,0.041286501000000003,PREFIX_ASTAR,0.0018205224027097863,0.0018205224027097863,128,65,63,65,1,65,64,922,1,1,841,536870912,0,0,0,0
named_crc_linear,"CRC_n64_k48_CRC-16/CCITT-like",0.75,64,48,0.01,29,0,35,1,1,1,0,0,7.7150999999999994e-05,0.0060334009999999999,0,0.0060334009999999999,PREFIX_ASTAR,0.012787315147791436,0.012787315147791436,125,63,62,63,1,63,64,154,1,1,129,536870912,0,0,0,0
named_crc_linear,"CRC_n64_k48_CRC-16/CCITT-like",0.75,64,48,0.01,30,3,1,1,1,1,0,0,0.081630383000000001,10.012528862,0,10.012528862,PREFIX_ASTAR,0.0081528237396455653,0.0081528237396455653,258174,119262,138912,119262,1,119262,64,206539,1,1,176266,536870912,0,0,0,0
named_crc_linear,"CRC_n64_k48_CRC-16/CCITT-like",0.75,64,48,0.01,31,0,55,1,1,1,0,0,7.8082000000000002e-05,0.0072448219999999997,0,0.0072448219999999997,PREFIX_ASTAR,0.01077762849107956,0.01077762849107956,126,65,61,65,1,65,64,177,1,1,153,536870912,0,0,0,0
named_crc_linear,"CRC_n64_k48_CRC-16/CCITT-like",0.75,64,48,0.01,32,0,5,1,1,1,0,0,8.0374e-05,0.034855337,0,0.034855337,PREFIX_ASTAR,0.0023059309396434757,0.0023059309396434757,128,65,63,65,1,65,64,768,1,1,695,536870912,0,0,0,0
named_crc_linear,"CRC_n64_k48_CRC-16/CCITT-like",0.75,64,48,0.01,33,1,30,1,1,1,0,0,0.002431318,0.40720912799999998,0,0.40720912799999998,PREFIX_ASTAR,0.0059706863938472424,0.0059706863938472424,8190,3974,4216,3974,1,3974,64,8910,1,1,7856,536870912,0,0,0,0
named_crc_linear,"CRC_n64_k48_CRC-16/CCITT-like",0.75,64,48,0.01,34,0,35,1,1,1,0,0,7.5671000000000001e-05,0.016551964999999998,0,0.016551964999999998,PREFIX_ASTAR,0.0045717230552384568,0.0045717230552384568,126,63,63,63,1,63,64,377,1,1,336,536870912,0,0,0,0
named_crc_linear,"CRC_n64_k48_CRC-16/CCITT-like",0.75,64,48,0.01,35,0,60,1,1,1,0,0,7.6695999999999999e-05,0.0069477439999999996,0,0.0069477439999999996,PREFIX_ASTAR,0.01103897898368161,0.01103897898368161,125,64,61,64,1,64,64,172,1,1,149,536870912,0,0,0,0
named_crc_linear,"CRC_n64_k48_CRC-16/CCITT-like",0.75,64,48,0.01,36,2,57,1,1,1,0,0,0.074765962000000005,4.6098272339999999,0,4.6098272339999999,PREFIX_ASTAR,0.016218820837483907,0.016218820837483907,258173,119728,138445,119728,5,119728,64,97983,1,1,84052,536870912,0,0,0,0
named_crc_linear,"CRC_n64_k48_CRC-16/CCITT-like",0.75,64,48,0.01,37,0,9,1,1,1,0,0,7.6773000000000005e-05,0.033063167999999997,0,0.033063167999999997,PREFIX_ASTAR,0.0023220097965204064,0.0023220097965204064,128,65,63,65,1,65,64,759,1,1,660,536870912,0,0,0,0
named_crc_linear,"CRC_n64_k48_CRC-16/CCITT-like",0.75,64,48,0.01,38,1,49,1,1,1,0,0,0.0023775530000000001,0.16815514500000001,0,0.16815514500000001,PREFIX_ASTAR,0.014139044035792065,0.014139044035792065,8186,3938,4248,3938,1,3938,64,4004,1,1,3564,536870912,0,0,0,0
named_crc_linear,"CRC_n64_k48_CRC-16/CCITT-like",0.75,64,48,0.01,39,0,55,1,1,1,0,0,7.5727000000000002e-05,0.011417365,0,0.011417365,PREFIX_ASTAR,0.0066326161947174323,0.0066326161947174323,126,65,61,65,1,65,64,276,1,1,243,536870912,0,0,0,0
named_crc_linear,"CRC_n64_k48_CRC-16/CCITT-like",0.75,64,48,0.01,40,0,52,1,1,1,0,0,7.0110999999999993e-05,0.011070808999999999,0,0.011070808999999999,PREFIX_ASTAR,0.0063329608522737588,0.0063329608522737588,126,64,62,64,1,64,64,272,1,1,240,536870912,0,0,0,0
named_crc_linear,"CRC_n64_k48_CRC-16/CCITT-like",0.75,64,48,0.01,41,0,30,1,1,1,0,0,7.8385000000000003e-05,0.037778393,0,0.037778393,PREFIX_ASTAR,0.0020748632690649389,0.0020748632690649389,128,65,63,65,1,65,64,823,1,1,750,536870912,0,0,0,0
named_crc_linear,"CRC_n64_k48_CRC-16/CCITT-like",0.75,64,48,0.01,42,0,42,1,1,1,0,0,7.5859999999999995e-05,0.025069365999999999,0,0.025069365999999999,PREFIX_ASTAR,0.003026003928459938,0.003026003928459938,127,64,63,64,1,64,64,547,1,1,496,536870912,0,0,0,0
named_crc_linear,"CRC_n64_k48_CRC-16/CCITT-like",0.75,64,48,0.01,43,0,41,1,1,1,0,0,7.3289999999999998e-05,0.019913475,0,0.019913475,PREFIX_ASTAR,0.0036804224275270889,0.0036804224275270889,127,65,62,65,1,65,64,454,1,1,402,536870912,0,0,0,0
named_crc_linear,"CRC_n64_k48_CRC-16/CCITT-like",0.75,64,48,0.01,44,0,62,1,1,1,0,0,7.8473000000000006e-05,0.027453200000000001,0,0.027453200000000001,PREFIX_ASTAR,0.0028584281613800943,0.0028584281613800943,127,65,62,65,1,65,64,618,1,1,554,536870912,0,0,0,0
named_crc_linear,"CRC_n64_k48_CRC-16/CCITT-like",0.75,64,48,0.01,45,0,50,1,1,1,0,0,7.5809999999999994e-05,0.043137568000000001,0,0.043137568000000001,PREFIX_ASTAR,0.0017574008808285157,0.0017574008808285157,128,65,63,65,1,65,64,967,1,1,881,536870912,0,0,0,0
named_crc_linear,"CRC_n64_k48_CRC-16/CCITT-like",0.75,64,48,0.01,46,0,42,1,1,1,0,0,7.5852999999999994e-05,0.0061252800000000003,0,0.0061252800000000003,PREFIX_ASTAR,0.01238359715800747,0.01238359715800747,125,63,62,63,1,63,64,159,1,1,133,536870912,0,0,0,0
named_crc_linear,"CRC_n64_k48_CRC-16/CCITT-like",0.75,64,48,0.01,47,0,15,1,1,1,0,0,7.4035000000000005e-05,0.0075167890000000003,0,0.0075167890000000003,PREFIX_ASTAR,0.0098492853797013599,0.0098492853797013599,125,63,62,63,1,63,64,192,1,1,164,536870912,0,0,0,0
named_crc_linear,"CRC_n64_k48_CRC-16/CCITT-like",0.75,64,48,0.01,48,0,17,1,1,1,0,0,7.2725000000000006e-05,0.0072207069999999998,0,0.0072207069999999998,PREFIX_ASTAR,0.01007172843324068,0.01007172843324068,124,62,62,62,1,62,64,183,1,1,153,536870912,0,0,0,0
named_crc_linear,"CRC_n64_k48_CRC-16/CCITT-like",0.75,64,48,0.01,49,0,21,1,1,1,0,0,7.4536000000000006e-05,0.0031757790000000001,0,0.0031757790000000001,PREFIX_ASTAR,0.023470147009599849,0.023470147009599849,123,63,60,63,1,63,64,91,1,1,73,536870912,0,0,0,0
named_crc_linear,"CRC_n64_k48_CRC-16/CCITT-like",0.75,64,48,0.01,50,0,39,1,1,1,0,0,7.3805000000000002e-05,0.002841625,0,0.002841625,PREFIX_ASTAR,0.025972814850657635,0.025972814850657635,124,64,60,64,1,64,64,86,1,1,60,536870912,0,0,0,0
named_crc_linear,"CRC_n64_k48_CRC-16/CCITT-like",0.75,64,48,0.01,51,1,18,1,1,1,0,0,0.0022436679999999999,1.509630112,0,1.509630112,PREFIX_ASTAR,0.001486236914701924,0.001486236914701924,8192,3976,4216,3976,1,3976,64,31810,1,1,27626,536870912,0,0,0,0
named_crc_linear,"CRC_n64_k48_CRC-16/CCITT-like",0.75,64,48,0.01,52,0,62,1,1,1,0,0,7.9170000000000003e-05,0.046388512999999999,0,0.046388512999999999,PREFIX_ASTAR,0.0017066725117918741,0.0017066725117918741,128,65,63,65,1,65,64,1110,1,1,975,536870912,0,0,0,0
named_crc_linear,"CRC_n64_k48_CRC-16/CCITT-like",0.75,64,48,0.01,53,0,22,1,1,1,0,0,7.2509999999999995e-05,0.0030313649999999998,0,0.0030313649999999998,PREFIX_ASTAR,0.023919917264994484,0.023919917264994484,122,60,62,60,1,60,64,89,1,1,70,536870912,0,0,0,0
named_crc_linear,"CRC_n64_k48_CRC-16/CCITT-like",0.75,64,48,0.01,54,1,32,1,1,1,0,0,0.0022127739999999998,0.61008256999999999,0,0.61008256999999999,PREFIX_ASTAR,0.0036270074065548209,0.0036270074065548209,8191,3958,4233,3958,1,3958,64,13681,1,1,12192,536870912,0,0,0,0
named_crc_linear,"CRC_n64_k48_CRC-16/CCITT-like",0.75,64,48,0.01,55,0,53,1,1,1,0,0,7.5154999999999994e-05,0.052248305000000002,0,0.052248305000000002,PREFIX_ASTAR,0.0014384198683574517,0.0014384198683574517,128,65,63,65,1,65,64,1229,1,1,1090,536870912,0,0,0,0
named_crc_linear,"CRC_n64_k48_CRC-16/CCITT-like",0.75,64,48,0.01,56,2,49,1,1,1,0,0,0.0023566669999999998,1.12906503,0,1.12906503,PREFIX_ASTAR,0.0020872730421913782,0.0020872730421913782,8192,3979,4213,3979,1,3979,64,24285,1,1,21496,536870912,0,0,0,0
named_crc_linear,"CRC_n64_k48_CRC-16/CCITT-like",0.75,64,48,0.01,57,1,34,1,1,1,0,0,0.0023756179999999999,0.10541279200000001,0,0.10541279200000001,PREFIX_ASTAR,0.022536335058841814,0.022536335058841814,8187,4008,4179,4008,1,4008,64,2506,1,1,2261,536870912,0,0,0,0
named_crc_linear,"CRC_n64_k48_CRC-16/CCITT-like",0.75,64,48,0.01,58,0,47,1,1,1,0,0,7.0916999999999999e-05,0.0033811420000000002,0,0.0033811420000000002,PREFIX_ASTAR,0.020974274372386605,0.020974274372386605,124,64,60,64,1,64,64,97,1,1,79,536870912,0,0,0,0
named_crc_linear,"CRC_n64_k48_CRC-16/CCITT-like",0.75,64,48,0.01,59,0,36,1,1,1,0,0,7.0220000000000002e-05,0.021626228000000001,0,0.021626228000000001,PREFIX_ASTAR,0.0032469832464542591,0.0032469832464542591,128,65,63,65,1,65,64,589,1,1,522,536870912,0,0,0,0
named_crc_linear,"CRC_n64_k48_CRC-16/CCITT-like",0.75,64,48,0.01,60,1,53,1,1,1,0,0,0.0021990640000000001,0.62900434599999999,0,0.62900434599999999,PREFIX_ASTAR,0.0034961030301052963,0.0034961030301052963,8191,3972,4219,3972,1,3972,64,13995,1,1,12305,536870912,0,0,0,0
named_crc_linear,"CRC_n64_k48_CRC-16/CCITT-like",0.75,64,48,0.01,61,2,57,1,1,1,0,0,0.071294949999999996,14.743440712,0,14.743440712,PREFIX_ASTAR,0.0048357063586908526,0.0048357063586908526,258175,120260,137915,120260,2,120260,64,309052,1,1,263132,536870912,0,0,0,0
named_crc_linear,"CRC_n64_k48_CRC-16/CCITT-like",0.75,64,48,0.01,62,0,51,1,1,1,0,0,7.8561999999999998e-05,0.045085245000000003,0,0.045085245000000003,PREFIX_ASTAR,0.0017425213060281693,0.0017425213060281693,128,65,63,65,1,65,64,985,1,1,909,536870912,0,0,0,0
named_crc_linear,"CRC_n64_k48_CRC-16/CCITT-like",0.75,64,48,0.01,63,2,51,1,1,1,0,0,0.070528983000000003,9.9466379810000003,0,9.9466379810000003,PREFIX_ASTAR,0.0070907358983732975,0.0070907358983732975,258175,119077,139098,119077,1,119077,64,214094,1,1,181492,536870912,0,0,0,0
named_crc_linear,"CRC_n64_k48_CRC-16/CCITT-like",0.75,64,48,0.01,64,1,61,1,1,1,0,0,0.0023299520000000002,0.50278639000000003,0,0.50278639000000003,PREFIX_ASTAR,0.0046340792955831605,0.0046340792955831605,8191,3941,4250,3941,1,3941,64,11426,1,1,10099,536870912,0,0,0,0
named_crc_linear,"CRC_n64_k48_CRC-16/CCITT-like",0.75,64,48,0.01,65,0,14,1,1,1,0,0,7.8857999999999996e-05,0.030385767000000001,0,0.030385767000000001,PREFIX_ASTAR,0.0025952282198438495,0.0025952282198438495,127,64,63,64,1,64,64,664,1,1,599,536870912,0,0,0,0
named_crc_linear,"CRC_n64_k48_CRC-16/CCITT-like",0.75,64,48,0.01,66,2,49,1,1,1,0,0,0.073015979999999994,3.7020664719999998,0,3.7020664719999998,PREFIX_ASTAR,0.019723033217324683,0.019723033217324683,258172,120298,137874,120298,5,120298,64,79332,1,1,69112,536870912,0,0,0,0
named_crc_linear,"CRC_n64_k48_CRC-16/CCITT-like",0.75,64,48,0.01,67,1,21,1,1,1,0,0,0.0023623759999999998,0.383482249,0,0.383482249,PREFIX_ASTAR,0.0061603268630042894,0.0061603268630042894,8190,3974,4216,3974,1,3974,64,8463,1,1,7510,536870912,0,0,0,0
named_crc_linear,"CRC_n64_k48_CRC-16/CCITT-like",0.75,64,48,0.01,68,1,37,1,1,1,0,0,0.0023536189999999999,1.751130485,0,1.751130485,PREFIX_ASTAR,0.0013440568936243492,0.0013440568936243492,8192,3960,4232,3960,1,3960,64,36151,1,1,31823,536870912,0,0,0,0
named_crc_linear,"CRC_n64_k48_CRC-16/CCITT-like",0.75,64,48,0.01,69,0,20,1,1,1,0,0,9.2565999999999994e-05,0.013122000999999999,0,0.013122000999999999,PREFIX_ASTAR,0.0070542594837479438,0.0070542594837479438,126,64,62,64,1,64,64,302,1,1,272,536870912,0,0,0,0
named_crc_linear,"CRC_n64_k48_CRC-16/CCITT-like",0.75,64,48,0.01,70,1,14,1,1,1,0,0,8.4275000000000002e-05,0.049714292,0,0.049714292,PREFIX_ASTAR,0.0016951865672752617,0.0016951865672752617,128,65,63,65,1,65,64,1092,1,1,993,536870912,0,0,0,0
named_crc_linear,"CRC_n64_k48_CRC-16/CCITT-like",0.75,64,48,0.01,71,2,13,1,1,1,0,0,0.074514708999999998,6.663754666,0,6.663754666,PREFIX_ASTAR,0.011182090688330872,0.011182090688330872,258173,120713,137460,120713,4,120713,64,134230,1,1,115471,536870912,0,0,0,0
named_crc_linear,"CRC_n64_k48_CRC-16/CCITT-like",0.75,64,48,0.01,72,0,51,1,1,1,0,0,7.4202999999999994e-05,0.0043900060000000001,0,0.0043900060000000001,PREFIX_ASTAR,0.016902710383539337,0.016902710383539337,124,63,61,63,1,63,64,116,1,1,94,536870912,0,0,0,0
named_crc_linear,"CRC_n64_k48_CRC-16/CCITT-like",0.75,64,48,0.01,73,0,59,1,1,1,0,0,7.8583000000000003e-05,0.041805004,0,0.041805004,PREFIX_ASTAR,0.0018797510460709442,0.0018797510460709442,128,65,63,65,1,65,64,877,1,1,788,536870912,0,0,0,0
named_crc_linear,"CRC_n64_k48_CRC-16/CCITT-like",0.75,64,48,0.01,74,0,52,1,1,1,0,0,7.4337000000000003e-05,0.013745446999999999,0,0.013745446999999999,PREFIX_ASTAR,0.0054081180481071302,0.0054081180481071302,126,64,62,64,1,64,64,320,1,1,284,536870912,0,0,0,0
named_crc_linear,"CRC_n64_k48_CRC-16/CCITT-like",0.75,64,48,0.01,75,0,9,1,1,1,0,0,7.2627999999999996e-05,0.003846595,0,0.003846595,PREFIX_ASTAR,0.018881114336185639,0.018881114336185639,123,63,60,63,1,63,64,103,1,1,85,536870912,0,0,0,0
named_crc_linear,"CRC_n64_k48_CRC-16/CCITT-like",0.75,64,48,0.01,76,1,47,1,1,1,0,0,0.0023999440000000002,0.22281167099999999,0,0.22281167099999999,PREFIX_ASTAR,0.010771177242326773,0.010771177242326773,8189,3988,4201,3988,1,3988,64,4735,1,1,4190,536870912,0,0,0,0
named_crc_linear,"CRC_n64_k48_CRC-16/CCITT-like",0.75,64,48,0.01,77,1,29,1,1,1,0,0,0.0025228400000000002,0.78958039300000005,0,0.78958039300000005,PREFIX_ASTAR,0.0031951654604979534,0.0031951654604979534,8191,3988,4203,3988,2,3988,64,14837,1,1,13047,536870912,0,0,0,0
named_crc_linear,"CRC_n64_k48_CRC-16/CCITT-like",0.75,64,48,0.01,78,0,15,1,1,1,0,0,9.3579999999999995e-05,0.020960025,0,0.020960025,PREFIX_ASTAR,0.0044646893312388697,0.0044646893312388697,126,64,62,64,1,64,64,341,1,1,301,536870912,0,0,0,0
named_crc_linear,"CRC_n64_k48_CRC-16/CCITT-like",0.75,64,48,0.01,79,1,41,1,1,1,0,0,0.002402305,1.6226958330000001,0,1.6226958330000001,PREFIX_ASTAR,0.0014804407277971977,0.0014804407277971977,8192,3956,4236,3956,1,3956,64,34977,1,1,30643,536870912,0,0,0,0
named_crc_linear,"CRC_n64_k48_CRC-16/CCITT-like",0.75,64,48,0.01,80,0,41,1,1,1,0,0,7.4606999999999999e-05,0.0070569309999999998,0,0.0070569309999999998,PREFIX_ASTAR,0.010572159484059006,0.010572159484059006,124,63,61,63,1,63,64,168,1,1,146,536870912,0,0,0,0
named_crc_linear,"CRC_n64_k48_CRC-16/CCITT-like",0.75,64,48,0.01,81,0,16,1,1,1,0,0,7.6322000000000006e-05,0.044851421000000002,0,0.044851421000000002,PREFIX_ASTAR,0.0017016629194423962,0.0017016629194423962,128,65,63,65,1,65,64,947,1,1,859,536870912,0,0,0,0
named_crc_linear,"CRC_n64_k48_CRC-16/CCITT-like",0.75,64,48,0.01,82,0,6,1,1,1,0,0,7.6729000000000003e-05,0.021412309000000001,0,0.021412309000000001,PREFIX_ASTAR,0.0035834061613812876,0.0035834061613812876,127,64,63,64,1,64,64,465,1,1,423,536870912,0,0,0,0
named_crc_linear,"CRC_n64_k48_CRC-16/CCITT-like",0.75,64,48,0.01,83,0,43,1,1,1,0,0,8.4937000000000003e-05,0.043650662,0,0.043650662,PREFIX_ASTAR,0.0019458353231847894,0.0019458353231847894,128,65,63,65,1,65,64,972,1,1,875,536870912,0,0,0,0
named_crc_linear,"CRC_n64_k48_CRC-16/CCITT-like",0.75,64,48,0.01,84,2,59,1,1,1,0,0,0.070823446999999998,29.122805333999999,0,29.122805333999999,PREFIX_ASTAR,0.0024318895857644508,0.0024318895857644508,258176,119893,138283,119893,1,119893,64,576697,1,1,484658,536870912,0,0,0,0
named_crc_linear,"CRC_n64_k48_CRC-16/CCITT-like",0.75,64,48,0.01,85,0,40,1,1,1,0,0,7.4177999999999994e-05,0.024747861999999999,0,0.024747861999999999,PREFIX_ASTAR,0.0029973498316743482,0.0029973498316743482,127,64,63,64,1,64,64,602,1,1,527,536870912,0,0,0,0
named_crc_linear,"CRC_n64_k48_CRC-16/CCITT-like",0.75,64,48,0.01,86,2,2,1,1,1,0,0,0.072539590000000001,3.5408579389999999,0,3.5408579389999999,PREFIX_ASTAR,0.020486444598928601,0.020486444598928601,258171,117540,140631,117540,3,117540,64,75995,1,1,65325,536870912,0,0,0,0
named_crc_linear,"CRC_n64_k48_CRC-16/CCITT-like",0.75,64,48,0.01,87,0,0,1,1,1,0,0,0.000114096,0.052611124000000002,0,0.052611124000000002,PREFIX_ASTAR,0.0021686668393551141,0.0021686668393551141,128,65,63,65,2,65,64,1178,1,1,1059,536870912,0,0,0,0
named_crc_linear,"CRC_n64_k48_CRC-16/CCITT-like",0.75,64,48,0.01,88,1,42,1,1,1,0,0,0.0027276599999999998,0.81904729099999996,0,0.81904729099999996,PREFIX_ASTAR,0.003330283891995682,0.003330283891995682,8191,3973,4218,3973,1,3973,64,16648,1,1,14558,536870912,0,0,0,0
named_crc_linear,"CRC_n64_k48_CRC-16/CCITT-like",0.75,64,48,0.01,89,1,35,1,1,1,0,0,0.0024035739999999999,0.79759706600000002,0,0.79759706600000002,PREFIX_ASTAR,0.0030135191094095622,0.0030135191094095622,8191,3995,4196,3995,1,3995,64,16781,1,1,14878,536870912,0,0,0,0
named_crc_linear,"CRC_n64_k48_CRC-16/CCITT-like",0.75,64,48,0.01,90,1,7,1,1,1,0,0,0.0023922599999999998,0.16843781299999999,0,0.16843781299999999,PREFIX_ASTAR,0.014202630379676088,0.014202630379676088,8187,3980,4207,3980,1,3980,64,3815,1,1,3274,536870912,0,0,0,0
named_crc_linear,"CRC_n64_k48_CRC-16/CCITT-like",0.75,64,48,0.01,91,1,53,1,1,1,0,0,0.0022451659999999998,0.512779977,0,0.512779977,PREFIX_ASTAR,0.0043784197915356588,0.0043784197915356588,8190,3982,4208,3982,1,3982,64,10848,1,1,9635,536870912,0,0,0,0
named_crc_linear,"CRC_n64_k48_CRC-16/CCITT-like",0.75,64,48,0.01,92,1,41,1,1,1,0,0,0.0023653379999999998,1.3283757140000001,0,1.3283757140000001,PREFIX_ASTAR,0.0017806242428789238,0.0017806242428789238,8192,3961,4231,3961,1,3961,64,27962,1,1,24519,536870912,0,0,0,0
named_crc_linear,"CRC_n64_k48_CRC-16/CCITT-like",0.75,64,48,0.01,93,1,40,1,1,1,0,0,0.0023991350000000002,0.218873126,0,0.218873126,PREFIX_ASTAR,0.010961304587023626,0.010961304587023626,8188,3974,4214,3974,1,3974,64,4917,1,1,4438,536870912,0,0,0,0
named_crc_linear,"CRC_n64_k48_CRC-16/CCITT-like",0.75,64,48,0.01,94,2,51,1,1,1,0,0,0.07453216,9.3429076630000001,0,9.3429076630000001,PREFIX_ASTAR,0.0079774051813830925,0.0079774051813830925,258174,120107,138067,120107,3,120107,64,196509,1,1,165531,536870912,0,0,0,0
named_crc_linear,"CRC_n64_k48_CRC-16/CCITT-like",0.75,64,48,0.01,95,0,26,1,1,1,0,0,7.5350000000000002e-05,0.005153319,0,0.005153319,PREFIX_ASTAR,0.014621644807938341,0.014621644807938341,123,62,61,62,1,62,64,127,1,1,107,536870912,0,0,0,0
named_crc_linear,"CRC_n64_k48_CRC-16/CCITT-like",0.75,64,48,0.01,96,1,26,1,1,1,0,0,0.0023161879999999998,1.2817263219999999,0,1.2817263219999999,PREFIX_ASTAR,0.0018070846796575345,0.0018070846796575345,8192,3968,4224,3968,1,3968,64,27130,1,1,24246,536870912,0,0,0,0
named_crc_linear,"CRC_n64_k48_CRC-16/CCITT-like",0.75,64,48,0.01,97,0,20,1,1,1,0,0,8.8483e-05,0.021182548999999998,0,0.021182548999999998,PREFIX_ASTAR,0.0041771648917228992,0.0041771648917228992,127,64,63,64,1,64,64,501,1,1,442,536870912,0,0,0,0
named_crc_linear,"CRC_n64_k48_CRC-16/CCITT-like",0.75,64,48,0.01,98,1,25,1,1,1,0,0,0.0023424349999999999,0.14864074499999999,0,0.14864074499999999,PREFIX_ASTAR,0.015759036998906323,0.015759036998906323,8186,3963,4223,3963,1,3963,64,3466,1,1,2988,536870912,0,0,0,0
named_crc_linear,"CRC_n64_k48_CRC-16/CCITT-like",0.75,64,48,0.01,99,0,14,1,1,1,0,0,8.3491000000000004e-05,0.0059105570000000003,0,0.0059105570000000003,PREFIX_ASTAR,0.014125741448733173,0.014125741448733173,124,63,61,63,1,63,64,148,1,1,126,536870912,0,0,0,0
named_crc_linear,"CRC_n64_k48_CRC-16/CCITT-like",0.75,64,48,0.01,100,1,60,1,1,1,0,0,0.0021807509999999999,0.91925061799999996,0,0.91925061799999996,PREFIX_ASTAR,0.0023723138796954281,0.0023723138796954281,8191,3989,4202,3989,1,3989,64,18701,1,1,16256,536870912,0,0,0,0
named_crc_linear,"CRC_n64_k48_CRC-16/CCITT-like",0.75,64,48,0.01,101,2,20,1,1,1,0,0,0.091265877999999995,5.7396922320000003,0,5.7396922320000003,PREFIX_ASTAR,0.015900831318301945,0.015900831318301945,258173,118124,140049,118124,3,118124,64,118766,1,1,101226,536870912,0,0,0,0
named_crc_linear,"CRC_n64_k48_CRC-16/CCITT-like",0.75,64,48,0.01,102,1,24,1,1,1,0,0,0.002385711,0.180615162,0,0.180615162,PREFIX_ASTAR,0.013208808018011246,0.013208808018011246,8188,3985,4203,3985,1,3985,64,4045,1,1,3585,536870912,0,0,0,0
named_crc_linear,"CRC_n64_k48_CRC-16/CCITT-like",0.75,64,48,0.01,103,0,10,1,1,1,0,0,7.7632000000000005e-05,0.054463045000000002,0,0.054463045000000002,PREFIX_ASTAR,0.0014254068974659791,0.0014254068974659791,128,65,63,65,1,65,64,1159,1,1,1076,536870912,0,0,0,0
named_crc_linear,"CRC_n64_k48_CRC-16/CCITT-like",0.75,64,48,0.01,104,0,48,1,1,1,0,0,7.6142000000000004e-05,0.042485795999999999,0,0.042485795999999999,PREFIX_ASTAR,0.0017921754367035986,0.0017921754367035986,128,65,63,65,1,65,64,910,1,1,824,536870912,0,0,0,0
named_crc_linear,"CRC_n64_k48_CRC-16/CCITT-like",0.75,64,48,0.01,105,3,62,0,0,1,0,0,0.89906598199999999,47.841044834000002,0,47.841044834000002,PREFIX_ASTAR,0.01879277480497344,0.01879277480497344,2000000,890141,1109859,890141,16,890141,64,967158,1,1,809063,536870912,0,0,0,0
named_crc_linear,"CRC_n64_k48_CRC-16/CCITT-like",0.75,64,48,0.01,106,0,49,1,1,1,0,0,7.7732999999999996e-05,0.05508238,0,0.05508238,PREFIX_ASTAR,0.0014112135314414517,0.0014112135314414517,128,65,63,65,1,65,64,1199,1,1,1094,536870912,0,0,0,0
named_crc_linear,"CRC_n64_k48_CRC-16/CCITT-like",0.75,64,48,0.01,107,1,26,1,1,1,0,0,0.0021998690000000001,0.13966774300000001,0,0.13966774300000001,PREFIX_ASTAR,0.015750730646517285,0.015750730646517285,8186,3946,4240,3946,1,3946,64,3382,1,1,3058,536870912,0,0,0,0
named_crc_linear,"CRC_n64_k48_CRC-16/CCITT-like",0.75,64,48,0.01,108,0,22,1,1,1,0,0,7.5636999999999994e-05,0.031846040999999999,0,0.031846040999999999,PREFIX_ASTAR,0.0023750832952830776,0.0023750832952830776,128,65,63,65,1,65,64,764,1,1,649,536870912,0,0,0,0
named_crc_linear,"CRC_n64_k48_CRC-16/CCITT-like",0.75,64,48,0.01,109,0,4,1,1,1,0,0,0.000102215,0.0063205850000000001,0,0.0063205850000000001,PREFIX_ASTAR,0.016171762582102765,0.016171762582102765,123,62,61,62,2,62,64,170,1,1,135,536870912,0,0,0,0
named_crc_linear,"CRC_n64_k48_CRC-16/CCITT-like",0.75,64,48,0.01,110,0,15,1,1,1,0,0,7.0665000000000002e-05,0.030606773,0,0.030606773,PREFIX_ASTAR,0.0023088026954033998,0.0023088026954033998,128,65,63,65,1,65,64,764,1,1,609,536870912,0,0,0,0
named_crc_linear,"CRC_n64_k48_CRC-16/CCITT-like",0.75,64,48,0.01,111,0,42,1,1,1,0,0,7.0074999999999996e-05,0.024129899,0,0.024129899,PREFIX_ASTAR,0.0029040734899056144,0.0029040734899056144,127,65,62,65,1,65,64,578,1,1,521,536870912,0,0,0,0
named_crc_linear,"CRC_n64_k48_CRC-16/CCITT-like",0.75,64,48,0.01,112,0,32,1,1,1,0,0,6.9315999999999998e-05,0.015315216,0,0.015315216,PREFIX_ASTAR,0.0045259564083196735,0.0045259564083196735,127,64,63,64,1,64,64,375,1,1,327,536870912,0,0,0,0
named_crc_linear,"CRC_n64_k48_CRC-16/CCITT-like",0.75,64,48,0.01,113,0,57,1,1,1,0,0,7.1755000000000007e-05,0.032718575999999999,0,0.032718575999999999,PREFIX_ASTAR,0.0021930966677767396,0.0021930966677767396,128,65,63,65,1,65,64,783,1,1,699,536870912,0,0,0,0
named_crc_linear,"CRC_n64_k48_CRC-16/CCITT-like",0.75,64,48,0.01,114,1,41,1,1,1,0,0,0.002177212,0.79168992500000002,0,0.79168992500000002,PREFIX_ASTAR,0.0027500817318093316,0.0027500817318093316,8191,3990,4201,3990,1,3990,64,18002,1,1,15654,536870912,0,0,0,0
named_crc_linear,"CRC_n64_k48_CRC-16/CCITT-like",0.75,64,48,0.01,115,0,23,1,1,1,0,0,7.1507999999999994e-05,0.0029475479999999999,0,0.0029475479999999999,PREFIX_ASTAR,0.024260164719963846,0.024260164719963846,123,63,60,63,1,63,64,88,1,1,69,536870912,0,0,0,0
named_crc_linear,"CRC_n64_k48_CRC-16/CCITT-like",0.75,64,48,0.01,116,0,2,1,1,1,0,0,7.2675999999999993e-05,0.021154507999999999,0,0.021154507999999999,PREFIX_ASTAR,0.0034354852403090629,0.0034354852403090629,127,65,62,65,1,65,64,536,1,1,490,536870912,0,0,0,0
named_crc_linear,"CRC_n64_k48_CRC-16/CCITT-like",0.75,64,48,0.01,117,1,37,1,1,1,0,0,0.0022213609999999998,0.79524698900000002,0,0.79524698900000002,PREFIX_ASTAR,0.0027932969639951691,0.0027932969639951691,8191,3976,4215,3976,1,3976,64,17762,1,1,15651,536870912,0,0,0,0
named_crc_linear,"CRC_n64_k48_CRC-16/CCITT-like",0.75,64,48,0.01,118,1,57,1,1,1,0,0,0.0021814009999999999,0.106267746,0,0.106267746,PREFIX_ASTAR,0.020527404429938695,0.020527404429938695,8185,3962,4223,3962,1,3962,64,2459,1,1,2236,536870912,0,0,0,0
named_crc_linear,"CRC_n64_k48_CRC-16/CCITT-like",0.75,64,48,0.01,119,1,5,1,1,1,0,0,0.0022005219999999999,0.82703511600000001,0,0.82703511600000001,PREFIX_ASTAR,0.0026607358713411629,0.0026607358713411629,8191,3958,4233,3958,1,3958,64,18476,1,1,16382,536870912,0,0,0,0
named_crc_linear,"CRC_n64_k48_CRC-16/CCITT-like",0.75,64,48,0.01,120,1,4,1,1,1,0,0,0.0022302170000000001,0.81307317999999995,0,0.81307317999999995,PREFIX_ASTAR,0.0027429474429349647,0.0027429474429349647,8191,3978,4213,3978,1,3978,64,18422,1,1,15944,536870912,0,0,0,0
named_crc_linear,"CRC_n64_k48_CRC-16/CCITT-like",0.75,64,48,0.01,121,0,8,1,1,1,0,0,7.5135999999999993e-05,0.0054998740000000001,0,0.0054998740000000001,PREFIX_ASTAR,0.013661403879434328,0.013661403879434328,124,63,61,63,1,63,64,147,1,1,123,536870912,0,0,0,0
named_crc_linear,"CRC_n64_k48_CRC-16/CCITT-like",0.75,64,48,0.01,122,0,40,1,1,1,0,0,7.0712999999999999e-05,0.028176257,0,0.028176257,PREFIX_ASTAR,0.0025096662058413225,0.0025096662058413225,127,64,63,64,1,64,64,672,1,1,609,536870912,0,0,0,0
named_crc_linear,"CRC_n64_k48_CRC-16/CCITT-like",0.75,64,48,0.01,123,1,6,1,1,1,0,0,0.0022149969999999998,0.46152632199999999,0,0.46152632199999999,PREFIX_ASTAR,0.0047992863990972976,0.0047992863990972976,8190,3974,4216,3974,1,3974,64,10722,1,1,9533,536870912,0,0,0,0
named_crc_linear,"CRC_n64_k48_CRC-16/CCITT-like",0.75,64,48,0.01,124,0,27,1,1,1,0,0,7.0023000000000004e-05,0.021283008999999999,0,0.021283008999999999,PREFIX_ASTAR,0.0032900892914155141,0.0032900892914155141,127,65,62,65,1,65,64,524,1,1,473,536870912,0,0,0,0
named_crc_linear,"CRC_n64_k48_CRC-16/CCITT-like",0.75,64,48,0.01,125,0,61,1,1,1,0,0,6.8417000000000006e-05,0.002986898,0,0.002986898,PREFIX_ASTAR,0.022905703509125522,0.022905703509125522,122,59,63,59,1,59,64,90,1,1,71,536870912,0,0,0,0
named_crc_linear,"CRC_n64_k48_CRC-16/CCITT-like",0.75,64,48,0.01,126,0,21,1,1,1,0,0,6.8748e-05,0.016800666999999998,0,0.016800666999999998,PREFIX_ASTAR,0.0040919803957783349,0.0040919803957783349,126,64,62,64,1,64,64,410,1,1,373,536870912,0,0,0,0
named_crc_linear,"CRC_n64_k48_CRC-16/CCITT-like",0.75,64,48,0.01,127,1,7,1,1,1,0,0,0.002170974,1.0714757349999999,0,1.0714757349999999,PREFIX_ASTAR,0.002026153210086461,0.002026153210086461,8192,3934,4258,3934,1,3934,64,24793,1,1,20982,536870912,0,0,0,0
named_crc_linear,"CRC_n64_k48_CRC-16/CCITT-like",0.75,64,48,0.01,128,2,55,1,1,1,0,0,0.069630851999999993,12.214774907000001,0,12.214774907000001,PREFIX_ASTAR,0.0057005431970830822,0.0057005431970830822,258175,118757,139418,118757,1,118757,64,267338,1,1,225806,536870912,0,0,0,0
named_crc_linear,"CRC_n64_k48_CRC-16/CCITT-like",0.75,64,48,0.01,129,0,19,1,1,1,0,0,7.4073999999999996e-05,0.026380728999999999,0,0.026380728999999999,PREFIX_ASTAR,0.0028078829815506613,0.0028078829815506613,127,64,63,64,1,64,64,629,1,1,575,536870912,0,0,0,0
named_crc_linear,"CRC_n64_k48_CRC-16/CCITT-like",0.75,64,48,0.01,130,0,8,1,1,1,0,0,8.2467999999999997e-05,0.032890216,0,0.032890216,PREFIX_ASTAR,0.0025073717971326182,0.0025073717971326182,127,65,62,65,1,65,64,762,1,1,695,536870912,0,0,0,0
named_crc_linear,"CRC_n64_k48_CRC-16/CCITT-like",0.75,64,48,0.01,131,1,9,1,1,1,0,0,0.0023755199999999999,0.18747994600000001,0,0.18747994600000001,PREFIX_ASTAR,0.012670795200677088,0.012670795200677088,8186,3946,4240,3946,1,3946,64,4306,1,1,3779,536870912,0,0,0,0
named_crc_linear,"CRC_n64_k48_CRC-16/CCITT-like",0.75,64,48,0.01,132,0,29,1,1,1,0,0,8.5314000000000003e-05,0.028477354,0,0.028477354,PREFIX_ASTAR,0.0029958541794297324,0.0029958541794297324,128,65,63,65,1,65,64,705,1,1,626,536870912,0,0,0,0
named_crc_linear,"CRC_n64_k48_CRC-16/CCITT-like",0.75,64,48,0.01,133,2,6,1,1,1,0,0,0.071112981000000006,4.5098220619999996,0,4.5098220619999996,PREFIX_ASTAR,0.015768467141797405,0.015768467141797405,258173,118516,139657,118516,3,118516,64,101354,1,1,86828,536870912,0,0,0,0
named_crc_linear,"CRC_n64_k48_CRC-16/CCITT-like",0.75,64,48,0.01,134,1,14,1,1,1,0,0,0.0022682990000000001,0.53543195499999996,0,0.53543195499999996,PREFIX_ASTAR,0.0042363907847076483,0.0042363907847076483,8190,3993,4197,3993,1,3993,64,11906,1,1,10437,536870912,0,0,0,0
named_crc_linear,"CRC_n64_k48_CRC-16/CCITT-like",0.75,64,48,0.01,135,2,58,1,1,1,0,0,0.071517635999999996,3.9631569799999999,0,3.9631569799999999,PREFIX_ASTAR,0.018045622810530203,0.018045622810530203,258172,119323,138849,119323,2,119323,64,89722,1,1,78290,536870912,0,0,0,0
named_crc_linear,"CRC_n64_k48_CRC-16/CCITT-like",0.75,64,48,0.01,136,0,11,1,1,1,0,0,7.6569000000000005e-05,0.034900415999999997,0,0.034900415999999997,PREFIX_ASTAR,0.002193928003608897,0.002193928003608897,128,65,63,65,1,65,64,839,1,1,687,536870912,0,0,0,0
named_crc_linear,"CRC_n64_k48_CRC-16/CCITT-like",0.75,64,48,0.01,137,0,48,1,1,1,0,0,7.3429000000000005e-05,0.0034791179999999998,0,0.0034791179999999998,PREFIX_ASTAR,0.021105636543514768,0.021105636543514768,124,64,60,64,1,64,64,102,1,1,83,536870912,0,0,0,0
named_crc_linear,"CRC_n64_k48_CRC-16/CCITT-like",0.75,64,48,0.01,138,2,40,1,1,1,0,0,0.069108963999999995,5.4031238530000003,0,5.4031238530000003,PREFIX_ASTAR,0.012790557070356312,0.012790557070356312,258173,120889,137284,120889,1,120889,64,119236,1,1,102794,536870912,0,0,0,0
named_crc_linear,"CRC_n64_k48_CRC-16/CCITT-like",0.75,64,48,0.01,139,0,20,1,1,1,0,0,7.5877999999999994e-05,0.017926752000000001,0,0.017926752000000001,PREFIX_ASTAR,0.0042326685838014596,0.0042326685838014596,127,65,62,65,1,65,64,446,1,1,397,536870912,0,0,0,0
named_crc_linear,"CRC_n64_k48_CRC-16/CCITT-like",0.75,64,48,0.01,140,0,2,1,1,1,0,0,6.9090000000000004e-05,0.015622621,0,0.015622621,PREFIX_ASTAR,0.0044224333420109212,0.0044224333420109212,126,63,63,63,1,63,64,381,1,1,342,536870912,0,0,0,0
named_crc_linear,"CRC_n64_k48_CRC-16/CCITT-like",0.75,64,48,0.01,141,2,8,1,1,1,0,0,0.068899466000000006,2.5277067889999998,0,2.5277067889999998,PREFIX_ASTAR,0.027257697095183143,0.027257697095183143,258168,120218,137950,120218,3,120218,64,57686,1,1,50521,536870912,0,0,0,0
named_crc_linear,"CRC_n64_k48_CRC-16/CCITT-like",0.75,64,48,0.01,142,0,48,1,1,1,0,0,6.9070000000000001e-05,0.053899827999999997,0,0.053899827999999997,PREFIX_ASTAR,0.0012814512135363402,0.0012814512135363402,128,65,63,65,1,65,64,1255,1,1,1165,536870912,0,0,0,0
named_crc_linear,"CRC_n64_k48_CRC-16/CCITT-like",0.75,64,48,0.01,143,1,61,1,1,1,0,0,0.0021820699999999999,0.24528583700000001,0,0.24528583700000001,PREFIX_ASTAR,0.0088960293292433337,0.0088960293292433337,8189,3998,4191,3998,1,3998,64,5686,1,1,5063,536870912,0,0,0,0
named_crc_linear,"CRC_n64_k48_CRC-16/CCITT-like",0.75,64,48,0.01,144,1,34,1,1,1,0,0,0.0023643610000000002,0.59565696300000004,0,0.59565696300000004,PREFIX_ASTAR,0.0039693332687525387,0.0039693332687525387,8191,3988,4203,3988,1,3988,64,13712,1,1,12092,536870912,0,0,0,0
named_crc_linear,"CRC_n64_k48_CRC-16/CCITT-like",0.75,64,48,0.01,145,0,40,1,1,1,0,0,7.1822000000000005e-05,0.008895699,0,0.008895699,PREFIX_ASTAR,0.0080737893671986877,0.0080737893671986877,125,63,62,63,1,63,64,231,1,1,203,536870912,0,0,0,0
named_crc_linear,"CRC_n64_k48_CRC-16/CCITT-like",0.75,64,48,0.01,146,1,24,1,1,1,0,0,0.002131614,0.96139655700000004,0,0.96139655700000004,PREFIX_ASTAR,0.0022172057768249319,0.0022172057768249319,8191,3991,4200,3991,1,3991,64,21131,1,1,18571,536870912,0,0,0,0
named_crc_linear,"CRC_n64_k48_CRC-16/CCITT-like",0.75,64,48,0.01,147,2,47,1,1,1,0,0,0.0021385250000000001,0.21801352199999999,0,0.21801352199999999,PREFIX_ASTAR,0.0098091392698109806,0.0098091392698109806,8189,4001,4188,4001,1,4001,64,5396,1,1,4674,536870912,0,0,0,0
named_crc_linear,"CRC_n64_k48_CRC-16/CCITT-like",0.75,64,48,0.01,148,0,41,1,1,1,0,0,7.9949000000000003e-05,0.042255823999999997,0,0.042255823999999997,PREFIX_ASTAR,0.0018920232155453887,0.0018920232155453887,128,65,63,65,1,65,64,1017,1,1,924,536870912,0,0,0,0
named_crc_linear,"CRC_n64_k48_CRC-16/CCITT-like",0.75,64,48,0.01,149,1,32,1,1,1,0,0,0.0021448449999999998,0.18495529699999999,0,0.18495529699999999,PREFIX_ASTAR,0.011596558924181554,0.011596558924181554,8189,3932,4257,3932,1,3932,64,4600,1,1,4159,536870912,0,0,0,0
named_crc_linear,"CRC_n64_k48_CRC-16/CCITT-like",0.75,64,48,0.01,150,1,53,1,1,1,0,0,7.8152999999999995e-05,0.031168527000000001,0,0.031168527000000001,PREFIX_ASTAR,0.0025074332194139296,0.0025074332194139296,128,65,63,65,1,65,64,704,1,1,627,536870912,0,0,0,0
named_crc_linear,"CRC_n64_k48_CRC-16/CCITT-like",0.75,64,48,0.01,151,1,15,1,1,1,0,0,0.0024296169999999998,0.147834984,0,0.147834984,PREFIX_ASTAR,0.016434655277535661,0.016434655277535661,8188,3995,4193,3995,1,3995,64,3420,1,1,3158,536870912,0,0,0,0
named_crc_linear,"CRC_n64_k48_CRC-16/CCITT-like",0.75,64,48,0.01,152,1,51,1,1,1,0,0,0.002206296,0.12258482900000001,0,0.12258482900000001,PREFIX_ASTAR,0.017998116226927232,0.017998116226927232,8185,3924,4261,3924,1,3924,64,3159,1,1,2822,536870912,0,0,0,0
named_crc_linear,"CRC_n64_k48_CRC-16/CCITT-like",0.75,64,48,0.01,153,2,28,1,1,1,0,0,0.0021927660000000001,0.75174850400000004,0,0.75174850400000004,PREFIX_ASTAR,0.0029168877468095365,0.0029168877468095365,8191,3986,4205,3986,1,3986,64,17097,1,1,14994,536870912,0,0,0,0
named_crc_linear,"CRC_n64_k48_CRC-16/CCITT-like",0.75,64,48,0.01,154,0,13,1,1,1,0,0,7.1444000000000002e-05,0.028933499000000001,0,0.028933499000000001,PREFIX_ASTAR,0.0024692485343718712,0.0024692485343718712,127,65,62,65,1,65,64,676,1,1,613,536870912,0,0,0,0
named_crc_linear,"CRC_n64_k48_CRC-16/CCITT-like",0.75,64,48,0.01,155,0,22,1,1,1,0,0,7.0705999999999997e-05,0.0055380450000000001,0,0.0055380450000000001,PREFIX_ASTAR,0.012767321320068723,0.012767321320068723,125,63,62,63,1,63,64,151,1,1,128,536870912,0,0,0,0
named_crc_linear,"CRC_n64_k48_CRC-16/CCITT-like",0.75,64,48,0.01,156,0,55,1,1,1,0,0,7.2010999999999999e-05,0.045522216999999997,0,0.045522216999999997,PREFIX_ASTAR,0.0015818869278708461,0.0015818869278708461,128,65,63,65,1,65,64,1093,1,1,959,536870912,0,0,0,0
named_crc_linear,"CRC_n64_k48_CRC-16/CCITT-like",0.75,64,48,0.01,157,1,53,1,1,1,0,0,0.0021379110000000002,0.47802831400000001,0,0.47802831400000001,PREFIX_ASTAR,0.0044723522381144984,0.0044723522381144984,8190,3984,4206,3984,1,3984,64,11024,1,1,9614,536870912,0,0,0,0
named_crc_linear,"CRC_n64_k48_CRC-16/CCITT-like",0.75,64,48,0.01,158,1,34,1,1,1,0,0,0.0021829359999999999,1.4288462820000001,0,1.4288462820000001,PREFIX_ASTAR,0.0015277612627052346,0.0015277612627052346,8192,3986,4206,3986,1,3986,64,31605,1,1,27634,536870912,0,0,0,0
named_crc_linear,"CRC_n64_k48_CRC-16/CCITT-like",0.75,64,48,0.01,159,1,31,1,1,1,0,0,0.0021860590000000002,0.22548834100000001,0,0.22548834100000001,PREFIX_ASTAR,0.0096947761924418077,0.0096947761924418077,8188,3966,4222,3966,1,3966,64,5452,1,1,4889,536870912,0,0,0,0
named_crc_linear,"CRC_n64_k48_CRC-16/CCITT-like",0.75,64,48,0.01,160,0,57,1,1,1,0,0,6.7422000000000006e-05,0.006421642,0,0.006421642,PREFIX_ASTAR,0.010499183853600061,0.010499183853600061,125,62,63,62,1,62,64,173,1,1,144,536870912,0,0,0,0
named_crc_linear,"CRC_n64_k48_CRC-16/CCITT-like",0.75,64,48,0.01,161,3,51,1,1,1,0,0,0.069860741000000004,9.8614328790000005,0,9.8614328790000005,PREFIX_ASTAR,0.0070842383512814862,0.0070842383512814862,258174,119760,138414,119760,2,119760,64,216513,1,1,184194,536870912,0,0,0,0
named_crc_linear,"CRC_n64_k48_CRC-16/CCITT-like",0.75,64,48,0.01,162,0,15,1,1,1,0,0,6.9721999999999994e-05,0.0057503420000000003,0,0.0057503420000000003,PREFIX_ASTAR,0.012124844052753729,0.012124844052753729,125,62,63,62,1,62,64,157,1,1,129,536870912,0,0,0,0
named_crc_linear,"CRC_n64_k48_CRC-16/CCITT-like",0.75,64,48,0.01,163,0,8,1,1,1,0,0,6.9684999999999994e-05,0.013849732,0,0.013849732,PREFIX_ASTAR,0.0050315053027740891,0.0050315053027740891,126,65,61,65,1,65,64,335,1,1,294,536870912,0,0,0,0
named_crc_linear,"CRC_n64_k48_CRC-16/CCITT-like",0.75,64,48,0.01,164,1,42,1,1,1,0,0,0.0024142579999999999,0.39149258199999998,0,0.39149258199999998,PREFIX_ASTAR,0.0061668039472584438,0.0061668039472584438,8190,3988,4202,3988,1,3988,64,9092,1,1,7958,536870912,0,0,0,0
named_crc_linear,"CRC_n64_k48_CRC-16/CCITT-like",0.75,64,48,0.01,165,1,55,1,1,1,0,0,0.00235103,1.3966013239999999,0,1.3966013239999999,PREFIX_ASTAR,0.001683393792916095,0.001683393792916095,8192,3962,4230,3962,1,3962,64,31361,1,1,27507,536870912,0,0,0,0
named_crc_linear,"CRC_n64_k48_CRC-16/CCITT-like",0.75,64,48,0.01,166,0,36,1,1,1,0,0,7.5648999999999993e-05,0.0056478880000000002,0,0.0056478880000000002,PREFIX_ASTAR,0.01339421036677781,0.01339421036677781,124,63,61,63,1,63,64,141,1,1,119,536870912,0,0,0,0
named_crc_linear,"CRC_n64_k48_CRC-16/CCITT-like",0.75,64,48,0.01,167,3,58,1,1,1,0,0,0.075716474000000006,2.6162747070000001,0,2.6162747070000001,PREFIX_ASTAR,0.028940567210857495,0.028940567210857495,258170,119925,138245,119925,4,119925,64,60033,1,1,52685,536870912,0,0,0,0
named_crc_linear,"CRC_n64_k48_CRC-16/CCITT-like",0.75,64,48,0.01,168,1,48,1,1,1,0,0,0.0021573040000000001,0.62902955599999999,0,0.62902955599999999,PREFIX_ASTAR,0.0034295749371751304,0.0034295749371751304,8191,3959,4232,3959,1,3959,64,14617,1,1,12977,536870912,0,0,0,0
named_crc_linear,"CRC_n64_k48_CRC-16/CCITT-like",0.75,64,48,0.01,169,1,54,1,1,1,0,0,0.0022231579999999998,0.21763465600000001,0,0.21763465600000001,PREFIX_ASTAR,0.010215091846401521,0.010215091846401521,8189,3991,4198,3991,2,3991,64,5137,1,1,4570,536870912,0,0,0,0
named_crc_linear,"CRC_n64_k48_CRC-16/CCITT-like",0.75,64,48,0.01,170,0,55,1,1,1,0,0,6.9616999999999994e-05,0.0357431,0,0.0357431,PREFIX_ASTAR,0.0019477045919352265,0.0019477045919352265,128,65,63,65,1,65,64,853,1,1,758,536870912,0,0,0,0
named_crc_linear,"CRC_n64_k48_CRC-16/CCITT-like",0.75,64,48,0.01,171,0,4,1,1,1,0,0,7.0995999999999996e-05,0.012211191,0,0.012211191,PREFIX_ASTAR,0.005814011098507918,0.005814011098507918,126,64,62,64,1,64,64,301,1,1,266,536870912,0,0,0,0
named_crc_linear,"CRC_n64_k48_CRC-16/CCITT-like",0.75,64,48,0.01,172,0,29,1,1,1,0,0,6.9541000000000004e-05,0.021714575,0,0.021714575,PREFIX_ASTAR,0.0032025033877015785,0.0032025033877015785,127,64,63,64,1,64,64,533,1,1,473,536870912,0,0,0,0
named_crc_linear,"CRC_n64_k48_CRC-16/CCITT-like",0.75,64,48,0.01,173,1,18,1,1,1,0,0,7.2687000000000004e-05,0.039336123000000001,0,0.039336123000000001,PREFIX_ASTAR,0.0018478435203184615,0.0018478435203184615,128,65,63,65,1,65,64,930,1,1,852,536870912,0,0,0,0
named_crc_linear,"CRC_n64_k48_CRC-16/CCITT-like",0.75,64,48,0.01,174,2,22,1,1,1,0,0,0.068048685999999997,4.274968329,0,4.274968329,PREFIX_ASTAR,0.015917939213345691,0.015917939213345691,258172,120462,137710,120462,2,120462,64,96156,1,1,83579,536870912,0,0,0,0
named_crc_linear,"CRC_n64_k48_CRC-16/CCITT-like",0.75,64,48,0.01,175,0,43,1,1,1,0,0,6.7869999999999999e-05,0.0048282250000000002,0,0.0048282250000000002,PREFIX_ASTAR,0.014056925681798175,0.014056925681798175,125,64,61,64,1,64,64,135,1,1,113,536870912,0,0,0,0
named_crc_linear,"CRC_n64_k48_CRC-16/CCITT-like",0.75,64,48,0.01,176,0,27,1,1,1,0,0,6.7631000000000004e-05,0.013026193,0,0.013026193,PREFIX_ASTAR,0.0051919236879109654,0.0051919236879109654,126,65,61,65,1,65,64,340,1,1,302,536870912,0,0,0,0
named_crc_linear,"CRC_n64_k48_CRC-16/CCITT-like",0.75,64,48,0.01,177,0,23,1,1,1,0,0,6.7303000000000003e-05,0.032789489999999998,0,0.032789489999999998,PREFIX_ASTAR,0.002052578432906398,0.002052578432906398,128,65,63,65,1,65,64,806,1,1,743,536870912,0,0,0,0
named_crc_linear,"CRC_n64_k48_CRC-16/CCITT-like",0.75,64,48,0.01,178,0,11,1,1,1,0,0,7.2026000000000005e-05,0.0073860669999999996,0,0.0073860669999999996,PREFIX_ASTAR,0.0097516039321062214,0.0097516039321062214,126,63,63,63,1,63,64,191,1,1,162,536870912,0,0,0,0
named_crc_linear,"CRC_n64_k48_CRC-16/CCITT-like",0.75,64,48,0.01,179,1,36,1,1,1,0,0,0.002108052,1.001114182,0,1.001114182,PREFIX_ASTAR,0.0021057058604330111,0.0021057058604330111,8191,3982,4209,3982,1,3982,64,21883,1,1,19236,536870912,0,0,0,0
named_crc_linear,"CRC_n64_k48_CRC-16/CCITT-like",0.75,64,48,0.01,180,4,38,1,1,1,0,0,0.068596352999999999,4.3909396300000001,0,4.3909396300000001,PREFIX_ASTAR,0.015622249172211916,0.015622249172211916,258172,118601,139571,118601,4,118601,64,99280,1,1,85862,536870912,0,0,0,0
named_crc_linear,"CRC_n64_k48_CRC-16/CCITT-like",0.75,64,48,0.01,181,1,13,1,1,1,0,0,0.0021522519999999999,0.111933036,0,0.111933036,PREFIX_ASTAR,0.019228032017285762,0.019228032017285762,8185,3979,4206,3979,1,3979,64,2772,1,1,2536,536870912,0,0,0,0
named_crc_linear,"CRC_n64_k48_CRC-16/CCITT-like",0.75,64,48,0.01,182,1,23,1,1,1,0,0,0.0021864229999999998,0.77722772799999995,0,0.77722772799999995,PREFIX_ASTAR,0.0028131047326710916,0.0028131047326710916,8191,3970,4221,3970,1,3970,64,17565,1,1,15454,536870912,0,0,0,0
named_crc_linear,"CRC_n64_k48_CRC-16/CCITT-like",0.75,64,48,0.01,183,1,32,1,1,1,0,0,0.0023550709999999998,1.0801704889999999,0,1.0801704889999999,PREFIX_ASTAR,0.0021802771173467968,0.0021802771173467968,8191,3998,4193,3998,1,3998,64,24046,1,1,20926,536870912,0,0,0,0
named_crc_linear,"CRC_n64_k48_CRC-16/CCITT-like",0.75,64,48,0.01,184,1,45,1,1,1,0,0,0.002224976,1.6351822039999999,0,1.6351822039999999,PREFIX_ASTAR,0.001360689955258344,0.001360689955258344,8192,3985,4207,3985,1,3985,64,36347,1,1,31839,536870912,0,0,0,0
named_crc_linear,"CRC_n64_k48_CRC-16/CCITT-like",0.75,64,48,0.01,185,3,51,0,0,0,0,0,0.73387216499999997,46.266301292000001,0,inf,PREFIX_ASTAR,0.015861915573676846,0,2000000,892678,1107322,892678,12,892678,64,1000000,0,0,835271,536870912,0,0,0,0
named_crc_linear,"CRC_n64_k48_CRC-16/CCITT-like",0.75,64,48,0.01,186,0,40,1,1,1,0,0,7.2418999999999999e-05,0.028523775000000001,0,0.028523775000000001,PREFIX_ASTAR,0.0025388995671155028,0.0025388995671155028,127,65,62,65,1,65,64,660,1,1,591,536870912,0,0,0,0
named_crc_linear,"CRC_n64_k48_CRC-16/CCITT-like",0.75,64,48,0.01,187,0,15,1,1,1,0,0,7.3811000000000002e-05,0.0035779060000000001,0,0.0035779060000000001,PREFIX_ASTAR,0.020629664390288623,0.020629664390288623,124,64,60,64,1,64,64,104,1,1,86,536870912,0,0,0,0
named_crc_linear,"CRC_n64_k48_CRC-16/CCITT-like",0.75,64,48,0.01,188,0,29,1,1,1,0,0,7.5142999999999995e-05,0.036032415999999998,0,0.036032415999999998,PREFIX_ASTAR,0.0020854277437294239,0.0020854277437294239,128,65,63,65,1,65,64,886,1,1,798,536870912,0,0,0,0
named_crc_linear,"CRC_n64_k48_CRC-16/CCITT-like",0.75,64,48,0.01,189,0,37,1,1,1,0,0,6.9381999999999994e-05,0.0030763399999999999,0,0.0030763399999999999,PREFIX_ASTAR,0.022553423873824089,0.022553423873824089,123,62,61,62,1,62,64,98,1,1,78,536870912,0,0,0,0
named_crc_linear,"CRC_n64_k48_CRC-16/CCITT-like",0.75,64,48,0.01,190,2,56,1,1,1,0,0,0.068127928000000004,28.153697423000001,0,28.153697423000001,PREFIX_ASTAR,0.0024198572207550719,0.0024198572207550719,258176,118662,139514,118662,2,118662,64,608210,2,2,510314,536870912,0,0,0,0
named_crc_linear,"CRC_n64_k48_CRC-16/CCITT-like",0.75,64,48,0.01,191,1,54,1,1,1,0,0,0.0022311010000000001,0.66028873200000004,0,0.66028873200000004,PREFIX_ASTAR,0.0033789778499506485,0.0033789778499506485,8191,3966,4225,3966,2,3966,64,15404,1,1,13608,536870912,0,0,0,0
named_crc_linear,"CRC_n64_k48_CRC-16/CCITT-like",0.75,64,48,0.01,192,1,59,1,1,1,0,0,0.0022085569999999999,0.115030614,0,0.115030614,PREFIX_ASTAR,0.019199732342557084,0.019199732342557084,8187,3982,4205,3982,1,3982,64,2908,1,1,2515,536870912,0,0,0,0
named_crc_linear,"CRC_n64_k48_CRC-16/CCITT-like",0.75,64,48,0.01,193,1,16,1,1,1,0,0,7.1296000000000003e-05,0.025658352999999998,0,0.025658352999999998,PREFIX_ASTAR,0.0027786662690313757,0.0027786662690313757,127,65,62,65,1,65,64,630,1,1,564,536870912,0,0,0,0
named_crc_linear,"CRC_n64_k48_CRC-16/CCITT-like",0.75,64,48,0.01,194,1,48,1,1,1,0,0,0.0021533870000000001,1.387822052,0,1.387822052,PREFIX_ASTAR,0.0015516304823782986,0.0015516304823782986,8192,3965,4227,3965,1,3965,64,31296,1,1,27377,536870912,0,0,0,0
named_crc_linear,"CRC_n64_k48_CRC-16/CCITT-like",0.75,64,48,0.01,195,1,3,1,1,1,0,0,0.002190492,0.288679872,0,0.288679872,PREFIX_ASTAR,0.0075879623502119334,0.0075879623502119334,8189,3974,4215,3974,1,3974,64,6545,1,1,5759,536870912,0,0,0,0
named_crc_linear,"CRC_n64_k48_CRC-16/CCITT-like",0.75,64,48,0.01,196,2,33,1,1,1,0,0,0.070514763999999994,4.8572668630000004,0,4.8572668630000004,PREFIX_ASTAR,0.014517374891864158,0.014517374891864158,258173,119577,138596,119577,2,119577,64,111103,1,1,93787,536870912,0,0,0,0
named_crc_linear,"CRC_n64_k48_CRC-16/CCITT-like",0.75,64,48,0.01,197,1,51,1,1,1,0,0,0.0021910969999999999,0.33773340899999998,0,0.33773340899999998,PREFIX_ASTAR,0.006487652514116541,0.006487652514116541,8190,3960,4230,3960,1,3960,64,7922,1,1,7032,536870912,0,0,0,0
named_crc_linear,"CRC_n64_k48_CRC-16/CCITT-like",0.75,64,48,0.01,198,1,52,1,1,1,0,0,0.0021952500000000002,0.35791050000000002,0,0.35791050000000002,PREFIX_ASTAR,0.0061335166193783085,0.0061335166193783085,8190,3971,4219,3971,1,3971,64,8133,1,1,7239,536870912,0,0,0,0
named_crc_linear,"CRC_n64_k48_CRC-16/CCITT-like",0.75,64,48,0.01,199,1,31,1,1,1,0,0,0.0023793310000000002,1.0601729230000001,0,1.0601729230000001,PREFIX_ASTAR,0.0022442857654458317,0.0022442857654458317,8192,3967,4225,3967,1,3967,64,24398,1,1,21314,536870912,0,0,0,0
named_crc_linear,"CRC_n64_k48_CRC-16/CCITT-like",0.75,64,48,0.01,200,1,50,1,1,1,0,0,0.002195537,0.45681613599999998,0,0.45681613599999998,PREFIX_ASTAR,0.0048061721707658772,0.0048061721707658772,8190,3986,4204,3986,1,3986,64,10688,1,1,9478,536870912,0,0,0,0
named_crc_linear,"CRC_n64_k48_CRC-16/CCITT-like",0.75,64,48,0.01,201,2,35,1,1,1,0,0,0.070067241000000002,3.8392519319999998,0,3.8392519319999998,PREFIX_ASTAR,0.018250232660168134,0.018250232660168134,258171,118935,139236,118935,3,118935,64,87709,1,1,75718,536870912,0,0,0,0
named_crc_linear,"CRC_n64_k48_CRC-16/CCITT-like",0.75,64,48,0.01,202,0,2,1,1,1,0,0,7.1966999999999997e-05,0.052800769999999997,0,0.052800769999999997,PREFIX_ASTAR,0.001362991486677183,0.001362991486677183,128,65,63,65,1,65,64,1242,1,1,1131,536870912,0,0,0,0
named_crc_linear,"CRC_n64_k48_CRC-16/CCITT-like",0.75,64,48,0.01,203,1,34,1,1,1,0,0,0.0021212370000000002,1.715277296,0,1.715277296,PREFIX_ASTAR,0.001236672930345835,0.001236672930345835,8192,3994,4198,3994,1,3994,64,37522,1,1,32958,536870912,0,0,0,0
named_crc_linear,"CRC_n64_k48_CRC-16/CCITT-like",0.75,64,48,0.01,204,1,47,1,1,1,0,0,0.0021847189999999999,0.20594333500000001,0,0.20594333500000001,PREFIX_ASTAR,0.010608350107567209,0.010608350107567209,8188,3967,4221,3967,1,3967,64,4779,1,1,4293,536870912,0,0,0,0
named_crc_linear,"CRC_n64_k48_CRC-16/CCITT-like",0.75,64,48,0.01,205,2,18,1,1,1,0,0,0.069964884000000005,3.0503561929999998,0,3.0503561929999998,PREFIX_ASTAR,0.02293662758485596,0.02293662758485596,258168,117783,140385,117783,5,117783,64,71790,1,1,62286,536870912,0,0,0,0
named_crc_linear,"CRC_n64_k48_CRC-16/CCITT-like",0.75,64,48,0.01,206,0,26,1,1,1,0,0,7.1841999999999994e-05,0.014400471,0,0.014400471,PREFIX_ASTAR,0.0049888646003314746,0.0049888646003314746,126,65,61,65,1,65,64,355,1,1,321,536870912,0,0,0,0
named_crc_linear,"CRC_n64_k48_CRC-16/CCITT-like",0.75,64,48,0.01,207,0,20,1,1,1,0,0,6.9129999999999997e-05,0.015461221000000001,0,0.015461221000000001,PREFIX_ASTAR,0.0044711863312735774,0.0044711863312735774,127,64,63,64,1,64,64,370,1,1,333,536870912,0,0,0,0
named_crc_linear,"CRC_n64_k48_CRC-16/CCITT-like",0.75,64,48,0.01,208,1,1,1,1,1,0,0,0.0021988350000000001,0.95683162499999996,0,0.95683162499999996,PREFIX_ASTAR,0.002298037546574613,0.002298037546574613,8191,3978,4213,3978,1,3978,64,21045,1,1,18180,536870912,0,0,0,0
named_crc_linear,"CRC_n64_k48_CRC-16/CCITT-like",0.75,64,48,0.01,209,0,18,1,1,1,0,0,7.5265000000000005e-05,0.012589117,0,0.012589117,PREFIX_ASTAR,0.0059785765753070687,0.0059785765753070687,127,65,62,65,1,65,64,343,1,1,295,536870912,0,0,0,0
named_crc_linear,"CRC_n64_k48_CRC-16/CCITT-like",0.75,64,48,0.01,210,2,32,1,1,1,0,0,0.068163215999999999,3.470102212,0,3.470102212,PREFIX_ASTAR,0.019642999495601023,0.019642999495601023,258172,120234,137938,120234,2,120234,64,79638,1,1,67850,536870912,0,0,0,0
named_crc_linear,"CRC_n64_k48_CRC-16/CCITT-like",0.75,64,48,0.01,211,2,7,1,1,1,0,0,0.070241909000000005,4.51783337,0,4.51783337,PREFIX_ASTAR,0.015547698032962205,0.015547698032962205,258173,119787,138386,119787,1,119787,64,101695,1,1,86955,536870912,0,0,0,0
named_crc_linear,"CRC_n64_k48_CRC-16/CCITT-like",0.75,64,48,0.01,212,0,7,1,1,1,0,0,7.3590999999999994e-05,0.034780799000000001,0,0.034780799000000001,PREFIX_ASTAR,0.0021158513351001509,0.0021158513351001509,128,65,63,65,1,65,64,845,1,1,773,536870912,0,0,0,0
named_crc_linear,"CRC_n64_k48_CRC-16/CCITT-like",0.75,64,48,0.01,213,0,6,1,1,1,0,0,7.0659000000000002e-05,0.0043728359999999997,0,0.0043728359999999997,PREFIX_ASTAR,0.016158621087093136,0.016158621087093136,123,62,61,62,1,62,64,123,1,1,101,536870912,0,0,0,0
named_crc_linear,"CRC_n64_k48_CRC-16/CCITT-like",0.75,64,48,0.01,214,1,20,1,1,1,0,0,0.0021940029999999999,1.6250044539999999,0,1.6250044539999999,PREFIX_ASTAR,0.001350151991644941,0.001350151991644941,8192,3984,4208,3984,1,3984,64,36199,1,1,31620,536870912,0,0,0,0
named_crc_linear,"CRC_n64_k48_CRC-16/CCITT-like",0.75,64,48,0.01,215,0,55,1,1,1,0,0,7.3386999999999994e-05,0.0019441879999999999,0,0.0019441879999999999,PREFIX_ASTAR,0.037746863986404602,0.037746863986404602,119,61,58,61,1,61,64,66,1,1,49,536870912,0,0,0,0
named_crc_linear,"CRC_n64_k48_CRC-16/CCITT-like",0.75,64,48,0.01,216,2,6,1,1,1,0,0,0.069844875000000001,5.9970566820000002,0,5.9970566820000002,PREFIX_ASTAR,0.011646525738140422,0.011646525738140422,258173,120162,138011,120162,1,120162,64,133228,1,1,114828,536870912,0,0,0,0
named_crc_linear,"CRC_n64_k48_CRC-16/CCITT-like",0.75,64,48,0.01,217,0,63,1,1,1,0,0,7.9429000000000001e-05,0.050727238000000001,0,0.050727238000000001,PREFIX_ASTAR,0.0015658057314297301,0.0015658057314297301,128,65,63,65,1,65,64,1193,1,1,1088,536870912,0,0,0,0
named_crc_linear,"CRC_n64_k48_CRC-16/CCITT-like",0.75,64,48,0.01,218,1,30,1,1,1,0,0,0.002105801,0.50349652199999995,0,0.50349652199999995,PREFIX_ASTAR,0.0041823546101873573,0.0041823546101873573,8190,3987,4203,3987,1,3987,64,11602,1,1,10138,536870912,0,0,0,0
named_crc_linear,"CRC_n64_k48_CRC-16/CCITT-like",0.75,64,48,0.01,219,0,3,1,1,1,0,0,7.6174999999999995e-05,0.0056996160000000002,0,0.0056996160000000002,PREFIX_ASTAR,0.013364935462318863,0.013364935462318863,124,63,61,63,1,63,64,152,1,1,130,536870912,0,0,0,0
named_crc_linear,"CRC_n64_k48_CRC-16/CCITT-like",0.75,64,48,0.01,220,0,11,1,1,1,0,0,6.6644999999999996e-05,0.0043639070000000002,0,0.0043639070000000002,PREFIX_ASTAR,0.015271865326185914,0.015271865326185914,123,64,59,64,1,64,64,129,1,1,103,536870912,0,0,0,0
named_crc_linear,"CRC_n64_k48_CRC-16/CCITT-like",0.75,64,48,0.01,221,0,41,1,1,1,0,0,6.7909000000000003e-05,0.0069210269999999997,0,0.0069210269999999997,PREFIX_ASTAR,0.0098119831059754574,0.0098119831059754574,125,65,60,65,1,65,64,191,1,1,163,536870912,0,0,0,0
named_crc_linear,"CRC_n64_k48_CRC-16/CCITT-like",0.75,64,48,0.01,222,0,52,1,1,1,0,0,6.8745999999999995e-05,0.019529640000000001,0,0.019529640000000001,PREFIX_ASTAR,0.0035200853676770278,0.0035200853676770278,127,65,62,65,1,65,64,496,1,1,439,536870912,0,0,0,0
named_crc_linear,"CRC_n64_k48_CRC-16/CCITT-like",0.75,64,48,0.01,223,0,4,1,1,1,0,0,6.8749000000000002e-05,0.044291899000000003,0,0.044291899000000003,PREFIX_ASTAR,0.0015521800047453372,0.0015521800047453372,128,65,63,65,1,65,64,1113,1,1,990,536870912,0,0,0,0
named_crc_linear,"CRC_n64_k48_CRC-16/CCITT-like",0.75,64,48,0.01,224,1,46,1,1,1,0,0,0.0022341000000000001,0.49519306400000002,0,0.49519306400000002,PREFIX_ASTAR,0.0045115736919933919,0.0045115736919933919,8190,3971,4219,3971,1,3971,64,11832,1,1,10356,536870912,0,0,0,0
named_crc_linear,"CRC_n64_k48_CRC-16/CCITT-like",0.75,64,48,0.01,225,0,50,1,1,1,0,0,7.4750000000000001e-05,0.014828309,0,0.014828309,PREFIX_ASTAR,0.0050410333369772641,0.0050410333369772641,127,64,63,64,1,64,64,370,1,1,330,536870912,0,0,0,0
named_crc_linear,"CRC_n64_k48_CRC-16/CCITT-like",0.75,64,48,0.01,226,1,41,1,1,1,0,0,0.002336295,0.65905574,0,0.65905574,PREFIX_ASTAR,0.0035449126048124548,0.0035449126048124548,8191,3929,4262,3929,1,3929,64,15739,1,1,13728,536870912,0,0,0,0
named_crc_linear,"CRC_n64_k48_CRC-16/CCITT-like",0.75,64,48,0.01,227,0,1,1,1,1,0,0,7.7609999999999997e-05,0.013214225,0,0.013214225,PREFIX_ASTAR,0.0058732161742364765,0.0058732161742364765,126,63,63,63,1,63,64,322,1,1,286,536870912,0,0,0,0
named_crc_linear,"CRC_n64_k48_CRC-16/CCITT-like",0.75,64,48,0.01,228,1,12,1,1,1,0,0,0.0022939670000000001,0.83913922500000004,0,0.83913922500000004,PREFIX_ASTAR,0.0027337144202739419,0.0027337144202739419,8191,3989,4202,3989,1,3989,64,18921,1,1,16469,536870912,0,0,0,0
named_crc_linear,"CRC_n64_k48_CRC-16/CCITT-like",0.75,64,48,0.01,229,0,27,1,1,1,0,0,6.9382999999999996e-05,0.0044169789999999997,0,0.0044169789999999997,PREFIX_ASTAR,0.015708247650713304,0.015708247650713304,125,64,61,64,1,64,64,123,1,1,104,536870912,0,0,0,0
named_crc_linear,"CRC_n64_k48_CRC-16/CCITT-like",0.75,64,48,0.01,230,0,38,1,1,1,0,0,6.7527000000000006e-05,0.0096812960000000007,0,0.0096812960000000007,PREFIX_ASTAR,0.0069749959096385445,0.0069749959096385445,126,64,62,64,1,64,64,255,1,1,223,536870912,0,0,0,0
named_crc_linear,"CRC_n64_k48_CRC-16/CCITT-like",0.75,64,48,0.01,231,0,57,1,1,1,0,0,7.1192999999999994e-05,0.044949775999999997,0,0.044949775999999997,PREFIX_ASTAR,0.001583834366605075,0.001583834366605075,128,65,63,65,1,65,64,1069,1,1,961,536870912,0,0,0,0
named_crc_linear,"CRC_n64_k48_CRC-16/CCITT-like",0.75,64,48,0.01,232,0,45,1,1,1,0,0,6.9202999999999995e-05,0.0099790079999999993,0,0.0099790079999999993,PREFIX_ASTAR,0.0069348576531855673,0.0069348576531855673,126,65,61,65,1,65,64,264,1,1,230,536870912,0,0,0,0
named_crc_linear,"CRC_n64_k48_CRC-16/CCITT-like",0.75,64,48,0.01,233,0,32,1,1,1,0,0,7.0952999999999996e-05,0.0037781690000000001,0,0.0037781690000000001,PREFIX_ASTAR,0.018779731663670945,0.018779731663670945,124,62,62,62,1,62,64,107,1,1,87,536870912,0,0,0,0
named_crc_linear,"CRC_n64_k48_CRC-16/CCITT-like",0.75,64,48,0.01,234,2,6,1,1,1,0,0,0.070268564000000006,7.3458728630000003,0,7.3458728630000003,PREFIX_ASTAR,0.0095657201411600314,0.0095657201411600314,258174,116157,142017,116157,3,116157,64,165772,1,1,141038,536870912,0,0,0,0
named_crc_linear,"CRC_n64_k48_CRC-16/CCITT-like",0.75,64,48,0.01,235,0,62,1,1,1,0,0,7.0771000000000004e-05,0.044525118000000002,0,0.044525118000000002,PREFIX_ASTAR,0.0015894623794146935,0.0015894623794146935,128,65,63,65,1,65,64,1061,1,1,977,536870912,0,0,0,0
named_crc_linear,"CRC_n64_k48_CRC-16/CCITT-like",0.75,64,48,0.01,236,0,40,1,1,1,0,0,7.4350000000000005e-05,0.025984019000000001,0,0.025984019000000001,PREFIX_ASTAR,0.002861374139235351,0.002861374139235351,128,65,63,65,1,65,64,667,1,1,585,536870912,0,0,0,0
named_crc_linear,"CRC_n64_k48_CRC-16/CCITT-like",0.75,64,48,0.01,237,1,53,1,1,1,0,0,0.0022448659999999999,0.45023336600000002,0,0.45023336600000002,PREFIX_ASTAR,0.0049860054130239648,0.0049860054130239648,8190,3965,4225,3965,1,3965,64,10290,1,1,9182,536870912,0,0,0,0
named_crc_linear,"CRC_n64_k48_CRC-16/CCITT-like",0.75,64,48,0.01,238,1,12,1,1,1,0,0,0.0023512709999999998,0.30766061300000003,0,0.30766061300000003,PREFIX_ASTAR,0.0076424179782805012,0.0076424179782805012,8190,3966,4224,3966,1,3966,64,7681,1,1,6790,536870912,0,0,0,0
named_crc_linear,"CRC_n64_k48_CRC-16/CCITT-like",0.75,64,48,0.01,239,0,7,1,1,1,0,0,7.2144999999999995e-05,0.0056514299999999998,0,0.0056514299999999998,PREFIX_ASTAR,0.012765795559707896,0.012765795559707896,124,64,60,64,1,64,64,150,1,1,130,536870912,0,0,0,0
named_crc_linear,"CRC_n64_k48_CRC-16/CCITT-like",0.75,64,48,0.01,240,2,51,1,1,1,0,0,0.070429612000000003,9.3176182759999993,0,9.3176182759999993,PREFIX_ASTAR,0.0075587569606076453,0.0075587569606076453,258175,118947,139228,118947,3,118947,64,208527,1,1,175674,536870912,0,0,0,0
named_crc_linear,"CRC_n64_k48_CRC-16/CCITT-like",0.75,64,48,0.01,241,0,21,1,1,1,0,0,6.9865999999999998e-05,0.031100889,0,0.031100889,PREFIX_ASTAR,0.0022464309621503102,0.0022464309621503102,128,65,63,65,1,65,64,772,1,1,687,536870912,0,0,0,0
named_crc_linear,"CRC_n64_k48_CRC-16/CCITT-like",0.75,64,48,0.01,242,0,38,1,1,1,0,0,6.9067999999999997e-05,0.0023967179999999999,0,0.0023967179999999999,PREFIX_ASTAR,0.028817741594964447,0.028817741594964447,123,64,59,64,1,64,64,79,1,1,58,536870912,0,0,0,0
named_crc_linear,"CRC_n64_k48_CRC-16/CCITT-like",0.75,64,48,0.01,243,0,44,1,1,1,0,0,6.6985999999999999e-05,0.0019747480000000001,0,0.0019747480000000001,PREFIX_ASTAR,0.033921290210193904,0.033921290210193904,123,60,63,60,1,60,64,66,1,1,49,536870912,0,0,0,0
named_crc_linear,"CRC_n64_k48_CRC-16/CCITT-like",0.75,64,48,0.01,244,0,49,1,1,1,0,0,6.7744999999999996e-05,0.002527676,0,0.002527676,PREFIX_ASTAR,0.02680129890065024,0.02680129890065024,124,62,62,62,1,62,64,83,1,1,60,536870912,0,0,0,0
named_crc_linear,"CRC_n64_k48_CRC-16/CCITT-like",0.75,64,48,0.01,245,0,17,1,1,1,0,0,6.8256000000000005e-05,0.025900738999999999,0,0.025900738999999999,PREFIX_ASTAR,0.0026352916030697041,0.0026352916030697041,127,65,62,65,1,65,64,629,1,1,546,536870912,0,0,0,0
named_crc_linear,"CRC_n64_k48_CRC-16/CCITT-like",0.75,64,48,0.01,246,0,49,1,1,1,0,0,6.8750000000000004e-05,0.029278498,0,0.029278498,PREFIX_ASTAR,0.0023481395801109744,0.0023481395801109744,128,65,63,65,1,65,64,714,1,1,644,536870912,0,0,0,0
named_crc_linear,"CRC_n64_k48_CRC-16/CCITT-like",0.75,64,48,0.01,247,0,2,1,1,1,0,0,6.9641999999999995e-05,0.042355917999999999,0,0.042355917999999999,PREFIX_ASTAR,0.0016442094349129676,0.0016442094349129676,128,65,63,65,1,65,64,1019,1,1,929,536870912,0,0,0,0
named_crc_linear,"CRC_n64_k48_CRC-16/CCITT-like",0.75,64,48,0.01,248,0,43,1,1,1,0,0,7.1651999999999998e-05,0.048074758000000002,0,0.048074758000000002,PREFIX_ASTAR,0.0014904287193707765,0.0014904287193707765,128,65,63,65,1,65,64,1140,1,1,1043,536870912,0,0,0,0
named_crc_linear,"CRC_n64_k48_CRC-16/CCITT-like",0.75,64,48,0.01,249,0,20,1,1,1,0,0,7.2649000000000002e-05,0.021458169999999999,0,0.021458169999999999,PREFIX_ASTAR,0.0033856102361012148,0.0033856102361012148,127,65,62,65,1,65,64,521,1,1,468,536870912,0,0,0,0
named_crc_linear,"CRC_n64_k48_CRC-16/CCITT-like",0.75,64,48,0.01,250,1,48,1,1,1,0,0,0.0021971759999999999,0.43537902000000001,0,0.43537902000000001,PREFIX_ASTAR,0.0050465821710931318,0.0050465821710931318,8190,3974,4216,3974,1,3974,64,10367,1,1,9161,536870912,0,0,0,0
named_crc_linear,"CRC_n64_k48_CRC-16/CCITT-like",0.75,64,48,0.01,251,0,17,1,1,1,0,0,7.1210000000000004e-05,0.025592732,0,0.025592732,PREFIX_ASTAR,0.0027824305744302718,0.0027824305744302718,127,64,63,64,1,64,64,626,1,1,552,536870912,0,0,0,0
named_crc_linear,"CRC_n64_k48_CRC-16/CCITT-like",0.75,64,48,0.01,252,1,35,1,1,1,0,0,0.0021933120000000002,1.12554179,0,1.12554179,PREFIX_ASTAR,0.0019486722034550137,0.0019486722034550137,8192,3934,4258,3934,1,3934,64,25767,1,1,22866,536870912,0,0,0,0
named_crc_linear,"CRC_n64_k48_CRC-16/CCITT-like",0.75,64,48,0.01,253,2,22,1,1,1,0,0,0.071552655000000007,11.117378488,0,11.117378488,PREFIX_ASTAR,0.0064361085733685604,0.0064361085733685604,258175,118956,139219,118956,5,118956,64,246975,1,1,208733,536870912,0,0,0,0
named_crc_linear,"CRC_n64_k48_CRC-16/CCITT-like",0.75,64,48,0.01,254,1,63,1,1,1,0,0,0.0021921950000000001,1.601030629,0,1.601030629,PREFIX_ASTAR,0.0013692398885393217,0.0013692398885393217,8192,3991,4201,3991,1,3991,64,35032,1,1,30622,536870912,0,0,0,0
named_crc_linear,"CRC_n64_k48_CRC-16/CCITT-like",0.75,64,48,0.01,255,0,11,1,1,1,0,0,7.7914e-05,0.005337568,0,0.005337568,PREFIX_ASTAR,0.014597284755903812,0.014597284755903812,125,64,61,64,1,64,64,143,1,1,123,536870912,0,0,0,0
named_crc_linear,"CRC_n64_k48_CRC-16/CCITT-like",0.75,64,48,0.01,256,1,20,1,1,1,0,0,0.002191218,0.32348919999999998,0,0.32348919999999998,PREFIX_ASTAR,0.0067736975453894597,0.0067736975453894597,8189,3983,4206,3983,1,3983,64,7475,1,1,6683,536870912,0,0,0,0
named_crc_linear,"CRC_n64_k48_CRC-16/CCITT-like",0.75,64,48,0.01,257,0,12,1,1,1,0,0,7.0978999999999999e-05,0.026137264,0,0.026137264,PREFIX_ASTAR,0.0027156247111403855,0.0027156247111403855,127,65,62,65,1,65,64,635,1,1,572,536870912,0,0,0,0
named_crc_linear,"CRC_n64_k48_CRC-16/CCITT-like",0.75,64,48,0.01,258,0,62,1,1,1,0,0,7.1687000000000007e-05,0.0050341939999999996,0,0.0050341939999999996,PREFIX_ASTAR,0.014240015382800109,0.014240015382800109,125,64,61,64,1,64,64,141,1,1,118,536870912,0,0,0,0
named_crc_linear,"CRC_n64_k48_CRC-16/CCITT-like",0.75,64,48,0.01,259,0,15,1,1,1,0,0,6.7341999999999993e-05,0.0041778689999999999,0,0.0041778689999999999,PREFIX_ASTAR,0.016118743790195431,0.016118743790195431,124,61,63,61,1,61,64,120,1,1,99,536870912,0,0,0,0
named_crc_linear,"CRC_n64_k48_CRC-16/CCITT-like",0.75,64,48,0.01,260,0,28,1,1,1,0,0,6.9758999999999994e-05,0.017120297,0,0.017120297,PREFIX_ASTAR,0.0040746372565849762,0.0040746372565849762,127,65,62,65,1,65,64,433,1,1,366,536870912,0,0,0,0
named_crc_linear,"CRC_n64_k48_CRC-16/CCITT-like",0.75,64,48,0.01,261,0,24,1,1,1,0,0,7.7564999999999993e-05,0.0084634429999999993,0,0.0084634429999999993,PREFIX_ASTAR,0.0091647099177013421,0.0091647099177013421,125,64,61,64,1,64,64,222,1,1,194,536870912,0,0,0,0
named_crc_linear,"CRC_n64_k48_CRC-16/CCITT-like",0.75,64,48,0.01,262,1,22,1,1,1,0,0,0.0021248949999999999,0.23092900899999999,0,0.23092900899999999,PREFIX_ASTAR,0.0092015074641402031,0.0092015074641402031,8189,3958,4231,3958,1,3958,64,5770,1,1,5194,536870912,0,0,0,0
named_crc_linear,"CRC_n64_k48_CRC-16/CCITT-like",0.75,64,48,0.01,263,1,37,1,1,1,0,0,0.0021428490000000001,0.62368507699999998,0,0.62368507699999998,PREFIX_ASTAR,0.0034357868722903564,0.0034357868722903564,8191,3979,4212,3979,1,3979,64,14816,1,1,12717,536870912,0,0,0,0
named_crc_linear,"CRC_n64_k48_CRC-16/CCITT-like",0.75,64,48,0.01,264,1,28,1,1,1,0,0,0.002167825,0.095242579999999993,0,0.095242579999999993,PREFIX_ASTAR,0.022761090680239869,0.022761090680239869,8182,3956,4226,3956,2,3956,64,2469,1,1,2222,536870912,0,0,0,0
named_crc_linear,"CRC_n64_k48_CRC-16/CCITT-like",0.75,64,48,0.01,265,2,24,1,1,1,0,0,0.067160679000000001,9.3675726509999997,0,9.3675726509999997,PREFIX_ASTAR,0.007169485789131352,0.007169485789131352,258174,118696,139478,118696,2,118696,64,205912,1,1,176287,536870912,0,0,0,0
named_crc_linear,"CRC_n64_k48_CRC-16/CCITT-like",0.75,64,48,0.01,266,1,18,1,1,1,0,0,0.0021554600000000001,0.64728456899999998,0,0.64728456899999998,PREFIX_ASTAR,0.0033300036849789327,0.0033300036849789327,8191,3978,4213,3978,1,3978,64,15006,1,1,13338,536870912,0,0,0,0
named_crc_linear,"CRC_n64_k48_CRC-16/CCITT-like",0.75,64,48,0.01,267,2,54,1,1,1,0,0,0.068660513000000006,3.0988027360000001,0,3.0988027360000001,PREFIX_ASTAR,0.022157109971003976,0.022157109971003976,258169,116526,141643,116526,2,116526,64,73580,1,1,63708,536870912,0,0,0,0
named_crc_linear,"CRC_n64_k48_CRC-16/CCITT-like",0.75,64,48,0.01,268,0,44,1,1,1,0,0,7.0189000000000002e-05,0.0020313800000000002,0,0.0020313800000000002,PREFIX_ASTAR,0.03455237326349575,0.03455237326349575,123,62,61,62,1,62,64,66,1,1,49,536870912,0,0,0,0
named_crc_linear,"CRC_n64_k48_CRC-16/CCITT-like",0.75,64,48,0.01,269,1,12,1,1,1,0,0,0.0021705219999999998,0.29265952299999998,0,0.29265952299999998,PREFIX_ASTAR,0.0074165432163299195,0.0074165432163299195,8190,3937,4253,3937,1,3937,64,7209,1,1,6393,536870912,0,0,0,0
named_crc_linear,"CRC_n64_k48_CRC-16/CCITT-like",0.75,64,48,0.01,270,0,63,1,1,1,0,0,7.3208999999999997e-05,0.030724148999999999,0,0.030724148999999999,PREFIX_ASTAR,0.0023827836533405694,0.0023827836533405694,127,64,63,64,1,64,64,730,1,1,661,536870912,0,0,0,0
named_crc_linear,"CRC_n64_k48_CRC-16/CCITT-like",0.75,64,48,0.01,271,0,9,1,1,1,0,0,7.1316999999999995e-05,0.018839446999999999,0,0.018839446999999999,PREFIX_ASTAR,0.0037855145111212658,0.0037855145111212658,127,64,63,64,1,64,64,466,1,1,423,536870912,0,0,0,0
named_crc_linear,"CRC_n64_k48_CRC-16/CCITT-like",0.75,64,48,0.01,272,0,22,1,1,1,0,0,6.8232000000000007e-05,0.0093964310000000002,0,0.0093964310000000002,PREFIX_ASTAR,0.0072614804493323056,0.0072614804493323056,126,64,62,64,1,64,64,250,1,1,222,536870912,0,0,0,0
named_crc_linear,"CRC_n64_k48_CRC-16/CCITT-like",0.75,64,48,0.01,273,3,36,1,1,1,0,0,0.071082832999999998,7.8584280240000002,0,7.8584280240000002,PREFIX_ASTAR,0.0090454264877033626,0.0090454264877033626,258174,119261,138913,119261,1,119261,64,177801,1,1,150835,536870912,0,0,0,0
named_crc_linear,"CRC_n64_k48_CRC-16/CCITT-like",0.75,64,48,0.01,274,1,27,1,1,1,0,0,0.0021774189999999999,0.193854153,0,0.193854153,PREFIX_ASTAR,0.01123225355920025,0.01123225355920025,8188,3975,4213,3975,1,3975,64,4807,1,1,4286,536870912,0,0,0,0
named_crc_linear,"CRC_n64_k48_CRC-16/CCITT-like",0.75,64,48,0.01,275,1,33,1,1,1,0,0,0.002124014,0.60227214399999995,0,0.60227214399999995,PREFIX_ASTAR,0.003526668170128752,0.003526668170128752,8191,3978,4213,3978,1,3978,64,14390,1,1,12448,536870912,0,0,0,0
named_crc_linear,"CRC_n64_k48_CRC-16/CCITT-like",0.75,64,48,0.01,276,2,44,1,1,1,0,0,0.068232163999999998,7.4746397609999997,0,7.4746397609999997,PREFIX_ASTAR,0.0091284886204163387,0.0091284886204163387,258174,120648,137526,120648,4,120648,64,166911,1,1,141502,536870912,0,0,0,0
named_crc_linear,"CRC_n64_k48_CRC-16/CCITT-like",0.75,64,48,0.01,277,0,42,1,1,1,0,0,7.1637999999999994e-05,0.0092833929999999992,0,0.0092833929999999992,PREFIX_ASTAR,0.0077167906173960321,0.0077167906173960321,126,64,62,64,1,64,64,241,1,1,207,536870912,0,0,0,0
named_crc_linear,"CRC_n64_k48_CRC-16/CCITT-like",0.75,64,48,0.01,278,0,56,1,1,1,0,0,7.2411999999999997e-05,0.026052914999999999,0,0.026052914999999999,PREFIX_ASTAR,0.0027794202683269799,0.0027794202683269799,127,65,62,65,1,65,64,629,1,1,566,536870912,0,0,0,0
named_crc_linear,"CRC_n64_k48_CRC-16/CCITT-like",0.75,64,48,0.01,279,0,22,1,1,1,0,0,6.8745000000000007e-05,0.0034892149999999999,0,0.0034892149999999999,PREFIX_ASTAR,0.019702139306405599,0.019702139306405599,123,64,59,64,1,64,64,107,1,1,85,536870912,0,0,0,0
named_crc_linear,"CRC_n64_k48_CRC-16/CCITT-like",0.75,64,48,0.01,280,0,33,1,1,1,0,0,7.1382000000000002e-05,0.024816365999999999,0,0.024816365999999999,PREFIX_ASTAR,0.0028764082541335827,0.0028764082541335827,127,65,62,65,1,65,64,601,1,1,548,536870912,0,0,0,0
named_crc_linear,"CRC_n64_k48_CRC-16/CCITT-like",0.75,64,48,0.01,281,0,18,1,1,1,0,0,7.0807000000000002e-05,0.003264271,0,0.003264271,PREFIX_ASTAR,0.021691520097442889,0.021691520097442889,124,63,61,63,1,63,64,95,1,1,76,536870912,0,0,0,0
named_crc_linear,"CRC_n64_k48_CRC-16/CCITT-like",0.75,64,48,0.01,282,3,39,1,1,1,0,0,0.069703824999999997,27.849534501000001,0,27.849534501000001,PREFIX_ASTAR,0.0025028721753858085,0.0025028721753858085,258176,120659,137517,120659,1,120659,64,599406,1,1,503239,536870912,0,0,0,0
named_crc_linear,"CRC_n64_k48_CRC-16/CCITT-like",0.75,64,48,0.01,283,3,57,1,1,1,0,0,0.0021863400000000002,1.3641615890000001,0,1.3641615890000001,PREFIX_ASTAR,0.0016026986961293192,0.0016026986961293192,8192,3961,4231,3961,1,3961,64,31184,1,1,27489,536870912,0,0,0,0
named_crc_linear,"CRC_n64_k48_CRC-16/CCITT-like",0.75,64,48,0.01,284,0,57,1,1,1,0,0,7.0908999999999995e-05,0.027254243000000001,0,0.027254243000000001,PREFIX_ASTAR,0.0026017600268699445,0.0026017600268699445,127,65,62,65,1,65,64,649,1,1,590,536870912,0,0,0,0
named_crc_linear,"CRC_n64_k48_CRC-16/CCITT-like",0.75,64,48,0.01,285,1,63,1,1,1,0,0,0.0022188160000000002,0.74839663999999995,0,0.74839663999999995,PREFIX_ASTAR,0.0029647594355848529,0.0029647594355848529,8191,3952,4239,3952,2,3952,64,17521,1,1,15189,536870912,0,0,0,0
named_crc_linear,"CRC_n64_k48_CRC-16/CCITT-like",0.75,64,48,0.01,286,0,26,1,1,1,0,0,7.1470999999999994e-05,0.0086914249999999992,0,0.0086914249999999992,PREFIX_ASTAR,0.0082231624848629545,0.0082231624848629545,126,64,62,64,1,64,64,226,1,1,192,536870912,0,0,0,0
named_crc_linear,"CRC_n64_k48_CRC-16/CCITT-like",0.75,64,48,0.01,287,1,52,1,1,1,0,0,0.0022122550000000002,1.4862979110000001,0,1.4862979110000001,PREFIX_ASTAR,0.0014884330951602878,0.0014884330951602878,8192,3955,4237,3955,1,3955,64,33775,1,1,29815,536870912,0,0,0,0
named_crc_linear,"CRC_n64_k48_CRC-16/CCITT-like",0.75,64,48,0.01,288,1,10,1,1,1,0,0,0.0021662909999999999,0.69901102400000004,0,0.69901102400000004,PREFIX_ASTAR,0.0030990798794612428,0.0030990798794612428,8191,3975,4216,3975,1,3975,64,16085,1,1,14205,536870912,0,0,0,0
named_crc_linear,"CRC_n64_k48_CRC-16/CCITT-like",0.75,64,48,0.01,289,0,15,1,1,1,0,0,7.4147999999999995e-05,0.015171115000000001,0,0.015171115000000001,PREFIX_ASTAR,0.0048874456491826736,0.0048874456491826736,127,65,62,65,1,65,64,377,1,1,337,536870912,0,0,0,0
named_crc_linear,"CRC_n64_k48_CRC-16/CCITT-like",0.75,64,48,0.01,290,2,58,1,1,1,0,0,0.070312696999999993,3.7980344970000002,0,3.7980344970000002,PREFIX_ASTAR,0.018512916893076863,0.018512916893076863,258172,119918,138254,119918,2,119918,64,86653,1,1,74365,536870912,0,0,0,0
named_crc_linear,"CRC_n64_k48_CRC-16/CCITT-like",0.75,64,48,0.01,291,2,13,1,1,1,0,0,0.068678258000000006,7.0078323019999997,0,7.0078323019999997,PREFIX_ASTAR,0.0098002142517593614,0.0098002142517593614,258174,118463,139711,118463,1,118463,64,157781,1,1,133717,536870912,0,0,0,0
named_crc_linear,"CRC_n64_k48_CRC-16/CCITT-like",0.75,64,48,0.01,292,2,41,1,1,1,0,0,0.069148224999999994,6.3135206300000002,0,6.3135206300000002,PREFIX_ASTAR,0.01095240342946341,0.01095240342946341,258174,117165,141009,117165,5,117165,64,142719,1,1,122206,536870912,0,0,0,0
named_crc_linear,"CRC_n64_k48_CRC-16/CCITT-like",0.75,64,48,0.01,293,2,44,1,1,1,0,0,0.0021451679999999998,0.262448285,0,0.262448285,PREFIX_ASTAR,0.0081736788640093417,0.0081736788640093417,8190,3941,4249,3941,1,3941,64,6501,1,1,5695,536870912,0,0,0,0
named_crc_linear,"CRC_n64_k48_CRC-16/CCITT-like",0.75,64,48,0.01,294,0,17,1,1,1,0,0,6.9703999999999995e-05,0.023506951000000002,0,0.023506951000000002,PREFIX_ASTAR,0.0029652505763082585,0.0029652505763082585,127,64,63,64,1,64,64,589,1,1,510,536870912,0,0,0,0
named_crc_linear,"CRC_n64_k48_CRC-16/CCITT-like",0.75,64,48,0.01,295,1,6,1,1,1,0,0,7.0817999999999999e-05,0.036522856999999999,0,0.036522856999999999,PREFIX_ASTAR,0.0019390049360048696,0.0019390049360048696,128,65,63,65,1,65,64,882,1,1,787,536870912,0,0,0,0
named_crc_linear,"CRC_n64_k48_CRC-16/CCITT-like",0.75,64,48,0.01,296,3,60,0,0,1,0,0,0.72611214999999996,43.013388505000002,0,43.013388505000002,PREFIX_ASTAR,0.016881072969073211,0.016881072969073211,2000000,891305,1108695,891305,14,891305,64,928725,1,1,776437,536870912,0,0,0,0
named_crc_linear,"CRC_n64_k48_CRC-16/CCITT-like",0.75,64,48,0.01,297,0,23,1,1,1,0,0,7.2404999999999995e-05,0.038369269999999997,0,0.038369269999999997,PREFIX_ASTAR,0.0018870570120307214,0.0018870570120307214,128,65,63,65,1,65,64,898,1,1,818,536870912,0,0,0,0
named_crc_linear,"CRC_n64_k48_CRC-16/CCITT-like",0.75,64,48,0.01,298,1,20,1,1,1,0,0,0.0021992090000000001,1.253857137,0,1.253857137,PREFIX_ASTAR,0.0017539550042055549,0.0017539550042055549,8192,3985,4207,3985,1,3985,64,27419,1,1,23521,536870912,0,0,0,0
named_crc_linear,"CRC_n64_k48_CRC-16/CCITT-like",0.75,64,48,0.01,299,1,49,1,1,1,0,0,0.002401715,0.16337410499999999,0,0.16337410499999999,PREFIX_ASTAR,0.014700707924306609,0.014700707924306609,8189,3985,4204,3985,2,3985,64,3879,1,1,3523,536870912,0,0,0,0
named_crc_linear,"CRC_n64_k48_CRC-16/CCITT-like",0.75,64,48,0.01,300,0,12,1,1,1,0,0,6.7811999999999994e-05,0.0044477910000000004,0,0.0044477910000000004,PREFIX_ASTAR,0.01524621997751243,0.01524621997751243,124,64,60,64,1,64,64,120,1,1,99,536870912,0,0,0,0
named_crc_linear,"CRC_n64_k48_CRC-16/CCITT-like",0.75,64,48,0.01,301,2,36,1,1,1,0,0,0.075736386000000003,4.7799583749999996,0,4.7799583749999996,PREFIX_ASTAR,0.015844570194609699,0.015844570194609699,258173,117686,140487,117686,5,117686,64,108278,1,1,93983,536870912,0,0,0,0
named_crc_linear,"CRC_n64_k48_CRC-16/CCITT-like",0.75,64,48,0.01,302,1,6,1,1,1,0,0,0.0022484050000000002,1.6727424049999999,0,1.6727424049999999,PREFIX_ASTAR,0.0013441430032976299,0.0013441430032976299,8192,3966,4226,3966,1,3966,64,37233,1,1,32617,536870912,0,0,0,0
named_crc_linear,"CRC_n64_k48_CRC-16/CCITT-like",0.75,64,48,0.01,303,0,21,1,1,1,0,0,7.0563999999999997e-05,0.0064696659999999998,0,0.0064696659999999998,PREFIX_ASTAR,0.010906899985254261,0.010906899985254261,126,64,62,64,1,64,64,171,1,1,145,536870912,0,0,0,0
named_crc_linear,"CRC_n64_k48_CRC-16/CCITT-like",0.75,64,48,0.01,304,2,25,1,1,1,0,0,0.069828136999999998,15.759090445,0,15.759090445,PREFIX_ASTAR,0.0044309750771279362,0.0044309750771279362,258175,118867,139308,118867,3,118867,64,340719,1,1,288513,536870912,0,0,0,0
named_crc_linear,"CRC_n64_k48_CRC-16/CCITT-like",0.75,64,48,0.01,305,1,57,1,1,1,0,0,0.0021894839999999998,0.97357621000000005,0,0.97357621000000005,PREFIX_ASTAR,0.0022489086909796199,0.0022489086909796199,8192,3968,4224,3968,1,3968,64,21971,1,1,19393,536870912,0,0,0,0
named_crc_linear,"CRC_n64_k48_CRC-16/CCITT-like",0.75,64,48,0.01,306,0,19,1,1,1,0,0,7.7940000000000003e-05,0.029089120999999999,0,0.029089120999999999,PREFIX_ASTAR,0.0026793521880568343,0.0026793521880568343,127,64,63,64,1,64,64,675,1,1,621,536870912,0,0,0,0
named_crc_linear,"CRC_n64_k48_CRC-16/CCITT-like",0.75,64,48,0.01,307,2,6,1,1,1,0,0,0.07050294,2.9479683350000001,0,2.9479683350000001,PREFIX_ASTAR,0.023915772487427343,0.023915772487427343,258170,119314,138856,119314,3,119314,64,67907,1,1,58818,536870912,0,0,0,0
named_crc_linear,"CRC_n64_k48_CRC-16/CCITT-like",0.75,64,48,0.01,308,0,51,1,1,1,0,0,7.4581999999999998e-05,0.054474102000000003,0,0.054474102000000003,PREFIX_ASTAR,0.0013691276636373004,0.0013691276636373004,128,65,63,65,1,65,64,1250,1,1,1131,536870912,0,0,0,0
named_crc_linear,"CRC_n64_k48_CRC-16/CCITT-like",0.75,64,48,0.01,309,1,60,1,1,1,0,0,0.0022035090000000002,0.49427839299999998,0,0.49427839299999998,PREFIX_ASTAR,0.004458032216674299,0.004458032216674299,8190,3974,4216,3974,1,3974,64,11377,1,1,9973,536870912,0,0,0,0
named_crc_linear,"CRC_n64_k48_CRC-16/CCITT-like",0.75,64,48,0.01,310,0,0,1,1,1,0,0,7.5197000000000005e-05,0.055997611000000003,0,0.055997611000000003,PREFIX_ASTAR,0.0013428608588319955,0.0013428608588319955,128,65,63,65,1,65,64,1288,1,1,1177,536870912,0,0,0,0
named_crc_linear,"CRC_n64_k48_CRC-16/CCITT-like",0.75,64,48,0.01,311,0,39,1,1,1,0,0,6.8087e-05,0.026177461999999999,0,0.026177461999999999,PREFIX_ASTAR,0.0026009778946484577,0.0026009778946484577,128,65,63,65,1,65,64,673,1,1,598,536870912,0,0,0,0
named_crc_linear,"CRC_n64_k48_CRC-16/CCITT-like",0.75,64,48,0.01,312,1,55,1,1,1,0,0,0.002203169,0.45480575499999998,0,0.45480575499999998,PREFIX_ASTAR,0.0048441977168912475,0.0048441977168912475,8190,3986,4204,3986,1,3986,64,10311,1,1,9261,536870912,0,0,0,0
named_crc_linear,"CRC_n64_k48_CRC-16/CCITT-like",0.75,64,48,0.01,313,1,43,1,1,1,0,0,0.0021293549999999999,1.554670998,0,1.554670998,PREFIX_ASTAR,0.0013696499148304045,0.0013696499148304045,8192,3989,4203,3989,1,3989,64,34323,1,1,30001,536870912,0,0,0,0
named_crc_linear,"CRC_n64_k48_CRC-16/CCITT-like",0.75,64,48,0.01,314,3,15,0,0,1,0,0,0.716889267,46.255615695000003,0,46.255615695000003,PREFIX_ASTAR,0.015498426650009807,0.015498426650009807,2000000,885834,1114166,885834,10,885834,64,998506,1,1,830048,536870912,0,0,0,0
named_crc_linear,"CRC_n64_k48_CRC-16/CCITT-like",0.75,64,48,0.01,315,0,16,1,1,1,0,0,7.3096999999999995e-05,0.047523950000000002,0,0.047523950000000002,PREFIX_ASTAR,0.0015381086799392725,0.0015381086799392725,128,65,63,65,1,65,64,1114,1,1,992,536870912,0,0,0,0
named_crc_linear,"CRC_n64_k48_CRC-16/CCITT-like",0.75,64,48,0.01,316,2,33,1,1,1,0,0,0.074926288999999993,3.0098811310000002,0,3.0098811310000002,PREFIX_ASTAR,0.024893437893046145,0.024893437893046145,258171,120645,137526,120645,3,120645,64,68297,1,1,59523,536870912,0,0,0,0
named_crc_linear,"CRC_n64_k48_CRC-16/CCITT-like",0.75,64,48,0.01,317,2,55,1,1,1,0,0,0.076423834999999996,9.1787738460000003,0,9.1787738460000003,PREFIX_ASTAR,0.0083261485991731436,0.0083261485991731436,258174,119424,138750,119424,4,119424,64,202789,1,1,171636,536870912,0,0,0,0
named_crc_linear,"CRC_n64_k48_CRC-16/CCITT-like",0.75,64,48,0.01,318,0,2,1,1,1,0,0,7.3726000000000005e-05,0.016356447,0,0.016356447,PREFIX_ASTAR,0.004507458129506977,0.004507458129506977,126,64,62,64,1,64,64,384,1,1,344,536870912,0,0,0,0
named_crc_linear,"CRC_n64_k48_CRC-16/CCITT-like",0.75,64,48,0.01,319,1,29,1,1,1,0,0,0.0021457690000000001,0.17625143300000001,0,0.17625143300000001,PREFIX_ASTAR,0.012174476901983542,0.012174476901983542,8188,3967,4221,3967,1,3967,64,4348,1,1,3944,536870912,0,0,0,0
named_crc_linear,"CRC_n64_k48_CRC-16/CCITT-like",0.75,64,48,0.01,320,1,39,1,1,1,0,0,0.002222843,1.36500982,0,1.36500982,PREFIX_ASTAR,0.0016284446949986044,0.0016284446949986044,8192,3987,4205,3987,1,3987,64,29975,1,1,26361,536870912,0,0,0,0
named_crc_linear,"CRC_n64_k48_CRC-16/CCITT-like",0.75,64,48,0.01,321,1,30,1,1,1,0,0,0.002257514,0.25398841999999999,0,0.25398841999999999,PREFIX_ASTAR,0.0088882556141732759,0.0088882556141732759,8189,3977,4212,3977,3,3977,64,5929,1,1,5214,536870912,0,0,0,0
named_crc_linear,"CRC_n64_k48_CRC-16/CCITT-like",0.75,64,48,0.01,322,1,5,1,1,1,0,0,0.0021472890000000001,0.73811966900000003,0,0.73811966900000003,PREFIX_ASTAR,0.0029091339659179302,0.0029091339659179302,8191,3971,4220,3971,1,3971,64,16990,1,1,15004,536870912,0,0,0,0
named_crc_linear,"CRC_n64_k48_CRC-16/CCITT-like",0.75,64,48,0.01,323,0,28,1,1,1,0,0,7.2445000000000002e-05,0.029714239,0,0.029714239,PREFIX_ASTAR,0.0024380567175218588,0.0024380567175218588,127,65,62,65,1,65,64,702,1,1,621,536870912,0,0,0,0
named_crc_linear,"CRC_n64_k48_CRC-16/CCITT-like",0.75,64,48,0.01,324,1,5,1,1,1,0,0,0.0022140409999999999,0.62667125499999998,0,0.62667125499999998,PREFIX_ASTAR,0.0035330182808528533,0.0035330182808528533,8191,3988,4203,3988,1,3988,64,14029,1,1,12236,536870912,0,0,0,0
named_crc_linear,"CRC_n64_k48_CRC-16/CCITT-like",0.75,64,48,0.01,325,0,10,1,1,1,0,0,6.9269000000000004e-05,0.0037123569999999999,0,0.0037123569999999999,PREFIX_ASTAR,0.018659035216710033,0.018659035216710033,123,64,59,64,1,64,64,103,1,1,85,536870912,0,0,0,0
named_crc_linear,"CRC_n64_k48_CRC-16/CCITT-like",0.75,64,48,0.01,326,0,37,1,1,1,0,0,6.7314e-05,0.0048493019999999998,0,0.0048493019999999998,PREFIX_ASTAR,0.013881173001805209,0.013881173001805209,122,62,60,62,1,62,64,144,1,1,116,536870912,0,0,0,0
named_crc_linear,"CRC_n64_k48_CRC-16/CCITT-like",0.75,64,48,0.01,327,0,61,1,1,1,0,0,7.0390999999999997e-05,0.044392616000000003,0,0.044392616000000003,PREFIX_ASTAR,0.0015856465859096925,0.0015856465859096925,128,65,63,65,1,65,64,1029,1,1,954,536870912,0,0,0,0
named_crc_linear,"CRC_n64_k48_CRC-16/CCITT-like",0.75,64,48,0.01,328,0,45,1,1,1,0,0,6.8966000000000003e-05,0.048696080000000003,0,0.048696080000000003,PREFIX_ASTAR,0.0014162536286288342,0.0014162536286288342,128,65,63,65,1,65,64,1176,1,1,1051,536870912,0,0,0,0
named_crc_linear,"CRC_n64_k48_CRC-16/CCITT-like",0.75,64,48,0.01,329,1,56,1,1,1,0,0,0.0021716970000000002,0.90629369199999998,0,0.90629369199999998,PREFIX_ASTAR,0.0023962397831629179,0.0023962397831629179,8191,4002,4189,4002,1,4002,64,20210,1,1,17851,536870912,0,0,0,0
named_crc_linear,"CRC_n64_k48_CRC-16/CCITT-like",0.75,64,48,0.01,330,0,22,1,1,1,0,0,7.5223999999999997e-05,0.027237887999999998,0,0.027237887999999998,PREFIX_ASTAR,0.0027617412921295513,0.0027617412921295513,127,65,62,65,1,65,64,641,1,1,575,536870912,0,0,0,0
named_crc_linear,"CRC_n64_k48_CRC-16/CCITT-like",0.75,64,48,0.01,331,1,49,1,1,1,0,0,0.0021969659999999998,1.1484991449999999,0,1.1484991449999999,PREFIX_ASTAR,0.0019129017288036379,0.0019129017288036379,8192,3937,4255,3937,1,3937,64,25682,1,1,22719,536870912,0,0,0,0
named_crc_linear,"CRC_n64_k48_CRC-16/CCITT-like",0.75,64,48,0.01,332,1,46,1,1,1,0,0,0.0021795529999999999,0.30075606700000002,0,0.30075606700000002,PREFIX_ASTAR,0.0072469128278632522,0.0072469128278632522,8190,3977,4213,3977,1,3977,64,7159,1,1,6329,536870912,0,0,0,0
named_crc_linear,"CRC_n64_k48_CRC-16/CCITT-like",0.75,64,48,0.01,333,0,61,1,1,1,0,0,7.5939000000000006e-05,0.050261103000000001,0,0.050261103000000001,PREFIX_ASTAR,0.0015108900415496255,0.0015108900415496255,128,65,63,65,1,65,64,1128,1,1,1027,536870912,0,0,0,0
named_crc_linear,"CRC_n64_k48_CRC-16/CCITT-like",0.75,64,48,0.01,334,1,59,1,1,1,0,0,0.0023301519999999998,0.61655258800000001,0,0.61655258800000001,PREFIX_ASTAR,0.0037793240112066477,0.0037793240112066477,8191,3994,4197,3994,1,3994,64,13827,1,1,12329,536870912,0,0,0,0
named_crc_linear,"CRC_n64_k48_CRC-16/CCITT-like",0.75,64,48,0.01,335,1,1,1,1,1,0,0,0.0021921179999999998,1.541307033,0,1.541307033,PREFIX_ASTAR,0.00142224615411847,0.00142224615411847,8192,3968,4224,3968,1,3968,64,34232,1,1,30110,536870912,0,0,0,0
named_crc_linear,"CRC_n64_k48_CRC-16/CCITT-like",0.75,64,48,0.01,336,0,6,1,1,1,0,0,6.9439999999999999e-05,0.044123359000000001,0,0.044123359000000001,PREFIX_ASTAR,0.0015737695763371052,0.0015737695763371052,128,65,63,65,1,65,64,1049,1,1,959,536870912,0,0,0,0
named_crc_linear,"CRC_n64_k48_CRC-16/CCITT-like",0.75,64,48,0.01,337,0,14,1,1,1,0,0,7.1570999999999996e-05,0.042085762999999998,0,0.042085762999999998,PREFIX_ASTAR,0.0017005988462179002,0.0017005988462179002,128,65,63,65,1,65,64,1051,1,1,884,536870912,0,0,0,0
named_crc_linear,"CRC_n64_k48_CRC-16/CCITT-like",0.75,64,48,0.01,338,0,40,1,1,1,0,0,6.7827e-05,0.0099448430000000001,0,0.0099448430000000001,PREFIX_ASTAR,0.0068203188325848887,0.0068203188325848887,126,64,62,64,1,64,64,262,1,1,231,536870912,0,0,0,0
named_crc_linear,"CRC_n64_k48_CRC-16/CCITT-like",0.75,64,48,0.01,339,0,20,1,1,1,0,0,7.0648000000000005e-05,0.0098935020000000002,0,0.0098935020000000002,PREFIX_ASTAR,0.0071408486095216848,0.0071408486095216848,126,65,61,65,1,65,64,246,1,1,216,536870912,0,0,0,0
named_crc_linear,"CRC_n64_k48_CRC-16/CCITT-like",0.75,64,48,0.01,340,0,53,1,1,1,0,0,7.2712000000000004e-05,0.042148038999999998,0,0.042148038999999998,PREFIX_ASTAR,0.0017251573673451334,0.0017251573673451334,128,65,63,65,1,65,64,1005,1,1,926,536870912,0,0,0,0
named_crc_linear,"CRC_n64_k48_CRC-16/CCITT-like",0.75,64,48,0.01,341,0,38,1,1,1,0,0,6.7418999999999999e-05,0.0032922210000000001,0,0.0032922210000000001,PREFIX_ASTAR,0.020478272874147878,0.020478272874147878,125,62,63,62,1,62,64,103,1,1,80,536870912,0,0,0,0
named_crc_linear,"CRC_n64_k48_CRC-16/CCITT-like",0.75,64,48,0.01,342,0,61,1,1,1,0,0,6.8769999999999994e-05,0.0080369550000000001,0,0.0080369550000000001,PREFIX_ASTAR,0.0085567232863690279,0.0085567232863690279,125,63,62,63,1,63,64,207,1,1,180,536870912,0,0,0,0
named_crc_linear,"CRC_n64_k48_CRC-16/CCITT-like",0.75,64,48,0.01,343,0,42,1,1,1,0,0,6.4386000000000003e-05,0.0021862230000000002,0,0.0021862230000000002,PREFIX_ASTAR,0.029450792531228516,0.029450792531228516,121,60,61,60,1,60,64,73,1,1,55,536870912,0,0,0,0
named_crc_linear,"CRC_n64_k48_CRC-16/CCITT-like",0.75,64,48,0.01,344,0,11,1,1,1,0,0,6.5544999999999997e-05,0.0080814000000000007,0,0.0080814000000000007,PREFIX_ASTAR,0.0081105996485757413,0.0081105996485757413,125,65,60,65,1,65,64,230,1,1,200,536870912,0,0,0,0
named_crc_linear,"CRC_n64_k48_CRC-16/CCITT-like",0.75,64,48,0.01,345,0,21,1,1,1,0,0,6.9005999999999996e-05,0.002847376,0,0.002847376,PREFIX_ASTAR,0.024234944735082406,0.024234944735082406,121,62,59,62,1,62,64,89,1,1,71,536870912,0,0,0,0
named_crc_linear,"CRC_n64_k48_CRC-16/CCITT-like",0.75,64,48,0.01,346,0,56,1,1,1,0,0,7.1358000000000004e-05,0.015511781000000001,0,0.015511781000000001,PREFIX_ASTAR,0.0046002454521502081,0.0046002454521502081,126,63,63,63,1,63,64,384,1,1,345,536870912,0,0,0,0
named_crc_linear,"CRC_n64_k48_CRC-16/CCITT-like",0.75,64,48,0.01,347,2,26,1,1,1,0,0,0.070707238000000006,4.0849279059999999,0,4.0849279059999999,PREFIX_ASTAR,0.017309298873094972,0.017309298873094972,258172,120816,137356,120816,1,120816,64,91094,1,1,79055,536870912,0,0,0,0
named_crc_linear,"CRC_n64_k48_CRC-16/CCITT-like",0.75,64,48,0.01,348,0,12,1,1,1,0,0,7.0805999999999999e-05,0.021272163,0,0.021272163,PREFIX_ASTAR,0.0033285754720852787,0.0033285754720852787,127,65,62,65,1,65,64,506,1,1,460,536870912,0,0,0,0
named_crc_linear,"CRC_n64_k48_CRC-16/CCITT-like",0.75,64,48,0.01,349,0,41,1,1,1,0,0,7.6322999999999994e-05,0.033585136000000002,0,0.033585136000000002,PREFIX_ASTAR,0.0022725231781106974,0.0022725231781106974,128,65,63,65,1,65,64,828,1,1,737,536870912,0,0,0,0
named_crc_linear,"CRC_n64_k48_CRC-16/CCITT-like",0.75,64,48,0.01,350,0,9,1,1,1,0,0,6.9098999999999997e-05,0.003665228,0,0.003665228,PREFIX_ASTAR,0.018852578884587808,0.018852578884587808,123,64,59,64,1,64,64,107,1,1,85,536870912,0,0,0,0
named_crc_linear,"CRC_n64_k48_CRC-16/CCITT-like",0.75,64,48,0.01,351,0,35,1,1,1,0,0,7.0636999999999995e-05,0.038660528,0,0.038660528,PREFIX_ASTAR,0.0018271090348274601,0.0018271090348274601,128,65,63,65,1,65,64,896,1,1,825,536870912,0,0,0,0
named_crc_linear,"CRC_n64_k48_CRC-16/CCITT-like",0.75,64,48,0.01,352,0,63,1,1,1,0,0,7.1852000000000003e-05,0.036803192999999998,0,0.036803192999999998,PREFIX_ASTAR,0.0019523306034886702,0.0019523306034886702,128,65,63,65,1,65,64,875,1,1,788,536870912,0,0,0,0
named_crc_linear,"CRC_n64_k48_CRC-16/CCITT-like",0.75,64,48,0.01,353,1,18,1,1,1,0,0,0.0021897639999999999,0.953556599,0,0.953556599,PREFIX_ASTAR,0.0022964174358359193,0.0022964174358359193,8192,3966,4226,3966,1,3966,64,21779,1,1,18967,536870912,0,0,0,0
named_crc_linear,"CRC_n64_k48_CRC-16/CCITT-like",0.75,64,48,0.01,354,1,20,1,1,1,0,0,6.8867000000000003e-05,0.015423694999999999,0,0.015423694999999999,PREFIX_ASTAR,0.0044650130853858307,0.0044650130853858307,127,65,62,65,1,65,64,368,1,1,334,536870912,0,0,0,0
named_crc_linear,"CRC_n64_k48_CRC-16/CCITT-like",0.75,64,48,0.01,355,2,62,1,1,1,0,0,0.069845092999999997,3.8477194429999999,0,3.8477194429999999,PREFIX_ASTAR,0.018152335177936723,0.018152335177936723,258172,119966,138206,119966,4,119966,64,87425,1,1,74694,536870912,0,0,0,0
named_crc_linear,"CRC_n64_k48_CRC-16/CCITT-like",0.75,64,48,0.01,356,0,4,1,1,1,0,0,7.2671999999999998e-05,0.012182063,0,0.012182063,PREFIX_ASTAR,0.0059654920517157066,0.0059654920517157066,126,65,61,65,1,65,64,293,1,1,262,536870912,0,0,0,0
named_crc_linear,"CRC_n64_k48_CRC-16/CCITT-like",0.75,64,48,0.01,357,1,1,1,1,1,0,0,0.0021824710000000001,0.91561046800000001,0,0.91561046800000001,PREFIX_ASTAR,0.0023836239058813383,0.0023836239058813383,8191,3969,4222,3969,1,3969,64,20052,1,1,17314,536870912,0,0,0,0
named_crc_linear,"CRC_n64_k48_CRC-16/CCITT-like",0.75,64,48,0.01,358,1,42,1,1,1,0,0,0.0021863220000000001,0.76831291400000001,0,0.76831291400000001,PREFIX_ASTAR,0.0028456140202271804,0.0028456140202271804,8191,3937,4254,3937,1,3937,64,17594,1,1,15344,536870912,0,0,0,0
named_crc_linear,"CRC_n64_k48_CRC-16/CCITT-like",0.75,64,48,0.01,359,2,26,1,1,1,0,0,0.070069713000000006,16.167437408000001,0,16.167437408000001,PREFIX_ASTAR,0.0043340024291869525,0.0043340024291869525,258175,121015,137160,121015,1,121015,64,346638,1,1,291135,536870912,0,0,0,0
named_crc_linear,"CRC_n64_k48_CRC-16/CCITT-like",0.75,64,48,0.01,360,0,15,1,1,1,0,0,7.7341000000000004e-05,0.040968261999999998,0,0.040968261999999998,PREFIX_ASTAR,0.0018878272161020648,0.0018878272161020648,128,65,63,65,1,65,64,967,1,1,859,536870912,0,0,0,0
named_crc_linear,"CRC_n64_k48_CRC-16/CCITT-like",0.75,64,48,0.01,361,0,18,1,1,1,0,0,7.0955000000000001e-05,0.0063458059999999998,0,0.0063458059999999998,PREFIX_ASTAR,0.011181400755081387,0.011181400755081387,124,63,61,63,1,63,64,170,1,1,140,536870912,0,0,0,0
named_crc_linear,"CRC_n64_k48_CRC-16/CCITT-like",0.75,64,48,0.01,362,0,37,1,1,1,0,0,7.2831999999999997e-05,0.052632485,0,0.052632485,PREFIX_ASTAR,0.0013837841781553729,0.0013837841781553729,128,65,63,65,1,65,64,1293,1,1,1161,536870912,0,0,0,0
named_crc_linear,"CRC_n64_k48_CRC-16/CCITT-like",0.75,64,48,0.01,363,0,11,1,1,1,0,0,7.6915000000000005e-05,0.045837447000000003,0,0.045837447000000003,PREFIX_ASTAR,0.0016779948499313236,0.0016779948499313236,128,65,63,65,1,65,64,1084,1,1,994,536870912,0,0,0,0
named_crc_linear,"CRC_n64_k48_CRC-16/CCITT-like",0.75,64,48,0.01,364,0,42,1,1,1,0,0,7.2558000000000006e-05,0.021000966999999999,0,0.021000966999999999,PREFIX_ASTAR,0.0034549837633667062,0.0034549837633667062,127,65,62,65,1,65,64,519,1,1,466,536870912,0,0,0,0
named_crc_linear,"CRC_n64_k48_CRC-16/CCITT-like",0.75,64,48,0.01,365,2,11,1,1,1,0,0,0.071375864999999997,2.5309372560000001,0,2.5309372560000001,PREFIX_ASTAR,0.02820135696007155,0.02820135696007155,258169,120027,138142,120027,5,120027,64,58558,1,1,51311,536870912,0,0,0,0
named_crc_linear,"CRC_n64_k48_CRC-16/CCITT-like",0.75,64,48,0.01,366,0,15,1,1,1,0,0,6.9101000000000001e-05,0.0087651120000000003,0,0.0087651120000000003,PREFIX_ASTAR,0.0078836414183868948,0.0078836414183868948,126,63,63,63,1,63,64,230,1,1,189,536870912,0,0,0,0
named_crc_linear,"CRC_n64_k48_CRC-16/CCITT-like",0.75,64,48,0.01,367,0,32,1,1,1,0,0,7.0344000000000003e-05,0.0040961560000000001,0,0.0040961560000000001,PREFIX_ASTAR,0.01717317406856575,0.01717317406856575,124,64,60,64,1,64,64,111,1,1,92,536870912,0,0,0,0
named_crc_linear,"CRC_n64_k48_CRC-16/CCITT-like",0.75,64,48,0.01,368,1,42,1,1,1,0,0,0.002286724,0.105138158,0,0.105138158,PREFIX_ASTAR,0.021749705753832973,0.021749705753832973,8186,3976,4210,3976,1,3976,64,2621,1,1,2348,536870912,0,0,0,0
named_crc_linear,"CRC_n64_k48_CRC-16/CCITT-like",0.75,64,48,0.01,369,0,33,1,1,1,0,0,7.1273999999999996e-05,0.0081396390000000006,0,0.0081396390000000006,PREFIX_ASTAR,0.0087564079930326135,0.0087564079930326135,126,64,62,64,1,64,64,215,1,1,185,536870912,0,0,0,0
named_crc_linear,"CRC_n64_k48_CRC-16/CCITT-like",0.75,64,48,0.01,370,0,47,1,1,1,0,0,7.8432999999999999e-05,0.013170282,0,0.013170282,PREFIX_ASTAR,0.0059553014886089758,0.0059553014886089758,126,63,63,63,1,63,64,333,1,1,300,536870912,0,0,0,0
named_crc_linear,"CRC_n64_k48_CRC-16/CCITT-like",0.75,64,48,0.01,371,1,17,1,1,1,0,0,0.002171507,0.253696859,0,0.253696859,PREFIX_ASTAR,0.0085594555981475511,0.0085594555981475511,8190,3945,4245,3945,1,3945,64,6392,1,1,5758,536870912,0,0,0,0
named_crc_linear,"CRC_n64_k48_CRC-16/CCITT-like",0.75,64,48,0.01,372,1,3,1,1,1,0,0,0.0021982780000000001,0.106526829,0,0.106526829,PREFIX_ASTAR,0.020635909475912401,0.020635909475912401,8183,3948,4235,3948,2,3948,64,2633,1,1,2378,536870912,0,0,0,0
named_crc_linear,"CRC_n64_k48_CRC-16/CCITT-like",0.75,64,48,0.01,373,1,10,1,1,1,0,0,0.0023703790000000001,0.75806716100000004,0,0.75806716100000004,PREFIX_ASTAR,0.0031268720265802412,0.0031268720265802412,8191,3950,4241,3950,1,3950,64,17020,1,1,15004,536870912,0,0,0,0
named_crc_linear,"CRC_n64_k48_CRC-16/CCITT-like",0.75,64,48,0.01,374,0,42,1,1,1,0,0,7.7027999999999995e-05,0.037264964999999997,0,0.037264964999999997,PREFIX_ASTAR,0.0020670353507644514,0.0020670353507644514,128,65,63,65,1,65,64,874,1,1,793,536870912,0,0,0,0
named_crc_linear,"CRC_n64_k48_CRC-16/CCITT-like",0.75,64,48,0.01,375,0,47,1,1,1,0,0,7.1780999999999996e-05,0.056135427000000002,0,0.056135427000000002,PREFIX_ASTAR,0.0012787112138649983,0.0012787112138649983,128,65,63,65,1,65,64,1282,1,1,1177,536870912,0,0,0,0
named_crc_linear,"CRC_n64_k48_CRC-16/CCITT-like",0.75,64,48,0.01,376,1,18,1,1,1,0,0,0.0022157399999999999,0.89170798699999998,0,0.89170798699999998,PREFIX_ASTAR,0.002484826907802498,0.002484826907802498,8191,3977,4214,3977,1,3977,64,19803,1,1,17418,536870912,0,0,0,0
named_crc_linear,"CRC_n64_k48_CRC-16/CCITT-like",0.75,64,48,0.01,377,0,34,1,1,1,0,0,7.2113000000000006e-05,0.010881561,0,0.010881561,PREFIX_ASTAR,0.0066270822724791055,0.0066270822724791055,126,64,62,64,1,64,64,279,1,1,246,536870912,0,0,0,0
named_crc_linear,"CRC_n64_k48_CRC-16/CCITT-like",0.75,64,48,0.01,378,0,60,1,1,1,0,0,7.2843999999999996e-05,0.037016623999999998,0,0.037016623999999998,PREFIX_ASTAR,0.0019678725969175361,0.0019678725969175361,128,65,63,65,1,65,64,914,1,1,820,536870912,0,0,0,0
named_crc_linear,"CRC_n64_k48_CRC-16/CCITT-like",0.75,64,48,0.01,379,1,52,1,1,1,0,0,0.0022146399999999999,1.378818017,0,1.378818017,PREFIX_ASTAR,0.0016061873087636046,0.0016061873087636046,8192,3977,4215,3977,1,3977,64,30672,1,1,26916,536870912,0,0,0,0
named_crc_linear,"CRC_n64_k48_CRC-16/CCITT-like",0.75,64,48,0.01,380,0,41,1,1,1,0,0,6.9643999999999999e-05,0.026979749000000001,0,0.026979749000000001,PREFIX_ASTAR,0.002581343510645707,0.002581343510645707,128,65,63,65,1,65,64,688,1,1,594,536870912,0,0,0,0
named_crc_linear,"CRC_n64_k48_CRC-16/CCITT-like",0.75,64,48,0.01,381,0,2,1,1,1,0,0,6.9301999999999995e-05,0.0050192539999999999,0,0.0050192539999999999,PREFIX_ASTAR,0.013807231114424574,0.013807231114424574,123,62,61,62,1,62,64,134,1,1,112,536870912,0,0,0,0
named_crc_linear,"CRC_n64_k48_CRC-16/CCITT-like",0.75,64,48,0.01,382,3,12,1,1,1,0,0,0.069415068999999996,20.131147978000001,0,20.131147978000001,PREFIX_ASTAR,0.0034481426034848649,0.0034481426034848649,258176,118502,139674,118502,1,118502,64,435445,1,1,366188,536870912,0,0,0,0
named_crc_linear,"CRC_n64_k48_CRC-16/CCITT-like",0.75,64,48,0.01,383,1,49,1,1,1,0,0,0.0023489079999999998,0.53612353800000001,0,0.53612353800000001,PREFIX_ASTAR,0.0043812812411903462,0.0043812812411903462,8191,3964,4227,3964,1,3964,64,12174,1,1,10798,536870912,0,0,0,0
named_crc_linear,"CRC_n64_k48_CRC-16/CCITT-like",0.75,64,48,0.01,384,0,30,1,1,1,0,0,8.4091000000000005e-05,0.0026978829999999999,0,0.0026978829999999999,PREFIX_ASTAR,0.031169253818642249,0.031169253818642249,122,61,61,61,1,61,64,78,1,1,60,536870912,0,0,0,0
named_crc_linear,"CRC_n64_k48_CRC-16/CCITT-like",0.75,64,48,0.01,385,0,24,1,1,1,0,0,7.4414999999999998e-05,0.020805926999999998,0,0.020805926999999998,PREFIX_ASTAR,0.0035766250645789541,0.0035766250645789541,127,64,63,64,1,64,64,477,1,1,429,536870912,0,0,0,0
named_crc_linear,"CRC_n64_k48_CRC-16/CCITT-like",0.75,64,48,0.01,386,2,26,1,1,1,0,0,0.069167073999999995,4.9053340910000003,0,4.9053340910000003,PREFIX_ASTAR,0.014100379855248476,0.014100379855248476,258173,119240,138933,119240,6,119240,64,110651,1,1,94556,536870912,0,0,0,0
named_crc_linear,"CRC_n64_k48_CRC-16/CCITT-like",0.75,64,48,0.01,387,1,27,1,1,1,0,0,0.0021791950000000001,0.16662152799999999,0,0.16662152799999999,PREFIX_ASTAR,0.013078712133764613,0.013078712133764613,8188,3970,4218,3970,1,3970,64,4051,1,1,3663,536870912,0,0,0,0
named_crc_linear,"CRC_n64_k48_CRC-16/CCITT-like",0.75,64,48,0.01,388,0,28,1,1,1,0,0,7.2290000000000001e-05,0.012243561,0,0.012243561,PREFIX_ASTAR,0.0059043279973857278,0.0059043279973857278,126,64,62,64,1,64,64,321,1,1,286,536870912,0,0,0,0
named_crc_linear,"CRC_n64_k48_CRC-16/CCITT-like",0.75,64,48,0.01,389,0,13,1,1,1,0,0,6.9715000000000006e-05,0.024626048000000001,0,0.024626048000000001,PREFIX_ASTAR,0.0028309455094053257,0.0028309455094053257,127,65,62,65,1,65,64,610,1,1,539,536870912,0,0,0,0
named_crc_linear,"CRC_n64_k48_CRC-16/CCITT-like",0.75,64,48,0.01,390,0,24,1,1,1,0,0,6.8734999999999998e-05,0.050647985,0,0.050647985,PREFIX_ASTAR,0.0013571122325991844,0.0013571122325991844,128,65,63,65,1,65,64,1215,1,1,1101,536870912,0,0,0,0
named_crc_linear,"CRC_n64_k48_CRC-16/CCITT-like",0.75,64,48,0.01,391,1,2,1,1,1,0,0,0.0021554180000000001,0.25195265500000003,0,0.25195265500000003,PREFIX_ASTAR,0.0085548532917821395,0.0085548532917821395,8188,3933,4255,3933,1,3933,64,6144,1,1,5530,536870912,0,0,0,0
named_crc_linear,"CRC_n64_k48_CRC-16/CCITT-like",0.75,64,48,0.01,392,0,28,1,1,1,0,0,7.1239e-05,0.0073593829999999997,0,0.0073593829999999997,PREFIX_ASTAR,0.0096800234476178242,0.0096800234476178242,124,62,62,62,1,62,64,175,1,1,150,536870912,0,0,0,0
named_crc_linear,"CRC_n64_k48_CRC-16/CCITT-like",0.75,64,48,0.01,393,1,17,1,1,1,0,0,0.0021861369999999999,0.52492392600000004,0,0.52492392600000004,PREFIX_ASTAR,0.004164673949344804,0.004164673949344804,8190,3968,4222,3968,1,3968,64,12038,1,1,10543,536870912,0,0,0,0
named_crc_linear,"CRC_n64_k48_CRC-16/CCITT-like",0.75,64,48,0.01,394,0,30,1,1,1,0,0,6.9585999999999994e-05,0.0026850670000000002,0,0.0026850670000000002,PREFIX_ASTAR,0.025915926865139674,0.025915926865139674,122,63,59,63,1,63,64,84,1,1,66,536870912,0,0,0,0
named_crc_linear,"CRC_n64_k48_CRC-16/CCITT-like",0.75,64,48,0.01,395,1,41,1,1,1,0,0,0.0021930090000000001,0.41925594100000002,0,0.41925594100000002,PREFIX_ASTAR,0.0052307165755821694,0.0052307165755821694,8190,3958,4232,3958,1,3958,64,9432,1,1,8602,536870912,0,0,0,0
named_crc_linear,"CRC_n64_k48_CRC-16/CCITT-like",0.75,64,48,0.01,396,1,6,1,1,1,0,0,0.0022263000000000001,0.120032005,0,0.120032005,PREFIX_ASTAR,0.018547553212995151,0.018547553212995151,8188,3995,4193,3995,1,3995,64,2894,1,1,2673,536870912,0,0,0,0
named_crc_linear,"CRC_n64_k48_CRC-16/CCITT-like",0.75,64,48,0.01,397,2,37,1,1,1,0,0,0.069051228000000006,11.531134049,0,11.531134049,PREFIX_ASTAR,0.0059882425879862391,0.0059882425879862391,258175,120462,137713,120462,2,120462,64,251171,1,1,211737,536870912,0,0,0,0
named_crc_linear,"CRC_n64_k48_CRC-16/CCITT-like",0.75,64,48,0.01,398,1,44,1,1,1,0,0,0.0022131289999999999,1.5400772220000001,0,1.5400772220000001,PREFIX_ASTAR,0.0014370246948565023,0.0014370246948565023,8192,3955,4237,3955,1,3955,64,34620,1,1,30668,536870912,0,0,0,0
named_crc_linear,"CRC_n64_k48_CRC-16/CCITT-like",0.75,64,48,0.01,399,2,43,1,1,1,0,0,0.070592042999999993,3.659893195,0,3.659893195,PREFIX_ASTAR,0.019288006299320436,0.019288006299320436,258172,119017,139155,119017,2,119017,64,84088,1,1,71562,536870912,0,0,0,0
named_crc_linear,"CRC_n64_k48_CRC-16/CCITT-like",0.75,64,48,0.01,400,0,39,1,1,1,0,0,7.5325000000000001e-05,0.056434084000000002,0,0.056434084000000002,PREFIX_ASTAR,0.0013347430251547982,0.0013347430251547982,128,65,63,65,1,65,64,1313,1,1,1177,536870912,0,0,0,0
named_crc_linear,"CRC_n64_k48_CRC-16/CCITT-like",0.75,64,48,0.01,401,1,0,1,1,1,0,0,0.002165569,0.49134948699999997,0,0.49134948699999997,PREFIX_ASTAR,0.0044073903754783001,0.0044073903754783001,8190,3971,4219,3971,1,3971,64,11383,1,1,9868,536870912,0,0,0,0
named_crc_linear,"CRC_n64_k48_CRC-16/CCITT-like",0.75,64,48,0.01,402,0,51,1,1,1,0,0,7.2764999999999999e-05,0.052488293999999998,0,0.052488293999999998,PREFIX_ASTAR,0.0013863091073221011,0.0013863091073221011,128,65,63,65,1,65,64,1230,1,1,1131,536870912,0,0,0,0
named_crc_linear,"CRC_n64_k48_CRC-16/CCITT-like",0.75,64,48,0.01,403,1,4,1,1,1,0,0,0.0022099060000000002,0.72750334000000005,0,0.72750334000000005,PREFIX_ASTAR,0.0030376575315791679,0.0030376575315791679,8191,3987,4204,3987,1,3987,64,16545,1,1,14405,536870912,0,0,0,0
named_crc_linear,"CRC_n64_k48_CRC-16/CCITT-like",0.75,64,48,0.01,404,1,44,1,1,1,0,0,0.0021866609999999999,1.7204088239999999,0,1.7204088239999999,PREFIX_ASTAR,0.0012710124300083223,0.0012710124300083223,8192,3980,4212,3980,1,3980,64,38510,1,1,33674,536870912,0,0,0,0
named_crc_linear,"CRC_n64_k48_CRC-16/CCITT-like",0.75,64,48,0.01,405,0,2,1,1,1,0,0,6.9778999999999997e-05,0.0099921220000000009,0,0.0099921220000000009,PREFIX_ASTAR,0.0069834015237203858,0.0069834015237203858,125,64,61,64,1,64,64,265,1,1,220,536870912,0,0,0,0
named_crc_linear,"CRC_n64_k48_CRC-16/CCITT-like",0.75,64,48,0.01,406,0,34,1,1,1,0,0,6.69e-05,0.010494241,0,0.010494241,PREFIX_ASTAR,0.0063749250660433661,0.0063749250660433661,126,63,63,63,1,63,64,279,1,1,248,536870912,0,0,0,0
named_crc_linear,"CRC_n64_k48_CRC-16/CCITT-like",0.75,64,48,0.01,407,0,59,1,1,1,0,0,6.8855000000000004e-05,0.030409588000000001,0,0.030409588000000001,PREFIX_ASTAR,0.0022642529717929755,0.0022642529717929755,128,65,63,65,1,65,64,710,1,1,645,536870912,0,0,0,0
named_crc_linear,"CRC_n64_k48_CRC-16/CCITT-like",0.75,64,48,0.01,408,0,35,1,1,1,0,0,7.7204000000000001e-05,0.016327367999999998,0,0.016327367999999998,PREFIX_ASTAR,0.0047285024751080526,0.0047285024751080526,127,64,63,64,1,64,64,434,1,1,384,536870912,0,0,0,0
named_crc_linear,"CRC_n64_k48_CRC-16/CCITT-like",0.75,64,48,0.01,409,0,2,1,1,1,0,0,7.5654000000000004e-05,0.014997478999999999,0,0.014997478999999999,PREFIX_ASTAR,0.0050444478035275133,0.0050444478035275133,126,64,62,64,1,64,64,347,1,1,309,536870912,0,0,0,0
named_crc_linear,"CRC_n64_k48_CRC-16/CCITT-like",0.75,64,48,0.01,410,2,6,1,1,1,0,0,0.075840323000000001,10.925265692,0,10.925265692,PREFIX_ASTAR,0.0069417371749168439,0.0069417371749168439,258175,120701,137474,120701,3,120701,64,237434,1,1,201211,536870912,0,0,0,0
named_crc_linear,"CRC_n64_k48_CRC-16/CCITT-like",0.75,64,48,0.01,411,1,6,1,1,1,0,0,0.0023670340000000001,0.47302485,0,0.47302485,PREFIX_ASTAR,0.0050040373143186876,0.0050040373143186876,8190,3974,4216,3974,1,3974,64,10771,1,1,9540,536870912,0,0,0,0
named_crc_linear,"CRC_n64_k48_CRC-16/CCITT-like",0.75,64,48,0.01,412,0,25,1,1,1,0,0,6.7582000000000004e-05,0.015065630999999999,0,0.015065630999999999,PREFIX_ASTAR,0.0044858393252828243,0.0044858393252828243,127,64,63,64,1,64,64,385,1,1,350,536870912,0,0,0,0
named_crc_linear,"CRC_n64_k48_CRC-16/CCITT-like",0.75,64,48,0.01,413,1,6,1,1,1,0,0,0.002184807,0.56034653000000001,0,0.56034653000000001,PREFIX_ASTAR,0.0038990283387674409,0.0038990283387674409,8191,3958,4233,3958,1,3958,64,13072,1,1,11370,536870912,0,0,0,0
named_crc_linear,"CRC_n64_k48_CRC-16/CCITT-like",0.75,64,48,0.01,414,1,12,1,1,1,0,0,0.0021866530000000002,0.25655844799999999,0,0.25655844799999999,PREFIX_ASTAR,0.0085230208439676883,0.0085230208439676883,8188,3950,4238,3950,1,3950,64,5986,1,1,5410,536870912,0,0,0,0
named_crc_linear,"CRC_n64_k48_CRC-16/CCITT-like",0.75,64,48,0.01,415,0,26,1,1,1,0,0,7.6882e-05,0.043445905,0,0.043445905,PREFIX_ASTAR,0.0017696029119430242,0.0017696029119430242,128,65,63,65,1,65,64,988,1,1,864,536870912,0,0,0,0
named_crc_linear,"CRC_n64_k48_CRC-16/CCITT-like",0.75,64,48,0.01,416,0,47,1,1,1,0,0,7.5203999999999994e-05,0.041099131999999997,0,0.041099131999999997,PREFIX_ASTAR,0.0018298196662644847,0.0018298196662644847,128,65,63,65,1,65,64,967,1,1,874,536870912,0,0,0,0
named_crc_linear,"CRC_n64_k48_CRC-16/CCITT-like",0.75,64,48,0.01,417,0,31,1,1,1,0,0,7.6538999999999993e-05,0.018666129,0,0.018666129,PREFIX_ASTAR,0.004100421678217267,0.004100421678217267,127,64,63,64,1,64,64,460,1,1,406,536870912,0,0,0,0
named_crc_linear,"CRC_n64_k48_CRC-16/CCITT-like",0.75,64,48,0.01,418,1,5,1,1,1,0,0,0.00222661,0.59461421800000003,0,0.59461421800000003,PREFIX_ASTAR,0.0037446295978075649,0.0037446295978075649,8191,3957,4234,3957,1,3957,64,13782,1,1,12125,536870912,0,0,0,0
named_crc_linear,"CRC_n64_k48_CRC-16/CCITT-like",0.75,64,48,0.01,419,1,37,1,1,1,0,0,0.0022031339999999998,0.37257314899999999,0,0.37257314899999999,PREFIX_ASTAR,0.005913292479378324,0.005913292479378324,8190,3994,4196,3994,1,3994,64,8623,1,1,7577,536870912,0,0,0,0
named_crc_linear,"CRC_n64_k48_CRC-16/CCITT-like",0.75,64,48,0.01,420,1,11,1,1,1,0,0,0.0021871939999999999,1.0925728400000001,0,1.0925728400000001,PREFIX_ASTAR,0.0020018747674525753,0.0020018747674525753,8192,3953,4239,3953,1,3953,64,24719,1,1,21776,536870912,0,0,0,0
named_crc_linear,"CRC_n64_k48_CRC-16/CCITT-like",0.75,64,48,0.01,421,1,16,1,1,1,0,0,0.0021573059999999999,0.183216716,0,0.183216716,PREFIX_ASTAR,0.011774613403724581,0.011774613403724581,8188,3956,4232,3956,1,3956,64,4622,1,1,4101,536870912,0,0,0,0
named_crc_linear,"CRC_n64_k48_CRC-16/CCITT-like",0.75,64,48,0.01,422,0,55,1,1,1,0,0,7.0049999999999995e-05,0.013076656000000001,0,0.013076656000000001,PREFIX_ASTAR,0.0053568741121583366,0.0053568741121583366,126,64,62,64,1,64,64,343,1,1,307,536870912,0,0,0,0
named_crc_linear,"CRC_n64_k48_CRC-16/CCITT-like",0.75,64,48,0.01,423,0,27,1,1,1,0,0,7.1075000000000006e-05,0.032196509999999998,0,0.032196509999999998,PREFIX_ASTAR,0.0022075374007928194,0.0022075374007928194,128,65,63,65,1,65,64,773,1,1,692,536870912,0,0,0,0
named_crc_linear,"CRC_n64_k48_CRC-16/CCITT-like",0.75,64,48,0.01,424,0,35,1,1,1,0,0,6.9017999999999995e-05,0.0023731120000000001,0,0.0023731120000000001,PREFIX_ASTAR,0.029083330243157506,0.029083330243157506,119,59,60,59,1,59,64,75,1,1,57,536870912,0,0,0,0
named_crc_linear,"CRC_n64_k48_CRC-16/CCITT-like",0.75,64,48,0.01,425,2,16,1,1,1,0,0,0.0022046180000000002,0.15725725400000001,0,0.15725725400000001,PREFIX_ASTAR,0.014019181588914175,0.014019181588914175,8187,3961,4226,3961,1,3961,64,3744,1,1,3374,536870912,0,0,0,0
named_crc_linear,"CRC_n64_k48_CRC-16/CCITT-like",0.75,64,48,0.01,426,1,46,1,1,1,0,0,0.002216796,0.104747838,0,0.104747838,PREFIX_ASTAR,0.021163167109950282,0.021163167109950282,8186,3973,4213,3973,1,3973,64,2562,1,1,2299,536870912,0,0,0,0
named_crc_linear,"CRC_n64_k48_CRC-16/CCITT-like",0.75,64,48,0.01,427,0,27,1,1,1,0,0,7.5711999999999996e-05,0.0064324849999999999,0,0.0064324849999999999,PREFIX_ASTAR,0.011770256751473186,0.011770256751473186,123,63,60,63,1,63,64,171,1,1,149,536870912,0,0,0,0
named_crc_linear,"CRC_n64_k48_CRC-16/CCITT-like",0.75,64,48,0.01,428,1,25,1,1,1,0,0,0.0022375849999999998,1.470651049,0,1.470651049,PREFIX_ASTAR,0.0015214928119906437,0.0015214928119906437,8192,3969,4223,3969,1,3969,64,32600,1,1,28594,536870912,0,0,0,0
named_crc_linear,"CRC_n64_k48_CRC-16/CCITT-like",0.75,64,48,0.01,429,0,27,1,1,1,0,0,7.818e-05,0.041347289000000002,0,0.041347289000000002,PREFIX_ASTAR,0.0018908132042224097,0.0018908132042224097,128,65,63,65,1,65,64,948,1,1,855,536870912,0,0,0,0
named_crc_linear,"CRC_n64_k48_CRC-16/CCITT-like",0.75,64,48,0.01,430,2,54,1,1,1,0,0,0.069958326000000001,9.9436995560000003,0,9.9436995560000003,PREFIX_ASTAR,0.007035442453386209,0.007035442453386209,258175,116678,141497,116678,3,116678,64,218099,1,1,185008,536870912,0,0,0,0
named_crc_linear,"CRC_n64_k48_CRC-16/CCITT-like",0.75,64,48,0.01,431,2,46,1,1,1,0,0,0.074309053,12.062457863000001,0,12.062457863000001,PREFIX_ASTAR,0.00616035751950133,0.00616035751950133,258175,118924,139251,118924,3,118924,64,264909,1,1,221255,536870912,0,0,0,0
named_crc_linear,"CRC_n64_k48_CRC-16/CCITT-like",0.75,64,48,0.01,432,0,15,1,1,1,0,0,7.1851e-05,0.054133246000000003,0,0.054133246000000003,PREFIX_ASTAR,0.0013272989393615894,0.0013272989393615894,128,65,63,65,1,65,64,1302,1,1,1172,536870912,0,0,0,0
named_crc_linear,"CRC_n64_k48_CRC-16/CCITT-like",0.75,64,48,0.01,433,0,48,1,1,1,0,0,7.0341999999999998e-05,0.020167768999999999,0,0.020167768999999999,PREFIX_ASTAR,0.0034878424083496793,0.0034878424083496793,127,65,62,65,1,65,64,503,1,1,439,536870912,0,0,0,0
named_crc_linear,"CRC_n64_k48_CRC-16/CCITT-like",0.75,64,48,0.01,434,0,15,1,1,1,0,0,6.9006999999999998e-05,0.010673337999999999,0,0.010673337999999999,PREFIX_ASTAR,0.0064653625697977521,0.0064653625697977521,126,64,62,64,1,64,64,272,1,1,240,536870912,0,0,0,0
named_crc_linear,"CRC_n64_k48_CRC-16/CCITT-like",0.75,64,48,0.01,435,1,13,1,1,1,0,0,0.002200362,1.663860272,0,1.663860272,PREFIX_ASTAR,0.0013224439798391917,0.0013224439798391917,8192,3971,4221,3971,1,3971,64,36672,1,1,32041,536870912,0,0,0,0
named_crc_linear,"CRC_n64_k48_CRC-16/CCITT-like",0.75,64,48,0.01,436,1,60,1,1,1,0,0,7.2520000000000004e-05,0.046426416999999998,0,0.046426416999999998,PREFIX_ASTAR,0.0015620417143110573,0.0015620417143110573,128,65,63,65,1,65,64,1111,1,1,984,536870912,0,0,0,0
named_crc_linear,"CRC_n64_k48_CRC-16/CCITT-like",0.75,64,48,0.01,437,0,45,1,1,1,0,0,6.9023000000000006e-05,0.0084503830000000005,0,0.0084503830000000005,PREFIX_ASTAR,0.0081680321471819684,0.0081680321471819684,125,63,62,63,1,63,64,219,1,1,187,536870912,0,0,0,0
named_crc_linear,"CRC_n64_k48_CRC-16/CCITT-like",0.75,64,48,0.01,438,1,0,1,1,1,0,0,0.0022948030000000002,1.763551243,0,1.763551243,PREFIX_ASTAR,0.0013012397621609685,0.0013012397621609685,8192,3986,4206,3986,2,3986,64,38544,1,1,33461,536870912,0,0,0,0
named_crc_linear,"CRC_n64_k48_CRC-16/CCITT-like",0.75,64,48,0.01,439,1,30,1,1,1,0,0,0.002194845,0.113647075,0,0.113647075,PREFIX_ASTAR,0.019312815574003994,0.019312815574003994,8187,3978,4209,3978,1,3978,64,2734,1,1,2535,536870912,0,0,0,0
named_crc_linear,"CRC_n64_k48_CRC-16/CCITT-like",0.75,64,48,0.01,440,0,27,1,1,1,0,0,7.0548000000000003e-05,0.0030463640000000002,0,0.0030463640000000002,PREFIX_ASTAR,0.023158099294765824,0.023158099294765824,124,63,61,63,1,63,64,90,1,1,72,536870912,0,0,0,0
named_crc_linear,"CRC_n64_k48_CRC-16/CCITT-like",0.75,64,48,0.01,441,0,58,1,1,1,0,0,7.6593000000000003e-05,0.0092457770000000002,0,0.0092457770000000002,PREFIX_ASTAR,0.0082841063547174024,0.0082841063547174024,126,64,62,64,1,64,64,239,1,1,207,536870912,0,0,0,0
named_crc_linear,"CRC_n64_k48_CRC-16/CCITT-like",0.75,64,48,0.01,442,0,4,1,1,1,0,0,7.3302999999999999e-05,0.013649812000000001,0,0.013649812000000001,PREFIX_ASTAR,0.005370257114163916,0.005370257114163916,127,64,63,64,1,64,64,357,1,1,321,536870912,0,0,0,0
named_crc_linear,"CRC_n64_k48_CRC-16/CCITT-like",0.75,64,48,0.01,443,0,23,1,1,1,0,0,7.2788999999999997e-05,0.026073854,0,0.026073854,PREFIX_ASTAR,0.0027916471419990306,0.0027916471419990306,127,64,63,64,1,64,64,606,1,1,553,536870912,0,0,0,0
named_crc_linear,"CRC_n64_k48_CRC-16/CCITT-like",0.75,64,48,0.01,444,1,23,1,1,1,0,0,0.0022031949999999998,0.22125016,0,0.22125016,PREFIX_ASTAR,0.0099579363016053853,0.0099579363016053853,8189,3959,4230,3959,1,3959,64,5308,1,1,4691,536870912,0,0,0,0
named_crc_linear,"CRC_n64_k48_CRC-16/CCITT-like",0.75,64,48,0.01,445,0,12,1,1,1,0,0,7.3386000000000005e-05,0.049715812999999998,0,0.049715812999999998,PREFIX_ASTAR,0.0014761098244536403,0.0014761098244536403,128,65,63,65,1,65,64,1143,1,1,1038,536870912,0,0,0,0
named_crc_linear,"CRC_n64_k48_CRC-16/CCITT-like",0.75,64,48,0.01,446,1,2,1,1,1,0,0,0.002396755,0.32400098599999999,0,0.32400098599999999,PREFIX_ASTAR,0.0073973694635608303,0.0073973694635608303,8189,3952,4237,3952,1,3952,64,7569,1,1,6517,536870912,0,0,0,0
named_crc_linear,"CRC_n64_k48_CRC-16/CCITT-like",0.75,64,48,0.01,447,0,32,1,1,1,0,0,7.1060000000000001e-05,0.024982542999999999,0,0.024982542999999999,PREFIX_ASTAR,0.00284438617798036,0.00284438617798036,127,65,62,65,1,65,64,576,1,1,512,536870912,0,0,0,0
named_crc_linear,"CRC_n64_k48_CRC-16/CCITT-like",0.75,64,48,0.01,448,0,50,1,1,1,0,0,7.1197000000000003e-05,0.038176127999999997,0,0.038176127999999997,PREFIX_ASTAR,0.0018649612658465523,0.0018649612658465523,128,65,63,65,1,65,64,897,1,1,802,536870912,0,0,0,0
named_crc_linear,"CRC_n64_k48_CRC-16/CCITT-like",0.75,64,48,0.01,449,1,12,1,1,1,0,0,0.0023523379999999998,1.3266769620000001,0,1.3266769620000001,PREFIX_ASTAR,0.0017731053356453775,0.0017731053356453775,8192,3965,4227,3965,1,3965,64,29537,1,1,25723,536870912,0,0,0,0
named_crc_linear,"CRC_n64_k48_CRC-16/CCITT-like",0.75,64,48,0.01,450,1,5,1,1,1,0,0,0.0022059139999999998,0.44372394199999998,0,0.44372394199999998,PREFIX_ASTAR,0.004971365732615798,0.004971365732615798,8190,3982,4208,3982,1,3982,64,10468,1,1,9064,536870912,0,0,0,0
named_crc_linear,"CRC_n64_k48_CRC-16/CCITT-like",0.75,64,48,0.01,451,1,37,1,1,1,0,0,0.0022189509999999998,0.23329882399999999,0,0.23329882399999999,PREFIX_ASTAR,0.009511196678813949,0.009511196678813949,8189,3996,4193,3996,1,3996,64,5410,1,1,4818,536870912,0,0,0,0
named_crc_linear,"CRC_n64_k48_CRC-16/CCITT-like",0.75,64,48,0.01,452,2,23,1,1,1,0,0,0.070145871999999998,3.6815727840000001,0,3.6815727840000001,PREFIX_ASTAR,0.019053235156684056,0.019053235156684056,258172,119387,138785,119387,4,119387,64,83785,1,1,72435,536870912,0,0,0,0
named_crc_linear,"CRC_n64_k48_CRC-16/CCITT-like",0.75,64,48,0.01,453,0,15,1,1,1,0,0,7.6353999999999994e-05,0.043946876000000003,0,0.043946876000000003,PREFIX_ASTAR,0.0017374158745663739,0.0017374158745663739,128,65,63,65,1,65,64,1047,1,1,934,536870912,0,0,0,0
named_crc_linear,"CRC_n64_k48_CRC-16/CCITT-like",0.75,64,48,0.01,454,2,15,1,1,1,0,0,0.06956611,4.61244546,0,4.61244546,PREFIX_ASTAR,0.01508226180738406,0.01508226180738406,258173,116260,141913,116260,6,116260,64,106093,1,1,91980,536870912,0,0,0,0
named_crc_linear,"CRC_n64_k48_CRC-16/CCITT-like",0.75,64,48,0.01,455,1,39,1,1,1,0,0,0.0022091860000000001,0.87926716199999999,0,0.87926716199999999,PREFIX_ASTAR,0.0025125309979448546,0.0025125309979448546,8192,3890,4302,3890,1,3890,64,21406,1,1,18652,536870912,0,0,0,0
named_crc_linear,"CRC_n64_k48_CRC-16/CCITT-like",0.75,64,48,0.01,456,0,38,1,1,1,0,0,7.1520000000000006e-05,0.0097319429999999998,0,0.0097319429999999998,PREFIX_ASTAR,0.0073489949540394969,0.0073489949540394969,126,64,62,64,1,64,64,239,1,1,210,536870912,0,0,0,0
named_crc_linear,"CRC_n64_k48_CRC-16/CCITT-like",0.75,64,48,0.01,457,0,31,1,1,1,0,0,7.2793999999999995e-05,0.014043221999999999,0,0.014043221999999999,PREFIX_ASTAR,0.0051835682722953464,0.0051835682722953464,126,65,61,65,1,65,64,336,1,1,298,536870912,0,0,0,0
named_crc_linear,"CRC_n64_k48_CRC-16/CCITT-like",0.75,64,48,0.01,458,1,57,1,1,1,0,0,0.0022075749999999998,0.67223079200000002,0,0.67223079200000002,PREFIX_ASTAR,0.0032839540025116848,0.0032839540025116848,8191,3960,4231,3960,1,3960,64,15245,1,1,13282,536870912,0,0,0,0
named_crc_linear,"CRC_n64_k48_CRC-16/CCITT-like",0.75,64,48,0.01,459,0,58,1,1,1,0,0,8.7038000000000003e-05,0.052455232999999997,0,0.052455232999999997,PREFIX_ASTAR,0.0016592815439405255,0.0016592815439405255,128,65,63,65,1,65,64,1227,1,1,1131,536870912,0,0,0,0
named_crc_linear,"CRC_n64_k48_CRC-16/CCITT-like",0.75,64,48,0.01,460,1,35,1,1,1,0,0,0.002308329,0.97863252700000003,0,0.97863252700000003,PREFIX_ASTAR,0.002358729079929713,0.002358729079929713,8192,3960,4232,3960,1,3960,64,22113,1,1,19595,536870912,0,0,0,0
named_crc_linear,"CRC_n64_k48_CRC-16/CCITT-like",0.75,64,48,0.01,461,0,51,1,1,1,0,0,7.7018e-05,0.016518445,0,0.016518445,PREFIX_ASTAR,0.0046625454151404686,0.0046625454151404686,127,64,63,64,1,64,64,419,1,1,369,536870912,0,0,0,0
named_crc_linear,"CRC_n64_k48_CRC-16/CCITT-like",0.75,64,48,0.01,462,2,2,1,1,1,0,0,0.070253307000000001,10.290490149,0,10.290490149,PREFIX_ASTAR,0.00682701270617581,0.00682701270617581,258174,120469,137705,120469,2,120469,64,222724,1,1,186828,536870912,0,0,0,0
named_crc_linear,"CRC_n64_k48_CRC-16/CCITT-like",0.75,64,48,0.01,463,2,61,1,1,1,0,0,0.07034936,8.9777444020000008,0,8.9777444020000008,PREFIX_ASTAR,0.007835972695360769,0.007835972695360769,258174,119138,139036,119138,2,119138,64,194948,2,2,167624,536870912,0,0,0,0
named_crc_linear,"CRC_n64_k48_CRC-16/CCITT-like",0.75,64,48,0.01,464,0,55,1,1,1,0,0,7.7458000000000003e-05,0.024831645999999999,0,0.024831645999999999,PREFIX_ASTAR,0.0031193260406499031,0.0031193260406499031,127,64,63,64,1,64,64,605,1,1,541,536870912,0,0,0,0
named_crc_linear,"CRC_n64_k48_CRC-16/CCITT-like",0.75,64,48,0.01,465,1,59,1,1,1,0,0,0.0022021520000000002,0.38020530600000002,0,0.38020530600000002,PREFIX_ASTAR,0.0057920075423671235,0.0057920075423671235,8190,3955,4235,3955,1,3955,64,8957,1,1,7884,536870912,0,0,0,0
named_crc_linear,"CRC_n64_k48_CRC-16/CCITT-like",0.75,64,48,0.01,466,0,35,1,1,1,0,0,7.0327999999999995e-05,0.0023427090000000001,0,0.0023427090000000001,PREFIX_ASTAR,0.030019946992989734,0.030019946992989734,120,62,58,62,1,62,64,75,1,1,57,536870912,0,0,0,0
named_crc_linear,"CRC_n64_k48_CRC-16/CCITT-like",0.75,64,48,0.01,467,0,41,1,1,1,0,0,7.2775999999999996e-05,0.0070957709999999998,0,0.0070957709999999998,PREFIX_ASTAR,0.010256249814149864,0.010256249814149864,126,65,61,65,1,65,64,185,1,1,155,536870912,0,0,0,0
named_crc_linear,"CRC_n64_k48_CRC-16/CCITT-like",0.75,64,48,0.01,468,1,14,1,1,1,0,0,0.0022137379999999998,1.4019031529999999,0,1.4019031529999999,PREFIX_ASTAR,0.0015790948149754251,0.0015790948149754251,8192,3995,4197,3995,1,3995,64,30233,1,1,26272,536870912,0,0,0,0
named_crc_linear,"CRC_n64_k48_CRC-16/CCITT-like",0.75,64,48,0.01,469,0,3,1,1,1,0,0,7.2125999999999994e-05,0.010463343999999999,0,0.010463343999999999,PREFIX_ASTAR,0.0068932073723276229,0.0068932073723276229,126,65,61,65,1,65,64,267,1,1,236,536870912,0,0,0,0
named_crc_linear,"CRC_n64_k48_CRC-16/CCITT-like",0.75,64,48,0.01,470,0,55,1,1,1,0,0,6.9535000000000004e-05,0.050156059000000003,0,0.050156059000000003,PREFIX_ASTAR,0.001386372880692241,0.001386372880692241,128,65,63,65,1,65,64,1229,1,1,1089,536870912,0,0,0,0
named_crc_linear,"CRC_n64_k48_CRC-16/CCITT-like",0.75,64,48,0.01,471,1,59,1,1,1,0,0,0.0022013470000000002,1.6659392239999999,0,1.6659392239999999,PREFIX_ASTAR,0.0013213849390702624,0.0013213849390702624,8192,3990,4202,3990,1,3990,64,36166,1,1,31592,536870912,0,0,0,0
named_crc_linear,"CRC_n64_k48_CRC-16/CCITT-like",0.75,64,48,0.01,472,0,58,1,1,1,0,0,7.2255999999999994e-05,0.016481580999999999,0,0.016481580999999999,PREFIX_ASTAR,0.0043840454383593415,0.0043840454383593415,127,64,63,64,1,64,64,409,1,1,351,536870912,0,0,0,0
named_crc_linear,"CRC_n64_k48_CRC-16/CCITT-like",0.75,64,48,0.01,473,0,48,1,1,1,0,0,7.6271000000000002e-05,0.010952511,0,0.010952511,PREFIX_ASTAR,0.0069637912255920125,0.0069637912255920125,126,65,61,65,1,65,64,263,1,1,234,536870912,0,0,0,0
named_crc_linear,"CRC_n64_k48_CRC-16/CCITT-like",0.75,64,48,0.01,474,2,9,1,1,1,0,0,0.071543669000000004,9.2287160339999996,0,9.2287160339999996,PREFIX_ASTAR,0.0077522884804800797,0.0077522884804800797,258174,118870,139304,118870,3,118870,64,203501,1,1,172805,536870912,0,0,0,0
named_crc_linear,"CRC_n64_k48_CRC-16/CCITT-like",0.75,64,48,0.01,475,1,18,1,1,1,0,0,0.0021998429999999999,0.82335346899999995,0,0.82335346899999995,PREFIX_ASTAR,0.002671808746578561,0.002671808746578561,8191,3898,4293,3898,1,3898,64,18580,1,1,16332,536870912,0,0,0,0
named_crc_linear,"CRC_n64_k48_CRC-16/CCITT-like",0.75,64,48,0.01,476,0,46,1,1,1,0,0,7.6695999999999999e-05,0.024501720000000001,0,0.024501720000000001,PREFIX_ASTAR,0.0031302292247238151,0.0031302292247238151,127,65,62,65,1,65,64,591,1,1,512,536870912,0,0,0,0
named_crc_linear,"CRC_n64_k48_CRC-16/CCITT-like",0.75,64,48,0.01,477,1,16,1,1,1,0,0,0.0022225069999999999,0.134717949,0,0.134717949,PREFIX_ASTAR,0.016497482454991948,0.016497482454991948,8183,3866,4317,3866,2,3866,64,3421,1,1,3048,536870912,0,0,0,0
named_crc_linear,"CRC_n64_k48_CRC-16/CCITT-like",0.75,64,48,0.01,478,3,41,1,1,1,0,0,0.070603034999999995,14.665540969,0,14.665540969,PREFIX_ASTAR,0.0048142127964621688,0.0048142127964621688,258175,119766,138409,119766,2,119766,64,317377,1,1,264263,536870912,0,0,0,0
named_crc_linear,"CRC_n64_k48_CRC-16/CCITT-like",0.75,64,48,0.01,479,0,0,1,1,1,0,0,7.9510000000000003e-05,0.056774718000000002,0,0.056774718000000002,PREFIX_ASTAR,0.00140044729064088,0.00140044729064088,128,65,63,65,1,65,64,1292,1,1,1177,536870912,0,0,0,0
named_crc_linear,"CRC_n64_k48_CRC-16/CCITT-like",0.75,64,48,0.01,480,0,26,1,1,1,0,0,7.7403000000000004e-05,0.023248395000000002,0,0.023248395000000002,PREFIX_ASTAR,0.0033293911257099682,0.0033293911257099682,127,65,62,65,1,65,64,516,1,1,467,536870912,0,0,0,0
named_crc_linear,"CRC_n64_k48_CRC-16/CCITT-like",0.75,64,48,0.01,481,0,11,1,1,1,0,0,7.2829000000000004e-05,0.048676523999999999,0,0.048676523999999999,PREFIX_ASTAR,0.0014961832525264131,0.0014961832525264131,128,65,63,65,1,65,64,1124,1,1,1002,536870912,0,0,0,0
named_crc_linear,"CRC_n64_k48_CRC-16/CCITT-like",0.75,64,48,0.01,482,0,56,1,1,1,0,0,6.9474000000000006e-05,0.039073980000000001,0,0.039073980000000001,PREFIX_ASTAR,0.001778011863649416,0.001778011863649416,128,65,63,65,1,65,64,928,1,1,845,536870912,0,0,0,0
named_crc_linear,"CRC_n64_k48_CRC-16/CCITT-like",0.75,64,48,0.01,483,1,17,1,1,1,0,0,0.0023683929999999999,0.213060106,0,0.213060106,PREFIX_ASTAR,0.011116079140597066,0.011116079140597066,8189,3996,4193,3996,1,3996,64,5043,1,1,4588,536870912,0,0,0,0
named_crc_linear,"CRC_n64_k48_CRC-16/CCITT-like",0.75,64,48,0.01,484,0,36,1,1,1,0,0,8.6704000000000002e-05,0.023904067000000001,0,0.023904067000000001,PREFIX_ASTAR,0.0036271652016370269,0.0036271652016370269,127,65,62,65,1,65,64,547,1,1,474,536870912,0,0,0,0
named_crc_linear,"CRC_n64_k48_CRC-16/CCITT-like",0.75,64,48,0.01,485,1,14,1,1,1,0,0,0.0021759000000000001,0.098211595999999998,0,0.098211595999999998,PREFIX_ASTAR,0.022155224928836308,0.022155224928836308,8181,3974,4207,3974,1,3974,64,2416,1,1,2231,536870912,0,0,0,0
named_crc_linear,"CRC_n64_k48_CRC-16/CCITT-like",0.75,64,48,0.01,486,2,2,1,1,1,0,0,0.070589758000000002,6.8321689159999996,0,6.8321689159999996,PREFIX_ASTAR,0.010331969081544295,0.010331969081544295,258173,119359,138814,119359,1,119359,64,151001,1,1,127137,536870912,0,0,0,0
named_crc_linear,"CRC_n64_k48_CRC-16/CCITT-like",0.75,64,48,0.01,487,1,46,1,1,1,0,0,0.002197409,0.54704176999999998,0,0.54704176999999998,PREFIX_ASTAR,0.004016894358907913,0.004016894358907913,8191,3995,4196,3995,1,3995,64,12484,1,1,10791,536870912,0,0,0,0
named_crc_linear,"CRC_n64_k48_CRC-16/CCITT-like",0.75,64,48,0.01,488,1,9,1,1,1,0,0,0.002216319,0.73490965399999997,0,0.73490965399999997,PREFIX_ASTAR,0.003015770697713545,0.003015770697713545,8191,3951,4240,3951,1,3951,64,16757,1,1,14788,536870912,0,0,0,0
named_crc_linear,"CRC_n64_k48_CRC-16/CCITT-like",0.75,64,48,0.01,489,1,60,1,1,1,0,0,0.0023760280000000001,0.44221580900000002,0,0.44221580900000002,PREFIX_ASTAR,0.0053730055589215715,0.0053730055589215715,8190,3993,4197,3993,1,3993,64,9947,1,1,8878,536870912,0,0,0,0
named_crc_linear,"CRC_n64_k48_CRC-16/CCITT-like",0.75,64,48,0.01,490,0,23,1,1,1,0,0,7.3180000000000001e-05,0.029366699,0,0.029366699,PREFIX_ASTAR,0.0024919382324857147,0.0024919382324857147,128,65,63,65,1,65,64,761,1,1,679,536870912,0,0,0,0
named_crc_linear,"CRC_n64_k48_CRC-16/CCITT-like",0.75,64,48,0.01,491,1,35,1,1,1,0,0,0.0021882889999999999,0.31463334999999998,0,0.31463334999999998,PREFIX_ASTAR,0.0069550446575355092,0.0069550446575355092,8190,3996,4194,3996,1,3996,64,7182,1,1,6487,536870912,0,0,0,0
named_crc_linear,"CRC_n64_k48_CRC-16/CCITT-like",0.75,64,48,0.01,492,0,4,1,1,1,0,0,7.8245999999999996e-05,0.011749183,0,0.011749183,PREFIX_ASTAR,0.0066596971040454467,0.0066596971040454467,126,65,61,65,1,65,64,286,1,1,254,536870912,0,0,0,0
named_crc_linear,"CRC_n64_k48_CRC-16/CCITT-like",0.75,64,48,0.01,493,0,16,1,1,1,0,0,7.2517999999999999e-05,0.052986487999999998,0,0.052986487999999998,PREFIX_ASTAR,0.0013686130698075329,0.0013686130698075329,128,65,63,65,1,65,64,1203,1,1,1089,536870912,0,0,0,0
named_crc_linear,"CRC_n64_k48_CRC-16/CCITT-like",0.75,64,48,0.01,494,1,9,1,1,1,0,0,0.0023052559999999999,0.249917899,0,0.249917899,PREFIX_ASTAR,0.0092240532159723384,0.0092240532159723384,8189,3983,4206,3983,1,3983,64,5714,1,1,4922,536870912,0,0,0,0
named_crc_linear,"CRC_n64_k48_CRC-16/CCITT-like",0.75,64,48,0.01,495,0,25,1,1,1,0,0,7.2255000000000005e-05,0.021532873000000001,0,0.021532873000000001,PREFIX_ASTAR,0.0033555670903738671,0.0033555670903738671,127,64,63,64,1,64,64,504,1,1,465,536870912,0,0,0,0
named_crc_linear,"CRC_n64_k48_CRC-16/CCITT-like",0.75,64,48,0.01,496,1,21,1,1,1,0,0,0.0022416609999999998,0.43654566,0,0.43654566,PREFIX_ASTAR,0.0051349977915254039,0.0051349977915254039,8190,3975,4215,3975,1,3975,64,10264,1,1,9092,536870912,0,0,0,0
named_crc_linear,"CRC_n64_k48_CRC-16/CCITT-like",0.75,64,48,0.01,497,0,1,1,1,1,0,0,7.0104000000000005e-05,0.021362189,0,0.021362189,PREFIX_ASTAR,0.0032816861605334548,0.0032816861605334548,127,64,63,64,1,64,64,538,1,1,489,536870912,0,0,0,0
named_crc_linear,"CRC_n64_k48_CRC-16/CCITT-like",0.75,64,48,0.01,498,3,10,1,1,1,0,0,0.069935894999999998,28.268005976000001,0,28.268005976000001,PREFIX_ASTAR,0.0024740300061977033,0.0024740300061977033,258176,117723,140453,117723,1,117723,64,601876,1,1,505444,536870912,0,0,0,0
named_crc_linear,"CRC_n64_k48_CRC-16/CCITT-like",0.75,64,48,0.01,499,1,41,1,1,1,0,0,0.0022060920000000002,1.5204170109999999,0,1.5204170109999999,PREFIX_ASTAR,0.0014509782408636839,0.0014509782408636839,8192,3984,4208,3984,1,3984,64,32837,1,1,29024,536870912,0,0,0,0
named_crc_linear,"CRC_n64_k48_CRC-16/CCITT-like",0.75,64,48,0.01,500,1,36,1,1,1,0,0,0.002206927,0.22537074500000001,0,0.22537074500000001,PREFIX_ASTAR,0.0097924289152968805,0.0097924289152968805,8188,3976,4212,3976,1,3976,64,5385,1,1,4749,536870912,0,0,0,0
named_crc_linear,"CRC_n64_k48_CRC-16/CCITT-like",0.75,64,48,0.01,501,1,9,1,1,1,0,0,0.0021740499999999999,0.68401512499999995,0,0.68401512499999995,PREFIX_ASTAR,0.0031783653906775817,0.0031783653906775817,8191,3948,4243,3948,1,3948,64,15394,1,1,13360,536870912,0,0,0,0
named_crc_linear,"CRC_n64_k48_CRC-16/CCITT-like",0.75,64,48,0.01,502,1,26,1,1,1,0,0,0.002229066,0.24226207899999999,0,0.24226207899999999,PREFIX_ASTAR,0.0092010520556954356,0.0092010520556954356,8189,3971,4218,3971,1,3971,64,5656,1,1,5134,536870912,0,0,0,0
named_crc_linear,"CRC_n64_k48_CRC-16/CCITT-like",0.75,64,48,0.01,503,0,57,1,1,1,0,0,6.9486000000000005e-05,0.0080236560000000005,0,0.0080236560000000005,PREFIX_ASTAR,0.008660141960223619,0.008660141960223619,126,64,62,64,1,64,64,211,1,1,178,536870912,0,0,0,0
named_crc_linear,"CRC_n64_k48_CRC-16/CCITT-like",0.75,64,48,0.01,504,0,59,1,1,1,0,0,6.8584000000000006e-05,0.0035118150000000002,0,0.0035118150000000002,PREFIX_ASTAR,0.019529502550675364,0.019529502550675364,123,61,62,61,1,61,64,104,1,1,84,536870912,0,0,0,0
named_crc_linear,"CRC_n64_k48_CRC-16/CCITT-like",0.75,64,48,0.01,505,1,6,1,1,1,0,0,0.0022710970000000001,0.10773348100000001,0,0.10773348100000001,PREFIX_ASTAR,0.021080698209315265,0.021080698209315265,8186,3922,4264,3922,1,3922,64,2758,1,1,2459,536870912,0,0,0,0
named_crc_linear,"CRC_n64_k48_CRC-16/CCITT-like",0.75,64,48,0.01,506,0,28,1,1,1,0,0,7.7605e-05,0.019061959999999999,0,0.019061959999999999,PREFIX_ASTAR,0.0040711972955561762,0.0040711972955561762,127,65,62,65,1,65,64,455,1,1,408,536870912,0,0,0,0
named_crc_linear,"CRC_n64_k48_CRC-16/CCITT-like",0.75,64,48,0.01,507,0,35,1,1,1,0,0,6.7915000000000003e-05,0.0029100660000000002,0,0.0029100660000000002,PREFIX_ASTAR,0.023337958657982327,0.023337958657982327,124,65,59,65,1,65,64,93,1,1,74,536870912,0,0,0,0
named_crc_linear,"CRC_n64_k48_CRC-16/CCITT-like",0.75,64,48,0.01,508,2,43,1,1,1,0,0,0.0021980799999999998,1.719009169,0,1.719009169,PREFIX_ASTAR,0.001278690096387729,0.001278690096387729,8192,3984,4208,3984,1,3984,64,37561,1,1,32915,536870912,0,0,0,0
named_crc_linear,"CRC_n64_k48_CRC-16/CCITT-like",0.75,64,48,0.01,509,0,0,1,1,1,0,0,7.9177000000000004e-05,0.057837181000000001,0,0.057837181000000001,PREFIX_ASTAR,0.0013689636775346987,0.0013689636775346987,128,65,63,65,1,65,64,1278,1,1,1177,536870912,0,0,0,0
named_crc_linear,"CRC_n64_k48_CRC-16/CCITT-like",0.75,64,48,0.01,510,1,25,1,1,1,0,0,0.002284412,0.107852632,0,0.107852632,PREFIX_ASTAR,0.02118086464500931,0.02118086464500931,8187,3981,4206,3981,1,3981,64,2639,1,1,2391,536870912,0,0,0,0
named_crc_linear,"CRC_n64_k48_CRC-16/CCITT-like",0.75,64,48,0.01,511,2,13,1,1,1,0,0,0.070204143999999996,5.3218696019999996,0,5.3218696019999996,PREFIX_ASTAR,0.013191631747913692,0.013191631747913692,258173,117120,141053,117120,4,117120,64,117379,1,1,102557,536870912,0,0,0,0
named_crc_linear,"CRC_n64_k48_CRC-16/CCITT-like",0.75,64,48,0.01,512,0,25,1,1,1,0,0,7.1334999999999994e-05,0.0065608710000000002,0,0.0065608710000000002,PREFIX_ASTAR,0.010872794176261047,0.010872794176261047,125,64,61,64,1,64,64,173,1,1,146,536870912,0,0,0,0
named_crc_linear,"CRC_n64_k48_CRC-16/CCITT-like",0.75,64,48,0.01,513,0,29,1,1,1,0,0,7.0765000000000004e-05,0.049788425999999997,0,0.049788425999999997,PREFIX_ASTAR,0.0014213142628770794,0.0014213142628770794,128,65,63,65,1,65,64,1147,1,1,1045,536870912,0,0,0,0
named_crc_linear,"CRC_n64_k48_CRC-16/CCITT-like",0.75,64,48,0.01,514,0,47,1,1,1,0,0,6.9735999999999998e-05,0.017784112000000001,0,0.017784112000000001,PREFIX_ASTAR,0.0039212528576068346,0.0039212528576068346,127,64,63,64,1,64,64,468,1,1,403,536870912,0,0,0,0
named_crc_linear,"CRC_n64_k48_CRC-16/CCITT-like",0.75,64,48,0.01,515,0,60,1,1,1,0,0,6.9998000000000003e-05,0.024220032999999998,0,0.024220032999999998,PREFIX_ASTAR,0.0028900868962482423,0.0028900868962482423,127,64,63,64,1,64,64,590,1,1,531,536870912,0,0,0,0
named_crc_linear,"CRC_n64_k48_CRC-16/CCITT-like",0.75,64,48,0.01,516,0,63,1,1,1,0,0,9.8807000000000005e-05,0.025465603,0,0.025465603,PREFIX_ASTAR,0.0038800180777184032,0.0038800180777184032,127,65,62,65,2,65,64,620,1,1,562,536870912,0,0,0,0
named_crc_linear,"CRC_n64_k48_CRC-16/CCITT-like",0.75,64,48,0.01,517,1,28,1,1,1,0,0,0.0022244309999999998,1.7322402779999999,0,1.7322402779999999,PREFIX_ASTAR,0.0012841353640433016,0.0012841353640433016,8192,3981,4211,3981,1,3981,64,37571,1,1,32939,536870912,0,0,0,0
named_crc_linear,"CRC_n64_k48_CRC-16/CCITT-like",0.75,64,48,0.01,518,0,30,1,1,1,0,0,6.8577000000000004e-05,0.021242690000000002,0,0.021242690000000002,PREFIX_ASTAR,0.0032282634638080205,0.0032282634638080205,127,64,63,64,1,64,64,518,1,1,451,536870912,0,0,0,0
named_crc_linear,"CRC_n64_k48_CRC-16/CCITT-like",0.75,64,48,0.01,519,0,45,1,1,1,0,0,6.9981999999999995e-05,0.037489438,0,0.037489438,PREFIX_ASTAR,0.0018667124324456396,0.0018667124324456396,128,65,63,65,1,65,64,945,1,1,851,536870912,0,0,0,0
named_crc_linear,"CRC_n64_k48_CRC-16/CCITT-like",0.75,64,48,0.01,520,1,40,1,1,1,0,0,0.002156308,0.243207164,0,0.243207164,PREFIX_ASTAR,0.0088661368544225936,0.0088661368544225936,8189,3972,4217,3972,1,3972,64,5782,1,1,5134,536870912,0,0,0,0
named_crc_linear,"CRC_n64_k48_CRC-16/CCITT-like",0.75,64,48,0.01,521,0,22,1,1,1,0,0,7.0207000000000001e-05,0.0028508140000000001,0,0.0028508140000000001,PREFIX_ASTAR,0.024627001270514315,0.024627001270514315,122,61,61,61,1,61,64,87,1,1,69,536870912,0,0,0,0
named_crc_linear,"CRC_n64_k48_CRC-16/CCITT-like",0.75,64,48,0.01,522,0,47,1,1,1,0,0,7.3388999999999998e-05,0.053827842000000001,0,0.053827842000000001,PREFIX_ASTAR,0.0013634022333646591,0.0013634022333646591,128,65,63,65,1,65,64,1253,1,1,1131,536870912,0,0,0,0
named_crc_linear,"CRC_n64_k48_CRC-16/CCITT-like",0.75,64,48,0.01,523,0,62,1,1,1,0,0,8.2719999999999994e-05,0.037228143999999998,0,0.037228143999999998,PREFIX_ASTAR,0.0022219748585908554,0.0022219748585908554,127,65,62,65,1,65,64,796,1,1,737,536870912,0,0,0,0
named_crc_linear,"CRC_n64_k48_CRC-16/CCITT-like",0.75,64,48,0.01,524,0,14,1,1,1,0,0,7.8839999999999997e-05,0.038801977000000001,0,0.038801977000000001,PREFIX_ASTAR,0.0020318552325310638,0.0020318552325310638,128,65,63,65,1,65,64,912,1,1,810,536870912,0,0,0,0
named_crc_linear,"CRC_n64_k48_CRC-16/CCITT-like",0.75,64,48,0.01,525,2,22,1,1,1,0,0,0.070330023000000005,4.2932294039999999,0,4.2932294039999999,PREFIX_ASTAR,0.016381613089315367,0.016381613089315367,258173,118593,139580,118593,4,118593,64,97608,1,1,83183,536870912,0,0,0,0
named_crc_linear,"CRC_n64_k48_CRC-16/CCITT-like",0.75,64,48,0.01,526,0,28,1,1,1,0,0,7.0630999999999995e-05,0.0077377169999999999,0,0.0077377169999999999,PREFIX_ASTAR,0.0091281446452487203,0.0091281446452487203,126,63,63,63,1,63,64,202,1,1,175,536870912,0,0,0,0
named_crc_linear,"CRC_n64_k48_CRC-16/CCITT-like",0.75,64,48,0.01,527,0,9,1,1,1,0,0,7.1767000000000006e-05,0.036919650999999998,0,0.036919650999999998,PREFIX_ASTAR,0.0019438699461162298,0.0019438699461162298,128,65,63,65,1,65,64,895,1,1,768,536870912,0,0,0,0
named_crc_linear,"CRC_n64_k48_CRC-16/CCITT-like",0.75,64,48,0.01,528,0,45,1,1,1,0,0,6.9142999999999999e-05,0.023402412000000001,0,0.023402412000000001,PREFIX_ASTAR,0.0029545245165327402,0.0029545245165327402,127,64,63,64,1,64,64,578,1,1,513,536870912,0,0,0,0
named_crc_linear,"CRC_n64_k48_CRC-16/CCITT-like",0.75,64,48,0.01,529,1,40,1,1,1,0,0,7.2480999999999999e-05,0.035893316000000001,0,0.035893316000000001,PREFIX_ASTAR,0.0020193453288071795,0.0020193453288071795,128,65,63,65,1,65,64,835,1,1,766,536870912,0,0,0,0
named_crc_linear,"CRC_n64_k48_CRC-16/CCITT-like",0.75,64,48,0.01,530,1,13,1,1,1,0,0,0.0023221589999999999,0.15756704899999999,0,0.15756704899999999,PREFIX_ASTAR,0.014737592756465218,0.014737592756465218,8187,3972,4215,3972,1,3972,64,3973,1,1,3592,536870912,0,0,0,0
named_crc_linear,"CRC_n64_k48_CRC-16/CCITT-like",0.75,64,48,0.01,531,0,53,1,1,1,0,0,7.3496000000000002e-05,0.018649553999999999,0,0.018649553999999999,PREFIX_ASTAR,0.0039408985330158571,0.0039408985330158571,127,64,63,64,1,64,64,468,1,1,414,536870912,0,0,0,0
named_crc_linear,"CRC_n64_k48_CRC-16/CCITT-like",0.75,64,48,0.01,532,2,46,1,1,1,0,0,0.075178898999999993,15.721156989000001,0,15.721156989000001,PREFIX_ASTAR,0.0047820207541087604,0.0047820207541087604,258175,119492,138683,119492,3,119492,64,338184,1,1,286303,536870912,0,0,0,0
named_crc_linear,"CRC_n64_k48_CRC-16/CCITT-like",0.75,64,48,0.01,533,3,40,1,1,1,0,0,0.070190600000000006,5.9513454509999999,0,5.9513454509999999,PREFIX_ASTAR,0.011794072546772753,0.011794072546772753,258173,119597,138576,119597,3,119597,64,133348,1,1,113379,536870912,0,0,0,0
named_crc_linear,"CRC_n64_k48_CRC-16/CCITT-like",0.75,64,48,0.01,534,1,21,1,1,1,0,0,0.0022385529999999999,0.97596853800000005,0,0.97596853800000005,PREFIX_ASTAR,0.0022936733233095263,0.0022936733233095263,8192,3912,4280,3912,1,3912,64,22597,1,1,19682,536870912,0,0,0,0
named_crc_linear,"CRC_n64_k48_CRC-16/CCITT-like",0.75,64,48,0.01,535,1,42,1,1,1,0,0,0.0021708999999999999,0.62026096100000006,0,0.62026096100000006,PREFIX_ASTAR,0.0034999784550361211,0.0034999784550361211,8190,4008,4182,4008,1,4008,64,13615,1,1,12028,536870912,0,0,0,0
named_crc_linear,"CRC_n64_k48_CRC-16/CCITT-like",0.75,64,48,0.01,536,0,26,1,1,1,0,0,6.6533999999999997e-05,0.0029526840000000001,0,0.0029526840000000001,PREFIX_ASTAR,0.022533396733277245,0.022533396733277245,122,61,61,61,1,61,64,93,1,1,71,536870912,0,0,0,0
named_crc_linear,"CRC_n64_k48_CRC-16/CCITT-like",0.75,64,48,0.01,537,0,58,1,1,1,0,0,7.4956000000000005e-05,0.028835996999999999,0,0.028835996999999999,PREFIX_ASTAR,0.002599389922255853,0.002599389922255853,127,65,62,65,1,65,64,700,1,1,625,536870912,0,0,0,0
named_crc_linear,"CRC_n64_k48_CRC-16/CCITT-like",0.75,64,48,0.01,538,2,62,1,1,1,0,0,0.070738324000000005,15.940583416999999,0,15.940583416999999,PREFIX_ASTAR,0.0044376245303895459,0.0044376245303895459,258175,119460,138715,119460,3,119460,64,340399,1,1,289044,536870912,0,0,0,0
named_crc_linear,"CRC_n64_k48_CRC-16/CCITT-like",0.75,64,48,0.01,539,1,36,1,1,1,0,0,0.002329715,0.53506660299999997,0,0.53506660299999997,PREFIX_ASTAR,0.0043540654321121966,0.0043540654321121966,8191,3980,4211,3980,1,3980,64,11784,1,1,10447,536870912,0,0,0,0
named_crc_linear,"CRC_n64_k48_CRC-16/CCITT-like",0.75,64,48,0.01,540,0,47,1,1,1,0,0,8.2175000000000005e-05,0.01607372,0,0.01607372,PREFIX_ASTAR,0.0051123821990180247,0.0051123821990180247,127,65,62,65,1,65,64,399,1,1,337,536870912,0,0,0,0
named_crc_linear,"CRC_n64_k48_CRC-16/CCITT-like",0.75,64,48,0.01,541,0,0,1,1,1,0,0,0.000103781,0.023553076999999999,0,0.023553076999999999,PREFIX_ASTAR,0.0044062608040554537,0.0044062608040554537,127,65,62,65,2,65,64,529,1,1,470,536870912,0,0,0,0
named_crc_linear,"CRC_n64_k48_CRC-16/CCITT-like",0.75,64,48,0.01,542,0,14,1,1,1,0,0,6.9206000000000001e-05,0.0050569350000000002,0,0.0050569350000000002,PREFIX_ASTAR,0.013685364751573828,0.013685364751573828,122,63,59,63,1,63,64,141,1,1,121,536870912,0,0,0,0
named_crc_linear,"CRC_n64_k48_CRC-16/CCITT-like",0.75,64,48,0.01,543,1,6,1,1,1,0,0,0.0022061170000000001,1.1098674500000001,0,1.1098674500000001,PREFIX_ASTAR,0.001987730156425436,0.001987730156425436,8192,3984,4208,3984,1,3984,64,24625,1,1,21542,536870912,0,0,0,0
named_crc_linear,"CRC_n64_k48_CRC-16/CCITT-like",0.75,64,48,0.01,544,0,29,1,1,1,0,0,7.2582000000000004e-05,0.014481051,0,0.014481051,PREFIX_ASTAR,0.0050122052605159669,0.0050122052605159669,126,64,62,64,1,64,64,358,1,1,319,536870912,0,0,0,0
named_crc_linear,"CRC_n64_k48_CRC-16/CCITT-like",0.75,64,48,0.01,545,1,58,1,1,1,0,0,6.9564e-05,0.0086897280000000007,0,0.0086897280000000007,PREFIX_ASTAR,0.0080053138602266954,0.0080053138602266954,126,64,62,64,1,64,64,218,1,1,190,536870912,0,0,0,0
named_crc_linear,"CRC_n64_k48_CRC-16/CCITT-like",0.75,64,48,0.01,546,1,56,1,1,1,0,0,0.002309391,1.273444934,0,1.273444934,PREFIX_ASTAR,0.0018134989101931595,0.0018134989101931595,8192,3939,4253,3939,1,3939,64,29519,1,1,25902,536870912,0,0,0,0
named_crc_linear,"CRC_n64_k48_CRC-16/CCITT-like",0.75,64,48,0.01,547,0,62,1,1,1,0,0,6.9967000000000003e-05,0.023317887999999998,0,0.023317887999999998,PREFIX_ASTAR,0.0030005719214364528,0.0030005719214364528,127,65,62,65,1,65,64,547,1,1,490,536870912,0,0,0,0
named_crc_linear,"CRC_n64_k48_CRC-16/CCITT-like",0.75,64,48,0.01,548,0,37,1,1,1,0,0,6.9752000000000006e-05,0.0044178109999999998,0,0.0044178109999999998,PREFIX_ASTAR,0.015788814867815758,0.015788814867815758,126,64,62,64,1,64,64,128,1,1,98,536870912,0,0,0,0
named_crc_linear,"CRC_n64_k48_CRC-16/CCITT-like",0.75,64,48,0.01,549,0,2,1,1,1,0,0,7.0339999999999994e-05,0.018678454000000001,0,0.018678454000000001,PREFIX_ASTAR,0.003765836294588406,0.003765836294588406,127,64,63,64,1,64,64,457,1,1,396,536870912,0,0,0,0
named_crc_linear,"CRC_n64_k48_CRC-16/CCITT-like",0.75,64,48,0.01,550,0,31,1,1,1,0,0,7.093e-05,0.048719432,0,0.048719432,PREFIX_ASTAR,0.0014558872525443237,0.0014558872525443237,128,65,63,65,1,65,64,1142,1,1,1009,536870912,0,0,0,0
named_crc_linear,"CRC_n64_k48_CRC-16/CCITT-like",0.75,64,48,0.01,551,0,39,1,1,1,0,0,6.7815e-05,0.013062452,0,0.013062452,PREFIX_ASTAR,0.005191598024628148,0.005191598024628148,126,64,62,64,1,64,64,329,1,1,292,536870912,0,0,0,0
named_crc_linear,"CRC_n64_k48_CRC-16/CCITT-like",0.75,64,48,0.01,552,0,10,1,1,1,0,0,6.7038000000000004e-05,0.0046443109999999999,0,0.0046443109999999999,PREFIX_ASTAR,0.014434433869738699,0.014434433869738699,124,63,61,63,1,63,64,131,1,1,111,536870912,0,0,0,0
named_crc_linear,"CRC_n64_k48_CRC-16/CCITT-like",0.75,64,48,0.01,553,0,31,1,1,1,0,0,7.1248999999999995e-05,0.054659606999999999,0,0.054659606999999999,PREFIX_ASTAR,0.0013035037006394869,0.0013035037006394869,128,65,63,65,1,65,64,1192,1,1,1078,536870912,0,0,0,0
named_crc_linear,"CRC_n64_k48_CRC-16/CCITT-like",0.75,64,48,0.01,554,0,51,1,1,1,0,0,7.6762999999999997e-05,0.023924403,0,0.023924403,PREFIX_ASTAR,0.0032085649117346835,0.0032085649117346835,127,65,62,65,1,65,64,555,1,1,512,536870912,0,0,0,0
named_crc_linear,"CRC_n64_k48_CRC-16/CCITT-like",0.75,64,48,0.01,555,0,25,1,1,1,0,0,7.3257999999999996e-05,0.020330871,0,0.020330871,PREFIX_ASTAR,0.0036032888113844211,0.0036032888113844211,127,65,62,65,1,65,64,492,1,1,451,536870912,0,0,0,0
named_crc_linear,"CRC_n64_k48_CRC-16/CCITT-like",0.75,64,48,0.01,556,0,11,1,1,1,0,0,7.2465000000000005e-05,0.043687304000000003,0,0.043687304000000003,PREFIX_ASTAR,0.0016587198880480241,0.0016587198880480241,128,65,63,65,1,65,64,1033,1,1,907,536870912,0,0,0,0
named_crc_linear,"CRC_n64_k48_CRC-16/CCITT-like",0.75,64,48,0.01,557,1,45,1,1,1,0,0,0.0021960619999999999,0.88686856199999997,0,0.88686856199999997,PREFIX_ASTAR,0.0024761978201680804,0.0024761978201680804,8192,3962,4230,3962,1,3962,64,20163,1,1,17454,536870912,0,0,0,0
named_crc_linear,"CRC_n64_k48_CRC-16/CCITT-like",0.75,64,48,0.01,558,0,20,1,1,1,0,0,7.2074000000000001e-05,0.013989312,0,0.013989312,PREFIX_ASTAR,0.0051520760992391909,0.0051520760992391909,126,64,62,64,1,64,64,358,1,1,315,536870912,0,0,0,0
named_crc_linear,"CRC_n64_k48_CRC-16/CCITT-like",0.75,64,48,0.01,559,1,34,1,1,1,0,0,0.0023930879999999998,0.25862880799999999,0,0.25862880799999999,PREFIX_ASTAR,0.0092529831402231102,0.0092529831402231102,8189,3949,4240,3949,2,3949,64,6267,1,1,5535,536870912,0,0,0,0
named_crc_linear,"CRC_n64_k48_CRC-16/CCITT-like",0.75,64,48,0.01,560,1,58,1,1,1,0,0,0.0022762590000000001,0.21917676899999999,0,0.21917676899999999,PREFIX_ASTAR,0.010385493911537678,0.010385493911537678,8188,3954,4234,3954,1,3954,64,5225,1,1,4611,536870912,0,0,0,0
named_crc_linear,"CRC_n64_k48_CRC-16/CCITT-like",0.75,64,48,0.01,561,1,23,1,1,1,0,0,0.0021355660000000002,0.82196349499999999,0,0.82196349499999999,PREFIX_ASTAR,0.002598127548231324,0.002598127548231324,8191,3978,4213,3978,1,3978,64,18430,1,1,15989,536870912,0,0,0,0
named_crc_linear,"CRC_n64_k48_CRC-16/CCITT-like",0.75,64,48,0.01,562,1,1,1,1,1,0,0,0.0021915810000000002,0.48587121799999999,0,0.48587121799999999,PREFIX_ASTAR,0.0045106211662860841,0.0045106211662860841,8190,3955,4235,3955,2,3955,64,10946,1,1,9616,536870912,0,0,0,0
named_crc_linear,"CRC_n64_k48_CRC-16/CCITT-like",0.75,64,48,0.01,563,0,42,1,1,1,0,0,7.3483000000000001e-05,0.027911946,0,0.027911946,PREFIX_ASTAR,0.0026326720465853584,0.0026326720465853584,127,65,62,65,1,65,64,657,1,1,580,536870912,0,0,0,0
named_crc_linear,"CRC_n64_k48_CRC-16/CCITT-like",0.75,64,48,0.01,564,1,53,1,1,1,0,0,0.0023315990000000002,0.10289013399999999,0,0.10289013399999999,PREFIX_ASTAR,0.022661055140622135,0.022661055140622135,8185,3982,4203,3982,1,3982,64,2474,1,1,2228,536870912,0,0,0,0
named_crc_linear,"CRC_n64_k48_CRC-16/CCITT-like",0.75,64,48,0.01,565,0,18,1,1,1,0,0,7.8477000000000001e-05,0.013313024999999999,0,0.013313024999999999,PREFIX_ASTAR,0.0058947534463429617,0.0058947534463429617,126,64,62,64,1,64,64,339,1,1,289,536870912,0,0,0,0
named_crc_linear,"CRC_n64_k48_CRC-16/CCITT-like",0.75,64,48,0.01,566,0,39,1,1,1,0,0,7.4931000000000005e-05,0.051979785000000001,0,0.051979785000000001,PREFIX_ASTAR,0.0014415411683599692,0.0014415411683599692,128,65,63,65,1,65,64,1265,1,1,1152,536870912,0,0,0,0
named_crc_linear,"CRC_n64_k48_CRC-16/CCITT-like",0.75,64,48,0.01,567,0,54,1,1,1,0,0,6.8569e-05,0.039171519000000002,0,0.039171519000000002,PREFIX_ASTAR,0.0017504810063658752,0.0017504810063658752,128,65,63,65,1,65,64,960,1,1,865,536870912,0,0,0,0
named_crc_linear,"CRC_n64_k48_CRC-16/CCITT-like",0.75,64,48,0.01,568,0,49,1,1,1,0,0,6.9181000000000001e-05,0.0074685769999999997,0,0.0074685769999999997,PREFIX_ASTAR,0.0092629425926786333,0.0092629425926786333,126,64,62,64,1,64,64,195,1,1,165,536870912,0,0,0,0
named_crc_linear,"CRC_n64_k48_CRC-16/CCITT-like",0.75,64,48,0.01,569,2,6,1,1,1,0,0,0.069905092000000002,14.072206960999999,0,14.072206960999999,PREFIX_ASTAR,0.0049675997655333239,0.0049675997655333239,258175,118809,139366,118809,4,118809,64,305126,1,1,255584,536870912,0,0,0,0
named_crc_linear,"CRC_n64_k48_CRC-16/CCITT-like",0.75,64,48,0.01,570,1,21,1,1,1,0,0,0.0021977910000000002,0.15516759899999999,0,0.15516759899999999,PREFIX_ASTAR,0.014163981489460312,0.014163981489460312,8188,3943,4245,3943,1,3943,64,3727,1,1,3351,536870912,0,0,0,0
named_crc_linear,"CRC_n64_k48_CRC-16/CCITT-like",0.75,64,48,0.01,571,1,57,1,1,1,0,0,0.0022114449999999998,0.27527690199999999,0,0.27527690199999999,PREFIX_ASTAR,0.0080335290899197932,0.0080335290899197932,8189,3991,4198,3991,1,3991,64,6354,1,1,5631,536870912,0,0,0,0
named_crc_linear,"CRC_n64_k48_CRC-16/CCITT-like",0.75,64,48,0.01,572,1,2,1,1,1,0,0,0.0021756779999999999,0.66730189500000003,0,0.66730189500000003,PREFIX_ASTAR,0.0032604103424582658,0.0032604103424582658,8191,3997,4194,3997,1,3997,64,15005,1,1,13118,536870912,0,0,0,0
named_crc_linear,"CRC_n64_k48_CRC-16/CCITT-like",0.75,64,48,0.01,573,1,10,1,1,1,0,0,0.0023322600000000001,1.4681626649999999,0,1.4681626649999999,PREFIX_ASTAR,0.0015885569464470751,0.0015885569464470751,8192,3966,4226,3966,1,3966,64,32301,1,1,28336,536870912,0,0,0,0
named_crc_linear,"CRC_n64_k48_CRC-16/CCITT-like",0.75,64,48,0.01,574,0,15,1,1,1,0,0,7.9623999999999995e-05,0.011705215,0,0.011705215,PREFIX_ASTAR,0.0068024380585918328,0.0068024380585918328,126,64,62,64,1,64,64,279,1,1,238,536870912,0,0,0,0
named_crc_linear,"CRC_n64_k48_CRC-16/CCITT-like",0.75,64,48,0.01,575,0,16,1,1,1,0,0,6.69e-05,0.010345313,0,0.010345313,PREFIX_ASTAR,0.006466696561041701,0.006466696561041701,126,65,61,65,1,65,64,272,1,1,238,536870912,0,0,0,0
named_crc_linear,"CRC_n64_k48_CRC-16/CCITT-like",0.75,64,48,0.01,576,2,57,1,1,1,0,0,0.070107866000000005,4.9449614530000003,0,4.9449614530000003,PREFIX_ASTAR,0.014177636502599447,0.014177636502599447,258173,116691,141482,116691,1,116691,64,114486,1,1,96163,536870912,0,0,0,0
named_crc_linear,"CRC_n64_k48_CRC-16/CCITT-like",0.75,64,48,0.01,577,0,4,1,1,1,0,0,7.4448000000000003e-05,0.021397279000000002,0,0.021397279000000002,PREFIX_ASTAR,0.0034793208986993156,0.0034793208986993156,127,64,63,64,1,64,64,493,1,1,452,536870912,0,0,0,0
named_crc_linear,"CRC_n64_k48_CRC-16/CCITT-like",0.75,64,48,0.01,578,0,39,1,1,1,0,0,7.1293999999999999e-05,0.023253747000000002,0,0.023253747000000002,PREFIX_ASTAR,0.0030659144954144377,0.0030659144954144377,127,65,62,65,1,65,64,558,1,1,499,536870912,0,0,0,0
named_crc_linear,"CRC_n64_k48_CRC-16/CCITT-like",0.75,64,48,0.01,579,0,35,1,1,1,0,0,7.2411999999999997e-05,0.055193884999999998,0,0.055193884999999998,PREFIX_ASTAR,0.001311956931460795,0.001311956931460795,128,65,63,65,1,65,64,1271,1,1,1177,536870912,0,0,0,0
named_crc_linear,"CRC_n64_k48_CRC-16/CCITT-like",0.75,64,48,0.01,580,0,12,1,1,1,0,0,6.8637e-05,0.012136721,0,0.012136721,PREFIX_ASTAR,0.0056553166213510224,0.0056553166213510224,126,65,61,65,1,65,64,321,1,1,284,536870912,0,0,0,0
named_crc_linear,"CRC_n64_k48_CRC-16/CCITT-like",0.75,64,48,0.01,581,1,43,1,1,1,0,0,7.1728000000000002e-05,0.045806708000000002,0,0.045806708000000002,PREFIX_ASTAR,0.0015658841932059383,0.0015658841932059383,128,65,63,65,1,65,64,1061,1,1,973,536870912,0,0,0,0
named_crc_linear,"CRC_n64_k48_CRC-16/CCITT-like",0.75,64,48,0.01,582,0,62,1,1,1,0,0,7.3449999999999996e-05,0.030915648,0,0.030915648,PREFIX_ASTAR,0.0023758195202636541,0.0023758195202636541,127,64,63,64,1,64,64,712,1,1,650,536870912,0,0,0,0
named_crc_linear,"CRC_n64_k48_CRC-16/CCITT-like",0.75,64,48,0.01,583,0,50,1,1,1,0,0,6.9634000000000004e-05,0.0065625869999999999,0,0.0065625869999999999,PREFIX_ASTAR,0.010610754569806084,0.010610754569806084,124,63,61,63,1,63,64,182,1,1,152,536870912,0,0,0,0
named_crc_linear,"CRC_n64_k48_CRC-16/CCITT-like",0.75,64,48,0.01,584,0,21,1,1,1,0,0,7.1256999999999999e-05,0.037221011999999998,0,0.037221011999999998,PREFIX_ASTAR,0.0019144294088511082,0.0019144294088511082,128,65,63,65,1,65,64,874,1,1,809,536870912,0,0,0,0
named_crc_linear,"CRC_n64_k48_CRC-16/CCITT-like",0.75,64,48,0.01,585,1,18,1,1,1,0,0,0.0022189710000000001,0.25274920000000001,0,0.25274920000000001,PREFIX_ASTAR,0.0087793393609158811,0.0087793393609158811,8189,3999,4190,3999,2,3999,64,5656,1,1,4913,536870912,0,0,0,0
named_crc_linear,"CRC_n64_k48_CRC-16/CCITT-like",0.75,64,48,0.01,586,0,49,1,1,1,0,0,7.7213999999999996e-05,0.051429733999999998,0,0.051429733999999998,PREFIX_ASTAR,0.0015013493944961878,0.0015013493944961878,128,65,63,65,1,65,64,1183,1,1,1075,536870912,0,0,0,0
named_crc_linear,"CRC_n64_k48_CRC-16/CCITT-like",0.75,64,48,0.01,587,0,51,1,1,1,0,0,7.3317000000000003e-05,0.019512041000000001,0,0.019512041000000001,PREFIX_ASTAR,0.0037575259297579376,0.0037575259297579376,127,65,62,65,1,65,64,450,1,1,408,536870912,0,0,0,0
named_crc_linear,"CRC_n64_k48_CRC-16/CCITT-like",0.75,64,48,0.01,588,2,58,1,1,1,0,0,0.070559682999999998,16.384111880999999,0,16.384111880999999,PREFIX_ASTAR,0.0043065918685421846,0.0043065918685421846,258175,120230,137945,120230,4,120230,64,351795,1,1,292282,536870912,0,0,0,0
named_crc_linear,"CRC_n64_k48_CRC-16/CCITT-like",0.75,64,48,0.01,589,0,51,1,1,1,0,0,7.3637e-05,0.002057751,0,0.002057751,PREFIX_ASTAR,0.035785184893604716,0.035785184893604716,118,59,59,59,1,59,64,66,1,1,49,536870912,0,0,0,0
named_crc_linear,"CRC_n64_k48_CRC-16/CCITT-like",0.75,64,48,0.01,590,2,48,1,1,1,0,0,0.069500396000000006,7.5610556009999996,0,7.5610556009999996,PREFIX_ASTAR,0.0091918906125763866,0.0091918906125763866,258174,118919,139255,118919,2,118919,64,168098,1,1,141726,536870912,0,0,0,0
named_crc_linear,"CRC_n64_k48_CRC-16/CCITT-like",0.75,64,48,0.01,591,0,52,1,1,1,0,0,8.3386000000000004e-05,0.030185272999999999,0,0.030185272999999999,PREFIX_ASTAR,0.0027624729450020217,0.0027624729450020217,128,65,63,65,1,65,64,714,1,1,658,536870912,0,0,0,0
named_crc_linear,"CRC_n64_k48_CRC-16/CCITT-like",0.75,64,48,0.01,592,1,46,1,1,1,0,0,0.0021794370000000002,0.79758835500000003,0,0.79758835500000003,PREFIX_ASTAR,0.0027325336263215629,0.0027325336263215629,8191,3986,4205,3986,1,3986,64,17732,1,1,15762,536870912,0,0,0,0
named_crc_linear,"CRC_n64_k48_CRC-16/CCITT-like",0.75,64,48,0.01,593,0,54,1,1,1,0,0,8.4814999999999993e-05,0.021920121000000001,0,0.021920121000000001,PREFIX_ASTAR,0.0038692760865690471,0.0038692760865690471,127,64,63,64,1,64,64,551,1,1,491,536870912,0,0,0,0
named_crc_linear,"CRC_n64_k48_CRC-16/CCITT-like",0.75,64,48,0.01,594,3,34,1,1,1,0,0,0.070588359000000003,15.607808504999999,0,15.607808504999999,PREFIX_ASTAR,0.0045226310264754243,0.0045226310264754243,258175,119087,139088,119087,4,119087,64,333894,1,1,279976,536870912,0,0,0,0
named_crc_linear,"CRC_n64_k48_CRC-16/CCITT-like",0.75,64,48,0.01,595,0,50,1,1,1,0,0,7.3323000000000003e-05,0.055472106,0,0.055472106,PREFIX_ASTAR,0.0013217994644010812,0.0013217994644010812,128,65,63,65,1,65,64,1261,1,1,1156,536870912,0,0,0,0
named_crc_linear,"CRC_n64_k48_CRC-16/CCITT-like",0.75,64,48,0.01,596,2,22,1,1,1,0,0,0.069656195000000004,3.0927060709999998,0,3.0927060709999998,PREFIX_ASTAR,0.022522733619324282,0.022522733619324282,258169,119092,139077,119092,3,119092,64,70842,1,1,61563,536870912,0,0,0,0
named_crc_linear,"CRC_n64_k48_CRC-16/CCITT-like",0.75,64,48,0.01,597,1,17,1,1,1,0,0,0.00234877,0.33550495400000002,0,0.33550495400000002,PREFIX_ASTAR,0.0070007013964986037,0.0070007013964986037,8190,3982,4208,3982,1,3982,64,7911,1,1,6970,536870912,0,0,0,0
named_crc_linear,"CRC_n64_k48_CRC-16/CCITT-like",0.75,64,48,0.01,598,0,3,1,1,1,0,0,8.6751999999999999e-05,0.046467960000000003,0,0.046467960000000003,PREFIX_ASTAR,0.0018669207772409203,0.0018669207772409203,128,65,63,65,1,65,64,997,1,1,822,536870912,0,0,0,0
named_crc_linear,"CRC_n64_k48_CRC-16/CCITT-like",0.75,64,48,0.01,599,1,54,1,1,1,0,0,0.0023492069999999999,0.53503579899999998,0,0.53503579899999998,PREFIX_ASTAR,0.0043907473189471573,0.0043907473189471573,8191,3931,4260,3931,1,3931,64,12533,1,1,11171,536870912,0,0,0,0
